attacker grid has one point, so the attacker is held fixed (--hA ignored)
dead cell on red to move at [0.8192,-30.3367,-3.2227,19.4916,-35.329,4.106]: victim +-1u x 3, attacker +-1u x 1 (27 grid poses, 4 threads)
cell 1 (depth 0, victim half-widths 1.000/1.000/1.000u): centre [0.8192,-30.3367,-3.2227,19.4916,-35.329,4.106]
    reach: arm (0,1) grid 4.33-26.33, enclosure - deg  REFUSED: arm (0,1): stopping event changes between cells (3,4,3)-(4,4,3): cross|r1|1:a1 vs cross|a1,r1|1:a1
    reach: arm (0,-1) 13.3-21.4 deg [selfoff foot 1]  grid 13.67-21.00, enclosure 13.67-21.00 deg
    reach: arm (1,1) 15.9-23.7 deg [selfoff foot 0]  grid 16.33-23.33, enclosure 16.33-23.33 deg
    reach: arm (1,-1) grid 18.00-31.00, enclosure - deg  REFUSED: arm (1,-1): stopping event changes between cells (0,3,0)-(0,4,0): cross|r1|0:r0 vs cross|r0|2:a1
    reach: arm (2,1) grid 3.67-35.00, enclosure - deg  REFUSED: arm (2,1): stopping event changes between cells (0,3,0)-(0,4,0): cross|a1|1:r1 vs cross|a1,r1|1:r1
    reach: arm (2,-1) grid 52.33-81.00, enclosure - deg  REFUSED: arm (2,-1): stopping event changes between cells (0,3,0)-(0,4,0): cross|r1|1:r1 vs cross|r0,r1|0:a0
cell 1 (depth 0, victim half-widths 1.000/1.000/1.000u): split on the victim's x axis (refused: reach envelope: arm (0,1): stopping event changes between cells (3,4,3)-(4,4,3): cross|r1|1:a1 vs cross|a1,r1|)
cell 2 (depth 1, victim half-widths 0.500/1.000/1.000u): centre [0.8192,-30.3367,-3.2227,18.9916,-35.329,4.106]
    reach: arm (0,1) grid 7.33-25.00, enclosure - deg  REFUSED: arm (0,1): the stopping event does not exist at sub-box (0,0,0)
    reach: arm (0,-1) 14.6-21.4 deg [selfoff foot 1]  grid 15.00-21.00, enclosure 15.00-21.00 deg
    reach: arm (1,1) 16.3-23.7 deg [selfoff foot 0]  grid 16.67-23.33, enclosure 16.67-23.33 deg
    reach: arm (1,-1) grid 18.00-31.00, enclosure - deg  REFUSED: arm (1,-1): stopping event changes between cells (0,3,0)-(0,4,0): cross|r1|0:r0 vs cross|r0|2:a1
    reach: arm (2,1) grid 3.67-63.00, enclosure - deg  REFUSED: arm (2,1): stopping event changes between cells (0,3,0)-(0,4,0): cross|a1|1:r1 vs cross|a1,r1|1:r1
    reach: arm (2,-1) grid 54.00-77.67, enclosure - deg  REFUSED: arm (2,-1): stopping event changes between cells (0,3,0)-(0,4,0): cross|r1|1:r1 vs cross|r0,r1|0:a0
cell 2 (depth 1, victim half-widths 0.500/1.000/1.000u): split on the victim's y axis (refused: reach envelope: arm (0,1): the stopping event does not exist at sub-box (0,0,0); arm (1,-1): stopping event ch)
cell 3 (depth 1, victim half-widths 0.500/1.000/1.000u): centre [0.8192,-30.3367,-3.2227,19.9916,-35.329,4.106]
    reach: arm (0,1) grid 4.33-26.33, enclosure - deg  REFUSED: arm (0,1): stopping event changes between cells (2,4,4)-(3,4,4): cross|r1|1:a1 vs cross|a1,r1|1:a1
    reach: arm (0,-1) 13.3-20.4 deg [selfoff foot 1]  grid 13.67-20.00, enclosure 13.67-20.00 deg
    reach: arm (1,1) 15.9-23.1 deg [selfoff foot 0]  grid 16.33-22.67, enclosure 16.33-22.67 deg
    reach: arm (1,-1) grid 18.00-28.33, enclosure - deg  REFUSED: arm (1,-1): stopping event changes between cells (0,3,0)-(0,4,0): cross|r1|0:r0 vs cross|r0|2:a1
    reach: arm (2,1) grid 10.67-35.00, enclosure - deg  REFUSED: arm (2,1): stopping event changes between cells (0,3,0)-(0,4,0): cross|a1|1:r1 vs cross|a1,r1|1:r1
    reach: arm (2,-1) grid 52.33-81.00, enclosure - deg  REFUSED: arm (2,-1): stopping event changes between cells (0,3,0)-(0,4,0): cross|r1|0:r0 vs cross|r0,r1|0:a0
cell 3 (depth 1, victim half-widths 0.500/1.000/1.000u): split on the victim's x axis (refused: reach envelope: arm (0,1): stopping event changes between cells (2,4,4)-(3,4,4): cross|r1|1:a1 vs cross|a1,r1|)
cell 4 (depth 2, victim half-widths 0.500/0.500/1.000u): centre [0.8192,-30.3367,-3.2227,18.9916,-35.829,4.106]
    reach: arm (0,1) 20.3-25.7 deg [cross r1 foot 1 at r0]  grid 20.67-25.33, enclosure 20.67-25.33 deg
    reach: arm (0,-1) 14.6-20.4 deg [selfoff foot 1]  grid 15.00-20.00, enclosure 15.00-20.00 deg
    reach: arm (1,1) 16.3-21.7 deg [selfoff foot 0]  grid 16.67-21.33, enclosure 16.67-21.33 deg
    reach: arm (1,-1) 17.9-23.4 deg [cross r1 foot 0 at r0]  grid 18.33-23.00, enclosure 18.33-23.00 deg
    reach: arm (2,1) 7.3-30.7 deg [cross a1 foot 1 at r1]  grid 7.67-30.33, enclosure 7.67-30.33 deg
    reach: arm (2,-1) 54.9-72.1 deg [cross r1 foot 0 at r0]  grid 55.33-71.67, enclosure 55.33-71.67 deg
    3/27: [0.819,-30.337,-3.223,18.492,-36.329,4.149] dead W=0.99 accept=1.04  (15s)
    5/27: [0.819,-30.337,-3.223,18.492,-35.329,4.063] escape W=-6.68 accept=- reply (1,-1) to 23.4deg leaves no throw (best margin -6.68u)  (17s)
    6/27: [0.819,-30.337,-3.223,18.492,-35.829,4.106] dead W=1.06 accept=3.62  (20s)
    9/27: [0.819,-30.337,-3.223,18.492,-35.329,4.149] dead W=1.96 accept=0.27  (22s)
    12/27: [0.819,-30.337,-3.223,18.992,-36.329,4.149] dead W=1.33 accept=1.06  (24s)
    13/27: [0.819,-30.337,-3.223,18.992,-35.329,4.063] escape W=-6.44 accept=- reply (1,-1) to 23.4deg leaves no throw (best margin -6.44u)  (26s)
    14/27: [0.819,-30.337,-3.223,18.992,-35.829,4.063] escape W=-5.66 accept=- reply (2,-1) to 72.1deg leaves no throw (best margin -5.66u)  (26s)
    15/27: [0.819,-30.337,-3.223,18.992,-35.829,4.149] dead W=0.96 accept=0.68  (28s)
    18/27: [0.819,-30.337,-3.223,18.992,-35.329,4.149] dead W=0.59 accept=0.18  (31s)
    21/27: [0.819,-30.337,-3.223,19.492,-35.829,4.063] escape W=-3.51 accept=- reply (2,-1) to 72.1deg leaves no throw (best margin -3.51u)  (35s)
    24/27: [0.819,-30.337,-3.223,19.492,-35.829,4.149] dead W=0.41 accept=0.70  (37s)
    25/27: [0.819,-30.337,-3.223,19.492,-35.329,4.063] escape W=-6.24 accept=- reply (1,-1) to 23.4deg leaves no throw (best margin -6.24u)  (37s)
    27/27: [0.819,-30.337,-3.223,19.492,-35.329,4.149] dead W=0.86 accept=0.32  (41s)
cell 4 (depth 2, victim half-widths 0.500/0.500/1.000u): split on the victim's rot axis (escape: grid pose [0.8192,-30.3367,-3.2227,18.4916,-35.329,4.0627] is escape: reply (1,-1) to 23.4deg leaves no throw )
cell 5 (depth 2, victim half-widths 0.500/0.500/1.000u): centre [0.8192,-30.3367,-3.2227,18.9916,-34.829,4.106]
    reach: arm (0,1) grid 7.33-24.33, enclosure - deg  REFUSED: arm (0,1): the stopping event does not exist at sub-box (0,0,0)
    reach: arm (0,-1) 15.9-21.4 deg [selfoff foot 1]  grid 16.33-21.00, enclosure 16.33-21.00 deg
    reach: arm (1,1) 17.9-23.7 deg [selfoff foot 0]  grid 18.33-23.33, enclosure 18.33-23.33 deg
    reach: arm (1,-1) grid 18.00-31.00, enclosure - deg  REFUSED: arm (1,-1): stopping event changes between cells (0,2,0)-(0,3,0): cross|r1|0:r0 vs cross|r0|2:a1
    reach: arm (2,1) grid 3.67-63.00, enclosure - deg  REFUSED: arm (2,1): stopping event changes between cells (0,2,0)-(0,3,0): cross|a1|1:r1 vs cross|a1,r1|1:r1
    reach: arm (2,-1) grid 54.00-78.00, enclosure - deg  REFUSED: arm (2,-1): stopping event changes between cells (0,2,0)-(0,3,0): cross|r1|1:r1 vs cross|r0,r1|0:a0
cell 5 (depth 2, victim half-widths 0.500/0.500/1.000u): split on the victim's y axis (refused: reach envelope: arm (0,1): the stopping event does not exist at sub-box (0,0,0); arm (1,-1): stopping event ch)
cell 6 (depth 2, victim half-widths 0.250/1.000/1.000u): centre [0.8192,-30.3367,-3.2227,19.7416,-35.329,4.106]
    reach: arm (0,1) grid 5.67-25.67, enclosure - deg  REFUSED: arm (0,1): the stopping event does not exist at sub-box (0,0,0)
    reach: arm (0,-1) 13.9-20.4 deg [selfoff foot 1]  grid 14.33-20.00, enclosure 14.33-20.00 deg
    reach: arm (1,1) 16.3-23.1 deg [selfoff foot 0]  grid 16.67-22.67, enclosure 16.67-22.67 deg
    reach: arm (1,-1) grid 18.00-28.33, enclosure - deg  REFUSED: arm (1,-1): stopping event changes between cells (0,3,0)-(0,4,0): cross|r1|0:r0 vs cross|r0|2:a1
    reach: arm (2,1) grid 10.67-32.33, enclosure - deg  REFUSED: arm (2,1): stopping event changes between cells (0,3,0)-(0,4,0): cross|a1|1:r1 vs cross|a1,r1|1:r1
    reach: arm (2,-1) grid 53.33-79.33, enclosure - deg  REFUSED: arm (2,-1): stopping event changes between cells (0,3,0)-(0,4,0): cross|r1|0:r0 vs cross|r0,r1|0:a0
cell 6 (depth 2, victim half-widths 0.250/1.000/1.000u): split on the victim's y axis (refused: reach envelope: arm (0,1): the stopping event does not exist at sub-box (0,0,0); arm (1,-1): stopping event ch)
cell 7 (depth 2, victim half-widths 0.250/1.000/1.000u): centre [0.8192,-30.3367,-3.2227,20.2416,-35.329,4.106]
    reach: arm (0,1) grid 4.33-26.33, enclosure - deg  REFUSED: arm (0,1): stopping event changes between cells (1,4,4)-(2,4,4): cross|r1|1:a1 vs cross|a1,r1|1:a1
    reach: arm (0,-1) 13.3-19.7 deg [selfoff foot 1]  grid 13.67-19.33, enclosure 13.67-19.33 deg
    reach: arm (1,1) 15.9-23.1 deg [selfoff foot 0]  grid 16.33-22.67, enclosure 16.33-22.67 deg
    reach: arm (1,-1) grid 18.33-27.33, enclosure - deg  REFUSED: arm (1,-1): stopping event changes between cells (0,3,0)-(0,4,0): cross|r1|0:r0 vs cross|r0|2:a1
    reach: arm (2,1) grid 14.00-35.00, enclosure - deg  REFUSED: arm (2,1): stopping event changes between cells (0,3,0)-(0,4,0): cross|a1|1:r1 vs cross|a1,r1|1:r1
    reach: arm (2,-1) grid 52.33-81.00, enclosure - deg  REFUSED: arm (2,-1): stopping event changes between cells (0,3,0)-(0,4,0): cross|r1|0:r0 vs cross|r0,r1|0:a0
cell 7 (depth 2, victim half-widths 0.250/1.000/1.000u): split on the victim's x axis (refused: reach envelope: arm (0,1): stopping event changes between cells (1,4,4)-(2,4,4): cross|r1|1:a1 vs cross|a1,r1|)
cell 8 (depth 3, victim half-widths 0.500/0.500/0.500u): centre [0.8192,-30.3367,-3.2227,18.9916,-35.829,4.0844]
    reach: arm (0,1) 21.3-25.7 deg [cross r1 foot 1 at r0]  grid 21.67-25.33, enclosure 21.67-25.33 deg
    reach: arm (0,-1) 14.6-19.4 deg [selfoff foot 1]  grid 15.00-19.00, enclosure 15.00-19.00 deg
    reach: arm (1,1) 17.3-21.7 deg [selfoff foot 0]  grid 17.67-21.33, enclosure 17.67-21.33 deg
    reach: arm (1,-1) 18.3-22.1 deg [cross r1 foot 0 at r0]  grid 18.67-21.67, enclosure 18.67-21.67 deg
    reach: arm (2,1) 13.6-30.4 deg [cross a1 foot 1 at r1]  grid 14.00-30.00, enclosure 14.00-30.00 deg
    reach: arm (2,-1) 55.3-66.4 deg [cross r1 foot 0 at r0]  grid 55.67-66.00, enclosure 55.67-66.00 deg
    3/27: [0.819,-30.337,-3.223,18.492,-36.329,4.063] dead W=3.25 accept=3.25  (15s)
    6/27: [0.819,-30.337,-3.223,18.492,-35.829,4.106] dead W=2.99 accept=3.58  (19s)
    9/27: [0.819,-30.337,-3.223,18.492,-35.329,4.106] dead W=2.86 accept=3.83  (23s)
    12/27: [0.819,-30.337,-3.223,18.992,-36.329,4.084] dead W=2.94 accept=3.18  (23s)
    15/27: [0.819,-30.337,-3.223,18.992,-35.829,4.106] dead W=2.43 accept=3.38  (28s)
    18/27: [0.819,-30.337,-3.223,18.992,-35.329,4.106] dead W=2.28 accept=2.40  (32s)
    21/27: [0.819,-30.337,-3.223,19.492,-36.329,4.106] dead W=0.40 accept=3.08  (36s)
    24/27: [0.819,-30.337,-3.223,19.492,-35.829,4.106] dead W=1.78 accept=2.02  (36s)
    27/27: [0.819,-30.337,-3.223,19.492,-35.329,4.084] dead W=2.02 accept=2.04  (40s)
    round 1: 31 pairs refused, 31 midpoints to certify (step 0.250u)
    3/31: [0.819,-30.337,-3.223,18.492,-36.079,4.063] dead W=3.35 accept=3.35  (44s)
    6/31: [0.819,-30.337,-3.223,18.742,-35.829,4.084] dead W=3.07 accept=3.44  (48s)
    9/31: [0.819,-30.337,-3.223,18.492,-35.579,4.106] dead W=3.45 accept=3.45  (52s)
    12/31: [0.819,-30.337,-3.223,19.242,-36.329,4.063] dead W=1.35 accept=3.03  (52s)
    15/31: [0.819,-30.337,-3.223,18.992,-36.079,4.063] dead W=0.99 accept=0.18  (56s)
    18/31: [0.819,-30.337,-3.223,18.992,-35.829,4.074] dead W=2.97 accept=3.32  (60s)
    21/31: [0.819,-30.337,-3.223,19.242,-35.329,4.084] dead W=2.25 accept=2.30  (64s)
    24/31: [0.819,-30.337,-3.223,19.492,-36.079,4.063] dead W=1.32 accept=3.00  (65s)
    27/31: [0.819,-30.337,-3.223,19.492,-35.579,4.084] dead W=2.19 accept=2.36  (69s)
    30/31: [0.819,-30.337,-3.223,19.492,-35.329,4.095] dead W=1.95 accept=1.99  (72s)
    round 2: 34 pairs refused, 34 midpoints to certify (step 0.125u)
    4/34: [0.819,-30.337,-3.223,18.617,-35.829,4.063] dead W=3.38 accept=0.17  (77s)
    8/34: [0.819,-30.337,-3.223,18.492,-35.829,4.079] dead W=3.44 accept=3.50  (81s)
    12/34: [0.819,-30.337,-3.223,18.492,-35.454,4.106] dead W=3.40 accept=3.40  (85s)
    16/34: [0.819,-30.337,-3.223,18.492,-35.329,4.068] dead W=3.55 accept=3.69  (89s)
    20/34: [0.819,-30.337,-3.223,18.992,-35.704,4.084] dead W=2.73 accept=3.16  (93s)
    24/34: [0.819,-30.337,-3.223,19.117,-35.329,4.084] dead W=2.42 accept=3.26  (98s)
    28/34: [0.819,-30.337,-3.223,19.492,-35.704,4.063] dead W=1.04 accept=0.17  (102s)
    32/34: [0.819,-30.337,-3.223,19.492,-35.329,4.068] dead W=2.19 accept=2.53  (106s)
    round 3: 29 pairs refused, 29 midpoints to certify (step 0.063u)
    3/29: [0.819,-30.337,-3.223,18.492,-35.892,4.063] dead W=3.42 accept=0.19  (113s)
    6/29: [0.819,-30.337,-3.223,18.492,-35.829,4.071] dead W=3.45 accept=3.45  (117s)
    9/29: [0.819,-30.337,-3.223,18.492,-35.392,4.106] dead W=3.36 accept=3.36  (121s)
    12/29: [0.819,-30.337,-3.223,18.929,-35.329,4.106] dead W=2.42 accept=2.42  (122s)
    15/29: [0.819,-30.337,-3.223,18.992,-35.767,4.063] dead W=3.15 accept=3.27  (125s)
    18/29: [0.819,-30.337,-3.223,18.992,-35.329,4.071] dead W=2.70 accept=3.43  (129s)
    21/29: [0.819,-30.337,-3.223,19.179,-35.329,4.084] dead W=2.36 accept=2.83  (133s)
    24/29: [0.819,-30.337,-3.223,19.492,-35.767,4.063] dead W=1.09 accept=0.20  (134s)
    27/29: [0.819,-30.337,-3.223,19.492,-35.642,4.063] dead W=1.00 accept=2.58  (137s)
cell 8 (depth 3, victim half-widths 0.500/0.500/0.500u): dead (121 poses, 23232 gaps, 30 slivers, 0 probed gaps, min accepted 0.04u)
cell 9 (depth 3, victim half-widths 0.500/0.500/0.500u): centre [0.8192,-30.3367,-3.2227,18.9916,-35.829,4.1276]
    reach: arm (0,1) 20.3-24.7 deg [cross r1 foot 1 at r0]  grid 20.67-24.33, enclosure 20.67-24.33 deg
    reach: arm (0,-1) 15.6-20.1 deg [selfoff foot 1]  grid 16.00-19.67, enclosure 16.00-19.67 deg
    reach: arm (1,1) 16.6-20.7 deg [selfoff foot 0]  grid 17.00-20.33, enclosure 17.00-20.33 deg
    reach: arm (1,-1) 19.3-23.4 deg [cross r1 foot 0 at r0]  grid 19.67-23.00, enclosure 19.67-23.00 deg
    reach: arm (2,1) 7.6-24.1 deg [cross a1 foot 1 at r1]  grid 8.00-23.67, enclosure 8.00-23.67 deg
    reach: arm (2,-1) 60.6-72.1 deg [cross r1 foot 0 at r0]  grid 61.00-71.67, enclosure 61.00-71.67 deg
    3/27: [0.819,-30.337,-3.223,18.492,-36.329,4.106] dead W=1.00 accept=3.45  (16s)
    6/27: [0.819,-30.337,-3.223,18.492,-35.829,4.128] dead W=0.74 accept=0.62  (20s)
    9/27: [0.819,-30.337,-3.223,18.992,-36.329,4.106] dead W=0.40 accept=3.28  (24s)
    12/27: [0.819,-30.337,-3.223,18.992,-36.329,4.149] dead W=1.36 accept=1.06  (24s)
    15/27: [0.819,-30.337,-3.223,18.992,-35.829,4.149] dead W=0.39 accept=0.68  (28s)
    18/27: [0.819,-30.337,-3.223,18.992,-35.329,4.128] dead W=0.36 accept=2.19  (32s)
    21/27: [0.819,-30.337,-3.223,19.492,-36.329,4.149] dead W=1.20 accept=1.08  (36s)
    24/27: [0.819,-30.337,-3.223,19.492,-35.829,4.149] dead W=0.98 accept=0.70  (37s)
    27/27: [0.819,-30.337,-3.223,19.492,-35.329,4.149] dead W=0.71 accept=0.32  (41s)
    round 1: 29 pairs refused, 29 midpoints to certify (step 0.250u)
    3/29: [0.819,-30.337,-3.223,18.492,-36.079,4.128] dead W=0.99 accept=0.70  (45s)
    6/29: [0.819,-30.337,-3.223,18.742,-35.829,4.106] dead W=0.56 accept=3.50  (49s)
    9/29: [0.819,-30.337,-3.223,19.242,-36.329,4.106] dead W=0.45 accept=3.17  (52s)
    12/29: [0.819,-30.337,-3.223,18.992,-36.329,4.117] dead W=1.22 accept=0.94  (53s)
    15/29: [0.819,-30.337,-3.223,18.992,-36.079,4.149] dead W=1.18 accept=0.98  (57s)
    18/29: [0.819,-30.337,-3.223,18.992,-35.579,4.128] dead W=0.61 accept=2.26  (61s)
    21/29: [0.819,-30.337,-3.223,19.492,-36.079,4.106] dead W=0.96 accept=2.22  (65s)
    24/29: [0.819,-30.337,-3.223,19.492,-36.329,4.138] dead W=1.42 accept=1.01  (65s)
    27/29: [0.819,-30.337,-3.223,19.492,-35.579,4.106] dead W=0.47 accept=1.89  (69s)
    round 2: 20 pairs refused, 20 midpoints to certify (step 0.125u)
    2/20: [0.819,-30.337,-3.223,18.492,-36.329,4.144] dead W=1.09 accept=1.11  (77s)
    4/20: [0.819,-30.337,-3.223,18.492,-36.204,4.128] dead W=0.42 accept=0.74  (77s)
    6/20: [0.819,-30.337,-3.223,18.492,-35.954,4.149] dead W=0.41 accept=0.70  (81s)
    8/20: [0.819,-30.337,-3.223,18.867,-35.829,4.128] dead W=0.82 accept=0.63  (81s)
    10/20: [0.819,-30.337,-3.223,18.992,-36.329,4.111] dead W=0.47 accept=1.14  (85s)
    12/20: [0.819,-30.337,-3.223,18.992,-35.954,4.149] dead W=1.09 accept=0.72  (85s)
    14/20: [0.819,-30.337,-3.223,19.492,-36.204,4.106] dead W=0.38 accept=2.36  (89s)
    16/20: [0.819,-30.337,-3.223,19.492,-36.329,4.144] dead W=1.27 accept=1.15  (89s)
    18/20: [0.819,-30.337,-3.223,19.492,-35.704,4.106] dead W=0.60 accept=1.90  (93s)
    20/20: [0.819,-30.337,-3.223,19.492,-35.704,4.149] dead W=0.38 accept=0.66  (94s)
    round 3: 17 pairs refused, 17 midpoints to certify (step 0.063u)
    2/17: [0.819,-30.337,-3.223,18.492,-36.329,4.12] dead W=0.46 accept=0.89  (98s)
    4/17: [0.819,-30.337,-3.223,18.492,-36.017,4.149] dead W=0.80 accept=0.72  (98s)
    6/17: [0.819,-30.337,-3.223,19.304,-36.329,4.106] dead W=0.47 accept=3.15  (101s)
    8/17: [0.819,-30.337,-3.223,18.804,-35.829,4.128] dead W=0.81 accept=3.57  (102s)
    10/17: [0.819,-30.337,-3.223,18.992,-36.142,4.128] dead W=0.46 accept=0.74  (105s)
    12/17: [0.819,-30.337,-3.223,18.992,-35.892,4.149] dead W=0.45 accept=0.70  (106s)
    14/17: [0.819,-30.337,-3.223,19.492,-36.017,4.128] dead W=0.45 accept=0.73  (110s)
    16/17: [0.819,-30.337,-3.223,19.492,-35.829,4.147] dead W=1.05 accept=0.74  (110s)
cell 9 (depth 3, victim half-widths 0.500/0.500/0.500u): dead (93 poses, 18042 gaps, 17 slivers, 0 probed gaps, min accepted 0.04u)
cell 10 (depth 3, victim half-widths 0.500/0.250/1.000u): centre [0.8192,-30.3367,-3.2227,18.9916,-35.079,4.106]
    reach: arm (0,1) grid 10.33-24.33, enclosure - deg  REFUSED: arm (0,1): the stopping event does not exist at sub-box (0,0,0)
    reach: arm (0,-1) 15.9-20.7 deg [selfoff foot 1]  grid 16.33-20.33, enclosure 16.33-20.33 deg
    reach: arm (1,1) 17.9-22.7 deg [selfoff foot 0]  grid 18.33-22.33, enclosure 18.33-22.33 deg
    reach: arm (1,-1) 17.3-22.1 deg [cross r1 foot 0 at r0]  grid 17.67-21.67, enclosure 17.67-21.67 deg
    reach: arm (2,1) grid 6.00-27.33, enclosure 5.33-28.00 deg  REFUSED: arm (2,1): phase-sensitive limit at cell (0,4,4): a random-size ladder stops at 64.0deg [cross] against the 1-degree ladder's 6.0deg
    reach: arm (2,-1) 52.9-70.1 deg [cross r1 foot 1 at r1]  grid 53.33-69.67, enclosure 53.33-69.67 deg
cell 10 (depth 3, victim half-widths 0.500/0.250/1.000u): split on the victim's rot axis (refused: reach envelope: arm (0,1): the stopping event does not exist at sub-box (0,0,0); arm (2,1): phase-sensitive li)
cell 11 (depth 3, victim half-widths 0.500/0.250/1.000u): centre [0.8192,-30.3367,-3.2227,18.9916,-34.579,4.106]
    reach: arm (0,1) grid 7.33-23.67, enclosure - deg  REFUSED: arm (0,1): the stopping event does not exist at sub-box (0,0,0)
    reach: arm (0,-1) 16.6-21.4 deg [selfoff foot 1]  grid 17.00-21.00, enclosure 17.00-21.00 deg
    reach: arm (1,1) 18.9-23.7 deg [selfoff foot 0]  grid 19.33-23.33, enclosure 19.33-23.33 deg
    reach: arm (1,-1) grid 18.00-31.00, enclosure - deg  REFUSED: arm (1,-1): stopping event changes between cells (0,0,0)-(0,1,0): cross|r1|0:r0 vs cross|r0|2:a1
    reach: arm (2,1) grid 3.67-63.67, enclosure - deg  REFUSED: arm (2,1): stopping event changes between cells (0,0,0)-(0,1,0): cross|a1|1:r1 vs cross|r1|0:r1
    reach: arm (2,-1) grid 54.00-78.00, enclosure - deg  REFUSED: arm (2,-1): stopping event changes between cells (0,0,0)-(0,1,0): cross|r1|1:r1 vs cross|r0,r1|0:a0
cell 11 (depth 3, victim half-widths 0.500/0.250/1.000u): split on the victim's y axis (refused: reach envelope: arm (0,1): the stopping event does not exist at sub-box (0,0,0); arm (1,-1): stopping event ch)
cell 12 (depth 3, victim half-widths 0.250/0.500/1.000u): centre [0.8192,-30.3367,-3.2227,19.7416,-35.829,4.106]
    reach: arm (0,1) grid 10.33-25.67, enclosure - deg  REFUSED: arm (0,1): the stopping event does not exist at sub-box (0,0,0)
    reach: arm (0,-1) 13.9-19.1 deg [selfoff foot 1]  grid 14.33-18.67, enclosure 14.33-18.67 deg
    reach: arm (1,1) 16.3-21.4 deg [selfoff foot 0]  grid 16.67-21.00, enclosure 16.67-21.00 deg
    reach: arm (1,-1) 18.3-23.4 deg [cross r1 foot 0 at r0]  grid 18.67-23.00, enclosure 18.67-23.00 deg
    reach: arm (2,1) 13.3-33.4 deg [cross a1 foot 1 at r1]  grid 13.67-33.00, enclosure 13.67-33.00 deg
    reach: arm (2,-1) 53.9-69.7 deg [cross r1 foot 0 at r0]  grid 54.33-69.33, enclosure 54.33-69.33 deg
cell 12 (depth 3, victim half-widths 0.250/0.500/1.000u): split on the victim's rot axis (refused: reach envelope: arm (0,1): the stopping event does not exist at sub-box (0,0,0))
cell 13 (depth 3, victim half-widths 0.250/0.500/1.000u): centre [0.8192,-30.3367,-3.2227,19.7416,-34.829,4.106]
    reach: arm (0,1) grid 5.67-24.67, enclosure - deg  REFUSED: arm (0,1): the stopping event does not exist at sub-box (0,0,0)
    reach: arm (0,-1) 15.3-20.4 deg [selfoff foot 1]  grid 15.67-20.00, enclosure 15.67-20.00 deg
    reach: arm (1,1) 17.9-23.1 deg [selfoff foot 0]  grid 18.33-22.67, enclosure 18.33-22.67 deg
    reach: arm (1,-1) grid 18.00-28.33, enclosure - deg  REFUSED: arm (1,-1): stopping event changes between cells (0,2,0)-(0,3,0): cross|r1|0:r0 vs cross|r0|2:a1
    reach: arm (2,1) grid 10.67-30.33, enclosure - deg  REFUSED: arm (2,1): stopping event changes between cells (0,2,0)-(0,3,0): cross|a1|1:r1 vs cross|a1,r1|1:r1
    reach: arm (2,-1) grid 52.67-79.33, enclosure - deg  REFUSED: arm (2,-1): stopping event changes between cells (0,2,0)-(0,3,0): cross|r1|0:r0 vs cross|r0,r1|0:a0
cell 13 (depth 3, victim half-widths 0.250/0.500/1.000u): split on the victim's y axis (refused: reach envelope: arm (0,1): the stopping event does not exist at sub-box (0,0,0); arm (1,-1): stopping event ch)
cell 14 (depth 3, victim half-widths 0.125/1.000/1.000u): centre [0.8192,-30.3367,-3.2227,20.1166,-35.329,4.106]
    reach: arm (0,1) grid 5.33-26.00, enclosure - deg  REFUSED: arm (0,1): stopping event changes between cells (3,4,4)-(4,4,4): cross|r1|1:a1 vs cross|a1,r1|1:a1
    reach: arm (0,-1) 13.6-19.7 deg [selfoff foot 1]  grid 14.00-19.33, enclosure 14.00-19.33 deg
    reach: arm (1,1) 16.3-23.1 deg [selfoff foot 0]  grid 16.67-22.67, enclosure 16.67-22.67 deg
    reach: arm (1,-1) grid 18.33-27.33, enclosure - deg  REFUSED: arm (1,-1): stopping event changes between cells (0,3,0)-(0,4,0): cross|r1|0:r0 vs cross|r0|2:a1
    reach: arm (2,1) grid 14.00-33.67, enclosure - deg  REFUSED: arm (2,1): stopping event changes between cells (0,3,0)-(0,4,0): cross|a1|1:r1 vs cross|a1,r1|1:r1
    reach: arm (2,-1) grid 52.67-80.00, enclosure - deg  REFUSED: arm (2,-1): stopping event changes between cells (0,3,0)-(0,4,0): cross|r1|0:r0 vs cross|r0,r1|0:a0
cell 14 (depth 3, victim half-widths 0.125/1.000/1.000u): refused -- reach envelope: arm (0,1): stopping event changes between cells (3,4,4)-(4,4,4): cross|r1|1:a1 vs cross|a1,r1|1:a1; arm (1,-1): stopping event changes between c
cell 15 (depth 3, victim half-widths 0.125/1.000/1.000u): centre [0.8192,-30.3367,-3.2227,20.3666,-35.329,4.106]
    reach: arm (0,1) grid 4.33-26.33, enclosure - deg  REFUSED: arm (0,1): stopping event changes between cells (0,3,4)-(0,4,4): cross|r1|1:a1 vs cross|a1,r1|1:a1
    reach: arm (0,-1) 13.3-19.4 deg [selfoff foot 1]  grid 13.67-19.00, enclosure 13.67-19.00 deg
    reach: arm (1,1) 15.9-22.7 deg [selfoff foot 0]  grid 16.33-22.33, enclosure 16.33-22.33 deg
    reach: arm (1,-1) grid 18.33-27.00, enclosure - deg  REFUSED: arm (1,-1): stopping event changes between cells (0,3,0)-(0,4,0): cross|r1|0:r0 vs cross|r0|2:a1
    reach: arm (2,1) grid 15.67-35.00, enclosure - deg  REFUSED: arm (2,1): stopping event changes between cells (0,3,0)-(0,4,0): cross|a1|1:r1 vs cross|a1,r1|1:r1
    reach: arm (2,-1) grid 52.33-81.00, enclosure - deg  REFUSED: arm (2,-1): stopping event changes between cells (0,3,0)-(0,4,0): cross|r1|0:r0 vs cross|r0,r1|0:a0
cell 15 (depth 3, victim half-widths 0.125/1.000/1.000u): split on the victim's y axis (refused: reach envelope: arm (0,1): stopping event changes between cells (0,3,4)-(0,4,4): cross|r1|1:a1 vs cross|a1,r1|)
cell 16 (depth 4, victim half-widths 0.500/0.250/0.500u): centre [0.8192,-30.3367,-3.2227,18.9916,-35.079,4.0844]
    reach: arm (0,1) 20.9-24.7 deg [cross r1 foot 1 at r0]  grid 21.33-24.33, enclosure 21.33-24.33 deg
    reach: arm (0,-1) 15.9-20.1 deg [selfoff foot 1]  grid 16.33-19.67, enclosure 16.33-19.67 deg
    reach: arm (1,1) 18.9-22.4 deg [selfoff foot 0]  grid 19.33-22.00, enclosure 19.33-22.00 deg
    reach: arm (1,-1) 17.6-20.7 deg [cross r1 foot 0 at r0]  grid 18.00-20.33, enclosure 18.00-20.33 deg
    reach: arm (2,1) 11.6-28.1 deg [cross a1 foot 1 at r1]  grid 12.00-27.67, enclosure 12.00-27.67 deg
    reach: arm (2,-1) 53.6-64.1 deg [cross r1 foot 0 at r0]  grid 54.00-63.67, enclosure 54.00-63.67 deg
    3/27: [0.819,-30.337,-3.223,18.492,-35.329,4.106] dead W=0.73 accept=3.41  (14s)
    6/27: [0.819,-30.337,-3.223,18.492,-35.079,4.106] dead W=0.54 accept=3.84  (18s)
    9/27: [0.819,-30.337,-3.223,18.492,-34.829,4.106] dead W=0.35 accept=3.97  (22s)
    12/27: [0.819,-30.337,-3.223,18.992,-35.329,4.106] dead W=0.39 accept=2.36  (23s)
    15/27: [0.819,-30.337,-3.223,18.992,-35.079,4.106] dead W=0.84 accept=2.25  (27s)
    18/27: [0.819,-30.337,-3.223,18.992,-34.829,4.106] dead W=0.60 accept=1.99  (31s)
    21/27: [0.819,-30.337,-3.223,19.492,-35.329,4.106] dead W=1.20 accept=1.72  (35s)
    24/27: [0.819,-30.337,-3.223,19.492,-35.079,4.106] dead W=0.95 accept=3.51  (35s)
    27/27: [0.819,-30.337,-3.223,19.492,-34.829,4.084] dead W=0.46 accept=3.51  (39s)
    round 1: 14 pairs refused, 14 midpoints to certify (step 0.250u)
    1/14: [0.819,-30.337,-3.223,18.492,-34.829,4.074] dead W=0.65 accept=3.87  (43s)
    2/14: [0.819,-30.337,-3.223,18.992,-35.329,4.074] dead W=0.72 accept=3.46  (43s)
    3/14: [0.819,-30.337,-3.223,18.492,-35.329,4.074] dead W=0.62 accept=3.65  (43s)
    4/14: [0.819,-30.337,-3.223,18.492,-35.079,4.074] dead W=0.38 accept=3.80  (43s)
    5/14: [0.819,-30.337,-3.223,19.242,-35.329,4.084] dead W=0.90 accept=2.32  (47s)
    6/14: [0.819,-30.337,-3.223,19.242,-35.329,4.106] dead W=0.45 accept=2.08  (48s)
    7/14: [0.819,-30.337,-3.223,18.992,-34.829,4.074] dead W=0.98 accept=3.64  (48s)
    8/14: [0.819,-30.337,-3.223,18.992,-35.079,4.074] dead W=0.48 accept=3.59  (48s)
    9/14: [0.819,-30.337,-3.223,19.492,-35.329,4.074] dead W=0.83 accept=2.28  (51s)
    10/14: [0.819,-30.337,-3.223,19.492,-35.204,4.084] dead W=0.83 accept=2.06  (52s)
    11/14: [0.819,-30.337,-3.223,19.492,-35.329,4.095] dead W=0.38 accept=1.99  (52s)
    12/14: [0.819,-30.337,-3.223,19.492,-35.204,4.106] dead W=0.38 accept=1.68  (52s)
    13/14: [0.819,-30.337,-3.223,19.492,-34.829,4.074] dead W=1.32 accept=3.48  (55s)
    14/14: [0.819,-30.337,-3.223,19.492,-35.079,4.074] dead W=0.58 accept=2.54  (55s)
    round 2: 18 pairs refused, 18 midpoints to certify (step 0.125u)
    2/18: [0.819,-30.337,-3.223,18.492,-35.329,4.068] dead W=0.56 accept=3.66  (59s)
    4/18: [0.819,-30.337,-3.223,18.492,-35.079,4.068] dead W=0.89 accept=3.75  (59s)
    6/18: [0.819,-30.337,-3.223,19.117,-35.329,4.084] dead W=0.87 accept=3.49  (63s)
    8/18: [0.819,-30.337,-3.223,18.992,-35.329,4.068] dead W=0.66 accept=3.46  (63s)
    10/18: [0.819,-30.337,-3.223,18.992,-34.829,4.079] dead W=0.94 accept=3.72  (67s)
    12/18: [0.819,-30.337,-3.223,19.492,-35.329,4.068] dead W=0.77 accept=2.58  (67s)
    14/18: [0.819,-30.337,-3.223,19.492,-35.329,4.09] dead W=1.01 accept=1.95  (71s)
    16/18: [0.819,-30.337,-3.223,19.492,-35.267,4.106] dead W=0.44 accept=1.70  (71s)
    18/18: [0.819,-30.337,-3.223,19.492,-34.829,4.068] dead W=1.36 accept=3.41  (74s)
    round 3: 22 pairs refused, 22 midpoints to certify (step 0.063u)
    2/22: [0.819,-30.337,-3.223,18.492,-35.079,4.076] dead W=0.41 accept=3.78  (78s)
    4/22: [0.819,-30.337,-3.223,18.492,-35.329,4.065] dead W=0.53 accept=3.63  (79s)
    6/22: [0.819,-30.337,-3.223,18.492,-34.829,4.076] dead W=0.63 accept=3.84  (83s)
    8/22: [0.819,-30.337,-3.223,18.992,-35.329,4.082] dead W=0.82 accept=3.49  (83s)
    10/22: [0.819,-30.337,-3.223,19.304,-35.329,4.106] dead W=0.46 accept=1.99  (87s)
    12/22: [0.819,-30.337,-3.223,18.992,-35.079,4.082] dead W=0.57 accept=3.66  (87s)
    14/22: [0.819,-30.337,-3.223,18.992,-34.829,4.076] dead W=0.96 accept=3.63  (91s)
    16/22: [0.819,-30.337,-3.223,19.492,-35.329,4.065] dead W=0.73 accept=2.89  (91s)
    18/22: [0.819,-30.337,-3.223,19.492,-35.329,4.087] dead W=0.98 accept=2.05  (95s)
    20/22: [0.819,-30.337,-3.223,19.492,-35.079,4.071] dead W=0.55 accept=3.37  (95s)
    22/22: [0.819,-30.337,-3.223,19.492,-34.829,4.071] dead W=1.34 accept=3.44  (99s)
cell 16 (depth 4, victim half-widths 0.500/0.250/0.500u): dead (81 poses, 15390 gaps, 23 slivers, 0 probed gaps, min accepted 0.05u)
cell 17 (depth 4, victim half-widths 0.500/0.250/0.500u): centre [0.8192,-30.3367,-3.2227,18.9916,-35.079,4.1276]
    reach: arm (0,1) grid 10.33-23.33, enclosure - deg  REFUSED: arm (0,1): the stopping event does not exist at sub-box (0,0,0)
    reach: arm (0,-1) 16.9-20.7 deg [selfoff foot 1]  grid 17.33-20.33, enclosure 17.33-20.33 deg
    reach: arm (1,1) 18.3-21.7 deg [selfoff foot 0]  grid 18.67-21.33, enclosure 18.67-21.33 deg
    reach: arm (1,-1) 18.6-21.7 deg [cross r1 foot 0 at r0]  grid 19.00-21.33, enclosure 19.00-21.33 deg
    reach: arm (2,1) grid 6.00-20.67, enclosure 5.67-21.00 deg  REFUSED: arm (2,1): phase-sensitive limit at cell (0,4,4): a random-size ladder stops at 63.8deg [cross] against the 1-degree ladder's 6.0deg
    reach: arm (2,-1) 58.3-69.7 deg [cross r1 foot 1 at r1]  grid 58.67-69.33, enclosure 58.67-69.33 deg
cell 17 (depth 4, victim half-widths 0.500/0.250/0.500u): split on the victim's x axis (refused: reach envelope: arm (0,1): the stopping event does not exist at sub-box (0,0,0); arm (2,1): phase-sensitive li)
cell 18 (depth 4, victim half-widths 0.500/0.125/1.000u): centre [0.8192,-30.3367,-3.2227,18.9916,-34.704,4.106]
    reach: arm (0,1) grid 8.67-23.67, enclosure - deg  REFUSED: arm (0,1): the stopping event does not exist at sub-box (0,0,0)
    reach: arm (0,-1) 16.6-21.1 deg [selfoff foot 1]  grid 17.00-20.67, enclosure 17.00-20.67 deg
    reach: arm (1,1) 18.9-23.1 deg [selfoff foot 0]  grid 19.33-22.67, enclosure 19.33-22.67 deg
    reach: arm (1,-1) grid 18.00-29.67, enclosure - deg  REFUSED: arm (1,-1): stopping event changes between cells (0,1,0)-(0,2,0): cross|r1|0:r0 vs cross|r0|2:a1
    reach: arm (2,1) grid 5.00-26.33, enclosure - deg  REFUSED: arm (2,1): stopping event changes between cells (0,1,0)-(0,2,0): cross|a1|1:r1 vs cross|r1|0:r1
    reach: arm (2,-1) grid 53.67-78.00, enclosure - deg  REFUSED: arm (2,-1): stopping event changes between cells (0,1,0)-(0,2,0): cross|r1|1:r1 vs cross|r0,r1|0:a0
cell 18 (depth 4, victim half-widths 0.500/0.125/1.000u): refused -- reach envelope: arm (0,1): the stopping event does not exist at sub-box (0,0,0); arm (1,-1): stopping event changes between cells (0,1,0)-(0,2,0): cross|r1|0:r0
cell 19 (depth 4, victim half-widths 0.500/0.125/1.000u): centre [0.8192,-30.3367,-3.2227,18.9916,-34.454,4.106]
    reach: arm (0,1) grid 7.33-23.67, enclosure - deg  REFUSED: arm (0,1): the stopping event does not exist at sub-box (0,0,0)
    reach: arm (0,-1) 16.9-21.4 deg [selfoff foot 1]  grid 17.33-21.00, enclosure 17.33-21.00 deg
    reach: arm (1,1) 19.3-23.7 deg [selfoff foot 0]  grid 19.67-23.33, enclosure 19.67-23.33 deg
    reach: arm (1,-1) grid 18.00-31.00, enclosure - deg  REFUSED: arm (1,-1): stopping event changes between cells (0,0,0)-(0,0,1): cross|r0|2:a1 vs cross|r1|0:r0
    reach: arm (2,1) grid 3.67-63.67, enclosure - deg  REFUSED: arm (2,1): stopping event changes between cells (0,0,0)-(0,0,1): cross|a1,r1|1:r1 vs cross|a1|1:r1
    reach: arm (2,-1) grid 53.33-78.00, enclosure - deg  REFUSED: arm (2,-1): stopping event changes between cells (0,0,0)-(0,0,1): cross|r0,r1|0:a0 vs cross|r1|1:r1
cell 19 (depth 4, victim half-widths 0.500/0.125/1.000u): split on the victim's rot axis (refused: reach envelope: arm (0,1): the stopping event does not exist at sub-box (0,0,0); arm (1,-1): stopping event ch)
cell 20 (depth 4, victim half-widths 0.250/0.500/0.500u): centre [0.8192,-30.3367,-3.2227,19.7416,-35.829,4.0844]
    reach: arm (0,1) grid 16.00-25.67, enclosure - deg  REFUSED: arm (0,1): the stopping event does not exist at sub-box (0,0,0)
    reach: arm (0,-1) 14.3-18.1 deg [selfoff foot 1]  grid 14.67-17.67, enclosure 14.67-17.67 deg
    reach: arm (1,1) 17.3-21.4 deg [selfoff foot 0]  grid 17.67-21.00, enclosure 17.67-21.00 deg
    reach: arm (1,-1) 18.3-22.1 deg [cross r1 foot 0 at r0]  grid 18.67-21.67, enclosure 18.67-21.67 deg
    reach: arm (2,1) 19.9-33.1 deg [cross a1 foot 1 at r1]  grid 20.33-32.67, enclosure 20.33-32.67 deg
    reach: arm (2,-1) 54.3-64.1 deg [cross r1 foot 0 at r0]  grid 54.67-63.67, enclosure 54.67-63.67 deg
cell 20 (depth 4, victim half-widths 0.250/0.500/0.500u): split on the victim's y axis (refused: reach envelope: arm (0,1): the stopping event does not exist at sub-box (0,0,0))
cell 21 (depth 4, victim half-widths 0.250/0.500/0.500u): centre [0.8192,-30.3367,-3.2227,19.7416,-35.829,4.1276]
    reach: arm (0,1) grid 10.33-24.67, enclosure - deg  REFUSED: arm (0,1): the stopping event does not exist at sub-box (0,0,0)
    reach: arm (0,-1) 14.9-18.7 deg [selfoff foot 1]  grid 15.33-18.33, enclosure 15.33-18.33 deg
    reach: arm (1,1) 16.6-20.4 deg [selfoff foot 0]  grid 17.00-20.00, enclosure 17.00-20.00 deg
    reach: arm (1,-1) 19.6-23.4 deg [cross r1 foot 0 at r0]  grid 20.00-23.00, enclosure 20.00-23.00 deg
    reach: arm (2,1) 13.3-26.7 deg [cross a1 foot 1 at r1]  grid 13.67-26.33, enclosure 13.67-26.33 deg
    reach: arm (2,-1) 59.6-69.7 deg [cross r1 foot 0 at r0]  grid 60.00-69.33, enclosure 60.00-69.33 deg
cell 21 (depth 4, victim half-widths 0.250/0.500/0.500u): split on the victim's y axis (refused: reach envelope: arm (0,1): the stopping event does not exist at sub-box (0,0,0))
cell 22 (depth 4, victim half-widths 0.250/0.250/1.000u): centre [0.8192,-30.3367,-3.2227,19.7416,-35.079,4.106]
    reach: arm (0,1) grid 7.67-24.67, enclosure - deg  REFUSED: arm (0,1): the stopping event does not exist at sub-box (0,0,0)
    reach: arm (0,-1) 15.3-19.7 deg [selfoff foot 1]  grid 15.67-19.33, enclosure 15.67-19.33 deg
    reach: arm (1,1) 17.9-22.4 deg [selfoff foot 0]  grid 18.33-22.00, enclosure 18.33-22.00 deg
    reach: arm (1,-1) 17.6-22.1 deg [cross r1 foot 0 at r0]  grid 18.00-21.67, enclosure 18.00-21.67 deg
    reach: arm (2,1) 11.3-31.4 deg [cross a1 foot 1 at r1]  grid 11.67-31.00, enclosure 11.67-31.00 deg
    reach: arm (2,-1) 52.6-67.4 deg [cross r1 foot 0 at r0]  grid 53.00-67.00, enclosure 53.00-67.00 deg
cell 22 (depth 4, victim half-widths 0.250/0.250/1.000u): split on the victim's rot axis (refused: reach envelope: arm (0,1): the stopping event does not exist at sub-box (0,0,0))
cell 23 (depth 4, victim half-widths 0.250/0.250/1.000u): centre [0.8192,-30.3367,-3.2227,19.7416,-34.579,4.106]
    reach: arm (0,1) grid 5.67-24.00, enclosure - deg  REFUSED: arm (0,1): the stopping event does not exist at sub-box (0,0,0)
    reach: arm (0,-1) 15.9-20.4 deg [selfoff foot 1]  grid 16.33-20.00, enclosure 16.33-20.00 deg
    reach: arm (1,1) 18.6-23.1 deg [selfoff foot 0]  grid 19.00-22.67, enclosure 19.00-22.67 deg
    reach: arm (1,-1) grid 18.00-28.33, enclosure - deg  REFUSED: arm (1,-1): stopping event changes between cells (0,1,0)-(0,2,0): cross|r1|0:r0 vs cross|r0|2:a1
    reach: arm (2,1) grid 10.67-29.33, enclosure - deg  REFUSED: arm (2,1): stopping event changes between cells (0,1,0)-(0,2,0): cross|a1|1:r1 vs cross|a1,r1|1:r1
    reach: arm (2,-1) grid 52.67-79.33, enclosure - deg  REFUSED: arm (2,-1): stopping event changes between cells (0,1,0)-(0,2,0): cross|r1|0:r0 vs cross|r0,r1|0:a0
cell 23 (depth 4, victim half-widths 0.250/0.250/1.000u): split on the victim's y axis (refused: reach envelope: arm (0,1): the stopping event does not exist at sub-box (0,0,0); arm (1,-1): stopping event ch)
cell 24 (depth 4, victim half-widths 0.125/0.500/1.000u): centre [0.8192,-30.3367,-3.2227,20.3666,-35.829,4.106]
    reach: arm (0,1) grid 8.00-26.33, enclosure - deg  REFUSED: arm (0,1): the stopping event does not exist at sub-box (0,0,0)
    reach: arm (0,-1) 13.3-18.1 deg [selfoff foot 1]  grid 13.67-17.67, enclosure 13.67-17.67 deg
    reach: arm (1,1) 15.9-21.1 deg [selfoff foot 0]  grid 16.33-20.67, enclosure 16.33-20.67 deg
    reach: arm (1,-1) 18.3-23.4 deg [cross r1 foot 0 at r0]  grid 18.67-23.00, enclosure 18.67-23.00 deg
    reach: arm (2,1) 17.6-35.7 deg [cross a1 foot 1 at r1]  grid 18.00-35.33, enclosure 18.00-35.33 deg
    reach: arm (2,-1) 53.3-68.1 deg [cross r1 foot 0 at r0]  grid 53.67-67.67, enclosure 53.67-67.67 deg
cell 24 (depth 4, victim half-widths 0.125/0.500/1.000u): split on the victim's rot axis (refused: reach envelope: arm (0,1): the stopping event does not exist at sub-box (0,0,0))
cell 25 (depth 4, victim half-widths 0.125/0.500/1.000u): centre [0.8192,-30.3367,-3.2227,20.3666,-34.829,4.106]
    reach: arm (0,1) grid 4.33-25.00, enclosure - deg  REFUSED: arm (0,1): stopping event changes between cells (0,3,4)-(0,4,4): cross|r1|1:a1 vs cross|a1,r1|1:a1
    reach: arm (0,-1) 14.6-19.4 deg [selfoff foot 1]  grid 15.00-19.00, enclosure 15.00-19.00 deg
    reach: arm (1,1) 17.6-22.7 deg [selfoff foot 0]  grid 18.00-22.33, enclosure 18.00-22.33 deg
    reach: arm (1,-1) grid 18.00-27.00, enclosure - deg  REFUSED: arm (1,-1): stopping event changes between cells (0,3,0)-(0,4,0): cross|r1|0:r0 vs cross|r0|2:a1
    reach: arm (2,1) grid 15.67-33.33, enclosure - deg  REFUSED: arm (2,1): stopping event changes between cells (0,3,0)-(0,4,0): cross|a1|1:r1 vs cross|a1,r1|1:r1
    reach: arm (2,-1) grid 51.67-81.00, enclosure - deg  REFUSED: arm (2,-1): stopping event changes between cells (0,3,0)-(0,4,0): cross|r1|0:r0 vs cross|r0,r1|0:a0
cell 25 (depth 4, victim half-widths 0.125/0.500/1.000u): split on the victim's y axis (refused: reach envelope: arm (0,1): stopping event changes between cells (0,3,4)-(0,4,4): cross|r1|1:a1 vs cross|a1,r1|)
cell 26 (depth 5, victim half-widths 0.250/0.250/0.500u): centre [0.8192,-30.3367,-3.2227,18.7416,-35.079,4.1276]
    reach: arm (0,1) 19.9-23.1 deg [cross r1 foot 1 at r0]  grid 20.33-22.67, enclosure 20.33-22.67 deg
    reach: arm (0,-1) 17.3-20.7 deg [selfoff foot 1]  grid 17.67-20.33, enclosure 17.67-20.33 deg
    reach: arm (1,1) 18.6-21.7 deg [selfoff foot 0]  grid 19.00-21.33, enclosure 19.00-21.33 deg
    reach: arm (1,-1) 18.6-21.7 deg [cross r1 foot 0 at r0]  grid 19.00-21.33, enclosure 19.00-21.33 deg
    reach: arm (2,1) grid 6.00-17.67, enclosure 5.67-18.00 deg  REFUSED: arm (2,1): phase-sensitive limit at cell (0,4,4): a random-size ladder stops at 63.9deg [cross] against the 1-degree ladder's 6.0deg
    reach: arm (2,-1) 58.6-69.7 deg [cross r1 foot 1 at r1]  grid 59.00-69.33, enclosure 59.00-69.33 deg
cell 26 (depth 5, victim half-widths 0.250/0.250/0.500u): split on the victim's rot axis (refused: reach envelope: arm (2,1): phase-sensitive limit at cell (0,4,4): a random-size ladder stops at 63.9deg [cross)
cell 27 (depth 5, victim half-widths 0.250/0.250/0.500u): centre [0.8192,-30.3367,-3.2227,19.2416,-35.079,4.1276]
    reach: arm (0,1) grid 10.33-23.33, enclosure - deg  REFUSED: arm (0,1): the stopping event does not exist at sub-box (0,0,0)
    reach: arm (0,-1) 16.9-20.1 deg [selfoff foot 1]  grid 17.33-19.67, enclosure 17.33-19.67 deg
    reach: arm (1,1) 18.3-21.4 deg [selfoff foot 0]  grid 18.67-21.00, enclosure 18.67-21.00 deg
    reach: arm (1,-1) 18.6-21.7 deg [cross r1 foot 0 at r0]  grid 19.00-21.33, enclosure 19.00-21.33 deg
    reach: arm (2,1) 8.6-21.4 deg [cross a1 foot 1 at r1]  grid 9.00-21.00, enclosure 9.00-21.00 deg
    reach: arm (2,-1) 58.9-68.4 deg [cross r1 foot 0 at r0]  grid 59.33-68.00, enclosure 59.33-68.00 deg
cell 27 (depth 5, victim half-widths 0.250/0.250/0.500u): split on the victim's rot axis (refused: reach envelope: arm (0,1): the stopping event does not exist at sub-box (0,0,0))
cell 28 (depth 5, victim half-widths 0.500/0.125/0.500u): centre [0.8192,-30.3367,-3.2227,18.9916,-34.454,4.0844]
    reach: arm (0,1) grid 11.00-23.67, enclosure - deg  REFUSED: arm (0,1): the stopping event does not exist at sub-box (0,0,0)
    reach: arm (0,-1) 16.9-20.4 deg [selfoff foot 1]  grid 17.33-20.00, enclosure 17.33-20.00 deg
    reach: arm (1,1) 20.3-23.4 deg [selfoff foot 0]  grid 20.67-23.00, enclosure 20.67-23.00 deg
    reach: arm (1,-1) grid 18.00-31.00, enclosure - deg  REFUSED: arm (1,-1): stopping event changes between cells (0,0,0)-(0,0,1): cross|r0|2:a1 vs cross|r1|0:r0
    reach: arm (2,1) grid 10.33-25.33, enclosure - deg  REFUSED: arm (2,1): stopping event changes between cells (0,0,0)-(0,0,1): cross|a1,r1|1:r1 vs cross|a1|1:r1
    reach: arm (2,-1) grid 53.33-78.00, enclosure - deg  REFUSED: arm (2,-1): stopping event changes between cells (0,0,0)-(0,0,1): cross|r0,r1|0:a0 vs cross|r1|1:r1
cell 28 (depth 5, victim half-widths 0.500/0.125/0.500u): split on the victim's rot axis (refused: reach envelope: arm (0,1): the stopping event does not exist at sub-box (0,0,0); arm (1,-1): stopping event ch)
cell 29 (depth 5, victim half-widths 0.500/0.125/0.500u): centre [0.8192,-30.3367,-3.2227,18.9916,-34.454,4.1276]
    reach: arm (0,1) grid 7.33-22.33, enclosure - deg  REFUSED: arm (0,1): the stopping event does not exist at sub-box (0,0,0)
    reach: arm (0,-1) 17.6-21.4 deg [selfoff foot 1]  grid 18.00-21.00, enclosure 18.00-21.00 deg
    reach: arm (1,1) 19.6-22.4 deg [selfoff foot 0]  grid 20.00-22.00, enclosure 20.00-22.00 deg
    reach: arm (1,-1) 17.9-20.7 deg [cross r1 foot 0 at r0]  grid 18.33-20.33, enclosure 18.33-20.33 deg
    reach: arm (2,1) grid 3.67-64.00, enclosure - deg  REFUSED: arm (2,1): stopping event changes between cells (0,0,2)-(0,0,3): cross|a1|1:r1 vs cross|a1,r1|0:a1
    reach: arm (2,-1) 53.9-64.7 deg [cross r1 foot 1 at r1]  grid 54.33-64.33, enclosure 54.33-64.33 deg
cell 29 (depth 5, victim half-widths 0.500/0.125/0.500u): split on the victim's rot axis (refused: reach envelope: arm (0,1): the stopping event does not exist at sub-box (0,0,0); arm (2,1): stopping event cha)
cell 30 (depth 5, victim half-widths 0.250/0.250/0.500u): centre [0.8192,-30.3367,-3.2227,19.7416,-36.079,4.0844]
    reach: arm (0,1) 22.9-26.4 deg [cross r1 foot 1 at r0]  grid 23.33-26.00, enclosure 23.33-26.00 deg
    reach: arm (0,-1) 14.3-17.4 deg [selfoff foot 1]  grid 14.67-17.00, enclosure 14.67-17.00 deg
    reach: arm (1,1) 17.3-20.4 deg [selfoff foot 0]  grid 17.67-20.00, enclosure 17.67-20.00 deg
    reach: arm (1,-1) 19.3-22.1 deg [cross r1 foot 0 at r0]  grid 19.67-21.67, enclosure 19.67-21.67 deg
    reach: arm (2,1) 21.3-33.1 deg [cross a1 foot 1 at r1]  grid 21.67-32.67, enclosure 21.67-32.67 deg
    reach: arm (2,-1) 55.6-64.1 deg [cross r1 foot 0 at r0]  grid 56.00-63.67, enclosure 56.00-63.67 deg
    3/27: [0.819,-30.337,-3.223,19.492,-36.329,4.106] dead W=1.01 accept=3.11  (14s)
    6/27: [0.819,-30.337,-3.223,19.492,-36.079,4.106] dead W=0.77 accept=2.20  (18s)
    9/27: [0.819,-30.337,-3.223,19.742,-36.329,4.063] dead W=0.55 accept=2.82  (22s)
    12/27: [0.819,-30.337,-3.223,19.742,-36.329,4.084] dead W=0.81 accept=2.60  (22s)
    15/27: [0.819,-30.337,-3.223,19.742,-36.079,4.084] dead W=0.57 accept=2.36  (26s)
    18/27: [0.819,-30.337,-3.223,19.742,-35.829,4.084] dead W=1.94 accept=1.94  (30s)
    21/27: [0.819,-30.337,-3.223,19.992,-36.329,4.106] dead W=0.41 accept=1.52  (33s)
    24/27: [0.819,-30.337,-3.223,19.992,-36.079,4.106] dead W=0.87 accept=1.27  (34s)
    27/27: [0.819,-30.337,-3.223,19.992,-35.829,4.106] dead W=0.63 accept=1.22  (38s)
    round 1: 9 pairs refused, 9 midpoints to certify (step 0.125u)
    1/9: [0.819,-30.337,-3.223,19.492,-36.079,4.074] dead W=0.39 accept=3.08  (42s)
    2/9: [0.819,-30.337,-3.223,19.492,-36.204,4.063] dead W=0.38 accept=2.98  (42s)
    3/9: [0.819,-30.337,-3.223,19.492,-35.829,4.074] dead W=2.59 accept=2.59  (42s)
    4/9: [0.819,-30.337,-3.223,19.492,-36.329,4.095] dead W=0.89 accept=2.60  (42s)
    5/9: [0.819,-30.337,-3.223,19.867,-36.079,4.063] dead W=2.23 accept=2.37  (46s)
    6/9: [0.819,-30.337,-3.223,19.742,-36.204,4.063] dead W=0.43 accept=2.87  (46s)
    7/9: [0.819,-30.337,-3.223,19.742,-35.829,4.074] dead W=2.18 accept=2.32  (46s)
    8/9: [0.819,-30.337,-3.223,19.992,-35.954,4.063] dead W=2.10 accept=2.16  (46s)
    9/9: [0.819,-30.337,-3.223,19.992,-35.829,4.074] dead W=1.85 accept=1.91  (49s)
    round 2: 7 pairs refused, 7 midpoints to certify (step 0.063u)
    1/7: [0.819,-30.337,-3.223,19.492,-36.142,4.063] dead W=2.70 accept=2.99  (53s)
    2/7: [0.819,-30.337,-3.223,19.492,-36.079,4.068] dead W=2.60 accept=3.05  (53s)
    3/7: [0.819,-30.337,-3.223,19.742,-36.267,4.063] dead W=0.49 accept=2.87  (53s)
    4/7: [0.819,-30.337,-3.223,19.492,-35.829,4.068] dead W=2.59 accept=2.59  (54s)
    5/7: [0.819,-30.337,-3.223,19.992,-35.829,4.068] dead W=1.95 accept=1.99  (57s)
    6/7: [0.819,-30.337,-3.223,19.804,-36.079,4.063] dead W=2.37 accept=2.87  (57s)
    7/7: [0.819,-30.337,-3.223,19.742,-35.829,4.068] dead W=2.26 accept=2.42  (57s)
cell 30 (depth 5, victim half-widths 0.250/0.250/0.500u): dead (43 poses, 8256 gaps, 1 slivers, 0 probed gaps, min accepted 0.09u)
cell 31 (depth 5, victim half-widths 0.250/0.250/0.500u): centre [0.8192,-30.3367,-3.2227,19.7416,-35.579,4.0844]
    reach: arm (0,1) grid 16.00-25.33, enclosure - deg  REFUSED: arm (0,1): the stopping event does not exist at sub-box (0,0,0)
    reach: arm (0,-1) 14.9-18.1 deg [selfoff foot 1]  grid 15.33-17.67, enclosure 15.33-17.67 deg
    reach: arm (1,1) 18.3-21.4 deg [selfoff foot 0]  grid 18.67-21.00, enclosure 18.67-21.00 deg
    reach: arm (1,-1) 18.3-21.4 deg [cross r1 foot 0 at r0]  grid 18.67-21.00, enclosure 18.67-21.00 deg
    reach: arm (2,1) 19.9-32.1 deg [cross a1 foot 1 at r1]  grid 20.33-31.67, enclosure 20.33-31.67 deg
    reach: arm (2,-1) 54.3-63.1 deg [cross r1 foot 0 at r0]  grid 54.67-62.67, enclosure 54.67-62.67 deg
cell 31 (depth 5, victim half-widths 0.250/0.250/0.500u): split on the victim's rot axis (refused: reach envelope: arm (0,1): the stopping event does not exist at sub-box (0,0,0))
cell 32 (depth 5, victim half-widths 0.250/0.250/0.500u): centre [0.8192,-30.3367,-3.2227,19.7416,-36.079,4.1276]
    reach: arm (0,1) 21.9-25.1 deg [cross r1 foot 1 at r0]  grid 22.33-24.67, enclosure 22.33-24.67 deg
    reach: arm (0,-1) 14.9-18.1 deg [selfoff foot 1]  grid 15.33-17.67, enclosure 15.33-17.67 deg
    reach: arm (1,1) 16.6-19.7 deg [selfoff foot 0]  grid 17.00-19.33, enclosure 17.00-19.33 deg
    reach: arm (1,-1) 20.3-23.4 deg [cross r1 foot 0 at r0]  grid 20.67-23.00, enclosure 20.67-23.00 deg
    reach: arm (2,1) 15.3-26.7 deg [cross a1 foot 1 at r1]  grid 15.67-26.33, enclosure 15.67-26.33 deg
    reach: arm (2,-1) 60.9-69.7 deg [cross r1 foot 0 at r0]  grid 61.33-69.33, enclosure 61.33-69.33 deg
    3/27: [0.819,-30.337,-3.223,19.492,-36.329,4.106] dead W=1.01 accept=2.73  (14s)
    6/27: [0.819,-30.337,-3.223,19.492,-36.079,4.149] dead W=0.37 accept=1.00  (19s)
    9/27: [0.819,-30.337,-3.223,19.742,-36.329,4.128] dead W=0.95 accept=0.84  (23s)
    12/27: [0.819,-30.337,-3.223,19.492,-35.829,4.149] dead W=0.19 accept=0.71  (23s)
    15/27: [0.819,-30.337,-3.223,19.742,-35.829,4.106] dead W=0.81 accept=1.53  (27s)
    18/27: [0.819,-30.337,-3.223,19.742,-35.829,4.149] dead W=0.36 accept=0.72  (31s)
    21/27: [0.819,-30.337,-3.223,19.992,-36.079,4.106] dead W=1.16 accept=1.28  (35s)
    24/27: [0.819,-30.337,-3.223,19.992,-36.079,4.149] dead W=0.55 accept=0.55  (35s)
    27/27: [0.819,-30.337,-3.223,19.992,-35.829,4.149] dead W=0.49 accept=0.49  (39s)
    round 1: 24 pairs refused, 24 midpoints to certify (step 0.125u)
    3/24: [0.819,-30.337,-3.223,19.492,-36.329,4.117] dead W=0.90 accept=0.97  (43s)
    6/24: [0.819,-30.337,-3.223,19.492,-36.079,4.138] dead W=0.49 accept=0.93  (46s)
    9/24: [0.819,-30.337,-3.223,19.867,-36.329,4.106] dead W=1.26 accept=1.54  (50s)
    12/24: [0.819,-30.337,-3.223,19.742,-36.204,4.128] dead W=0.86 accept=0.80  (51s)
    15/24: [0.819,-30.337,-3.223,19.742,-36.079,4.138] dead W=0.66 accept=0.94  (55s)
    18/24: [0.819,-30.337,-3.223,19.867,-35.829,4.149] dead W=0.45 accept=0.63  (58s)
    21/24: [0.819,-30.337,-3.223,19.992,-36.079,4.117] dead W=1.05 accept=0.92  (62s)
    24/24: [0.819,-30.337,-3.223,19.992,-35.829,4.138] dead W=0.65 accept=0.55  (62s)
    round 2: 22 pairs refused, 22 midpoints to certify (step 0.125u)
    2/22: [0.819,-30.337,-3.223,19.492,-36.079,4.133] dead W=0.54 accept=0.67  (66s)
    4/22: [0.819,-30.337,-3.223,19.492,-36.329,4.144] dead W=0.61 accept=1.15  (67s)
    6/22: [0.819,-30.337,-3.223,19.492,-35.892,4.149] dead W=0.24 accept=0.73  (70s)
    8/22: [0.819,-30.337,-3.223,19.804,-36.329,4.106] dead W=1.22 accept=1.63  (70s)
    10/22: [0.819,-30.337,-3.223,19.742,-36.079,4.133] dead W=0.72 accept=0.69  (74s)
    12/22: [0.819,-30.337,-3.223,19.742,-36.142,4.128] dead W=0.82 accept=0.78  (74s)
    14/22: [0.819,-30.337,-3.223,19.804,-35.829,4.149] dead W=0.41 accept=0.72  (78s)
    16/22: [0.819,-30.337,-3.223,19.992,-36.267,4.106] dead W=1.30 accept=1.35  (78s)
    18/22: [0.819,-30.337,-3.223,19.992,-36.017,4.128] dead W=0.90 accept=0.75  (82s)
    20/22: [0.819,-30.337,-3.223,19.992,-36.142,4.149] dead W=0.56 accept=0.56  (82s)
    22/22: [0.819,-30.337,-3.223,19.992,-35.829,4.144] dead W=0.59 accept=0.61  (86s)
    round 3: 8 pairs refused, 8 midpoints to certify (step 0.063u)
    1/8: [0.819,-30.337,-3.223,19.742,-36.329,4.109] dead W=1.15 accept=1.22  (90s)
    2/8: [0.819,-30.337,-3.223,19.492,-36.329,4.114] dead W=0.92 accept=1.14  (90s)
    3/8: [0.819,-30.337,-3.223,19.492,-36.079,4.147] dead W=0.40 accept=1.04  (90s)
    4/8: [0.819,-30.337,-3.223,19.492,-36.079,4.136] dead W=0.52 accept=0.96  (90s)
    5/8: [0.819,-30.337,-3.223,19.992,-36.079,4.125] dead W=0.97 accept=0.81  (93s)
    6/8: [0.819,-30.337,-3.223,19.742,-36.079,4.13] dead W=0.74 accept=0.72  (93s)
    7/8: [0.819,-30.337,-3.223,19.992,-35.829,4.141] dead W=0.62 accept=0.51  (94s)
    8/8: [0.819,-30.337,-3.223,19.992,-35.829,4.147] dead W=0.54 accept=0.54  (94s)
cell 32 (depth 5, victim half-widths 0.250/0.250/0.500u): dead (81 poses, 15228 gaps, 22 slivers, 0 probed gaps, min accepted 0.05u)
cell 33 (depth 5, victim half-widths 0.250/0.250/0.500u): centre [0.8192,-30.3367,-3.2227,19.7416,-35.579,4.1276]
    reach: arm (0,1) grid 10.33-24.33, enclosure - deg  REFUSED: arm (0,1): the stopping event does not exist at sub-box (0,0,0)
    reach: arm (0,-1) 15.6-18.7 deg [selfoff foot 1]  grid 16.00-18.33, enclosure 16.00-18.33 deg
    reach: arm (1,1) 17.3-20.4 deg [selfoff foot 0]  grid 17.67-20.00, enclosure 17.67-20.00 deg
    reach: arm (1,-1) 19.6-22.4 deg [cross r1 foot 0 at r0]  grid 20.00-22.00, enclosure 20.00-22.00 deg
    reach: arm (2,1) 13.6-25.4 deg [cross a1 foot 1 at r1]  grid 14.00-25.00, enclosure 14.00-25.00 deg
    reach: arm (2,-1) 59.6-68.4 deg [cross r1 foot 0 at r0]  grid 60.00-68.00, enclosure 60.00-68.00 deg
cell 33 (depth 5, victim half-widths 0.250/0.250/0.500u): split on the victim's rot axis (refused: reach envelope: arm (0,1): the stopping event does not exist at sub-box (0,0,0))
cell 34 (depth 5, victim half-widths 0.250/0.250/0.500u): centre [0.8192,-30.3367,-3.2227,19.7416,-35.079,4.0844]
    reach: arm (0,1) grid 11.33-24.67, enclosure - deg  REFUSED: arm (0,1): the stopping event does not exist at sub-box (0,0,0)
    reach: arm (0,-1) 15.6-18.7 deg [selfoff foot 1]  grid 16.00-18.33, enclosure 16.00-18.33 deg
    reach: arm (1,1) 18.9-22.1 deg [selfoff foot 0]  grid 19.33-21.67, enclosure 19.33-21.67 deg
    reach: arm (1,-1) 17.6-20.7 deg [cross r1 foot 0 at r0]  grid 18.00-20.33, enclosure 18.00-20.33 deg
    reach: arm (2,1) 18.3-31.1 deg [cross a1 foot 1 at r1]  grid 18.67-30.67, enclosure 18.67-30.67 deg
    reach: arm (2,-1) 52.6-61.7 deg [cross r1 foot 0 at r0]  grid 53.00-61.33, enclosure 53.00-61.33 deg
cell 34 (depth 5, victim half-widths 0.250/0.250/0.500u): split on the victim's rot axis (refused: reach envelope: arm (0,1): the stopping event does not exist at sub-box (0,0,0))
cell 35 (depth 5, victim half-widths 0.250/0.250/0.500u): centre [0.8192,-30.3367,-3.2227,19.7416,-35.079,4.1276]
    reach: arm (0,1) grid 7.67-23.67, enclosure - deg  REFUSED: arm (0,1): the stopping event does not exist at sub-box (0,0,0)
    reach: arm (0,-1) 16.3-19.4 deg [selfoff foot 1]  grid 16.67-19.00, enclosure 16.67-19.00 deg
    reach: arm (1,1) 17.9-21.4 deg [selfoff foot 0]  grid 18.33-21.00, enclosure 18.33-21.00 deg
    reach: arm (1,-1) 18.6-21.7 deg [cross r1 foot 0 at r0]  grid 19.00-21.33, enclosure 19.00-21.33 deg
    reach: arm (2,1) 11.6-24.4 deg [cross a1 foot 1 at r1]  grid 12.00-24.00, enclosure 12.00-24.00 deg
    reach: arm (2,-1) 58.3-67.4 deg [cross r1 foot 0 at r0]  grid 58.67-67.00, enclosure 58.67-67.00 deg
cell 35 (depth 5, victim half-widths 0.250/0.250/0.500u): split on the victim's rot axis (refused: reach envelope: arm (0,1): the stopping event does not exist at sub-box (0,0,0))
cell 36 (depth 5, victim half-widths 0.250/0.125/1.000u): centre [0.8192,-30.3367,-3.2227,19.7416,-34.704,4.106]
    reach: arm (0,1) grid 6.67-24.00, enclosure - deg  REFUSED: arm (0,1): the stopping event does not exist at sub-box (0,0,0)
    reach: arm (0,-1) 15.9-20.1 deg [selfoff foot 1]  grid 16.33-19.67, enclosure 16.33-19.67 deg
    reach: arm (1,1) 18.6-22.7 deg [selfoff foot 0]  grid 19.00-22.33, enclosure 19.00-22.33 deg
    reach: arm (1,-1) grid 18.00-28.33, enclosure - deg  REFUSED: arm (1,-1): stopping event changes between cells (0,3,0)-(0,4,0): cross|r1|0:r0 vs cross|r0|2:a1
    reach: arm (2,1) grid 11.67-29.33, enclosure - deg  REFUSED: arm (2,1): stopping event changes between cells (0,3,0)-(0,4,0): cross|a1|1:r1 vs cross|a1,r1|1:r1
    reach: arm (2,-1) grid 52.67-79.00, enclosure - deg  REFUSED: arm (2,-1): stopping event changes between cells (0,3,0)-(0,4,0): cross|r1|0:r0 vs cross|r0,r1|0:a0
cell 36 (depth 5, victim half-widths 0.250/0.125/1.000u): refused -- reach envelope: arm (0,1): the stopping event does not exist at sub-box (0,0,0); arm (1,-1): stopping event changes between cells (0,3,0)-(0,4,0): cross|r1|0:r0
cell 37 (depth 5, victim half-widths 0.250/0.125/1.000u): centre [0.8192,-30.3367,-3.2227,19.7416,-34.454,4.106]
    reach: arm (0,1) grid 5.67-23.67, enclosure - deg  REFUSED: arm (0,1): the stopping event does not exist at sub-box (0,0,0)
    reach: arm (0,-1) 16.3-20.4 deg [selfoff foot 1]  grid 16.67-20.00, enclosure 16.67-20.00 deg
    reach: arm (1,1) 19.3-23.1 deg [selfoff foot 0]  grid 19.67-22.67, enclosure 19.67-22.67 deg
    reach: arm (1,-1) grid 18.00-28.33, enclosure - deg  REFUSED: arm (1,-1): stopping event changes between cells (0,0,0)-(0,0,1): cross|r0|2:a1 vs cross|r1|0:r0
    reach: arm (2,1) grid 10.67-28.67, enclosure - deg  REFUSED: arm (2,1): stopping event changes between cells (0,0,0)-(0,0,1): cross|a1,r1|1:r1 vs cross|a1|1:r1
    reach: arm (2,-1) grid 52.67-79.33, enclosure - deg  REFUSED: arm (2,-1): stopping event changes between cells (0,0,0)-(0,0,1): cross|r0,r1|0:a0 vs cross|r1|1:r1
cell 37 (depth 5, victim half-widths 0.250/0.125/1.000u): split on the victim's rot axis (refused: reach envelope: arm (0,1): the stopping event does not exist at sub-box (0,0,0); arm (1,-1): stopping event ch)
cell 38 (depth 5, victim half-widths 0.125/0.500/0.500u): centre [0.8192,-30.3367,-3.2227,20.3666,-35.829,4.0844]
    reach: arm (0,1) grid 11.33-26.33, enclosure - deg  REFUSED: arm (0,1): the stopping event does not exist at sub-box (0,0,0)
    reach: arm (0,-1) 13.6-17.1 deg [selfoff foot 1]  grid 14.00-16.67, enclosure 14.00-16.67 deg
    reach: arm (1,1) 17.3-21.1 deg [selfoff foot 0]  grid 17.67-20.67, enclosure 17.67-20.67 deg
    reach: arm (1,-1) 18.6-22.4 deg [cross r1 foot 0 at r0]  grid 19.00-22.00, enclosure 19.00-22.00 deg
    reach: arm (2,1) 24.3-35.7 deg [cross a1 foot 1 at r1]  grid 24.67-35.33, enclosure 24.67-35.33 deg
    reach: arm (2,-1) 53.3-62.4 deg [cross r1 foot 0 at r0]  grid 53.67-62.00, enclosure 53.67-62.00 deg
cell 38 (depth 5, victim half-widths 0.125/0.500/0.500u): split on the victim's y axis (refused: reach envelope: arm (0,1): the stopping event does not exist at sub-box (0,0,0))
cell 39 (depth 5, victim half-widths 0.125/0.500/0.500u): centre [0.8192,-30.3367,-3.2227,20.3666,-35.829,4.1276]
    reach: arm (0,1) grid 8.00-25.33, enclosure - deg  REFUSED: arm (0,1): the stopping event does not exist at sub-box (0,0,0)
    reach: arm (0,-1) 14.3-18.1 deg [selfoff foot 1]  grid 14.67-17.67, enclosure 14.67-17.67 deg
    reach: arm (1,1) 16.3-20.1 deg [selfoff foot 0]  grid 16.67-19.67, enclosure 16.67-19.67 deg
    reach: arm (1,-1) 19.6-23.4 deg [cross r1 foot 0 at r0]  grid 20.00-23.00, enclosure 20.00-23.00 deg
    reach: arm (2,1) 17.6-29.4 deg [cross a1 foot 1 at r1]  grid 18.00-29.00, enclosure 18.00-29.00 deg
    reach: arm (2,-1) 58.6-68.1 deg [cross r1 foot 0 at r0]  grid 59.00-67.67, enclosure 59.00-67.67 deg
cell 39 (depth 5, victim half-widths 0.125/0.500/0.500u): split on the victim's y axis (refused: reach envelope: arm (0,1): the stopping event does not exist at sub-box (0,0,0))
cell 40 (depth 5, victim half-widths 0.125/0.250/1.000u): centre [0.8192,-30.3367,-3.2227,20.3666,-35.079,4.106]
    reach: arm (0,1) grid 6.00-25.00, enclosure - deg  REFUSED: arm (0,1): the stopping event (foot 1, level 40.81u of circle 3) is tangent somewhere in the box (sub-box 0,0,0)
    reach: arm (0,-1) 14.6-18.7 deg [selfoff foot 1]  grid 15.00-18.33, enclosure 15.00-18.33 deg
    reach: arm (1,1) 17.6-22.1 deg [selfoff foot 0]  grid 18.00-21.67, enclosure 18.00-21.67 deg
    reach: arm (1,-1) 17.6-22.1 deg [cross r1 foot 0 at r0]  grid 18.00-21.67, enclosure 18.00-21.67 deg
    reach: arm (2,1) 15.9-34.1 deg [cross a1 foot 1 at r1]  grid 16.33-33.67, enclosure 16.33-33.67 deg
    reach: arm (2,-1) 51.6-65.7 deg [cross r1 foot 0 at r0]  grid 52.00-65.33, enclosure 52.00-65.33 deg
cell 40 (depth 5, victim half-widths 0.125/0.250/1.000u): split on the victim's rot axis (refused: reach envelope: arm (0,1): the stopping event (foot 1, level 40.81u of circle 3) is tangent somewhere in the b)
cell 41 (depth 5, victim half-widths 0.125/0.250/1.000u): centre [0.8192,-30.3367,-3.2227,20.3666,-34.579,4.106]
    reach: arm (0,1) grid 4.33-23.00, enclosure - deg  REFUSED: arm (0,1): stopping event changes between cells (0,3,4)-(1,3,4): cross|r1|1:r1 vs cross|a1,r1|1:a1
    reach: arm (0,-1) 15.3-19.4 deg [selfoff foot 1]  grid 15.67-19.00, enclosure 15.67-19.00 deg
    reach: arm (1,1) 18.6-22.7 deg [selfoff foot 0]  grid 19.00-22.33, enclosure 19.00-22.33 deg
    reach: arm (1,-1) grid 18.00-27.00, enclosure - deg  REFUSED: arm (1,-1): stopping event changes between cells (0,2,0)-(0,3,0): cross|r1|0:r0 vs cross|r0|2:a1
    reach: arm (2,1) grid 15.67-32.33, enclosure - deg  REFUSED: arm (2,1): stopping event changes between cells (0,2,0)-(0,3,0): cross|a1|1:r1 vs cross|a1,r1|1:r1
    reach: arm (2,-1) grid 51.67-81.00, enclosure - deg  REFUSED: arm (2,-1): stopping event changes between cells (0,2,0)-(0,3,0): cross|r1|0:r0 vs cross|r0,r1|0:a0
cell 41 (depth 5, victim half-widths 0.125/0.250/1.000u): refused -- reach envelope: arm (0,1): stopping event changes between cells (0,3,4)-(1,3,4): cross|r1|1:r1 vs cross|a1,r1|1:a1; arm (1,-1): stopping event changes between c
cell 42 (depth 6, victim half-widths 0.250/0.250/0.250u): centre [0.8192,-30.3367,-3.2227,18.7416,-35.079,4.1168]
    reach: arm (0,1) 20.6-23.1 deg [cross r1 foot 1 at r0]  grid 21.00-22.67, enclosure 21.00-22.67 deg
    reach: arm (0,-1) 17.6-20.1 deg [selfoff foot 1]  grid 18.00-19.67, enclosure 18.00-19.67 deg
    reach: arm (1,1) 18.9-21.4 deg [selfoff foot 0]  grid 19.33-21.00, enclosure 19.33-21.00 deg
    reach: arm (1,-1) 18.6-21.1 deg [cross r1 foot 0 at r0]  grid 19.00-20.67, enclosure 19.00-20.67 deg
    reach: arm (2,1) 8.6-18.4 deg [cross a1 foot 1 at r1]  grid 9.00-18.00, enclosure 9.00-18.00 deg
    reach: arm (2,-1) 58.6-66.7 deg [cross r1 foot 1 at r1]  grid 59.00-66.33, enclosure 59.00-66.33 deg
    3/27: [0.819,-30.337,-3.223,18.492,-35.079,4.106] dead W=0.54 accept=3.86  (15s)
    6/27: [0.819,-30.337,-3.223,18.492,-34.829,4.117] dead W=0.25 accept=4.00  (19s)
    9/27: [0.819,-30.337,-3.223,18.742,-35.329,4.106] dead W=0.89 accept=2.69  (22s)
    12/27: [0.819,-30.337,-3.223,18.742,-35.329,4.128] dead W=0.68 accept=0.58  (23s)
    15/27: [0.819,-30.337,-3.223,18.742,-35.079,4.128] dead W=0.45 accept=2.43  (27s)
    18/27: [0.819,-30.337,-3.223,18.742,-34.829,4.128] dead W=0.31 accept=2.04  (31s)
    21/27: [0.819,-30.337,-3.223,18.992,-35.329,4.128] dead W=0.85 accept=2.19  (34s)
    24/27: [0.819,-30.337,-3.223,18.992,-35.079,4.117] dead W=0.39 accept=3.72  (35s)
    27/27: [0.819,-30.337,-3.223,18.992,-34.829,4.128] dead W=0.48 accept=1.61  (38s)
    round 1: 13 pairs refused, 13 midpoints to certify (step 0.125u)
    1/13: [0.819,-30.337,-3.223,18.492,-35.329,4.111] dead W=0.67 accept=3.48  (42s)
    2/13: [0.819,-30.337,-3.223,18.617,-35.329,4.106] dead W=0.43 accept=3.03  (42s)
    3/13: [0.819,-30.337,-3.223,18.492,-35.204,4.128] dead W=0.42 accept=3.13  (42s)
    4/13: [0.819,-30.337,-3.223,18.492,-35.204,4.117] dead W=0.40 accept=2.80  (42s)
    5/13: [0.819,-30.337,-3.223,18.742,-35.204,4.106] dead W=0.80 accept=2.68  (46s)
    6/13: [0.819,-30.337,-3.223,18.742,-35.204,4.128] dead W=0.59 accept=2.22  (46s)
    7/13: [0.819,-30.337,-3.223,18.742,-35.204,4.117] dead W=0.45 accept=2.56  (46s)
    8/13: [0.819,-30.337,-3.223,18.742,-35.079,4.122] dead W=0.39 accept=2.22  (46s)
    9/13: [0.819,-30.337,-3.223,18.867,-35.079,4.128] dead W=0.58 accept=1.94  (50s)
    10/13: [0.819,-30.337,-3.223,18.992,-35.204,4.106] dead W=0.39 accept=2.29  (50s)
    11/13: [0.819,-30.337,-3.223,18.992,-35.079,4.122] dead W=0.45 accept=2.00  (50s)
    12/13: [0.819,-30.337,-3.223,18.992,-35.204,4.117] dead W=0.86 accept=2.10  (50s)
    13/13: [0.819,-30.337,-3.223,18.992,-34.954,4.128] dead W=0.38 accept=1.86  (53s)
    round 2: 15 pairs refused, 15 midpoints to certify (step 0.063u)
    1/15: [0.819,-30.337,-3.223,18.679,-35.329,4.106] dead W=0.45 accept=2.94  (57s)
    2/15: [0.819,-30.337,-3.223,18.492,-35.329,4.109] dead W=0.44 accept=3.41  (57s)
    3/15: [0.819,-30.337,-3.223,18.492,-35.267,4.117] dead W=0.57 accept=2.86  (57s)
    4/15: [0.819,-30.337,-3.223,18.492,-35.142,4.117] dead W=0.34 accept=3.73  (57s)
    5/15: [0.819,-30.337,-3.223,18.492,-35.267,4.128] dead W=0.47 accept=3.13  (61s)
    6/15: [0.819,-30.337,-3.223,18.492,-35.142,4.128] dead W=0.37 accept=3.14  (61s)
    7/15: [0.819,-30.337,-3.223,18.742,-35.267,4.106] dead W=0.40 accept=3.70  (61s)
    8/15: [0.819,-30.337,-3.223,18.742,-35.267,4.117] dead W=0.74 accept=2.60  (61s)
    9/15: [0.819,-30.337,-3.223,18.742,-35.142,4.128] dead W=0.54 accept=2.19  (65s)
    10/15: [0.819,-30.337,-3.223,18.742,-35.079,4.125] dead W=0.42 accept=2.19  (65s)
    11/15: [0.819,-30.337,-3.223,18.804,-35.079,4.128] dead W=0.54 accept=2.09  (65s)
    12/15: [0.819,-30.337,-3.223,18.992,-35.267,4.106] dead W=0.45 accept=2.31  (65s)
    13/15: [0.819,-30.337,-3.223,18.992,-35.142,4.117] dead W=0.45 accept=2.07  (68s)
    14/15: [0.819,-30.337,-3.223,18.992,-35.079,4.125] dead W=0.69 accept=2.00  (68s)
    15/15: [0.819,-30.337,-3.223,18.992,-35.017,4.128] dead W=0.44 accept=1.79  (68s)
cell 42 (depth 6, victim half-widths 0.250/0.250/0.250u): dead (55 poses, 9790 gaps, 14 slivers, 0 probed gaps, min accepted 0.12u)
cell 43 (depth 6, victim half-widths 0.250/0.250/0.250u): centre [0.8192,-30.3367,-3.2227,18.7416,-35.079,4.1385]
    reach: arm (0,1) 19.9-22.7 deg [cross r1 foot 1 at r0]  grid 20.33-22.33, enclosure 20.33-22.33 deg
    reach: arm (0,-1) 17.9-20.4 deg [selfoff foot 1]  grid 18.33-20.00, enclosure 18.33-20.00 deg
    reach: arm (1,1) 18.6-21.1 deg [selfoff foot 0]  grid 19.00-20.67, enclosure 19.00-20.67 deg
    reach: arm (1,-1) 19.3-21.7 deg [cross r1 foot 0 at r0]  grid 19.67-21.33, enclosure 19.67-21.33 deg
    reach: arm (2,1) grid 6.00-14.33, enclosure 6.00-14.67 deg  REFUSED: arm (2,1): phase-sensitive limit at cell (0,4,4): a random-size ladder stops at 64.0deg [cross] against the 1-degree ladder's 6.0deg
    reach: arm (2,-1) 61.3-69.7 deg [cross r1 foot 1 at r1]  grid 61.67-69.33, enclosure 61.67-69.33 deg
cell 43 (depth 6, victim half-widths 0.250/0.250/0.250u): split on the victim's x axis (refused: reach envelope: arm (2,1): phase-sensitive limit at cell (0,4,4): a random-size ladder stops at 64.0deg [cross)
cell 44 (depth 6, victim half-widths 0.250/0.250/0.250u): centre [0.8192,-30.3367,-3.2227,19.2416,-35.079,4.1168]
    reach: arm (0,1) grid 12.67-23.33, enclosure - deg  REFUSED: arm (0,1): the stopping event does not exist at sub-box (0,0,0)
    reach: arm (0,-1) 16.9-19.4 deg [selfoff foot 1]  grid 17.33-19.00, enclosure 17.33-19.00 deg
    reach: arm (1,1) 18.9-21.4 deg [selfoff foot 0]  grid 19.33-21.00, enclosure 19.33-21.00 deg
    reach: arm (1,-1) 18.9-21.1 deg [cross r1 foot 0 at r0]  grid 19.33-20.67, enclosure 19.33-20.67 deg
    reach: arm (2,1) 11.9-21.4 deg [cross a1 foot 1 at r1]  grid 12.33-21.00, enclosure 12.33-21.00 deg
    reach: arm (2,-1) 59.3-65.7 deg [cross r1 foot 0 at r0]  grid 59.67-65.33, enclosure 59.67-65.33 deg
cell 44 (depth 6, victim half-widths 0.250/0.250/0.250u): split on the victim's x axis (refused: reach envelope: arm (0,1): the stopping event does not exist at sub-box (0,0,0))
cell 45 (depth 6, victim half-widths 0.250/0.250/0.250u): centre [0.8192,-30.3367,-3.2227,19.2416,-35.079,4.1385]
    reach: arm (0,1) grid 10.33-22.67, enclosure - deg  REFUSED: arm (0,1): the stopping event does not exist at sub-box (0,0,0)
    reach: arm (0,-1) 17.3-20.1 deg [selfoff foot 1]  grid 17.67-19.67, enclosure 17.67-19.67 deg
    reach: arm (1,1) 18.3-21.1 deg [selfoff foot 0]  grid 18.67-20.67, enclosure 18.67-20.67 deg
    reach: arm (1,-1) 19.3-21.7 deg [cross r1 foot 0 at r0]  grid 19.67-21.33, enclosure 19.67-21.33 deg
    reach: arm (2,1) 8.6-18.1 deg [cross a1 foot 1 at r1]  grid 9.00-17.67, enclosure 9.00-17.67 deg
    reach: arm (2,-1) 61.6-68.4 deg [cross r1 foot 0 at r0]  grid 62.00-68.00, enclosure 62.00-68.00 deg
cell 45 (depth 6, victim half-widths 0.250/0.250/0.250u): split on the victim's x axis (refused: reach envelope: arm (0,1): the stopping event does not exist at sub-box (0,0,0))
cell 46 (depth 6, victim half-widths 0.500/0.125/0.250u): centre [0.8192,-30.3367,-3.2227,18.9916,-34.454,4.0735]
    reach: arm (0,1) grid 13.00-23.67, enclosure - deg  REFUSED: arm (0,1): the stopping event does not exist at sub-box (0,0,0)
    reach: arm (0,-1) 17.3-20.1 deg [selfoff foot 1]  grid 17.67-19.67, enclosure 17.67-19.67 deg
    reach: arm (1,1) 20.9-23.4 deg [selfoff r1 foot 0]  grid 21.33-23.00, enclosure 21.33-23.00 deg
    reach: arm (1,-1) grid 18.00-31.00, enclosure - deg  REFUSED: arm (1,-1): stopping event changes between cells (0,0,1)-(0,0,2): cross|r0|2:a1 vs cross|r1|0:r0
    reach: arm (2,1) grid 14.00-25.33, enclosure - deg  REFUSED: arm (2,1): stopping event changes between cells (0,0,1)-(0,0,2): cross|a1,r1|1:r1 vs cross|a1|1:r1
    reach: arm (2,-1) grid 53.33-78.00, enclosure - deg  REFUSED: arm (2,-1): stopping event changes between cells (0,0,1)-(0,0,2): cross|r0,r1|0:a0 vs cross|r1|1:r1
cell 46 (depth 6, victim half-widths 0.500/0.125/0.250u): split on the victim's rot axis (refused: reach envelope: arm (0,1): the stopping event does not exist at sub-box (0,0,0); arm (1,-1): stopping event ch)
cell 47 (depth 6, victim half-widths 0.500/0.125/0.250u): centre [0.8192,-30.3367,-3.2227,18.9916,-34.454,4.0952]
    reach: arm (0,1) grid 11.00-22.67, enclosure - deg  REFUSED: arm (0,1): the stopping event does not exist at sub-box (0,0,0)
    reach: arm (0,-1) 17.6-20.4 deg [selfoff foot 1]  grid 18.00-20.00, enclosure 18.00-20.00 deg
    reach: arm (1,1) 20.6-22.7 deg [selfoff foot 0]  grid 21.00-22.33, enclosure 21.00-22.33 deg
    reach: arm (1,-1) grid 18.00-31.00, enclosure - deg  REFUSED: arm (1,-1): stopping event changes between cells (0,3,0)-(0,4,0): cross|r1|0:r0 vs cross|r0|2:a1
    reach: arm (2,1) grid 10.33-22.00, enclosure - deg  REFUSED: arm (2,1): stopping event changes between cells (0,3,0)-(0,4,0): cross|a1|1:r1 vs cross|a1,r1|1:r1
    reach: arm (2,-1) grid 53.33-76.67, enclosure - deg  REFUSED: arm (2,-1): stopping event changes between cells (0,3,0)-(0,4,0): cross|r1|1:r1 vs cross|r0,r1|0:a0
cell 47 (depth 6, victim half-widths 0.500/0.125/0.250u): refused -- reach envelope: arm (0,1): the stopping event does not exist at sub-box (0,0,0); arm (1,-1): stopping event changes between cells (0,3,0)-(0,4,0): cross|r1|0:r0
cell 48 (depth 6, victim half-widths 0.500/0.125/0.250u): centre [0.8192,-30.3367,-3.2227,18.9916,-34.454,4.1168]
    reach: arm (0,1) grid 9.33-22.33, enclosure - deg  REFUSED: arm (0,1): the stopping event does not exist at sub-box (0,0,0)
    reach: arm (0,-1) 17.9-20.7 deg [selfoff foot 1]  grid 18.33-20.33, enclosure 18.33-20.33 deg
    reach: arm (1,1) 19.9-22.4 deg [selfoff foot 0]  grid 20.33-22.00, enclosure 20.33-22.00 deg
    reach: arm (1,-1) 17.9-20.1 deg [cross r1 foot 0 at r0]  grid 18.33-19.67, enclosure 18.33-19.67 deg
    reach: arm (2,1) 6.3-18.7 deg [cross a1 foot 1 at r1]  grid 6.67-18.33, enclosure 6.67-18.33 deg
    reach: arm (2,-1) 54.3-62.1 deg [cross r1 foot 1 at r1]  grid 54.67-61.67, enclosure 54.67-61.67 deg
cell 48 (depth 6, victim half-widths 0.500/0.125/0.250u): split on the victim's x axis (refused: reach envelope: arm (0,1): the stopping event does not exist at sub-box (0,0,0))
cell 49 (depth 6, victim half-widths 0.500/0.125/0.250u): centre [0.8192,-30.3367,-3.2227,18.9916,-34.454,4.1385]
    reach: arm (0,1) grid 7.33-21.33, enclosure - deg  REFUSED: arm (0,1): the stopping event does not exist at sub-box (0,0,0)
    reach: arm (0,-1) 18.3-21.1 deg [selfoff foot 1]  grid 18.67-20.67, enclosure 18.67-20.67 deg
    reach: arm (1,1) 19.6-22.1 deg [selfoff foot 0]  grid 20.00-21.67, enclosure 20.00-21.67 deg
    reach: arm (1,-1) 18.6-20.7 deg [cross r1 foot 0 at r0]  grid 19.00-20.33, enclosure 19.00-20.33 deg
    reach: arm (2,1) grid 3.67-64.00, enclosure - deg  REFUSED: arm (2,1): stopping event changes between cells (0,0,1)-(0,0,2): cross|a1|1:r1 vs cross|a1,r1|0:a1
    reach: arm (2,-1) 56.9-64.4 deg [cross r1 foot 1 at r1]  grid 57.33-64.00, enclosure 57.33-64.00 deg
cell 49 (depth 6, victim half-widths 0.500/0.125/0.250u): split on the victim's rot axis (refused: reach envelope: arm (0,1): the stopping event does not exist at sub-box (0,0,0); arm (2,1): stopping event cha)
cell 50 (depth 6, victim half-widths 0.250/0.250/0.250u): centre [0.8192,-30.3367,-3.2227,19.7416,-35.579,4.0735]
    reach: arm (0,1) 23.3-25.7 deg [cross r1 foot 1 at r0]  grid 23.67-25.33, enclosure 23.67-25.33 deg
    reach: arm (0,-1) 14.9-17.4 deg [selfoff foot 1]  grid 15.33-17.00, enclosure 15.33-17.00 deg
    reach: arm (1,1) 18.6-21.1 deg [selfoff foot 0]  grid 19.00-20.67, enclosure 19.00-20.67 deg
    reach: arm (1,-1) 18.6-20.7 deg [cross r1 foot 0 at r0]  grid 19.00-20.33, enclosure 19.00-20.33 deg
    reach: arm (2,1) 23.3-32.1 deg [cross a1 foot 1 at r1]  grid 23.67-31.67, enclosure 23.67-31.67 deg
    reach: arm (2,-1) 54.3-60.1 deg [cross r1 foot 0 at r0]  grid 54.67-59.67, enclosure 54.67-59.67 deg
    3/27: [0.819,-30.337,-3.223,19.492,-35.579,4.063] dead W=2.56 accept=2.56  (14s)
    6/27: [0.819,-30.337,-3.223,19.492,-35.579,4.084] dead W=2.19 accept=2.27  (18s)
    9/27: [0.819,-30.337,-3.223,19.492,-35.329,4.084] dead W=2.05 accept=2.05  (21s)
    12/27: [0.819,-30.337,-3.223,19.742,-35.829,4.084] dead W=1.94 accept=1.94  (22s)
    15/27: [0.819,-30.337,-3.223,19.742,-35.579,4.084] dead W=1.92 accept=1.96  (26s)
    18/27: [0.819,-30.337,-3.223,19.742,-35.329,4.084] dead W=1.77 accept=1.77  (29s)
    21/27: [0.819,-30.337,-3.223,19.992,-35.829,4.084] dead W=1.66 accept=1.70  (32s)
    24/27: [0.819,-30.337,-3.223,19.992,-35.579,4.084] dead W=1.61 accept=1.61  (34s)
    27/27: [0.819,-30.337,-3.223,19.992,-35.329,4.084] dead W=1.57 accept=1.57  (37s)
    round 1: 20 pairs refused, 20 midpoints to certify (step 0.125u)
    2/20: [0.819,-30.337,-3.223,19.492,-35.704,4.063] dead W=2.62 accept=2.62  (41s)
    4/20: [0.819,-30.337,-3.223,19.492,-35.454,4.063] dead W=2.44 accept=2.44  (41s)
    6/20: [0.819,-30.337,-3.223,19.492,-35.329,4.068] dead W=2.53 accept=2.53  (45s)
    8/20: [0.819,-30.337,-3.223,19.867,-35.579,4.063] dead W=2.09 accept=2.18  (45s)
    10/20: [0.819,-30.337,-3.223,19.742,-35.454,4.074] dead W=2.01 accept=2.01  (48s)
    12/20: [0.819,-30.337,-3.223,19.742,-35.454,4.084] dead W=1.89 accept=1.91  (48s)
    14/20: [0.819,-30.337,-3.223,19.992,-35.704,4.063] dead W=1.99 accept=2.03  (52s)
    16/20: [0.819,-30.337,-3.223,19.992,-35.454,4.063] dead W=1.84 accept=1.84  (52s)
    18/20: [0.819,-30.337,-3.223,19.992,-35.454,4.074] dead W=1.73 accept=1.73  (56s)
    20/20: [0.819,-30.337,-3.223,19.992,-35.329,4.079] dead W=1.65 accept=1.65  (56s)
    round 2: 24 pairs refused, 24 midpoints to certify (step 0.063u)
    3/24: [0.819,-30.337,-3.223,19.492,-35.579,4.071] dead W=2.38 accept=2.54  (60s)
    6/24: [0.819,-30.337,-3.223,19.492,-35.392,4.084] dead W=2.13 accept=2.13  (64s)
    9/24: [0.819,-30.337,-3.223,19.742,-35.642,4.063] dead W=2.27 accept=2.32  (67s)
    12/24: [0.819,-30.337,-3.223,19.742,-35.517,4.063] dead W=2.14 accept=2.14  (68s)
    15/24: [0.819,-30.337,-3.223,19.742,-35.329,4.065] dead W=1.91 accept=2.17  (71s)
    18/24: [0.819,-30.337,-3.223,19.992,-35.642,4.063] dead W=1.96 accept=2.00  (74s)
    21/24: [0.819,-30.337,-3.223,19.992,-35.392,4.074] dead W=1.75 accept=1.75  (78s)
    24/24: [0.819,-30.337,-3.223,19.992,-35.329,4.082] dead W=1.54 accept=1.62  (79s)
cell 50 (depth 6, victim half-widths 0.250/0.250/0.250u): dead (71 poses, 13064 gaps, 28 slivers, 0 probed gaps, min accepted 0.04u)
cell 51 (depth 6, victim half-widths 0.250/0.250/0.250u): centre [0.8192,-30.3367,-3.2227,19.7416,-35.579,4.0952]
    reach: arm (0,1) grid 16.00-24.67, enclosure - deg  REFUSED: arm (0,1): the stopping event does not exist at sub-box (0,0,0)
    reach: arm (0,-1) 15.3-18.1 deg [selfoff foot 1]  grid 15.67-17.67, enclosure 15.67-17.67 deg
    reach: arm (1,1) 18.3-20.7 deg [selfoff foot 0]  grid 18.67-20.33, enclosure 18.67-20.33 deg
    reach: arm (1,-1) 18.9-21.4 deg [cross r1 foot 0 at r0]  grid 19.33-21.00, enclosure 19.33-21.00 deg
    reach: arm (2,1) 19.9-28.7 deg [cross a1 foot 1 at r1]  grid 20.33-28.33, enclosure 20.33-28.33 deg
    reach: arm (2,-1) 56.9-62.7 deg [cross r1 foot 0 at r0]  grid 57.33-62.33, enclosure 57.33-62.33 deg
cell 51 (depth 6, victim half-widths 0.250/0.250/0.250u): split on the victim's x axis (refused: reach envelope: arm (0,1): the stopping event does not exist at sub-box (0,0,0))
cell 52 (depth 6, victim half-widths 0.250/0.250/0.250u): centre [0.8192,-30.3367,-3.2227,19.7416,-35.579,4.1168]
    reach: arm (0,1) grid 12.67-24.33, enclosure - deg  REFUSED: arm (0,1): the stopping event does not exist at sub-box (0,0,0)
    reach: arm (0,-1) 15.6-18.4 deg [selfoff foot 1]  grid 16.00-18.00, enclosure 16.00-18.00 deg
    reach: arm (1,1) 17.9-20.4 deg [selfoff foot 0]  grid 18.33-20.00, enclosure 18.33-20.00 deg
    reach: arm (1,-1) 19.6-22.1 deg [cross r1 foot 0 at r0]  grid 20.00-21.67, enclosure 20.00-21.67 deg
    reach: arm (2,1) 16.9-25.4 deg [cross a1 foot 1 at r1]  grid 17.33-25.00, enclosure 17.33-25.00 deg
    reach: arm (2,-1) 59.6-65.7 deg [cross r1 foot 0 at r0]  grid 60.00-65.33, enclosure 60.00-65.33 deg
cell 52 (depth 6, victim half-widths 0.250/0.250/0.250u): split on the victim's x axis (refused: reach envelope: arm (0,1): the stopping event does not exist at sub-box (0,0,0))
cell 53 (depth 6, victim half-widths 0.250/0.250/0.250u): centre [0.8192,-30.3367,-3.2227,19.7416,-35.579,4.1385]
    reach: arm (0,1) grid 10.33-23.67, enclosure - deg  REFUSED: arm (0,1): the stopping event does not exist at sub-box (0,0,0)
    reach: arm (0,-1) 15.9-18.7 deg [selfoff foot 1]  grid 16.33-18.33, enclosure 16.33-18.33 deg
    reach: arm (1,1) 17.3-20.1 deg [selfoff foot 0]  grid 17.67-19.67, enclosure 17.67-19.67 deg
    reach: arm (1,-1) 19.9-22.4 deg [cross r1 foot 0 at r0]  grid 20.33-22.00, enclosure 20.33-22.00 deg
    reach: arm (2,1) 13.6-22.4 deg [cross a1 foot 1 at r1]  grid 14.00-22.00, enclosure 14.00-22.00 deg
    reach: arm (2,-1) 62.3-68.4 deg [cross r1 foot 0 at r0]  grid 62.67-68.00, enclosure 62.67-68.00 deg
cell 53 (depth 6, victim half-widths 0.250/0.250/0.250u): split on the victim's x axis (refused: reach envelope: arm (0,1): the stopping event does not exist at sub-box (0,0,0))
cell 54 (depth 6, victim half-widths 0.250/0.250/0.250u): centre [0.8192,-30.3367,-3.2227,19.7416,-35.079,4.0735]
    reach: arm (0,1) grid 13.00-24.67, enclosure - deg  REFUSED: arm (0,1): the stopping event does not exist at sub-box (0,0,0)
    reach: arm (0,-1) 15.6-18.1 deg [selfoff foot 1]  grid 16.00-17.67, enclosure 16.00-17.67 deg
    reach: arm (1,1) 19.6-22.1 deg [selfoff foot 0]  grid 20.00-21.67, enclosure 20.00-21.67 deg
    reach: arm (1,-1) 17.9-20.1 deg [cross r1 foot 0 at r0]  grid 18.33-19.67, enclosure 18.33-19.67 deg
    reach: arm (2,1) 21.9-31.1 deg [cross a1 foot 1 at r1]  grid 22.33-30.67, enclosure 22.33-30.67 deg
    reach: arm (2,-1) 52.9-58.7 deg [cross r1 foot 0 at r0]  grid 53.33-58.33, enclosure 53.33-58.33 deg
cell 54 (depth 6, victim half-widths 0.250/0.250/0.250u): split on the victim's x axis (refused: reach envelope: arm (0,1): the stopping event does not exist at sub-box (0,0,0))
cell 55 (depth 6, victim half-widths 0.250/0.250/0.250u): centre [0.8192,-30.3367,-3.2227,19.7416,-35.079,4.0952]
    reach: arm (0,1) grid 11.33-24.33, enclosure - deg  REFUSED: arm (0,1): the stopping event does not exist at sub-box (0,0,0)
    reach: arm (0,-1) 15.9-18.7 deg [selfoff foot 1]  grid 16.33-18.33, enclosure 16.33-18.33 deg
    reach: arm (1,1) 18.9-21.7 deg [selfoff foot 0]  grid 19.33-21.33, enclosure 19.33-21.33 deg
    reach: arm (1,-1) 18.3-20.7 deg [cross r1 foot 0 at r0]  grid 18.67-20.33, enclosure 18.67-20.33 deg
    reach: arm (2,1) 18.6-27.7 deg [cross a1 foot 1 at r1]  grid 19.00-27.33, enclosure 19.00-27.33 deg
    reach: arm (2,-1) 55.6-61.7 deg [cross r1 foot 0 at r0]  grid 56.00-61.33, enclosure 56.00-61.33 deg
cell 55 (depth 6, victim half-widths 0.250/0.250/0.250u): split on the victim's x axis (refused: reach envelope: arm (0,1): the stopping event does not exist at sub-box (0,0,0))
cell 56 (depth 6, victim half-widths 0.250/0.250/0.250u): centre [0.8192,-30.3367,-3.2227,19.7416,-35.079,4.1168]
    reach: arm (0,1) grid 9.33-23.67, enclosure - deg  REFUSED: arm (0,1): the stopping event does not exist at sub-box (0,0,0)
    reach: arm (0,-1) 16.3-19.1 deg [selfoff foot 1]  grid 16.67-18.67, enclosure 16.67-18.67 deg
    reach: arm (1,1) 18.6-21.1 deg [selfoff foot 0]  grid 19.00-20.67, enclosure 19.00-20.67 deg
    reach: arm (1,-1) 18.9-21.1 deg [cross r1 foot 0 at r0]  grid 19.33-20.67, enclosure 19.33-20.67 deg
    reach: arm (2,1) 14.9-24.1 deg [cross a1 foot 1 at r1]  grid 15.33-23.67, enclosure 15.33-23.67 deg
    reach: arm (2,-1) 58.3-64.4 deg [cross r1 foot 0 at r0]  grid 58.67-64.00, enclosure 58.67-64.00 deg
cell 56 (depth 6, victim half-widths 0.250/0.250/0.250u): split on the victim's x axis (refused: reach envelope: arm (0,1): the stopping event does not exist at sub-box (0,0,0))
cell 57 (depth 6, victim half-widths 0.250/0.250/0.250u): centre [0.8192,-30.3367,-3.2227,19.7416,-35.079,4.1385]
    reach: arm (0,1) grid 7.67-23.00, enclosure - deg  REFUSED: arm (0,1): the stopping event does not exist at sub-box (0,0,0)
    reach: arm (0,-1) 16.6-19.4 deg [selfoff foot 1]  grid 17.00-19.00, enclosure 17.00-19.00 deg
    reach: arm (1,1) 18.3-20.7 deg [selfoff foot 0]  grid 18.67-20.33, enclosure 18.67-20.33 deg
    reach: arm (1,-1) 19.3-21.7 deg [cross r1 foot 0 at r0]  grid 19.67-21.33, enclosure 19.67-21.33 deg
    reach: arm (2,1) 11.9-21.1 deg [cross a1 foot 1 at r1]  grid 12.33-20.67, enclosure 12.33-20.67 deg
    reach: arm (2,-1) 60.9-67.4 deg [cross r1 foot 0 at r0]  grid 61.33-67.00, enclosure 61.33-67.00 deg
cell 57 (depth 6, victim half-widths 0.250/0.250/0.250u): split on the victim's x axis (refused: reach envelope: arm (0,1): the stopping event does not exist at sub-box (0,0,0))
cell 58 (depth 6, victim half-widths 0.250/0.125/0.500u): centre [0.8192,-30.3367,-3.2227,19.7416,-34.454,4.0844]
    reach: arm (0,1) grid 8.67-23.67, enclosure - deg  REFUSED: arm (0,1): the stopping event does not exist at sub-box (0,0,0)
    reach: arm (0,-1) 16.3-19.4 deg [selfoff foot 1]  grid 16.67-19.00, enclosure 16.67-19.00 deg
    reach: arm (1,1) 20.3-23.1 deg [selfoff foot 0]  grid 20.67-22.67, enclosure 20.67-22.67 deg
    reach: arm (1,-1) grid 18.00-28.67, enclosure - deg  REFUSED: arm (1,-1): stopping event changes between cells (0,0,0)-(0,0,1): cross|r0|2:a1 vs cross|r1|0:r0
    reach: arm (2,1) grid 17.33-28.67, enclosure - deg  REFUSED: arm (2,1): stopping event changes between cells (0,0,0)-(0,0,1): cross|a1,r1|1:r1 vs cross|a1|1:r1
    reach: arm (2,-1) grid 52.67-79.33, enclosure - deg  REFUSED: arm (2,-1): stopping event changes between cells (0,0,0)-(0,0,1): cross|r0,r1|0:a0 vs cross|r1|0:r0
cell 58 (depth 6, victim half-widths 0.250/0.125/0.500u): split on the victim's rot axis (refused: reach envelope: arm (0,1): the stopping event does not exist at sub-box (0,0,0); arm (1,-1): stopping event ch)
cell 59 (depth 6, victim half-widths 0.250/0.125/0.500u): centre [0.8192,-30.3367,-3.2227,19.7416,-34.454,4.1276]
    reach: arm (0,1) 4.9-14.1 deg [cross r1 foot 1 at a1]  grid 5.33-13.67, enclosure 5.33-13.67 deg
    reach: arm (0,-1) 17.3-20.1 deg [selfoff foot 1]  grid 17.67-19.67, enclosure 17.67-19.67 deg
    reach: arm (1,1) 19.3-22.1 deg [selfoff foot 0]  grid 19.67-21.67, enclosure 19.67-21.67 deg
    reach: arm (1,-1) 17.9-20.7 deg [cross r1 foot 0 at r0]  grid 18.33-20.33, enclosure 18.33-20.33 deg
    reach: arm (2,1) 9.6-22.4 deg [cross a1 foot 1 at r1]  grid 10.00-22.00, enclosure 10.00-22.00 deg
    reach: arm (2,-1) 55.6-64.7 deg [cross r1 foot 1 at r1]  grid 56.00-64.33, enclosure 56.00-64.33 deg
    3/27: [0.819,-30.337,-3.223,19.492,-34.579,4.149] dead W=0.43 accept=0.55  (13s)
    6/27: [0.819,-30.337,-3.223,19.492,-34.329,4.106] dead W=0.26 accept=3.77  (17s)
    9/27: [0.819,-30.337,-3.223,19.742,-34.579,4.106] dead W=0.56 accept=1.97  (20s)
    12/27: [0.819,-30.337,-3.223,19.742,-34.579,4.149] dead W=0.22 accept=0.22  (21s)
    15/27: [0.819,-30.337,-3.223,19.742,-34.329,4.106] dead W=0.32 accept=3.70  (25s)
    18/27: [0.819,-30.337,-3.223,19.992,-34.579,4.106] dead W=0.62 accept=1.06  (28s)
    21/27: [0.819,-30.337,-3.223,19.992,-34.454,4.106] dead W=0.50 accept=0.99  (31s)
    24/27: [0.819,-30.337,-3.223,19.992,-34.454,4.149] dead W=0.69 accept=3.44  (34s)
    27/27: [0.819,-30.337,-3.223,19.992,-34.329,4.149] dead W=0.60 accept=3.24  (37s)
    round 1: 19 pairs refused, 19 midpoints to certify (step 0.250u)
    2/19: [0.819,-30.337,-3.223,19.617,-34.579,4.149] dead W=0.40 accept=0.40  (41s)
    4/19: [0.819,-30.337,-3.223,19.492,-34.392,4.149] dead W=0.29 accept=0.44  (41s)
    6/19: [0.819,-30.337,-3.223,19.617,-34.329,4.149] dead W=0.16 accept=0.16  (45s)
    8/19: [0.819,-30.337,-3.223,19.742,-34.517,4.149] dead W=0.20 accept=3.57  (46s)
    10/19: [0.819,-30.337,-3.223,19.742,-34.454,4.138] dead W=0.32 accept=0.32  (48s)
    12/19: [0.819,-30.337,-3.223,19.742,-34.329,4.138] dead W=0.26 accept=0.26  (49s)
    14/19: [0.819,-30.337,-3.223,19.992,-34.454,4.117] dead W=0.62 accept=0.88  (52s)
    16/19: [0.819,-30.337,-3.223,19.992,-34.517,4.149] dead W=0.36 accept=3.59  (53s)
    18/19: [0.819,-30.337,-3.223,19.992,-34.329,4.117] dead W=0.50 accept=1.09  (56s)
    round 2: 17 pairs refused, 17 midpoints to certify (step 0.125u)
    2/17: [0.819,-30.337,-3.223,19.492,-34.579,4.144] dead W=0.48 accept=0.65  (61s)
    4/17: [0.819,-30.337,-3.223,19.679,-34.329,4.149] dead W=0.38 accept=3.12  (62s)
    6/17: [0.819,-30.337,-3.223,19.742,-34.579,4.144] dead W=0.33 accept=0.33  (64s)
    8/17: [0.819,-30.337,-3.223,19.742,-34.454,4.133] dead W=0.54 accept=0.54  (65s)
    10/17: [0.819,-30.337,-3.223,19.742,-34.454,4.144] dead W=0.19 accept=0.19  (68s)
    12/17: [0.819,-30.337,-3.223,19.742,-34.329,4.144] dead W=0.20 accept=3.24  (69s)
    14/17: [0.819,-30.337,-3.223,19.992,-34.579,4.144] dead W=0.16 accept=3.72  (72s)
    16/17: [0.819,-30.337,-3.223,19.992,-34.454,4.144] dead W=0.74 accept=3.58  (73s)
    round 3: 10 pairs refused, 10 midpoints to certify (step 0.063u)
    1/10: [0.819,-30.337,-3.223,19.492,-34.579,4.147] dead W=0.46 accept=0.61  (81s)
    2/10: [0.819,-30.337,-3.223,19.742,-34.454,4.136] dead W=0.46 accept=0.46  (81s)
    3/10: [0.819,-30.337,-3.223,19.492,-34.454,4.147] dead W=0.37 accept=0.51  (81s)
    4/10: [0.819,-30.337,-3.223,19.742,-34.579,4.147] dead W=0.26 accept=0.26  (81s)
    5/10: [0.819,-30.337,-3.223,19.742,-34.329,4.147] dead W=0.45 accept=3.74  (84s)
    6/10: [0.819,-30.337,-3.223,19.742,-34.454,4.147] dead W=0.20 accept=3.85  (84s)
    7/10: [0.819,-30.337,-3.223,19.992,-34.579,4.147] dead W=0.39 accept=3.67  (85s)
    8/10: [0.819,-30.337,-3.223,19.992,-34.454,4.141] dead W=0.77 accept=3.53  (85s)
    9/10: [0.819,-30.337,-3.223,19.992,-34.329,4.141] dead W=0.68 accept=3.34  (89s)
    10/10: [0.819,-30.337,-3.223,19.992,-34.329,4.147] dead W=0.62 accept=3.34  (89s)
cell 59 (depth 6, victim half-widths 0.250/0.125/0.500u): dead (73 poses, 12702 gaps, 15 slivers, 3 probed gaps, min accepted 0.06u)
cell 60 (depth 6, victim half-widths 0.125/0.250/0.500u): centre [0.8192,-30.3367,-3.2227,20.3666,-36.079,4.0844]
    reach: arm (0,1) grid 15.67-26.33, enclosure - deg  REFUSED: arm (0,1): the stopping event does not exist at sub-box (0,0,0)
    reach: arm (0,-1) 13.6-16.4 deg [selfoff foot 1]  grid 14.00-16.00, enclosure 14.00-16.00 deg
    reach: arm (1,1) 17.3-20.1 deg [selfoff foot 0]  grid 17.67-19.67, enclosure 17.67-19.67 deg
    reach: arm (1,-1) 19.3-22.4 deg [cross r1 foot 0 at r0]  grid 19.67-22.00, enclosure 19.67-22.00 deg
    reach: arm (2,1) 25.6-35.7 deg [cross a1 foot 1 at r1]  grid 26.00-35.33, enclosure 26.00-35.33 deg
    reach: arm (2,-1) 54.6-62.4 deg [cross r1 foot 0 at r0]  grid 55.00-62.00, enclosure 55.00-62.00 deg
cell 60 (depth 6, victim half-widths 0.125/0.250/0.500u): split on the victim's rot axis (refused: reach envelope: arm (0,1): the stopping event does not exist at sub-box (0,0,0))
cell 61 (depth 6, victim half-widths 0.125/0.250/0.500u): centre [0.8192,-30.3367,-3.2227,20.3666,-35.579,4.0844]
    reach: arm (0,1) grid 11.33-25.67, enclosure - deg  REFUSED: arm (0,1): the stopping event does not exist at sub-box (0,0,0)
    reach: arm (0,-1) 14.3-17.1 deg [selfoff foot 1]  grid 14.67-16.67, enclosure 14.67-16.67 deg
    reach: arm (1,1) 17.9-21.1 deg [selfoff foot 0]  grid 18.33-20.67, enclosure 18.33-20.67 deg
    reach: arm (1,-1) 18.6-21.4 deg [cross r1 foot 0 at r0]  grid 19.00-21.00, enclosure 19.00-21.00 deg
    reach: arm (2,1) 24.3-34.7 deg [cross a1 foot 1 at r1]  grid 24.67-34.33, enclosure 24.67-34.33 deg
    reach: arm (2,-1) 53.3-61.4 deg [cross r1 foot 0 at r0]  grid 53.67-61.00, enclosure 53.67-61.00 deg
cell 61 (depth 6, victim half-widths 0.125/0.250/0.500u): split on the victim's rot axis (refused: reach envelope: arm (0,1): the stopping event does not exist at sub-box (0,0,0))
cell 62 (depth 6, victim half-widths 0.125/0.250/0.500u): centre [0.8192,-30.3367,-3.2227,20.3666,-36.079,4.1276]
    reach: arm (0,1) grid 10.67-25.33, enclosure - deg  REFUSED: arm (0,1): the stopping event does not exist at sub-box (0,0,0)
    reach: arm (0,-1) 14.3-17.4 deg [selfoff foot 1]  grid 14.67-17.00, enclosure 14.67-17.00 deg
    reach: arm (1,1) 16.3-19.4 deg [selfoff foot 0]  grid 16.67-19.00, enclosure 16.67-19.00 deg
    reach: arm (1,-1) 20.3-23.4 deg [cross r1 foot 0 at r0]  grid 20.67-23.00, enclosure 20.67-23.00 deg
    reach: arm (2,1) 19.3-29.4 deg [cross a1 foot 1 at r1]  grid 19.67-29.00, enclosure 19.67-29.00 deg
    reach: arm (2,-1) 59.9-68.1 deg [cross r1 foot 0 at r0]  grid 60.33-67.67, enclosure 60.33-67.67 deg
cell 62 (depth 6, victim half-widths 0.125/0.250/0.500u): split on the victim's rot axis (refused: reach envelope: arm (0,1): the stopping event does not exist at sub-box (0,0,0))
cell 63 (depth 6, victim half-widths 0.125/0.250/0.500u): centre [0.8192,-30.3367,-3.2227,20.3666,-35.579,4.1276]
    reach: arm (0,1) grid 8.00-24.67, enclosure - deg  REFUSED: arm (0,1): the stopping event does not exist at sub-box (0,0,0)
    reach: arm (0,-1) 14.9-18.1 deg [selfoff foot 1]  grid 15.33-17.67, enclosure 15.33-17.67 deg
    reach: arm (1,1) 16.9-20.1 deg [selfoff foot 0]  grid 17.33-19.67, enclosure 17.33-19.67 deg
    reach: arm (1,-1) 19.6-22.7 deg [cross r1 foot 0 at r0]  grid 20.00-22.33, enclosure 20.00-22.33 deg
    reach: arm (2,1) 17.9-28.4 deg [cross a1 foot 1 at r1]  grid 18.33-28.00, enclosure 18.33-28.00 deg
    reach: arm (2,-1) 58.6-66.7 deg [cross r1 foot 0 at r0]  grid 59.00-66.33, enclosure 59.00-66.33 deg
cell 63 (depth 6, victim half-widths 0.125/0.250/0.500u): split on the victim's rot axis (refused: reach envelope: arm (0,1): the stopping event does not exist at sub-box (0,0,0))
cell 64 (depth 6, victim half-widths 0.125/0.250/0.500u): centre [0.8192,-30.3367,-3.2227,20.3666,-35.079,4.0844]
    reach: arm (0,1) grid 9.00-25.00, enclosure - deg  REFUSED: arm (0,1): the stopping event (foot 1, level 40.81u of circle 3) is tangent somewhere in the box (sub-box 0,0,0)
    reach: arm (0,-1) 14.9-17.7 deg [selfoff foot 1]  grid 15.33-17.33, enclosure 15.33-17.33 deg
    reach: arm (1,1) 18.9-21.7 deg [selfoff foot 0]  grid 19.33-21.33, enclosure 19.33-21.33 deg
    reach: arm (1,-1) 17.9-20.7 deg [cross r1 foot 0 at r0]  grid 18.33-20.33, enclosure 18.33-20.33 deg
    reach: arm (2,1) 22.9-34.1 deg [cross a1 foot 1 at r1]  grid 23.33-33.67, enclosure 23.33-33.67 deg
    reach: arm (2,-1) 51.9-60.1 deg [cross r1 foot 0 at r0]  grid 52.33-59.67, enclosure 52.33-59.67 deg
cell 64 (depth 6, victim half-widths 0.125/0.250/0.500u): split on the victim's rot axis (refused: reach envelope: arm (0,1): the stopping event (foot 1, level 40.81u of circle 3) is tangent somewhere in the b)
cell 65 (depth 6, victim half-widths 0.125/0.250/0.500u): centre [0.8192,-30.3367,-3.2227,20.3666,-35.079,4.1276]
    reach: arm (0,1) grid 6.00-13.00, enclosure 5.67-13.67 deg  REFUSED: arm (0,1): phase-sensitive limit at cell (4,4,4): a random-size ladder stops at 22.8deg [cross] against the 1-degree ladder's 6.0deg
    reach: arm (0,-1) 15.6-18.4 deg [selfoff foot 1]  grid 16.00-18.00, enclosure 16.00-18.00 deg
    reach: arm (1,1) 17.9-21.1 deg [selfoff foot 0]  grid 18.33-20.67, enclosure 18.33-20.67 deg
    reach: arm (1,-1) 18.9-21.7 deg [cross r1 foot 0 at r0]  grid 19.33-21.33, enclosure 19.33-21.33 deg
    reach: arm (2,1) 16.3-27.1 deg [cross a1 foot 1 at r1]  grid 16.67-26.67, enclosure 16.67-26.67 deg
    reach: arm (2,-1) 57.3-65.4 deg [cross r1 foot 0 at r0]  grid 57.67-65.00, enclosure 57.67-65.00 deg
cell 65 (depth 6, victim half-widths 0.125/0.250/0.500u): split on the victim's rot axis (refused: reach envelope: arm (0,1): phase-sensitive limit at cell (4,4,4): a random-size ladder stops at 22.8deg [cross)
cell 66 (depth 7, victim half-widths 0.125/0.250/0.250u): centre [0.8192,-30.3367,-3.2227,18.6166,-35.079,4.1385]
    reach: arm (0,1) 19.9-22.4 deg [cross r1 foot 1 at r0]  grid 20.33-22.00, enclosure 20.33-22.00 deg
    reach: arm (0,-1) 18.3-20.4 deg [selfoff foot 1]  grid 18.67-20.00, enclosure 18.67-20.00 deg
    reach: arm (1,1) 18.6-21.1 deg [selfoff foot 0]  grid 19.00-20.67, enclosure 19.00-20.67 deg
    reach: arm (1,-1) 19.3-21.7 deg [cross r1 foot 0 at r0]  grid 19.67-21.33, enclosure 19.67-21.33 deg
    reach: arm (2,1) grid 6.00-13.00, enclosure 6.00-13.33 deg  REFUSED: arm (2,1): phase-sensitive limit at cell (0,4,4): a random-size ladder stops at 64.0deg [cross] against the 1-degree ladder's 6.0deg
    reach: arm (2,-1) 61.6-69.4 deg [cross r1 foot 1 at r1]  grid 62.00-69.00, enclosure 62.00-69.00 deg
cell 66 (depth 7, victim half-widths 0.125/0.250/0.250u): split on the victim's y axis (refused: reach envelope: arm (2,1): phase-sensitive limit at cell (0,4,4): a random-size ladder stops at 64.0deg [cross)
cell 67 (depth 7, victim half-widths 0.125/0.250/0.250u): centre [0.8192,-30.3367,-3.2227,18.8666,-35.079,4.1385]
    reach: arm (0,1) 20.3-22.7 deg [cross r1 foot 1 at r0]  grid 20.67-22.33, enclosure 20.67-22.33 deg
    reach: arm (0,-1) 17.9-20.4 deg [selfoff foot 1]  grid 18.33-20.00, enclosure 18.33-20.00 deg
    reach: arm (1,1) 18.6-21.1 deg [selfoff foot 0]  grid 19.00-20.67, enclosure 19.00-20.67 deg
    reach: arm (1,-1) 19.3-21.7 deg [cross r1 foot 0 at r0]  grid 19.67-21.33, enclosure 19.67-21.33 deg
    reach: arm (2,1) 6.9-15.1 deg [cross a1 foot 1 at r1]  grid 7.33-14.67, enclosure 7.33-14.67 deg
    reach: arm (2,-1) 61.6-69.1 deg [cross r1 foot 1 at r1]  grid 62.00-68.67, enclosure 62.00-68.67 deg
    3/27: [0.819,-30.337,-3.223,18.742,-35.329,4.128] dead W=0.64 accept=2.28  (15s)
    6/27: [0.819,-30.337,-3.223,18.742,-35.079,4.149] dead W=1.70 accept=0.20  (19s)
    9/27: [0.819,-30.337,-3.223,18.867,-35.329,4.128] dead W=0.73 accept=2.28  (23s)
    12/27: [0.819,-30.337,-3.223,18.867,-35.329,4.149] dead W=0.51 accept=0.18  (23s)
    15/27: [0.819,-30.337,-3.223,18.867,-35.079,4.138] dead W=0.43 accept=0.22  (27s)
    18/27: [0.819,-30.337,-3.223,18.867,-34.829,4.138] dead W=1.59 accept=1.68  (30s)
    21/27: [0.819,-30.337,-3.223,18.992,-35.329,4.149] dead W=0.59 accept=0.18  (34s)
    24/27: [0.819,-30.337,-3.223,18.992,-35.079,4.149] dead W=0.41 accept=1.38  (35s)
    27/27: [0.819,-30.337,-3.223,18.992,-34.829,4.149] dead W=1.28 accept=1.28  (38s)
    round 1: 23 pairs refused, 23 midpoints to certify (step 0.125u)
    2/23: [0.819,-30.337,-3.223,18.742,-35.329,4.144] dead W=0.48 accept=0.37  (42s)
    4/23: [0.819,-30.337,-3.223,18.742,-35.204,4.149] dead W=1.73 accept=0.24  (42s)
    6/23: [0.819,-30.337,-3.223,18.804,-34.829,4.138] dead W=1.64 accept=1.69  (46s)
    8/23: [0.819,-30.337,-3.223,18.742,-34.829,4.144] dead W=1.67 accept=1.80  (47s)
    10/23: [0.819,-30.337,-3.223,18.867,-35.329,4.144] dead W=0.56 accept=0.65  (50s)
    12/23: [0.819,-30.337,-3.223,18.867,-34.954,4.128] dead W=0.45 accept=2.01  (51s)
    14/23: [0.819,-30.337,-3.223,18.867,-34.954,4.138] dead W=0.34 accept=1.71  (54s)
    16/23: [0.819,-30.337,-3.223,18.867,-34.829,4.133] dead W=1.61 accept=1.79  (54s)
    18/23: [0.819,-30.337,-3.223,18.929,-34.829,4.149] dead W=1.31 accept=1.37  (58s)
    20/23: [0.819,-30.337,-3.223,18.992,-34.954,4.128] dead W=0.54 accept=1.75  (58s)
    22/23: [0.819,-30.337,-3.223,18.992,-34.829,4.144] dead W=1.37 accept=1.42  (61s)
    round 2: 16 pairs refused, 16 midpoints to certify (step 0.063u)
    2/16: [0.819,-30.337,-3.223,18.742,-34.829,4.147] dead W=1.63 accept=1.74  (65s)
    4/16: [0.819,-30.337,-3.223,18.742,-34.892,4.138] dead W=1.74 accept=1.93  (65s)
    6/16: [0.819,-30.337,-3.223,18.867,-35.267,4.138] dead W=0.57 accept=0.29  (69s)
    8/16: [0.819,-30.337,-3.223,18.867,-34.892,4.138] dead W=1.66 accept=1.77  (69s)
    10/16: [0.819,-30.337,-3.223,18.992,-35.142,4.138] dead W=0.57 accept=1.71  (73s)
    12/16: [0.819,-30.337,-3.223,18.867,-34.829,4.147] dead W=1.51 accept=1.53  (73s)
    14/16: [0.819,-30.337,-3.223,18.992,-35.017,4.128] dead W=0.58 accept=1.79  (76s)
    16/16: [0.819,-30.337,-3.223,18.992,-34.829,4.147] dead W=1.28 accept=1.31  (77s)
cell 67 (depth 7, victim half-widths 0.125/0.250/0.250u): dead (66 poses, 11616 gaps, 24 slivers, 0 probed gaps, min accepted 0.04u)
cell 68 (depth 7, victim half-widths 0.125/0.250/0.250u): centre [0.8192,-30.3367,-3.2227,19.1166,-35.079,4.1168]
    reach: arm (0,1) 21.3-23.4 deg [cross r1 foot 1 at r0]  grid 21.67-23.00, enclosure 21.67-23.00 deg
    reach: arm (0,-1) 17.3-19.4 deg [selfoff foot 1]  grid 17.67-19.00, enclosure 17.67-19.00 deg
    reach: arm (1,1) 18.9-21.4 deg [selfoff foot 0]  grid 19.33-21.00, enclosure 19.33-21.00 deg
    reach: arm (1,-1) 18.9-21.1 deg [cross r1 foot 0 at r0]  grid 19.33-20.67, enclosure 19.33-20.67 deg
    reach: arm (2,1) 11.9-19.7 deg [cross a1 foot 1 at r1]  grid 12.33-19.33, enclosure 12.33-19.33 deg
    reach: arm (2,-1) 59.3-65.7 deg [cross r1 foot 1 at r1]  grid 59.67-65.33, enclosure 59.67-65.33 deg
    3/27: [0.819,-30.337,-3.223,18.992,-35.329,4.106] dead W=2.28 accept=2.40  (15s)
    6/27: [0.819,-30.337,-3.223,18.992,-34.829,4.106] dead W=1.94 accept=1.94  (18s)
    9/27: [0.819,-30.337,-3.223,18.992,-34.829,4.128] dead W=1.67 accept=1.67  (22s)
    12/27: [0.819,-30.337,-3.223,19.117,-35.329,4.128] dead W=1.72 accept=1.83  (22s)
    15/27: [0.819,-30.337,-3.223,19.117,-35.079,4.128] dead W=1.70 accept=1.72  (26s)
    18/27: [0.819,-30.337,-3.223,19.242,-35.329,4.106] dead W=1.98 accept=2.07  (30s)
    21/27: [0.819,-30.337,-3.223,19.242,-35.329,4.128] dead W=1.56 accept=1.56  (33s)
    24/27: [0.819,-30.337,-3.223,19.242,-35.079,4.128] dead W=1.49 accept=1.49  (34s)
    27/27: [0.819,-30.337,-3.223,19.242,-34.829,4.128] dead W=1.30 accept=1.30  (37s)
    round 1: 12 pairs refused, 12 midpoints to certify (step 0.125u)
    1/12: [0.819,-30.337,-3.223,18.992,-35.204,4.117] dead W=2.07 accept=2.16  (41s)
    2/12: [0.819,-30.337,-3.223,18.992,-35.204,4.106] dead W=0.39 accept=2.27  (41s)
    3/12: [0.819,-30.337,-3.223,18.992,-35.079,4.122] dead W=0.45 accept=1.99  (41s)
    4/12: [0.819,-30.337,-3.223,18.992,-34.954,4.128] dead W=0.38 accept=1.82  (42s)
    5/12: [0.819,-30.337,-3.223,19.117,-35.204,4.106] dead W=0.42 accept=2.14  (45s)
    6/12: [0.819,-30.337,-3.223,19.117,-35.079,4.122] dead W=1.76 accept=1.80  (45s)
    7/12: [0.819,-30.337,-3.223,19.117,-35.204,4.117] dead W=1.99 accept=1.99  (45s)
    8/12: [0.819,-30.337,-3.223,19.117,-34.954,4.128] dead W=0.41 accept=1.61  (45s)
    9/12: [0.819,-30.337,-3.223,19.242,-35.204,4.106] dead W=0.44 accept=1.99  (49s)
    10/12: [0.819,-30.337,-3.223,19.242,-35.079,4.122] dead W=1.66 accept=1.66  (49s)
    11/12: [0.819,-30.337,-3.223,19.242,-35.204,4.117] dead W=1.74 accept=1.74  (49s)
    12/12: [0.819,-30.337,-3.223,19.242,-34.954,4.128] dead W=0.44 accept=1.46  (49s)
    round 2: 12 pairs refused, 12 midpoints to certify (step 0.063u)
    1/12: [0.819,-30.337,-3.223,18.992,-35.142,4.117] dead W=0.45 accept=2.05  (53s)
    2/12: [0.819,-30.337,-3.223,18.992,-35.079,4.125] dead W=1.89 accept=1.97  (53s)
    3/12: [0.819,-30.337,-3.223,18.992,-35.017,4.128] dead W=0.44 accept=1.96  (53s)
    4/12: [0.819,-30.337,-3.223,18.992,-35.267,4.106] dead W=0.45 accept=2.30  (53s)
    5/12: [0.819,-30.337,-3.223,19.117,-35.267,4.106] dead W=2.14 accept=2.19  (56s)
    6/12: [0.819,-30.337,-3.223,19.117,-35.142,4.117] dead W=1.93 accept=1.96  (57s)
    7/12: [0.819,-30.337,-3.223,19.117,-35.079,4.12] dead W=0.44 accept=1.86  (57s)
    8/12: [0.819,-30.337,-3.223,19.117,-35.017,4.128] dead W=1.62 accept=1.65  (57s)
    9/12: [0.819,-30.337,-3.223,19.242,-35.142,4.117] dead W=0.39 accept=1.72  (60s)
    10/12: [0.819,-30.337,-3.223,19.242,-35.267,4.106] dead W=2.01 accept=2.09  (60s)
    11/12: [0.819,-30.337,-3.223,19.242,-35.079,4.12] dead W=1.67 accept=1.67  (60s)
    12/12: [0.819,-30.337,-3.223,19.242,-35.017,4.128] dead W=1.48 accept=1.48  (61s)
cell 68 (depth 7, victim half-widths 0.125/0.250/0.250u): dead (51 poses, 8874 gaps, 12 slivers, 0 probed gaps, min accepted 0.07u)
cell 69 (depth 7, victim half-widths 0.125/0.250/0.250u): centre [0.8192,-30.3367,-3.2227,19.3666,-35.079,4.1168]
    reach: arm (0,1) grid 12.67-23.33, enclosure - deg  REFUSED: arm (0,1): the stopping event does not exist at sub-box (0,0,0)
    reach: arm (0,-1) 16.9-19.4 deg [selfoff foot 1]  grid 17.33-19.00, enclosure 17.33-19.00 deg
    reach: arm (1,1) 18.9-21.4 deg [selfoff foot 0]  grid 19.33-21.00, enclosure 19.33-21.00 deg
    reach: arm (1,-1) 18.9-21.1 deg [cross r1 foot 0 at r0]  grid 19.33-20.67, enclosure 19.33-20.67 deg
    reach: arm (2,1) 13.6-21.4 deg [cross a1 foot 1 at r1]  grid 14.00-21.00, enclosure 14.00-21.00 deg
    reach: arm (2,-1) 59.3-65.1 deg [cross r1 foot 0 at r0]  grid 59.67-64.67, enclosure 59.67-64.67 deg
cell 69 (depth 7, victim half-widths 0.125/0.250/0.250u): split on the victim's y axis (refused: reach envelope: arm (0,1): the stopping event does not exist at sub-box (0,0,0))
cell 70 (depth 7, victim half-widths 0.125/0.250/0.250u): centre [0.8192,-30.3367,-3.2227,19.1166,-35.079,4.1385]
    reach: arm (0,1) grid 12.67-22.33, enclosure - deg  REFUSED: arm (0,1): the stopping event does not exist at sub-box (0,0,0)
    reach: arm (0,-1) 17.6-20.1 deg [selfoff foot 1]  grid 18.00-19.67, enclosure 18.00-19.67 deg
    reach: arm (1,1) 18.6-21.1 deg [selfoff foot 0]  grid 19.00-20.67, enclosure 19.00-20.67 deg
    reach: arm (1,-1) 19.3-21.7 deg [cross r1 foot 0 at r0]  grid 19.67-21.33, enclosure 19.67-21.33 deg
    reach: arm (2,1) 8.6-16.7 deg [cross a1 foot 1 at r1]  grid 9.00-16.33, enclosure 9.00-16.33 deg
    reach: arm (2,-1) 61.9-68.4 deg [cross r1 foot 1 at r1]  grid 62.33-68.00, enclosure 62.33-68.00 deg
cell 70 (depth 7, victim half-widths 0.125/0.250/0.250u): split on the victim's y axis (refused: reach envelope: arm (0,1): the stopping event does not exist at sub-box (0,0,0))
cell 71 (depth 7, victim half-widths 0.125/0.250/0.250u): centre [0.8192,-30.3367,-3.2227,19.3666,-35.079,4.1385]
    reach: arm (0,1) grid 10.33-22.67, enclosure - deg  REFUSED: arm (0,1): the stopping event does not exist at sub-box (0,0,0)
    reach: arm (0,-1) 17.3-19.7 deg [selfoff foot 1]  grid 17.67-19.33, enclosure 17.67-19.33 deg
    reach: arm (1,1) 18.3-20.7 deg [selfoff foot 0]  grid 18.67-20.33, enclosure 18.67-20.33 deg
    reach: arm (1,-1) 19.3-21.7 deg [cross r1 foot 0 at r0]  grid 19.67-21.33, enclosure 19.67-21.33 deg
    reach: arm (2,1) 10.3-18.1 deg [cross a1 foot 1 at r1]  grid 10.67-17.67, enclosure 10.67-17.67 deg
    reach: arm (2,-1) 61.9-67.7 deg [cross r1 foot 0 at r0]  grid 62.33-67.33, enclosure 62.33-67.33 deg
cell 71 (depth 7, victim half-widths 0.125/0.250/0.250u): split on the victim's y axis (refused: reach envelope: arm (0,1): the stopping event does not exist at sub-box (0,0,0))
cell 72 (depth 7, victim half-widths 0.500/0.125/0.125u): centre [0.8192,-30.3367,-3.2227,18.9916,-34.454,4.0681]
    reach: arm (0,1) grid 14.00-23.67, enclosure - deg  REFUSED: arm (0,1): the stopping event does not exist at sub-box (0,0,0)
    reach: arm (0,-1) 17.3-19.7 deg [selfoff foot 1]  grid 17.67-19.33, enclosure 17.67-19.33 deg
    reach: arm (1,1) 21.3-23.1 deg [selfoff r1 foot 0]  grid 21.67-22.67, enclosure 21.67-22.67 deg
    reach: arm (1,-1) grid 18.00-30.33, enclosure - deg  REFUSED: arm (1,-1): stopping event changes between cells (0,0,3)-(1,0,3): cross|r0|2:a1 vs cross|r1|0:r0
    reach: arm (2,1) grid 15.67-25.33, enclosure - deg  REFUSED: arm (2,1): stopping event changes between cells (0,0,3)-(1,0,3): cross|a1,r1|1:r1 vs cross|a1|1:r1
    reach: arm (2,-1) grid 54.00-78.00, enclosure - deg  REFUSED: arm (2,-1): stopping event changes between cells (0,0,3)-(1,0,3): cross|r0,r1|0:a0 vs cross|r1|1:r1
cell 72 (depth 7, victim half-widths 0.500/0.125/0.125u): split on the victim's x axis (refused: reach envelope: arm (0,1): the stopping event does not exist at sub-box (0,0,0); arm (1,-1): stopping event ch)
cell 73 (depth 7, victim half-widths 0.500/0.125/0.125u): centre [0.8192,-30.3367,-3.2227,18.9916,-34.454,4.0789]
    reach: arm (0,1) grid 13.00-23.33, enclosure - deg  REFUSED: arm (0,1): the stopping event does not exist at sub-box (0,0,0)
    reach: arm (0,-1) 17.3-20.1 deg [selfoff foot 1]  grid 17.67-19.67, enclosure 17.67-19.67 deg
    reach: arm (1,1) 20.9-23.1 deg [selfoff foot 0]  grid 21.33-22.67, enclosure 21.33-22.67 deg
    reach: arm (1,-1) grid 18.00-31.00, enclosure - deg  REFUSED: arm (1,-1): stopping event changes between cells (0,0,0)-(0,1,0): cross|r1|0:r0 vs cross|r0|2:a1
    reach: arm (2,1) grid 14.00-23.67, enclosure - deg  REFUSED: arm (2,1): stopping event changes between cells (0,0,0)-(0,1,0): cross|a1|1:r1 vs cross|a1,r1|1:r1
    reach: arm (2,-1) grid 53.33-78.00, enclosure - deg  REFUSED: arm (2,-1): stopping event changes between cells (0,0,0)-(0,1,0): cross|r1|1:r1 vs cross|r0,r1|0:a0
cell 73 (depth 7, victim half-widths 0.500/0.125/0.125u): refused -- reach envelope: arm (0,1): the stopping event does not exist at sub-box (0,0,0); arm (1,-1): stopping event changes between cells (0,0,0)-(0,1,0): cross|r1|0:r0
cell 74 (depth 7, victim half-widths 0.250/0.125/0.250u): centre [0.8192,-30.3367,-3.2227,18.7416,-34.454,4.1168]
    reach: arm (0,1) grid 13.00-22.00, enclosure - deg  REFUSED: arm (0,1): the stopping event does not exist at sub-box (0,0,0)
    reach: arm (0,-1) 18.6-20.7 deg [selfoff foot 1]  grid 19.00-20.33, enclosure 19.00-20.33 deg
    reach: arm (1,1) 20.3-22.4 deg [selfoff foot 0]  grid 20.67-22.00, enclosure 20.67-22.00 deg
    reach: arm (1,-1) 17.9-20.1 deg [cross r1 foot 0 at r0]  grid 18.33-19.67, enclosure 18.33-19.67 deg
    reach: arm (2,1) 6.3-15.4 deg [cross a1 foot 1 at r1]  grid 6.67-15.00, enclosure 6.67-15.00 deg
    reach: arm (2,-1) 54.6-61.4 deg [cross r1 foot 1 at r1]  grid 55.00-61.00, enclosure 55.00-61.00 deg
cell 74 (depth 7, victim half-widths 0.250/0.125/0.250u): split on the victim's x axis (refused: reach envelope: arm (0,1): the stopping event does not exist at sub-box (0,0,0))
cell 75 (depth 7, victim half-widths 0.250/0.125/0.250u): centre [0.8192,-30.3367,-3.2227,19.2416,-34.454,4.1168]
    reach: arm (0,1) grid 9.33-22.33, enclosure - deg  REFUSED: arm (0,1): the stopping event does not exist at sub-box (0,0,0)
    reach: arm (0,-1) 17.9-20.1 deg [selfoff foot 1]  grid 18.33-19.67, enclosure 18.33-19.67 deg
    reach: arm (1,1) 19.9-22.1 deg [selfoff foot 0]  grid 20.33-21.67, enclosure 20.33-21.67 deg
    reach: arm (1,-1) 17.9-20.1 deg [cross r1 foot 0 at r0]  grid 18.33-19.67, enclosure 18.33-19.67 deg
    reach: arm (2,1) 9.9-18.7 deg [cross a1 foot 1 at r1]  grid 10.33-18.33, enclosure 10.33-18.33 deg
    reach: arm (2,-1) 55.3-61.7 deg [cross r1 foot 1 at r1]  grid 55.67-61.33, enclosure 55.67-61.33 deg
cell 75 (depth 7, victim half-widths 0.250/0.125/0.250u): split on the victim's x axis (refused: reach envelope: arm (0,1): the stopping event does not exist at sub-box (0,0,0))
cell 76 (depth 7, victim half-widths 0.500/0.125/0.125u): centre [0.8192,-30.3367,-3.2227,18.9916,-34.454,4.1331]
    reach: arm (0,1) grid 8.33-21.33, enclosure - deg  REFUSED: arm (0,1): the stopping event does not exist at sub-box (0,0,0)
    reach: arm (0,-1) 18.3-21.1 deg [selfoff foot 1]  grid 18.67-20.67, enclosure 18.67-20.67 deg
    reach: arm (1,1) 19.9-22.1 deg [selfoff foot 0]  grid 20.33-21.67, enclosure 20.33-21.67 deg
    reach: arm (1,-1) 18.6-20.4 deg [cross r1 foot 0 at r0]  grid 19.00-20.00, enclosure 19.00-20.00 deg
    reach: arm (2,1) grid 5.00-64.00, enclosure - deg  REFUSED: arm (2,1): stopping event changes between cells (0,0,3)-(0,0,4): cross|a1|1:r1 vs cross|a1,r1|0:a1
    reach: arm (2,-1) 56.9-63.1 deg [cross r1 foot 1 at r1]  grid 57.33-62.67, enclosure 57.33-62.67 deg
cell 76 (depth 7, victim half-widths 0.500/0.125/0.125u): refused -- reach envelope: arm (0,1): the stopping event does not exist at sub-box (0,0,0); arm (2,1): stopping event changes between cells (0,0,3)-(0,0,4): cross|a1|1:r1 
cell 77 (depth 7, victim half-widths 0.500/0.125/0.125u): centre [0.8192,-30.3367,-3.2227,18.9916,-34.454,4.1439]
    reach: arm (0,1) grid 7.33-21.33, enclosure - deg  REFUSED: arm (0,1): the stopping event does not exist at sub-box (0,0,0)
    reach: arm (0,-1) 18.6-21.1 deg [selfoff foot 1]  grid 19.00-20.67, enclosure 19.00-20.67 deg
    reach: arm (1,1) 19.6-21.7 deg [selfoff foot 0]  grid 20.00-21.33, enclosure 20.00-21.33 deg
    reach: arm (1,-1) 18.9-20.7 deg [cross r1 foot 0 at r0]  grid 19.33-20.33, enclosure 19.33-20.33 deg
    reach: arm (2,1) grid 3.67-64.00, enclosure - deg  REFUSED: arm (2,1): stopping event changes between cells (0,0,0)-(1,0,0): cross|a1,r1|0:a1 vs cross|a1|1:r1
    reach: arm (2,-1) 58.3-64.4 deg [cross r1 foot 1 at r1]  grid 58.67-64.00, enclosure 58.67-64.00 deg
cell 77 (depth 7, victim half-widths 0.500/0.125/0.125u): split on the victim's x axis (refused: reach envelope: arm (0,1): the stopping event does not exist at sub-box (0,0,0); arm (2,1): stopping event cha)
cell 78 (depth 7, victim half-widths 0.125/0.250/0.250u): centre [0.8192,-30.3367,-3.2227,19.6166,-35.579,4.0952]
    reach: arm (0,1) 22.6-25.1 deg [cross r1 foot 1 at r0]  grid 23.00-24.67, enclosure 23.00-24.67 deg
    reach: arm (0,-1) 15.6-18.1 deg [selfoff foot 1]  grid 16.00-17.67, enclosure 16.00-17.67 deg
    reach: arm (1,1) 18.3-20.7 deg [selfoff foot 0]  grid 18.67-20.33, enclosure 18.67-20.33 deg
    reach: arm (1,-1) 18.9-21.4 deg [cross r1 foot 0 at r0]  grid 19.33-21.00, enclosure 19.33-21.00 deg
    reach: arm (2,1) 19.9-27.4 deg [cross a1 foot 1 at r1]  grid 20.33-27.00, enclosure 20.33-27.00 deg
    reach: arm (2,-1) 57.3-62.7 deg [cross r1 foot 0 at r0]  grid 57.67-62.33, enclosure 57.67-62.33 deg
    3/27: [0.819,-30.337,-3.223,19.492,-35.579,4.084] dead W=0.67 accept=2.30  (14s)
    6/27: [0.819,-30.337,-3.223,19.492,-35.329,4.084] dead W=0.48 accept=2.06  (18s)
    9/27: [0.819,-30.337,-3.223,19.492,-35.329,4.106] dead W=0.27 accept=1.72  (22s)
    12/27: [0.819,-30.337,-3.223,19.617,-35.829,4.106] dead W=0.72 accept=1.85  (22s)
    15/27: [0.819,-30.337,-3.223,19.617,-35.579,4.084] dead W=0.75 accept=2.14  (26s)
    18/27: [0.819,-30.337,-3.223,19.617,-35.329,4.095] dead W=0.46 accept=1.79  (30s)
    21/27: [0.819,-30.337,-3.223,19.742,-35.829,4.106] dead W=0.77 accept=1.53  (33s)
    24/27: [0.819,-30.337,-3.223,19.742,-35.579,4.095] dead W=0.40 accept=3.26  (34s)
    27/27: [0.819,-30.337,-3.223,19.742,-35.329,4.106] dead W=0.44 accept=1.45  (37s)
    round 1: 11 pairs refused, 11 midpoints to certify (step 0.125u)
    1/11: [0.819,-30.337,-3.223,19.492,-35.454,4.084] dead W=0.57 accept=2.17  (41s)
    2/11: [0.819,-30.337,-3.223,19.492,-35.704,4.106] dead W=0.55 accept=1.91  (41s)
    3/11: [0.819,-30.337,-3.223,19.554,-35.329,4.084] dead W=0.52 accept=1.99  (41s)
    4/11: [0.819,-30.337,-3.223,19.492,-35.454,4.095] dead W=0.47 accept=1.99  (41s)
    5/11: [0.819,-30.337,-3.223,19.492,-35.329,4.09] dead W=0.43 accept=1.96  (45s)
    6/11: [0.819,-30.337,-3.223,19.617,-35.579,4.101] dead W=0.44 accept=1.72  (45s)
    7/11: [0.819,-30.337,-3.223,19.617,-35.454,4.095] dead W=0.55 accept=1.82  (45s)
    8/11: [0.819,-30.337,-3.223,19.617,-35.704,4.106] dead W=0.62 accept=1.65  (45s)
    9/11: [0.819,-30.337,-3.223,19.617,-35.329,4.09] dead W=0.51 accept=1.89  (48s)
    10/11: [0.819,-30.337,-3.223,19.742,-35.454,4.106] dead W=0.41 accept=3.31  (48s)
    11/11: [0.819,-30.337,-3.223,19.679,-35.579,4.106] dead W=0.51 accept=1.51  (48s)
    round 2: 6 pairs refused, 6 midpoints to certify (step 0.063u)
    1/6: [0.819,-30.337,-3.223,19.617,-35.642,4.106] dead W=0.56 accept=1.63  (52s)
    2/6: [0.819,-30.337,-3.223,19.492,-35.392,4.084] dead W=0.53 accept=2.14  (52s)
    3/6: [0.819,-30.337,-3.223,19.492,-35.329,4.087] dead W=0.46 accept=3.37  (52s)
    4/6: [0.819,-30.337,-3.223,19.492,-35.517,4.095] dead W=0.52 accept=2.01  (52s)
    5/6: [0.819,-30.337,-3.223,19.742,-35.517,4.106] dead W=0.47 accept=1.48  (55s)
    6/6: [0.819,-30.337,-3.223,19.617,-35.579,4.103] dead W=0.47 accept=3.30  (55s)
cell 78 (depth 7, victim half-widths 0.125/0.250/0.250u): dead (44 poses, 8008 gaps, 8 slivers, 0 probed gaps, min accepted 0.07u)
cell 79 (depth 7, victim half-widths 0.125/0.250/0.250u): centre [0.8192,-30.3367,-3.2227,19.8666,-35.579,4.0952]
    reach: arm (0,1) grid 16.00-24.67, enclosure - deg  REFUSED: arm (0,1): the stopping event does not exist at sub-box (0,0,0)
    reach: arm (0,-1) 15.3-17.7 deg [selfoff foot 1]  grid 15.67-17.33, enclosure 15.67-17.33 deg
    reach: arm (1,1) 18.3-20.7 deg [selfoff foot 0]  grid 18.67-20.33, enclosure 18.67-20.33 deg
    reach: arm (1,-1) 18.9-21.4 deg [cross r1 foot 0 at r0]  grid 19.33-21.00, enclosure 19.33-21.00 deg
    reach: arm (2,1) 21.6-28.7 deg [cross a1 foot 1 at r1]  grid 22.00-28.33, enclosure 22.00-28.33 deg
    reach: arm (2,-1) 56.9-62.4 deg [cross r1 foot 0 at r0]  grid 57.33-62.00, enclosure 57.33-62.00 deg
cell 79 (depth 7, victim half-widths 0.125/0.250/0.250u): split on the victim's y axis (refused: reach envelope: arm (0,1): the stopping event does not exist at sub-box (0,0,0))
cell 80 (depth 7, victim half-widths 0.125/0.250/0.250u): centre [0.8192,-30.3367,-3.2227,19.6166,-35.579,4.1168]
    reach: arm (0,1) 22.3-24.4 deg [cross r1 foot 1 at r0]  grid 22.67-24.00, enclosure 22.67-24.00 deg
    reach: arm (0,-1) 15.9-18.4 deg [selfoff foot 1]  grid 16.33-18.00, enclosure 16.33-18.00 deg
    reach: arm (1,1) 17.9-20.4 deg [selfoff foot 0]  grid 18.33-20.00, enclosure 18.33-20.00 deg
    reach: arm (1,-1) 19.6-21.7 deg [cross r1 foot 0 at r0]  grid 20.00-21.33, enclosure 20.00-21.33 deg
    reach: arm (2,1) 16.9-24.1 deg [cross a1 foot 1 at r1]  grid 17.33-23.67, enclosure 17.33-23.67 deg
    reach: arm (2,-1) 60.3-65.7 deg [cross r1 foot 0 at r0]  grid 60.67-65.33, enclosure 60.67-65.33 deg
    3/27: [0.819,-30.337,-3.223,19.492,-35.829,4.117] dead W=0.49 accept=0.82  (14s)
    6/27: [0.819,-30.337,-3.223,19.492,-35.329,4.117] dead W=1.49 accept=1.56  (18s)
    9/27: [0.819,-30.337,-3.223,19.492,-35.329,4.128] dead W=1.24 accept=3.49  (22s)
    12/27: [0.819,-30.337,-3.223,19.617,-35.829,4.128] dead W=0.47 accept=0.67  (22s)
    15/27: [0.819,-30.337,-3.223,19.617,-35.329,4.106] dead W=1.56 accept=1.56  (26s)
    18/27: [0.819,-30.337,-3.223,19.742,-35.829,4.106] dead W=0.58 accept=1.56  (30s)
    21/27: [0.819,-30.337,-3.223,19.742,-35.579,4.106] dead W=0.59 accept=1.50  (33s)
    24/27: [0.819,-30.337,-3.223,19.742,-35.579,4.128] dead W=0.37 accept=0.61  (34s)
    27/27: [0.819,-30.337,-3.223,19.742,-35.329,4.117] dead W=1.20 accept=1.24  (37s)
    round 1: 2 pairs refused, 2 midpoints to certify (step 0.125u)
    1/2: [0.819,-30.337,-3.223,19.742,-35.704,4.106] dead W=0.45 accept=1.48  (41s)
    2/2: [0.819,-30.337,-3.223,19.617,-35.704,4.106] dead W=0.43 accept=1.75  (41s)
    round 2: 1 pairs refused, 1 midpoints to certify (step 0.063u)
    1/1: [0.819,-30.337,-3.223,19.742,-35.642,4.106] dead W=0.39 accept=1.46  (44s)
cell 80 (depth 7, victim half-widths 0.125/0.250/0.250u): dead (30 poses, 5460 gaps, 1 slivers, 0 probed gaps, min accepted 0.04u)
cell 81 (depth 7, victim half-widths 0.125/0.250/0.250u): centre [0.8192,-30.3367,-3.2227,19.8666,-35.579,4.1168]
    reach: arm (0,1) grid 12.67-24.33, enclosure - deg  REFUSED: arm (0,1): the stopping event does not exist at sub-box (0,0,0)
    reach: arm (0,-1) 15.6-18.1 deg [selfoff foot 1]  grid 16.00-17.67, enclosure 16.00-17.67 deg
    reach: arm (1,1) 17.9-20.1 deg [selfoff foot 0]  grid 18.33-19.67, enclosure 18.33-19.67 deg
    reach: arm (1,-1) 19.6-22.1 deg [cross r1 foot 0 at r0]  grid 20.00-21.67, enclosure 20.00-21.67 deg
    reach: arm (2,1) 18.3-25.4 deg [cross a1 foot 1 at r1]  grid 18.67-25.00, enclosure 18.67-25.00 deg
    reach: arm (2,-1) 59.6-65.1 deg [cross r1 foot 0 at r0]  grid 60.00-64.67, enclosure 60.00-64.67 deg
cell 81 (depth 7, victim half-widths 0.125/0.250/0.250u): split on the victim's y axis (refused: reach envelope: arm (0,1): the stopping event does not exist at sub-box (0,0,0))
cell 82 (depth 7, victim half-widths 0.125/0.250/0.250u): centre [0.8192,-30.3367,-3.2227,19.6166,-35.579,4.1385]
    reach: arm (0,1) grid 12.67-23.33, enclosure - deg  REFUSED: arm (0,1): the stopping event does not exist at sub-box (0,0,0)
    reach: arm (0,-1) 16.3-18.7 deg [selfoff foot 1]  grid 16.67-18.33, enclosure 16.67-18.33 deg
    reach: arm (1,1) 17.6-19.7 deg [selfoff foot 0]  grid 18.00-19.33, enclosure 18.00-19.33 deg
    reach: arm (1,-1) 20.3-22.4 deg [cross r1 foot 0 at r0]  grid 20.67-22.00, enclosure 20.67-22.00 deg
    reach: arm (2,1) 13.6-21.1 deg [cross a1 foot 1 at r1]  grid 14.00-20.67, enclosure 14.00-20.67 deg
    reach: arm (2,-1) 62.9-68.4 deg [cross r1 foot 0 at r0]  grid 63.33-68.00, enclosure 63.33-68.00 deg
cell 82 (depth 7, victim half-widths 0.125/0.250/0.250u): split on the victim's y axis (refused: reach envelope: arm (0,1): the stopping event does not exist at sub-box (0,0,0))
cell 83 (depth 7, victim half-widths 0.125/0.250/0.250u): centre [0.8192,-30.3367,-3.2227,19.8666,-35.579,4.1385]
    reach: arm (0,1) grid 10.33-23.67, enclosure - deg  REFUSED: arm (0,1): the stopping event does not exist at sub-box (0,0,0)
    reach: arm (0,-1) 15.9-18.4 deg [selfoff foot 1]  grid 16.33-18.00, enclosure 16.33-18.00 deg
    reach: arm (1,1) 17.3-19.7 deg [selfoff foot 0]  grid 17.67-19.33, enclosure 17.67-19.33 deg
    reach: arm (1,-1) 20.3-22.4 deg [cross r1 foot 0 at r0]  grid 20.67-22.00, enclosure 20.67-22.00 deg
    reach: arm (2,1) 15.3-22.4 deg [cross a1 foot 1 at r1]  grid 15.67-22.00, enclosure 15.67-22.00 deg
    reach: arm (2,-1) 62.3-68.1 deg [cross r1 foot 0 at r0]  grid 62.67-67.67, enclosure 62.67-67.67 deg
cell 83 (depth 7, victim half-widths 0.125/0.250/0.250u): split on the victim's y axis (refused: reach envelope: arm (0,1): the stopping event does not exist at sub-box (0,0,0))
cell 84 (depth 7, victim half-widths 0.125/0.250/0.250u): centre [0.8192,-30.3367,-3.2227,19.6166,-35.079,4.0735]
    reach: arm (0,1) grid 15.33-24.67, enclosure - deg  REFUSED: arm (0,1): the stopping event does not exist at sub-box (0,0,0)
    reach: arm (0,-1) 15.9-18.1 deg [selfoff foot 1]  grid 16.33-17.67, enclosure 16.33-17.67 deg
    reach: arm (1,1) 19.6-22.1 deg [selfoff foot 0]  grid 20.00-21.67, enclosure 20.00-21.67 deg
    reach: arm (1,-1) 17.9-20.1 deg [cross r1 foot 0 at r0]  grid 18.33-19.67, enclosure 18.33-19.67 deg
    reach: arm (2,1) 21.9-29.4 deg [cross a1 foot 1 at r1]  grid 22.33-29.00, enclosure 22.33-29.00 deg
    reach: arm (2,-1) 53.3-58.7 deg [cross r1 foot 0 at r0]  grid 53.67-58.33, enclosure 53.67-58.33 deg
cell 84 (depth 7, victim half-widths 0.125/0.250/0.250u): split on the victim's y axis (refused: reach envelope: arm (0,1): the stopping event does not exist at sub-box (0,0,0))
cell 85 (depth 7, victim half-widths 0.125/0.250/0.250u): centre [0.8192,-30.3367,-3.2227,19.8666,-35.079,4.0735]
    reach: arm (0,1) grid 13.00-24.67, enclosure - deg  REFUSED: arm (0,1): the stopping event does not exist at sub-box (0,0,0)
    reach: arm (0,-1) 15.6-18.1 deg [selfoff foot 1]  grid 16.00-17.67, enclosure 16.00-17.67 deg
    reach: arm (1,1) 19.6-22.1 deg [selfoff foot 0]  grid 20.00-21.67, enclosure 20.00-21.67 deg
    reach: arm (1,-1) 17.9-20.1 deg [cross r1 foot 0 at r0]  grid 18.33-19.67, enclosure 18.33-19.67 deg
    reach: arm (2,1) 23.6-31.1 deg [cross a1 foot 1 at r1]  grid 24.00-30.67, enclosure 24.00-30.67 deg
    reach: arm (2,-1) 52.9-58.4 deg [cross r1 foot 0 at r0]  grid 53.33-58.00, enclosure 53.33-58.00 deg
cell 85 (depth 7, victim half-widths 0.125/0.250/0.250u): split on the victim's y axis (refused: reach envelope: arm (0,1): the stopping event does not exist at sub-box (0,0,0))
cell 86 (depth 7, victim half-widths 0.125/0.250/0.250u): centre [0.8192,-30.3367,-3.2227,19.6166,-35.079,4.0952]
    reach: arm (0,1) grid 13.00-24.00, enclosure - deg  REFUSED: arm (0,1): the stopping event does not exist at sub-box (0,0,0)
    reach: arm (0,-1) 16.3-18.7 deg [selfoff foot 1]  grid 16.67-18.33, enclosure 16.67-18.33 deg
    reach: arm (1,1) 19.3-21.4 deg [selfoff foot 0]  grid 19.67-21.00, enclosure 19.67-21.00 deg
    reach: arm (1,-1) 18.3-20.7 deg [cross r1 foot 0 at r0]  grid 18.67-20.33, enclosure 18.67-20.33 deg
    reach: arm (2,1) 18.6-26.1 deg [cross a1 foot 1 at r1]  grid 19.00-25.67, enclosure 19.00-25.67 deg
    reach: arm (2,-1) 55.9-61.7 deg [cross r1 foot 0 at r0]  grid 56.33-61.33, enclosure 56.33-61.33 deg
cell 86 (depth 7, victim half-widths 0.125/0.250/0.250u): split on the victim's y axis (refused: reach envelope: arm (0,1): the stopping event does not exist at sub-box (0,0,0))
cell 87 (depth 7, victim half-widths 0.125/0.250/0.250u): centre [0.8192,-30.3367,-3.2227,19.8666,-35.079,4.0952]
    reach: arm (0,1) grid 11.33-24.33, enclosure - deg  REFUSED: arm (0,1): the stopping event does not exist at sub-box (0,0,0)
    reach: arm (0,-1) 15.9-18.4 deg [selfoff foot 1]  grid 16.33-18.00, enclosure 16.33-18.00 deg
    reach: arm (1,1) 18.9-21.4 deg [selfoff foot 0]  grid 19.33-21.00, enclosure 19.33-21.00 deg
    reach: arm (1,-1) 18.3-20.7 deg [cross r1 foot 0 at r0]  grid 18.67-20.33, enclosure 18.67-20.33 deg
    reach: arm (2,1) 19.9-27.7 deg [cross a1 foot 1 at r1]  grid 20.33-27.33, enclosure 20.33-27.33 deg
    reach: arm (2,-1) 55.6-61.1 deg [cross r1 foot 0 at r0]  grid 56.00-60.67, enclosure 56.00-60.67 deg
cell 87 (depth 7, victim half-widths 0.125/0.250/0.250u): split on the victim's y axis (refused: reach envelope: arm (0,1): the stopping event does not exist at sub-box (0,0,0))
cell 88 (depth 7, victim half-widths 0.125/0.250/0.250u): centre [0.8192,-30.3367,-3.2227,19.6166,-35.079,4.1168]
    reach: arm (0,1) grid 10.67-23.33, enclosure - deg  REFUSED: arm (0,1): the stopping event does not exist at sub-box (0,0,0)
    reach: arm (0,-1) 16.6-19.1 deg [selfoff foot 1]  grid 17.00-18.67, enclosure 17.00-18.67 deg
    reach: arm (1,1) 18.6-21.1 deg [selfoff foot 0]  grid 19.00-20.67, enclosure 19.00-20.67 deg
    reach: arm (1,-1) 18.9-21.1 deg [cross r1 foot 0 at r0]  grid 19.33-20.67, enclosure 19.33-20.67 deg
    reach: arm (2,1) 14.9-22.7 deg [cross a1 foot 1 at r1]  grid 15.33-22.33, enclosure 15.33-22.33 deg
    reach: arm (2,-1) 58.9-64.4 deg [cross r1 foot 0 at r0]  grid 59.33-64.00, enclosure 59.33-64.00 deg
cell 88 (depth 7, victim half-widths 0.125/0.250/0.250u): split on the victim's y axis (refused: reach envelope: arm (0,1): the stopping event does not exist at sub-box (0,0,0))
cell 89 (depth 7, victim half-widths 0.125/0.250/0.250u): centre [0.8192,-30.3367,-3.2227,19.8666,-35.079,4.1168]
    reach: arm (0,1) grid 9.33-23.67, enclosure - deg  REFUSED: arm (0,1): the stopping event does not exist at sub-box (0,0,0)
    reach: arm (0,-1) 16.3-18.7 deg [selfoff foot 1]  grid 16.67-18.33, enclosure 16.67-18.33 deg
    reach: arm (1,1) 18.6-21.1 deg [selfoff foot 0]  grid 19.00-20.67, enclosure 19.00-20.67 deg
    reach: arm (1,-1) 18.9-21.1 deg [cross r1 foot 0 at r0]  grid 19.33-20.67, enclosure 19.33-20.67 deg
    reach: arm (2,1) 16.6-24.1 deg [cross a1 foot 1 at r1]  grid 17.00-23.67, enclosure 17.00-23.67 deg
    reach: arm (2,-1) 58.3-63.7 deg [cross r1 foot 0 at r0]  grid 58.67-63.33, enclosure 58.67-63.33 deg
cell 89 (depth 7, victim half-widths 0.125/0.250/0.250u): split on the victim's y axis (refused: reach envelope: arm (0,1): the stopping event does not exist at sub-box (0,0,0))
cell 90 (depth 7, victim half-widths 0.125/0.250/0.250u): centre [0.8192,-30.3367,-3.2227,19.6166,-35.079,4.1385]
    reach: arm (0,1) grid 9.00-23.00, enclosure - deg  REFUSED: arm (0,1): the stopping event does not exist at sub-box (0,0,0)
    reach: arm (0,-1) 16.9-19.4 deg [selfoff foot 1]  grid 17.33-19.00, enclosure 17.33-19.00 deg
    reach: arm (1,1) 18.3-20.7 deg [selfoff foot 0]  grid 18.67-20.33, enclosure 18.67-20.33 deg
    reach: arm (1,-1) 19.3-21.7 deg [cross r1 foot 0 at r0]  grid 19.67-21.33, enclosure 19.67-21.33 deg
    reach: arm (2,1) 11.9-19.4 deg [cross a1 foot 1 at r1]  grid 12.33-19.00, enclosure 12.33-19.00 deg
    reach: arm (2,-1) 61.6-67.4 deg [cross r1 foot 0 at r0]  grid 62.00-67.00, enclosure 62.00-67.00 deg
cell 90 (depth 7, victim half-widths 0.125/0.250/0.250u): split on the victim's y axis (refused: reach envelope: arm (0,1): the stopping event does not exist at sub-box (0,0,0))
cell 91 (depth 7, victim half-widths 0.125/0.250/0.250u): centre [0.8192,-30.3367,-3.2227,19.8666,-35.079,4.1385]
    reach: arm (0,1) grid 7.67-23.00, enclosure - deg  REFUSED: arm (0,1): the stopping event does not exist at sub-box (0,0,0)
    reach: arm (0,-1) 16.6-19.1 deg [selfoff foot 1]  grid 17.00-18.67, enclosure 17.00-18.67 deg
    reach: arm (1,1) 18.3-20.7 deg [selfoff foot 0]  grid 18.67-20.33, enclosure 18.67-20.33 deg
    reach: arm (1,-1) 19.3-21.7 deg [cross r1 foot 0 at r0]  grid 19.67-21.33, enclosure 19.67-21.33 deg
    reach: arm (2,1) 13.6-21.1 deg [cross a1 foot 1 at r1]  grid 14.00-20.67, enclosure 14.00-20.67 deg
    reach: arm (2,-1) 61.3-66.7 deg [cross r1 foot 0 at r0]  grid 61.67-66.33, enclosure 61.67-66.33 deg
cell 91 (depth 7, victim half-widths 0.125/0.250/0.250u): split on the victim's y axis (refused: reach envelope: arm (0,1): the stopping event does not exist at sub-box (0,0,0))
cell 92 (depth 7, victim half-widths 0.250/0.125/0.250u): centre [0.8192,-30.3367,-3.2227,19.7416,-34.454,4.0735]
    reach: arm (0,1) grid 10.33-23.67, enclosure - deg  REFUSED: arm (0,1): the stopping event does not exist at sub-box (0,0,0)
    reach: arm (0,-1) 16.6-18.7 deg [selfoff foot 1]  grid 17.00-18.33, enclosure 17.00-18.33 deg
    reach: arm (1,1) 20.6-22.7 deg [selfoff foot 0]  grid 21.00-22.33, enclosure 21.00-22.33 deg
    reach: arm (1,-1) grid 18.00-29.00, enclosure - deg  REFUSED: arm (1,-1): stopping event changes between cells (0,0,0)-(0,0,1): cross|r0|2:a1 vs cross|r1|0:r0
    reach: arm (2,1) grid 21.00-28.67, enclosure - deg  REFUSED: arm (2,1): stopping event changes between cells (0,0,0)-(0,0,1): cross|a1,r1|1:r1 vs cross|a1|1:r1
    reach: arm (2,-1) grid 52.67-79.33, enclosure - deg  REFUSED: arm (2,-1): stopping event changes between cells (0,0,0)-(0,0,1): cross|r0,r1|0:a0 vs cross|r1|0:r0
cell 92 (depth 7, victim half-widths 0.250/0.125/0.250u): split on the victim's rot axis (refused: reach envelope: arm (0,1): the stopping event does not exist at sub-box (0,0,0); arm (1,-1): stopping event ch)
cell 93 (depth 7, victim half-widths 0.250/0.125/0.250u): centre [0.8192,-30.3367,-3.2227,19.7416,-34.454,4.0952]
    reach: arm (0,1) grid 8.67-15.67, enclosure - deg  REFUSED: arm (0,1): the stopping event (foot 1, level 40.81u of circle 3) is tangent somewhere in the box (sub-box 0,0,0)
    reach: arm (0,-1) 16.9-19.1 deg [selfoff foot 1]  grid 17.33-18.67, enclosure 17.33-18.67 deg
    reach: arm (1,1) 20.3-22.4 deg [selfoff foot 0]  grid 20.67-22.00, enclosure 20.67-22.00 deg
    reach: arm (1,-1) 17.6-19.7 deg [cross r1 foot 0 at r0]  grid 18.00-19.33, enclosure 18.00-19.33 deg
    reach: arm (2,1) 16.9-25.7 deg [cross a1 foot 1 at r1]  grid 17.33-25.33, enclosure 17.33-25.33 deg
    reach: arm (2,-1) 53.6-59.7 deg [cross r1 foot 1 at r1]  grid 54.00-59.33, enclosure 54.00-59.33 deg
cell 93 (depth 7, victim half-widths 0.250/0.125/0.250u): split on the victim's x axis (refused: reach envelope: arm (0,1): the stopping event (foot 1, level 40.81u of circle 3) is tangent somewhere in the b)
cell 94 (depth 7, victim half-widths 0.125/0.250/0.250u): centre [0.8192,-30.3367,-3.2227,20.3666,-36.079,4.0735]
    reach: arm (0,1) 24.6-26.7 deg [cross r1 foot 1 at r0]  grid 25.00-26.33, enclosure 25.00-26.33 deg
    reach: arm (0,-1) 13.6-16.1 deg [selfoff foot 1]  grid 14.00-15.67, enclosure 14.00-15.67 deg
    reach: arm (1,1) 17.6-20.1 deg [selfoff foot 0]  grid 18.00-19.67, enclosure 18.00-19.67 deg
    reach: arm (1,-1) 19.3-21.7 deg [cross r1 foot 0 at r0]  grid 19.67-21.33, enclosure 19.67-21.33 deg
    reach: arm (2,1) 28.9-35.4 deg [cross a1 foot 1 at r1]  grid 29.33-35.00, enclosure 29.33-35.00 deg
    reach: arm (2,-1) 54.6-59.7 deg [cross r1 foot 0 at r0]  grid 55.00-59.33, enclosure 55.00-59.33 deg
    3/27: [0.819,-30.337,-3.223,20.242,-36.329,4.084] dead W=0.59 accept=1.48  (13s)
    6/27: [0.819,-30.337,-3.223,20.242,-36.079,4.084] dead W=0.41 accept=1.51  (17s)
    9/27: [0.819,-30.337,-3.223,20.367,-36.329,4.074] dead W=0.79 accept=1.53  (20s)
    12/27: [0.819,-30.337,-3.223,20.367,-36.329,4.084] dead W=0.68 accept=1.34  (21s)
    15/27: [0.819,-30.337,-3.223,20.367,-36.079,4.084] dead W=0.50 accept=1.23  (24s)
    18/27: [0.819,-30.337,-3.223,20.367,-35.829,4.084] dead W=0.31 accept=1.20  (28s)
    21/27: [0.819,-30.337,-3.223,20.492,-36.329,4.084] dead W=0.76 accept=1.21  (32s)
    24/27: [0.819,-30.337,-3.223,20.492,-36.079,4.084] dead W=0.58 accept=1.13  (32s)
    27/27: [0.819,-30.337,-3.223,20.492,-35.829,4.063] dead W=0.25 accept=0.19  (35s)
    round 1: 10 pairs refused, 10 midpoints to certify (step 0.125u)
    1/10: [0.819,-30.337,-3.223,20.242,-36.204,4.074] dead W=0.61 accept=1.64  (39s)
    2/10: [0.819,-30.337,-3.223,20.242,-35.954,4.063] dead W=0.32 accept=1.79  (39s)
    3/10: [0.819,-30.337,-3.223,20.367,-35.954,4.063] dead W=0.35 accept=0.23  (39s)
    4/10: [0.819,-30.337,-3.223,20.367,-36.204,4.084] dead W=0.59 accept=1.26  (39s)
    5/10: [0.819,-30.337,-3.223,20.367,-35.954,4.074] dead W=0.48 accept=1.46  (43s)
    6/10: [0.819,-30.337,-3.223,20.367,-35.829,4.068] dead W=0.29 accept=1.48  (43s)
    7/10: [0.819,-30.337,-3.223,20.492,-36.204,4.084] dead W=0.67 accept=1.18  (43s)
    8/10: [0.819,-30.337,-3.223,20.492,-36.079,4.068] dead W=0.56 accept=1.50  (43s)
    9/10: [0.819,-30.337,-3.223,20.492,-35.954,4.074] dead W=0.51 accept=1.27  (46s)
    10/10: [0.819,-30.337,-3.223,20.492,-35.829,4.068] dead W=0.32 accept=1.37  (46s)
    round 2: 5 pairs refused, 5 midpoints to certify (step 0.063u)
    1/5: [0.819,-30.337,-3.223,20.242,-36.142,4.074] dead W=0.56 accept=1.72  (50s)
    2/5: [0.819,-30.337,-3.223,20.367,-36.017,4.074] dead W=0.54 accept=1.47  (50s)
    3/5: [0.819,-30.337,-3.223,20.367,-35.829,4.065] dead W=0.26 accept=1.57  (50s)
    4/5: [0.819,-30.337,-3.223,20.492,-35.892,4.074] dead W=0.45 accept=2.76  (50s)
    5/5: [0.819,-30.337,-3.223,20.492,-35.829,4.071] dead W=0.35 accept=1.31  (53s)
cell 94 (depth 7, victim half-widths 0.125/0.250/0.250u): dead (42 poses, 7812 gaps, 3 slivers, 0 probed gaps, min accepted 0.04u)
cell 95 (depth 7, victim half-widths 0.125/0.250/0.250u): centre [0.8192,-30.3367,-3.2227,20.3666,-36.079,4.0952]
    reach: arm (0,1) grid 15.67-25.67, enclosure - deg  REFUSED: arm (0,1): the stopping event does not exist at sub-box (0,0,0)
    reach: arm (0,-1) 13.9-16.4 deg [selfoff foot 1]  grid 14.33-16.00, enclosure 14.33-16.00 deg
    reach: arm (1,1) 17.3-19.7 deg [selfoff foot 0]  grid 17.67-19.33, enclosure 17.67-19.33 deg
    reach: arm (1,-1) 19.9-22.1 deg [cross r1 foot 0 at r0]  grid 20.33-21.67, enclosure 20.33-21.67 deg
    reach: arm (2,1) 25.6-32.4 deg [cross a1 foot 1 at r1]  grid 26.00-32.00, enclosure 26.00-32.00 deg
    reach: arm (2,-1) 57.3-62.4 deg [cross r1 foot 0 at r0]  grid 57.67-62.00, enclosure 57.67-62.00 deg
cell 95 (depth 7, victim half-widths 0.125/0.250/0.250u): split on the victim's y axis (refused: reach envelope: arm (0,1): the stopping event does not exist at sub-box (0,0,0))
cell 96 (depth 7, victim half-widths 0.125/0.250/0.250u): centre [0.8192,-30.3367,-3.2227,20.3666,-35.579,4.0735]
    reach: arm (0,1) grid 13.33-25.67, enclosure - deg  REFUSED: arm (0,1): the stopping event does not exist at sub-box (0,0,0)
    reach: arm (0,-1) 14.3-16.7 deg [selfoff foot 1]  grid 14.67-16.33, enclosure 14.67-16.33 deg
    reach: arm (1,1) 18.6-21.1 deg [selfoff foot 0]  grid 19.00-20.67, enclosure 19.00-20.67 deg
    reach: arm (1,-1) 18.6-20.7 deg [cross r1 foot 0 at r0]  grid 19.00-20.33, enclosure 19.00-20.33 deg
    reach: arm (2,1) 27.6-34.7 deg [cross a1 foot 1 at r1]  grid 28.00-34.33, enclosure 28.00-34.33 deg
    reach: arm (2,-1) 53.3-58.4 deg [cross r1 foot 0 at r0]  grid 53.67-58.00, enclosure 53.67-58.00 deg
cell 96 (depth 7, victim half-widths 0.125/0.250/0.250u): split on the victim's y axis (refused: reach envelope: arm (0,1): the stopping event does not exist at sub-box (0,0,0))
cell 97 (depth 7, victim half-widths 0.125/0.250/0.250u): centre [0.8192,-30.3367,-3.2227,20.3666,-35.579,4.0952]
    reach: arm (0,1) grid 11.33-25.33, enclosure - deg  REFUSED: arm (0,1): the stopping event does not exist at sub-box (0,0,0)
    reach: arm (0,-1) 14.6-17.1 deg [selfoff foot 1]  grid 15.00-16.67, enclosure 15.00-16.67 deg
    reach: arm (1,1) 17.9-20.4 deg [selfoff foot 0]  grid 18.33-20.00, enclosure 18.33-20.00 deg
    reach: arm (1,-1) 19.3-21.4 deg [cross r1 foot 0 at r0]  grid 19.67-21.00, enclosure 19.67-21.00 deg
    reach: arm (2,1) 24.3-31.4 deg [cross a1 foot 1 at r1]  grid 24.67-31.00, enclosure 24.67-31.00 deg
    reach: arm (2,-1) 55.9-61.4 deg [cross r1 foot 0 at r0]  grid 56.33-61.00, enclosure 56.33-61.00 deg
cell 97 (depth 7, victim half-widths 0.125/0.250/0.250u): split on the victim's y axis (refused: reach envelope: arm (0,1): the stopping event does not exist at sub-box (0,0,0))
cell 98 (depth 7, victim half-widths 0.125/0.250/0.250u): centre [0.8192,-30.3367,-3.2227,20.3666,-36.079,4.1168]
    reach: arm (0,1) grid 13.00-25.33, enclosure - deg  REFUSED: arm (0,1): the stopping event does not exist at sub-box (0,0,0)
    reach: arm (0,-1) 14.6-16.7 deg [selfoff foot 1]  grid 15.00-16.33, enclosure 15.00-16.33 deg
    reach: arm (1,1) 16.9-19.1 deg [selfoff foot 0]  grid 17.33-18.67, enclosure 17.33-18.67 deg
    reach: arm (1,-1) 20.3-22.7 deg [cross r1 foot 0 at r0]  grid 20.67-22.33, enclosure 20.67-22.33 deg
    reach: arm (2,1) 22.3-29.1 deg [cross a1 foot 1 at r1]  grid 22.67-28.67, enclosure 22.67-28.67 deg
    reach: arm (2,-1) 59.9-65.1 deg [cross r1 foot 0 at r0]  grid 60.33-64.67, enclosure 60.33-64.67 deg
cell 98 (depth 7, victim half-widths 0.125/0.250/0.250u): split on the victim's y axis (refused: reach envelope: arm (0,1): the stopping event does not exist at sub-box (0,0,0))
cell 99 (depth 7, victim half-widths 0.125/0.250/0.250u): centre [0.8192,-30.3367,-3.2227,20.3666,-36.079,4.1385]
    reach: arm (0,1) grid 10.67-24.67, enclosure - deg  REFUSED: arm (0,1): the stopping event does not exist at sub-box (0,0,0)
    reach: arm (0,-1) 14.9-17.1 deg [selfoff foot 1]  grid 15.33-16.67, enclosure 15.33-16.67 deg
    reach: arm (1,1) 16.3-18.7 deg [selfoff foot 0]  grid 16.67-18.33, enclosure 16.67-18.33 deg
    reach: arm (1,-1) 20.9-23.1 deg [cross r1 foot 0 at r0]  grid 21.33-22.67, enclosure 21.33-22.67 deg
    reach: arm (2,1) 19.3-26.1 deg [cross a1 foot 1 at r1]  grid 19.67-25.67, enclosure 19.67-25.67 deg
    reach: arm (2,-1) 62.6-68.1 deg [cross r1 foot 0 at r0]  grid 63.00-67.67, enclosure 63.00-67.67 deg
cell 99 (depth 7, victim half-widths 0.125/0.250/0.250u): split on the victim's y axis (refused: reach envelope: arm (0,1): the stopping event does not exist at sub-box (0,0,0))
cell 100 (depth 7, victim half-widths 0.125/0.250/0.250u): centre [0.8192,-30.3367,-3.2227,20.3666,-35.579,4.1168]
    reach: arm (0,1) grid 9.67-24.67, enclosure - deg  REFUSED: arm (0,1): the stopping event does not exist at sub-box (0,0,0)
    reach: arm (0,-1) 14.9-17.4 deg [selfoff foot 1]  grid 15.33-17.00, enclosure 15.33-17.00 deg
    reach: arm (1,1) 17.6-20.1 deg [selfoff foot 0]  grid 18.00-19.67, enclosure 18.00-19.67 deg
    reach: arm (1,-1) 19.6-22.1 deg [cross r1 foot 0 at r0]  grid 20.00-21.67, enclosure 20.00-21.67 deg
    reach: arm (2,1) 21.3-28.1 deg [cross a1 foot 1 at r1]  grid 21.67-27.67, enclosure 21.67-27.67 deg
    reach: arm (2,-1) 58.6-64.1 deg [cross r1 foot 0 at r0]  grid 59.00-63.67, enclosure 59.00-63.67 deg
cell 100 (depth 7, victim half-widths 0.125/0.250/0.250u): split on the victim's y axis (refused: reach envelope: arm (0,1): the stopping event does not exist at sub-box (0,0,0))
cell 101 (depth 7, victim half-widths 0.125/0.250/0.250u): centre [0.8192,-30.3367,-3.2227,20.3666,-35.579,4.1385]
    reach: arm (0,1) grid 8.00-24.00, enclosure - deg  REFUSED: arm (0,1): the stopping event (foot 1, level 40.81u of circle 3) is tangent somewhere in the box (sub-box 0,0,0)
    reach: arm (0,-1) 15.6-17.7 deg [selfoff foot 1]  grid 16.00-17.33, enclosure 16.00-17.33 deg
    reach: arm (1,1) 17.3-19.7 deg [selfoff foot 0]  grid 17.67-19.33, enclosure 17.67-19.33 deg
    reach: arm (1,-1) 20.3-22.4 deg [cross r1 foot 0 at r0]  grid 20.67-22.00, enclosure 20.67-22.00 deg
    reach: arm (2,1) 17.9-25.1 deg [cross a1 foot 1 at r1]  grid 18.33-24.67, enclosure 18.33-24.67 deg
    reach: arm (2,-1) 61.3-66.7 deg [cross r1 foot 0 at r0]  grid 61.67-66.33, enclosure 61.67-66.33 deg
cell 101 (depth 7, victim half-widths 0.125/0.250/0.250u): split on the victim's y axis (refused: reach envelope: arm (0,1): the stopping event (foot 1, level 40.81u of circle 3) is tangent somewhere in the b)
cell 102 (depth 7, victim half-widths 0.125/0.250/0.250u): centre [0.8192,-30.3367,-3.2227,20.3666,-35.079,4.0735]
    reach: arm (0,1) grid 10.67-25.00, enclosure - deg  REFUSED: arm (0,1): the stopping event (foot 1, level 40.81u of circle 3) is tangent somewhere in the box (sub-box 0,0,0)
    reach: arm (0,-1) 14.9-17.4 deg [selfoff foot 1]  grid 15.33-17.00, enclosure 15.33-17.00 deg
    reach: arm (1,1) 19.3-21.7 deg [selfoff foot 0]  grid 19.67-21.33, enclosure 19.67-21.33 deg
    reach: arm (1,-1) 17.9-20.1 deg [cross r1 foot 0 at r0]  grid 18.33-19.67, enclosure 18.33-19.67 deg
    reach: arm (2,1) 26.6-33.7 deg [cross a1 foot 1 at r1]  grid 27.00-33.33, enclosure 27.00-33.33 deg
    reach: arm (2,-1) 51.9-57.4 deg [cross r1 foot 0 at r0]  grid 52.33-57.00, enclosure 52.33-57.00 deg
cell 102 (depth 7, victim half-widths 0.125/0.250/0.250u): split on the victim's y axis (refused: reach envelope: arm (0,1): the stopping event (foot 1, level 40.81u of circle 3) is tangent somewhere in the b)
cell 103 (depth 7, victim half-widths 0.125/0.250/0.250u): centre [0.8192,-30.3367,-3.2227,20.3666,-35.079,4.0952]
    reach: arm (0,1) 8.6-16.1 deg [cross r1 foot 1 at a1]  grid 9.00-15.67, enclosure 9.00-15.67 deg
    reach: arm (0,-1) 15.3-17.7 deg [selfoff foot 1]  grid 15.67-17.33, enclosure 15.67-17.33 deg
    reach: arm (1,1) 18.9-21.4 deg [selfoff foot 0]  grid 19.33-21.00, enclosure 19.33-21.00 deg
    reach: arm (1,-1) 18.3-20.7 deg [cross r1 foot 0 at r0]  grid 18.67-20.33, enclosure 18.67-20.33 deg
    reach: arm (2,1) 23.3-30.4 deg [cross a1 foot 1 at r1]  grid 23.67-30.00, enclosure 23.67-30.00 deg
    reach: arm (2,-1) 54.6-60.1 deg [cross r1 foot 0 at r0]  grid 55.00-59.67, enclosure 55.00-59.67 deg
    3/27: [0.819,-30.337,-3.223,20.242,-35.079,4.084] dead W=1.15 accept=1.15  (13s)
    6/27: [0.819,-30.337,-3.223,20.242,-34.829,4.084] dead W=0.94 accept=0.94  (16s)
    9/27: [0.819,-30.337,-3.223,20.367,-35.329,4.095] dead W=0.92 accept=0.92  (20s)
    12/27: [0.819,-30.337,-3.223,20.367,-35.329,4.106] dead W=0.72 accept=0.74  (20s)
    15/27: [0.819,-30.337,-3.223,20.367,-34.829,4.084] dead W=0.91 accept=0.91  (23s)
    18/27: [0.819,-30.337,-3.223,20.367,-34.829,4.095] dead W=0.54 accept=0.54  (27s)
    21/27: [0.819,-30.337,-3.223,20.492,-35.329,4.106] dead W=0.55 accept=0.55  (30s)
    24/27: [0.819,-30.337,-3.223,20.492,-35.079,4.106] dead W=0.41 accept=0.43  (30s)
    27/27: [0.819,-30.337,-3.223,20.492,-34.829,4.084] dead W=0.77 accept=0.77  (34s)
    round 1: 17 pairs refused, 17 midpoints to certify (step 0.125u)
    2/17: [0.819,-30.337,-3.223,20.242,-35.204,4.095] dead W=1.02 accept=1.02  (37s)
    4/17: [0.819,-30.337,-3.223,20.242,-35.204,4.084] dead W=0.41 accept=1.16  (37s)
    6/17: [0.819,-30.337,-3.223,20.429,-35.079,4.095] dead W=0.46 accept=0.67  (41s)
    8/17: [0.819,-30.337,-3.223,20.367,-35.079,4.101] dead W=0.64 accept=0.64  (41s)
    10/17: [0.819,-30.337,-3.223,20.429,-34.829,4.084] dead W=0.87 accept=0.87  (44s)
    12/17: [0.819,-30.337,-3.223,20.367,-34.829,4.09] dead W=0.70 accept=0.70  (44s)
    14/17: [0.819,-30.337,-3.223,20.492,-34.954,4.084] dead W=0.81 accept=0.81  (48s)
    16/17: [0.819,-30.337,-3.223,20.492,-34.954,4.106] dead W=0.25 accept=0.25  (48s)
    round 2: 15 pairs refused, 15 midpoints to certify (step 0.063u)
    1/15: [0.819,-30.337,-3.223,20.242,-35.142,4.095] dead W=0.91 accept=0.91  (54s)
    2/15: [0.819,-30.337,-3.223,20.242,-35.267,4.084] dead W=1.20 accept=1.20  (54s)
    3/15: [0.819,-30.337,-3.223,20.242,-35.079,4.098] dead W=0.45 accept=0.82  (54s)
    4/15: [0.819,-30.337,-3.223,20.242,-35.017,4.106] dead W=0.67 accept=0.67  (54s)
    5/15: [0.819,-30.337,-3.223,20.367,-35.079,4.098] dead W=0.70 accept=0.70  (58s)
    6/15: [0.819,-30.337,-3.223,20.367,-35.267,4.084] dead W=1.05 accept=1.05  (58s)
    7/15: [0.819,-30.337,-3.223,20.367,-35.142,4.095] dead W=0.78 accept=0.78  (58s)
    8/15: [0.819,-30.337,-3.223,20.367,-35.017,4.106] dead W=0.51 accept=0.51  (58s)
    9/15: [0.819,-30.337,-3.223,20.492,-35.267,4.084] dead W=0.93 accept=3.04  (61s)
    10/15: [0.819,-30.337,-3.223,20.492,-35.079,4.092] dead W=0.44 accept=0.65  (61s)
    11/15: [0.819,-30.337,-3.223,20.492,-34.892,4.084] dead W=0.78 accept=0.78  (61s)
    12/15: [0.819,-30.337,-3.223,20.492,-35.017,4.095] dead W=0.41 accept=0.53  (61s)
    13/15: [0.819,-30.337,-3.223,20.492,-34.892,4.106] dead W=0.21 accept=0.21  (64s)
    14/15: [0.819,-30.337,-3.223,20.492,-34.829,4.087] dead W=0.74 accept=0.74  (64s)
    15/15: [0.819,-30.337,-3.223,20.492,-34.829,4.092] dead W=0.51 accept=0.51  (64s)
cell 103 (depth 7, victim half-widths 0.125/0.250/0.250u): dead (59 poses, 10266 gaps, 19 slivers, 0 probed gaps, min accepted 0.06u)
cell 104 (depth 7, victim half-widths 0.125/0.250/0.250u): centre [0.8192,-30.3367,-3.2227,20.3666,-35.079,4.1168]
    reach: arm (0,1) 6.9-13.7 deg [cross r1 foot 1 at a1]  grid 7.33-13.33, enclosure 7.33-13.33 deg
    reach: arm (0,-1) 15.6-18.1 deg [selfoff foot 1]  grid 16.00-17.67, enclosure 16.00-17.67 deg
    reach: arm (1,1) 18.6-20.7 deg [selfoff foot 0]  grid 19.00-20.33, enclosure 19.00-20.33 deg
    reach: arm (1,-1) 18.9-21.4 deg [cross r1 foot 0 at r0]  grid 19.33-21.00, enclosure 19.33-21.00 deg
    reach: arm (2,1) 19.6-27.1 deg [cross a1 foot 1 at r1]  grid 20.00-26.67, enclosure 20.00-26.67 deg
    reach: arm (2,-1) 57.3-62.7 deg [cross r1 foot 0 at r0]  grid 57.67-62.33, enclosure 57.67-62.33 deg
    3/27: [0.819,-30.337,-3.223,20.242,-35.079,4.106] dead W=0.60 accept=0.71  (13s)
    6/27: [0.819,-30.337,-3.223,20.242,-34.829,4.106] dead W=0.42 accept=0.54  (16s)
    9/27: [0.819,-30.337,-3.223,20.242,-34.829,4.128] dead W=0.22 accept=0.22  (19s)
    12/27: [0.819,-30.337,-3.223,20.367,-35.329,4.128] dead W=0.31 accept=0.34  (20s)
    15/27: [0.819,-30.337,-3.223,20.367,-35.079,4.106] dead W=0.54 accept=0.54  (23s)
    18/27: [0.819,-30.337,-3.223,20.492,-35.329,4.106] dead W=0.45 accept=0.58  (26s)
    21/27: [0.819,-30.337,-3.223,20.492,-35.079,4.106] dead W=0.40 accept=0.42  (30s)
    24/27: [0.819,-30.337,-3.223,20.492,-35.079,4.128] dead W=0.30 accept=0.31  (30s)
    27/27: [0.819,-30.337,-3.223,20.492,-34.829,4.117] dead W=0.49 accept=3.31  (33s)
    round 1: 18 pairs refused, 18 midpoints to certify (step 0.125u)
    2/18: [0.819,-30.337,-3.223,20.242,-35.079,4.111] dead W=0.55 accept=0.62  (37s)
    4/18: [0.819,-30.337,-3.223,20.242,-35.204,4.117] dead W=0.40 accept=0.67  (37s)
    6/18: [0.819,-30.337,-3.223,20.242,-34.829,4.122] dead W=0.22 accept=0.27  (40s)
    8/18: [0.819,-30.337,-3.223,20.367,-34.954,4.106] dead W=0.43 accept=0.43  (40s)
    10/18: [0.819,-30.337,-3.223,20.367,-34.954,4.117] dead W=0.28 accept=0.32  (43s)
    12/18: [0.819,-30.337,-3.223,20.367,-34.829,4.111] dead W=0.27 accept=0.27  (44s)
    14/18: [0.819,-30.337,-3.223,20.492,-34.954,4.106] dead W=0.24 accept=0.24  (47s)
    16/18: [0.819,-30.337,-3.223,20.367,-34.829,4.122] dead W=0.17 accept=3.36  (47s)
    18/18: [0.819,-30.337,-3.223,20.492,-34.829,4.111] dead W=0.18 accept=3.32  (51s)
    round 2: 13 pairs refused, 13 midpoints to certify (step 0.063u)
    1/13: [0.819,-30.337,-3.223,20.242,-34.829,4.114] dead W=0.35 accept=0.36  (54s)
    2/13: [0.819,-30.337,-3.223,20.242,-34.892,4.106] dead W=0.47 accept=0.57  (54s)
    3/13: [0.819,-30.337,-3.223,20.242,-35.267,4.117] dead W=0.46 accept=0.65  (54s)
    4/13: [0.819,-30.337,-3.223,20.242,-35.079,4.109] dead W=0.58 accept=0.69  (54s)
    5/13: [0.819,-30.337,-3.223,20.367,-34.892,4.106] dead W=0.36 accept=0.36  (57s)
    6/13: [0.819,-30.337,-3.223,20.367,-34.829,4.109] dead W=0.25 accept=0.25  (57s)
    7/13: [0.819,-30.337,-3.223,20.367,-35.079,4.114] dead W=0.48 accept=0.48  (57s)
    8/13: [0.819,-30.337,-3.223,20.492,-35.267,4.128] dead W=0.22 accept=0.26  (58s)
    9/13: [0.819,-30.337,-3.223,20.492,-34.892,4.106] dead W=0.21 accept=0.21  (61s)
    10/13: [0.819,-30.337,-3.223,20.492,-35.017,4.117] dead W=0.23 accept=0.27  (61s)
    11/13: [0.819,-30.337,-3.223,20.492,-34.892,4.117] dead W=0.28 accept=3.30  (61s)
    12/13: [0.819,-30.337,-3.223,20.492,-34.829,4.109] dead W=0.16 accept=3.29  (61s)
    13/13: [0.819,-30.337,-3.223,20.492,-34.829,4.125] dead W=0.42 accept=3.33  (64s)
cell 104 (depth 7, victim half-widths 0.125/0.250/0.250u): dead (58 poses, 9860 gaps, 8 slivers, 0 probed gaps, min accepted 0.05u)
cell 105 (depth 7, victim half-widths 0.125/0.250/0.250u): centre [0.8192,-30.3367,-3.2227,20.3666,-35.079,4.1385]
    reach: arm (0,1) grid 6.00-11.00, enclosure 6.00-11.33 deg  REFUSED: arm (0,1): foot 1 meets two lines 0.3475 deg apart inside the box (circles 1 and 3), within one 0.333-degree substep: the sampling phase, not the geometry, decides whether the swing stops there
    reach: arm (0,-1) 15.9-18.4 deg [selfoff foot 1]  grid 16.33-18.00, enclosure 16.33-18.00 deg
    reach: arm (1,1) 17.9-20.4 deg [selfoff foot 0]  grid 18.33-20.00, enclosure 18.33-20.00 deg
    reach: arm (1,-1) 19.6-21.7 deg [cross r1 foot 0 at r0]  grid 20.00-21.33, enclosure 20.00-21.33 deg
    reach: arm (2,1) 16.6-23.7 deg [cross a1 foot 1 at r1]  grid 17.00-23.33, enclosure 17.00-23.33 deg
    reach: arm (2,-1) 59.9-65.4 deg [cross r1 foot 0 at r0]  grid 60.33-65.00, enclosure 60.33-65.00 deg
cell 105 (depth 7, victim half-widths 0.125/0.250/0.250u): split on the victim's y axis (refused: reach envelope: arm (0,1): foot 1 meets two lines 0.3475 deg apart inside the box (circles 1 and 3), within on)
cell 106 (depth 8, victim half-widths 0.125/0.125/0.250u): centre [0.8192,-30.3367,-3.2227,18.6166,-35.204,4.1385]
    reach: arm (0,1) 20.3-22.4 deg [cross r1 foot 1 at r0]  grid 20.67-22.00, enclosure 20.67-22.00 deg
    reach: arm (0,-1) 18.3-20.1 deg [selfoff foot 1]  grid 18.67-19.67, enclosure 18.67-19.67 deg
    reach: arm (1,1) 18.6-20.7 deg [selfoff foot 0]  grid 19.00-20.33, enclosure 19.00-20.33 deg
    reach: arm (1,-1) 19.6-21.7 deg [cross r1 foot 0 at r0]  grid 20.00-21.33, enclosure 20.00-21.33 deg
    reach: arm (2,1) 6.6-13.4 deg [cross a1 foot 1 at r1]  grid 7.00-13.00, enclosure 7.00-13.00 deg
    reach: arm (2,-1) 63.6-69.4 deg [cross r1 foot 1 at r1]  grid 64.00-69.00, enclosure 64.00-69.00 deg
    3/27: [0.819,-30.337,-3.223,18.492,-35.329,4.149] dead W=0.29 accept=0.27  (15s)
    6/27: [0.819,-30.337,-3.223,18.492,-35.204,4.149] dead W=0.20 accept=0.23  (19s)
    9/27: [0.819,-30.337,-3.223,18.492,-35.079,4.149] dead W=0.11 accept=0.31  (23s)
    12/27: [0.819,-30.337,-3.223,18.617,-35.329,4.149] dead W=0.37 accept=0.28  (23s)
    15/27: [0.819,-30.337,-3.223,18.617,-35.079,4.128] dead W=0.41 accept=2.62  (27s)
    18/27: [0.819,-30.337,-3.223,18.742,-35.329,4.128] dead W=0.68 accept=0.58  (31s)
    21/27: [0.819,-30.337,-3.223,18.742,-35.329,4.149] dead W=0.46 accept=0.28  (35s)
    24/27: [0.819,-30.337,-3.223,18.742,-35.204,4.149] dead W=0.37 accept=0.23  (35s)
    27/27: [0.819,-30.337,-3.223,18.742,-35.079,4.149] dead W=0.28 accept=1.77  (39s)
    round 1: 10 pairs refused, 10 midpoints to certify (step 0.063u)
    1/10: [0.819,-30.337,-3.223,18.492,-35.267,4.128] dead W=0.47 accept=3.13  (43s)
    2/10: [0.819,-30.337,-3.223,18.617,-35.267,4.138] dead W=0.44 accept=0.40  (43s)
    3/10: [0.819,-30.337,-3.223,18.492,-35.204,4.144] dead W=0.25 accept=0.18  (43s)
    4/10: [0.819,-30.337,-3.223,18.492,-35.079,4.144] dead W=0.16 accept=0.38  (43s)
    5/10: [0.819,-30.337,-3.223,18.617,-35.204,4.144] dead W=0.34 accept=0.19  (47s)
    6/10: [0.819,-30.337,-3.223,18.742,-35.267,4.138] dead W=0.36 accept=0.41  (47s)
    7/10: [0.819,-30.337,-3.223,18.617,-35.079,4.144] dead W=0.25 accept=0.25  (47s)
    8/10: [0.819,-30.337,-3.223,18.742,-35.329,4.144] dead W=0.48 accept=0.35  (47s)
    9/10: [0.819,-30.337,-3.223,18.742,-35.142,4.128] dead W=0.54 accept=2.19  (51s)
    10/10: [0.819,-30.337,-3.223,18.742,-35.204,4.144] dead W=0.36 accept=0.31  (51s)
cell 106 (depth 8, victim half-widths 0.125/0.125/0.250u): dead (37 poses, 6438 gaps, 0 slivers, 0 probed gaps, min accepted 0.04u)
cell 107 (depth 8, victim half-widths 0.125/0.125/0.250u): centre [0.8192,-30.3367,-3.2227,18.6166,-34.954,4.1385]
    reach: arm (0,1) 19.9-22.1 deg [cross r1 foot 1 at r0]  grid 20.33-21.67, enclosure 20.33-21.67 deg
    reach: arm (0,-1) 18.6-20.4 deg [selfoff foot 1]  grid 19.00-20.00, enclosure 19.00-20.00 deg
    reach: arm (1,1) 19.3-21.1 deg [selfoff foot 0]  grid 19.67-20.67, enclosure 19.67-20.67 deg
    reach: arm (1,-1) 19.3-21.4 deg [cross r1 foot 0 at r0]  grid 19.67-21.00, enclosure 19.67-21.00 deg
    reach: arm (2,1) grid 6.00-64.00, enclosure - deg  REFUSED: arm (2,1): stopping event changes between cells (0,2,4)-(0,3,4): cross|a1|1:r1 vs cross|a1,r1|0:a1
    reach: arm (2,-1) 61.6-67.7 deg [cross r1 foot 1 at r1]  grid 62.00-67.33, enclosure 62.00-67.33 deg
cell 107 (depth 8, victim half-widths 0.125/0.125/0.250u): refused -- reach envelope: arm (2,1): stopping event changes between cells (0,2,4)-(0,3,4): cross|a1|1:r1 vs cross|a1,r1|0:a1
cell 108 (depth 8, victim half-widths 0.125/0.125/0.250u): centre [0.8192,-30.3367,-3.2227,19.3666,-35.204,4.1168]
    reach: arm (0,1) 21.6-23.7 deg [cross r1 foot 1 at r0]  grid 22.00-23.33, enclosure 22.00-23.33 deg
    reach: arm (0,-1) 16.9-19.1 deg [selfoff foot 1]  grid 17.33-18.67, enclosure 17.33-18.67 deg
    reach: arm (1,1) 18.9-20.7 deg [selfoff foot 0]  grid 19.33-20.33, enclosure 19.33-20.33 deg
    reach: arm (1,-1) 19.3-21.1 deg [cross r1 foot 0 at r0]  grid 19.67-20.67, enclosure 19.67-20.67 deg
    reach: arm (2,1) 14.6-21.4 deg [cross a1 foot 1 at r1]  grid 15.00-21.00, enclosure 15.00-21.00 deg
    reach: arm (2,-1) 59.9-65.1 deg [cross r1 foot 0 at r0]  grid 60.33-64.67, enclosure 60.33-64.67 deg
    3/27: [0.819,-30.337,-3.223,19.242,-35.329,4.117] dead W=1.77 accept=1.84  (14s)
    6/27: [0.819,-30.337,-3.223,19.242,-35.204,4.128] dead W=1.53 accept=1.53  (18s)
    9/27: [0.819,-30.337,-3.223,19.242,-35.079,4.128] dead W=1.49 accept=1.49  (22s)
    12/27: [0.819,-30.337,-3.223,19.367,-35.329,4.128] dead W=0.44 accept=1.52  (22s)
    15/27: [0.819,-30.337,-3.223,19.367,-35.204,4.106] dead W=1.83 accept=1.87  (26s)
    18/27: [0.819,-30.337,-3.223,19.367,-35.079,4.128] dead W=1.39 accept=1.39  (29s)
    21/27: [0.819,-30.337,-3.223,19.492,-35.204,4.106] dead W=1.67 accept=1.67  (33s)
    24/27: [0.819,-30.337,-3.223,19.492,-35.204,4.117] dead W=1.46 accept=1.47  (34s)
    27/27: [0.819,-30.337,-3.223,19.492,-35.079,4.128] dead W=1.23 accept=1.23  (37s)
    round 1: 6 pairs refused, 6 midpoints to certify (step 0.063u)
    1/6: [0.819,-30.337,-3.223,19.242,-35.079,4.111] dead W=1.76 accept=1.76  (41s)
    2/6: [0.819,-30.337,-3.223,19.242,-35.142,4.106] dead W=1.89 accept=1.93  (41s)
    3/6: [0.819,-30.337,-3.223,19.367,-35.142,4.106] dead W=1.79 accept=1.82  (41s)
    4/6: [0.819,-30.337,-3.223,19.367,-35.079,4.111] dead W=1.61 accept=1.64  (41s)
    5/6: [0.819,-30.337,-3.223,19.492,-35.142,4.106] dead W=1.59 accept=1.62  (44s)
    6/6: [0.819,-30.337,-3.223,19.492,-35.079,4.111] dead W=1.53 accept=1.54  (44s)
    round 2: 3 pairs refused, 3 midpoints to certify (step 0.063u)
    1/3: [0.819,-30.337,-3.223,19.367,-35.079,4.109] dead W=1.70 accept=1.74  (48s)
    2/3: [0.819,-30.337,-3.223,19.242,-35.079,4.114] dead W=1.75 accept=1.75  (48s)
    3/3: [0.819,-30.337,-3.223,19.492,-35.079,4.109] dead W=1.55 accept=3.55  (48s)
cell 108 (depth 8, victim half-widths 0.125/0.125/0.250u): dead (36 poses, 6336 gaps, 6 slivers, 0 probed gaps, min accepted 0.07u)
cell 109 (depth 8, victim half-widths 0.125/0.125/0.250u): centre [0.8192,-30.3367,-3.2227,19.3666,-34.954,4.1168]
    reach: arm (0,1) grid 12.67-23.00, enclosure - deg  REFUSED: arm (0,1): the stopping event does not exist at sub-box (0,0,0)
    reach: arm (0,-1) 17.3-19.4 deg [selfoff foot 1]  grid 17.67-19.00, enclosure 17.67-19.00 deg
    reach: arm (1,1) 19.3-21.4 deg [selfoff foot 0]  grid 19.67-21.00, enclosure 19.67-21.00 deg
    reach: arm (1,-1) 18.9-20.7 deg [cross r1 foot 0 at r0]  grid 19.33-20.33, enclosure 19.33-20.33 deg
    reach: arm (2,1) 13.6-20.4 deg [cross a1 foot 1 at r1]  grid 14.00-20.00, enclosure 14.00-20.00 deg
    reach: arm (2,-1) 59.3-64.4 deg [cross r1 foot 0 at r0]  grid 59.67-64.00, enclosure 59.67-64.00 deg
cell 109 (depth 8, victim half-widths 0.125/0.125/0.250u): split on the victim's rot axis (refused: reach envelope: arm (0,1): the stopping event does not exist at sub-box (0,0,0))
cell 110 (depth 8, victim half-widths 0.125/0.125/0.250u): centre [0.8192,-30.3367,-3.2227,19.1166,-35.204,4.1385]
    reach: arm (0,1) 20.9-22.7 deg [cross r1 foot 1 at r0]  grid 21.33-22.33, enclosure 21.33-22.33 deg
    reach: arm (0,-1) 17.6-19.7 deg [selfoff foot 1]  grid 18.00-19.33, enclosure 18.00-19.33 deg
    reach: arm (1,1) 18.6-20.4 deg [selfoff foot 0]  grid 19.00-20.00, enclosure 19.00-20.00 deg
    reach: arm (1,-1) 19.6-21.7 deg [cross r1 foot 0 at r0]  grid 20.00-21.33, enclosure 20.00-21.33 deg
    reach: arm (2,1) 9.9-16.4 deg [cross a1 foot 1 at r1]  grid 10.33-16.00, enclosure 10.33-16.00 deg
    reach: arm (2,-1) 63.6-68.4 deg [cross r1 foot 0 at r0]  grid 64.00-68.00, enclosure 64.00-68.00 deg
    3/27: [0.819,-30.337,-3.223,18.992,-35.329,4.138] dead W=1.65 accept=0.33  (15s)
    6/27: [0.819,-30.337,-3.223,18.992,-35.079,4.128] dead W=1.83 accept=3.80  (18s)
    9/27: [0.819,-30.337,-3.223,19.117,-35.329,4.128] dead W=1.72 accept=1.85  (22s)
    12/27: [0.819,-30.337,-3.223,19.117,-35.329,4.149] dead W=0.43 accept=0.30  (23s)
    15/27: [0.819,-30.337,-3.223,19.117,-35.079,4.128] dead W=1.70 accept=1.72  (26s)
    18/27: [0.819,-30.337,-3.223,19.117,-35.079,4.149] dead W=1.22 accept=0.48  (30s)
    21/27: [0.819,-30.337,-3.223,19.242,-35.204,4.128] dead W=1.53 accept=1.62  (34s)
    24/27: [0.819,-30.337,-3.223,19.242,-35.204,4.138] dead W=1.33 accept=0.18  (34s)
    27/27: [0.819,-30.337,-3.223,19.242,-35.079,4.149] dead W=1.08 accept=0.49  (38s)
    round 1: 13 pairs refused, 13 midpoints to certify (step 0.125u)
    1/13: [0.819,-30.337,-3.223,18.992,-35.204,4.133] dead W=1.73 accept=1.88  (41s)
    2/13: [0.819,-30.337,-3.223,18.992,-35.142,4.128] dead W=1.84 accept=2.02  (42s)
    3/13: [0.819,-30.337,-3.223,18.992,-35.079,4.133] dead W=1.70 accept=1.70  (42s)
    4/13: [0.819,-30.337,-3.223,18.992,-35.329,4.133] dead W=1.76 accept=0.29  (42s)
    5/13: [0.819,-30.337,-3.223,19.117,-35.204,4.133] dead W=1.59 accept=1.62  (45s)
    6/13: [0.819,-30.337,-3.223,19.117,-35.142,4.149] dead W=1.24 accept=0.34  (45s)
    7/13: [0.819,-30.337,-3.223,19.117,-35.142,4.128] dead W=1.72 accept=1.74  (45s)
    8/13: [0.819,-30.337,-3.223,19.117,-35.079,4.133] dead W=1.55 accept=0.44  (46s)
    9/13: [0.819,-30.337,-3.223,19.242,-35.142,4.128] dead W=1.51 accept=1.51  (49s)
    10/13: [0.819,-30.337,-3.223,19.117,-35.079,4.144] dead W=1.35 accept=1.35  (49s)
    11/13: [0.819,-30.337,-3.223,19.179,-35.079,4.149] dead W=1.17 accept=0.49  (49s)
    12/13: [0.819,-30.337,-3.223,19.242,-35.204,4.133] dead W=1.48 accept=1.49  (49s)
    13/13: [0.819,-30.337,-3.223,19.242,-35.079,4.133] dead W=1.44 accept=1.45  (53s)
    round 2: 4 pairs refused, 4 midpoints to certify (step 0.063u)
    1/4: [0.819,-30.337,-3.223,18.992,-35.079,4.136] dead W=1.68 accept=1.68  (56s)
    2/4: [0.819,-30.337,-3.223,19.117,-35.079,4.147] dead W=1.25 accept=1.28  (56s)
    3/4: [0.819,-30.337,-3.223,19.117,-35.079,4.13] dead W=1.62 accept=0.47  (56s)
    4/4: [0.819,-30.337,-3.223,19.242,-35.079,4.13] dead W=1.46 accept=1.46  (56s)
cell 110 (depth 8, victim half-widths 0.125/0.125/0.250u): dead (44 poses, 7744 gaps, 6 slivers, 0 probed gaps, min accepted 0.07u)
cell 111 (depth 8, victim half-widths 0.125/0.125/0.250u): centre [0.8192,-30.3367,-3.2227,19.1166,-34.954,4.1385]
    reach: arm (0,1) grid 12.67-22.00, enclosure - deg  REFUSED: arm (0,1): the stopping event does not exist at sub-box (0,0,0)
    reach: arm (0,-1) 17.9-20.1 deg [selfoff foot 1]  grid 18.33-19.67, enclosure 18.33-19.67 deg
    reach: arm (1,1) 18.9-21.1 deg [selfoff foot 0]  grid 19.33-20.67, enclosure 19.33-20.67 deg
    reach: arm (1,-1) 19.3-21.4 deg [cross r1 foot 0 at r0]  grid 19.67-21.00, enclosure 19.67-21.00 deg
    reach: arm (2,1) 8.6-15.7 deg [cross a1 foot 1 at r1]  grid 9.00-15.33, enclosure 9.00-15.33 deg
    reach: arm (2,-1) 61.9-67.7 deg [cross r1 foot 1 at r1]  grid 62.33-67.33, enclosure 62.33-67.33 deg
cell 111 (depth 8, victim half-widths 0.125/0.125/0.250u): split on the victim's rot axis (refused: reach envelope: arm (0,1): the stopping event does not exist at sub-box (0,0,0))
cell 112 (depth 8, victim half-widths 0.125/0.125/0.250u): centre [0.8192,-30.3367,-3.2227,19.3666,-35.204,4.1385]
    reach: arm (0,1) grid 12.67-22.67, enclosure - deg  REFUSED: arm (0,1): the stopping event does not exist at sub-box (0,0,0)
    reach: arm (0,-1) 17.3-19.4 deg [selfoff foot 1]  grid 17.67-19.00, enclosure 17.67-19.00 deg
    reach: arm (1,1) 18.3-20.4 deg [selfoff foot 0]  grid 18.67-20.00, enclosure 18.67-20.00 deg
    reach: arm (1,-1) 19.6-21.7 deg [cross r1 foot 0 at r0]  grid 20.00-21.33, enclosure 20.00-21.33 deg
    reach: arm (2,1) 11.3-18.1 deg [cross a1 foot 1 at r1]  grid 11.67-17.67, enclosure 11.67-17.67 deg
    reach: arm (2,-1) 62.9-67.7 deg [cross r1 foot 0 at r0]  grid 63.33-67.33, enclosure 63.33-67.33 deg
cell 112 (depth 8, victim half-widths 0.125/0.125/0.250u): split on the victim's rot axis (refused: reach envelope: arm (0,1): the stopping event does not exist at sub-box (0,0,0))
cell 113 (depth 8, victim half-widths 0.125/0.125/0.250u): centre [0.8192,-30.3367,-3.2227,19.3666,-34.954,4.1385]
    reach: arm (0,1) grid 10.33-22.33, enclosure - deg  REFUSED: arm (0,1): the stopping event does not exist at sub-box (0,0,0)
    reach: arm (0,-1) 17.6-19.7 deg [selfoff foot 1]  grid 18.00-19.33, enclosure 18.00-19.33 deg
    reach: arm (1,1) 18.9-20.7 deg [selfoff foot 0]  grid 19.33-20.33, enclosure 19.33-20.33 deg
    reach: arm (1,-1) 19.3-21.4 deg [cross r1 foot 0 at r0]  grid 19.67-21.00, enclosure 19.67-21.00 deg
    reach: arm (2,1) 10.3-17.1 deg [cross a1 foot 1 at r1]  grid 10.67-16.67, enclosure 10.67-16.67 deg
    reach: arm (2,-1) 61.9-67.4 deg [cross r1 foot 1 at r1]  grid 62.33-67.00, enclosure 62.33-67.00 deg
cell 113 (depth 8, victim half-widths 0.125/0.125/0.250u): split on the victim's rot axis (refused: reach envelope: arm (0,1): the stopping event does not exist at sub-box (0,0,0))
cell 114 (depth 8, victim half-widths 0.250/0.125/0.125u): centre [0.8192,-30.3367,-3.2227,18.7416,-34.454,4.0681]
    reach: arm (0,1) 21.6-23.4 deg [cross r1 foot 1 at r0]  grid 22.00-23.00, enclosure 22.00-23.00 deg
    reach: arm (0,-1) 17.9-19.7 deg [selfoff foot 1]  grid 18.33-19.33, enclosure 18.33-19.33 deg
    reach: arm (1,1) 21.3-23.1 deg [selfoff r1 foot 0]  grid 21.67-22.67, enclosure 21.67-22.67 deg
    reach: arm (1,-1) grid 18.00-30.33, enclosure - deg  REFUSED: arm (1,-1): stopping event changes between cells (0,0,3)-(0,0,4): cross|r0|2:a1 vs cross|r1|0:r0
    reach: arm (2,1) grid 15.67-22.00, enclosure - deg  REFUSED: arm (2,1): stopping event changes between cells (0,0,3)-(0,0,4): cross|a1,r1|1:r1 vs cross|a1|1:r1
    reach: arm (2,-1) grid 54.00-76.67, enclosure - deg  REFUSED: arm (2,-1): stopping event changes between cells (0,0,3)-(0,0,4): cross|r0,r1|0:a0 vs cross|r1|1:r1
cell 114 (depth 8, victim half-widths 0.250/0.125/0.125u): refused -- reach envelope: arm (1,-1): stopping event changes between cells (0,0,3)-(0,0,4): cross|r0|2:a1 vs cross|r1|0:r0; arm (2,1): stopping event changes between cell
cell 115 (depth 8, victim half-widths 0.250/0.125/0.125u): centre [0.8192,-30.3367,-3.2227,19.2416,-34.454,4.0681]
    reach: arm (0,1) grid 14.00-23.67, enclosure - deg  REFUSED: arm (0,1): the stopping event does not exist at sub-box (0,0,0)
    reach: arm (0,-1) 17.3-19.4 deg [selfoff foot 1]  grid 17.67-19.00, enclosure 17.67-19.00 deg
    reach: arm (1,1) 21.3-23.1 deg [selfoff r1 foot 0]  grid 21.67-22.67, enclosure 21.67-22.67 deg
    reach: arm (1,-1) grid 18.00-29.67, enclosure - deg  REFUSED: arm (1,-1): stopping event changes between cells (0,0,2)-(1,0,2): cross|r0|2:a1 vs cross|r1|0:r0
    reach: arm (2,1) grid 19.33-25.33, enclosure - deg  REFUSED: arm (2,1): stopping event changes between cells (0,0,2)-(1,0,2): cross|a1,r1|1:r1 vs cross|a1|1:r1
    reach: arm (2,-1) grid 54.00-78.00, enclosure - deg  REFUSED: arm (2,-1): stopping event changes between cells (0,0,2)-(1,0,2): cross|r0,r1|0:a0 vs cross|r1|1:r1
cell 115 (depth 8, victim half-widths 0.250/0.125/0.125u): split on the victim's x axis (refused: reach envelope: arm (0,1): the stopping event does not exist at sub-box (0,0,0); arm (1,-1): stopping event ch)
cell 116 (depth 8, victim half-widths 0.125/0.125/0.250u): centre [0.8192,-30.3367,-3.2227,18.6166,-34.454,4.1168]
    reach: arm (0,1) 20.3-22.1 deg [cross r1 foot 1 at r0]  grid 20.67-21.67, enclosure 20.67-21.67 deg
    reach: arm (0,-1) 18.9-20.7 deg [selfoff foot 1]  grid 19.33-20.33, enclosure 19.33-20.33 deg
    reach: arm (1,1) 20.3-22.4 deg [selfoff foot 0]  grid 20.67-22.00, enclosure 20.67-22.00 deg
    reach: arm (1,-1) 17.9-20.1 deg [cross r1 foot 0 at r0]  grid 18.33-19.67, enclosure 18.33-19.67 deg
    reach: arm (2,1) 6.3-13.7 deg [cross a1 foot 1 at r1]  grid 6.67-13.33, enclosure 6.67-13.33 deg
    reach: arm (2,-1) 54.6-61.1 deg [cross r1 foot 1 at r1]  grid 55.00-60.67, enclosure 55.00-60.67 deg
    3/27: [0.819,-30.337,-3.223,18.492,-34.579,4.117] dead W=0.36 accept=4.07  (12s)
    6/27: [0.819,-30.337,-3.223,18.492,-34.454,4.117] dead W=1.86 accept=4.09  (16s)
    9/27: [0.819,-30.337,-3.223,18.617,-34.579,4.106] dead W=0.40 accept=4.04  (19s)
    12/27: [0.819,-30.337,-3.223,18.492,-34.329,4.128] dead W=1.87 accept=4.19  (19s)
    15/27: [0.819,-30.337,-3.223,18.617,-34.454,4.128] dead W=0.38 accept=4.09  (23s)
    18/27: [0.819,-30.337,-3.223,18.742,-34.579,4.106] dead W=0.48 accept=3.99  (26s)
    21/27: [0.819,-30.337,-3.223,18.742,-34.579,4.128] dead W=0.53 accept=4.01  (29s)
    24/27: [0.819,-30.337,-3.223,18.742,-34.454,4.128] dead W=0.41 accept=4.06  (30s)
    27/27: [0.819,-30.337,-3.223,18.742,-34.329,4.128] dead W=1.31 accept=4.10  (33s)
    round 1: 1 pairs refused, 1 midpoints to certify (step 0.063u)
    1/1: [0.819,-30.337,-3.223,18.742,-34.517,4.128] dead W=0.47 accept=4.07  (36s)
cell 116 (depth 8, victim half-widths 0.125/0.125/0.250u): dead (28 poses, 4704 gaps, 0 slivers, 0 probed gaps, min accepted 0.08u)
cell 117 (depth 8, victim half-widths 0.125/0.125/0.250u): centre [0.8192,-30.3367,-3.2227,18.8666,-34.454,4.1168]
    reach: arm (0,1) grid 13.00-22.00, enclosure - deg  REFUSED: arm (0,1): the stopping event does not exist at sub-box (0,0,0)
    reach: arm (0,-1) 18.6-20.4 deg [selfoff foot 1]  grid 19.00-20.00, enclosure 19.00-20.00 deg
    reach: arm (1,1) 20.3-22.4 deg [selfoff foot 0]  grid 20.67-22.00, enclosure 20.67-22.00 deg
    reach: arm (1,-1) 17.9-20.1 deg [cross r1 foot 0 at r0]  grid 18.33-19.67, enclosure 18.33-19.67 deg
    reach: arm (2,1) 7.9-15.4 deg [cross a1 foot 1 at r1]  grid 8.33-15.00, enclosure 8.33-15.00 deg
    reach: arm (2,-1) 54.9-61.4 deg [cross r1 foot 1 at r1]  grid 55.33-61.00, enclosure 55.33-61.00 deg
cell 117 (depth 8, victim half-widths 0.125/0.125/0.250u): split on the victim's rot axis (refused: reach envelope: arm (0,1): the stopping event does not exist at sub-box (0,0,0))
cell 118 (depth 8, victim half-widths 0.125/0.125/0.250u): centre [0.8192,-30.3367,-3.2227,19.1166,-34.454,4.1168]
    reach: arm (0,1) grid 10.67-22.33, enclosure - deg  REFUSED: arm (0,1): the stopping event does not exist at sub-box (0,0,0)
    reach: arm (0,-1) 18.3-20.1 deg [selfoff foot 1]  grid 18.67-19.67, enclosure 18.67-19.67 deg
    reach: arm (1,1) 20.3-22.1 deg [selfoff foot 0]  grid 20.67-21.67, enclosure 20.67-21.67 deg
    reach: arm (1,-1) 18.3-20.1 deg [cross r1 foot 0 at r0]  grid 18.67-19.67, enclosure 18.67-19.67 deg
    reach: arm (2,1) 9.9-17.1 deg [cross a1 foot 1 at r1]  grid 10.33-16.67, enclosure 10.33-16.67 deg
    reach: arm (2,-1) 55.3-61.4 deg [cross r1 foot 1 at r1]  grid 55.67-61.00, enclosure 55.67-61.00 deg
cell 118 (depth 8, victim half-widths 0.125/0.125/0.250u): split on the victim's rot axis (refused: reach envelope: arm (0,1): the stopping event does not exist at sub-box (0,0,0))
cell 119 (depth 8, victim half-widths 0.125/0.125/0.250u): centre [0.8192,-30.3367,-3.2227,19.3666,-34.454,4.1168]
    reach: arm (0,1) grid 9.33-22.33, enclosure - deg  REFUSED: arm (0,1): the stopping event does not exist at sub-box (0,0,0)
    reach: arm (0,-1) 17.9-20.1 deg [selfoff foot 1]  grid 18.33-19.67, enclosure 18.33-19.67 deg
    reach: arm (1,1) 19.9-22.1 deg [selfoff foot 0]  grid 20.33-21.67, enclosure 20.33-21.67 deg
    reach: arm (1,-1) 18.3-20.1 deg [cross r1 foot 0 at r0]  grid 18.67-19.67, enclosure 18.67-19.67 deg
    reach: arm (2,1) 11.6-18.7 deg [cross a1 foot 1 at r1]  grid 12.00-18.33, enclosure 12.00-18.33 deg
    reach: arm (2,-1) 55.6-61.7 deg [cross r1 foot 1 at r1]  grid 56.00-61.33, enclosure 56.00-61.33 deg
cell 119 (depth 8, victim half-widths 0.125/0.125/0.250u): split on the victim's rot axis (refused: reach envelope: arm (0,1): the stopping event does not exist at sub-box (0,0,0))
cell 120 (depth 8, victim half-widths 0.250/0.125/0.125u): centre [0.8192,-30.3367,-3.2227,18.7416,-34.454,4.1439]
    reach: arm (0,1) grid 10.00-21.33, enclosure - deg  REFUSED: arm (0,1): the stopping event does not exist at sub-box (0,0,0)
    reach: arm (0,-1) 18.9-21.1 deg [selfoff foot 1]  grid 19.33-20.67, enclosure 19.33-20.67 deg
    reach: arm (1,1) 19.9-21.7 deg [selfoff foot 0]  grid 20.33-21.33, enclosure 20.33-21.33 deg
    reach: arm (1,-1) 18.9-20.4 deg [cross r1 foot 0 at r0]  grid 19.33-20.00, enclosure 19.33-20.00 deg
    reach: arm (2,1) grid 3.67-64.00, enclosure - deg  REFUSED: arm (2,1): stopping event changes between cells (0,0,0)-(1,0,0): cross|a1,r1|0:a1 vs cross|a1|1:r1
    reach: arm (2,-1) 58.6-64.1 deg [cross r1 foot 1 at r1]  grid 59.00-63.67, enclosure 59.00-63.67 deg
cell 120 (depth 8, victim half-widths 0.250/0.125/0.125u): split on the victim's x axis (refused: reach envelope: arm (0,1): the stopping event does not exist at sub-box (0,0,0); arm (2,1): stopping event cha)
cell 121 (depth 8, victim half-widths 0.250/0.125/0.125u): centre [0.8192,-30.3367,-3.2227,19.2416,-34.454,4.1439]
    reach: arm (0,1) grid 7.33-21.33, enclosure - deg  REFUSED: arm (0,1): the stopping event does not exist at sub-box (0,0,0)
    reach: arm (0,-1) 18.6-20.4 deg [selfoff foot 1]  grid 19.00-20.00, enclosure 19.00-20.00 deg
    reach: arm (1,1) 19.6-21.4 deg [selfoff foot 0]  grid 20.00-21.00, enclosure 20.00-21.00 deg
    reach: arm (1,-1) 18.9-20.4 deg [cross r1 foot 0 at r0]  grid 19.33-20.00, enclosure 19.33-20.00 deg
    reach: arm (2,1) 6.6-13.7 deg [cross a1 foot 1 at r1]  grid 7.00-13.33, enclosure 7.00-13.33 deg
    reach: arm (2,-1) 59.3-64.4 deg [cross r1 foot 1 at r1]  grid 59.67-64.00, enclosure 59.67-64.00 deg
cell 121 (depth 8, victim half-widths 0.250/0.125/0.125u): split on the victim's x axis (refused: reach envelope: arm (0,1): the stopping event does not exist at sub-box (0,0,0))
cell 122 (depth 8, victim half-widths 0.125/0.125/0.250u): centre [0.8192,-30.3367,-3.2227,19.8666,-35.704,4.0952]
    reach: arm (0,1) 23.3-25.1 deg [cross r1 foot 1 at r0]  grid 23.67-24.67, enclosure 23.67-24.67 deg
    reach: arm (0,-1) 15.3-17.4 deg [selfoff foot 1]  grid 15.67-17.00, enclosure 15.67-17.00 deg
    reach: arm (1,1) 18.3-20.1 deg [selfoff foot 0]  grid 18.67-19.67, enclosure 18.67-19.67 deg
    reach: arm (1,-1) 19.3-21.4 deg [cross r1 foot 0 at r0]  grid 19.67-21.00, enclosure 19.67-21.00 deg
    reach: arm (2,1) 22.3-28.7 deg [cross a1 foot 1 at r1]  grid 22.67-28.33, enclosure 22.67-28.33 deg
    reach: arm (2,-1) 57.6-62.4 deg [cross r1 foot 0 at r0]  grid 58.00-62.00, enclosure 58.00-62.00 deg
    3/27: [0.819,-30.337,-3.223,19.742,-35.829,4.106] dead W=0.61 accept=1.58  (14s)
    6/27: [0.819,-30.337,-3.223,19.742,-35.704,4.106] dead W=0.49 accept=1.55  (18s)
    9/27: [0.819,-30.337,-3.223,19.867,-35.829,4.084] dead W=0.39 accept=1.95  (22s)
    12/27: [0.819,-30.337,-3.223,19.867,-35.829,4.106] dead W=0.64 accept=1.43  (22s)
    15/27: [0.819,-30.337,-3.223,19.867,-35.704,4.095] dead W=0.39 accept=1.63  (26s)
    18/27: [0.819,-30.337,-3.223,19.867,-35.579,4.095] dead W=0.27 accept=1.51  (29s)
    21/27: [0.819,-30.337,-3.223,19.992,-35.829,4.106] dead W=0.67 accept=1.22  (33s)
    24/27: [0.819,-30.337,-3.223,19.992,-35.704,4.106] dead W=0.55 accept=1.19  (33s)
    27/27: [0.819,-30.337,-3.223,19.992,-35.579,4.106] dead W=0.43 accept=1.20  (37s)
cell 122 (depth 8, victim half-widths 0.125/0.125/0.250u): dead (27 poses, 4914 gaps, 0 slivers, 0 probed gaps, min accepted 0.06u)
cell 123 (depth 8, victim half-widths 0.125/0.125/0.250u): centre [0.8192,-30.3367,-3.2227,19.8666,-35.454,4.0952]
    reach: arm (0,1) grid 16.00-24.33, enclosure - deg  REFUSED: arm (0,1): the stopping event does not exist at sub-box (0,0,0)
    reach: arm (0,-1) 15.6-17.7 deg [selfoff foot 1]  grid 16.00-17.33, enclosure 16.00-17.33 deg
    reach: arm (1,1) 18.6-20.7 deg [selfoff foot 0]  grid 19.00-20.33, enclosure 19.00-20.33 deg
    reach: arm (1,-1) 18.9-21.1 deg [cross r1 foot 0 at r0]  grid 19.33-20.67, enclosure 19.33-20.67 deg
    reach: arm (2,1) 21.6-28.1 deg [cross a1 foot 1 at r1]  grid 22.00-27.67, enclosure 22.00-27.67 deg
    reach: arm (2,-1) 56.9-61.7 deg [cross r1 foot 0 at r0]  grid 57.33-61.33, enclosure 57.33-61.33 deg
cell 123 (depth 8, victim half-widths 0.125/0.125/0.250u): split on the victim's rot axis (refused: reach envelope: arm (0,1): the stopping event does not exist at sub-box (0,0,0))
cell 124 (depth 8, victim half-widths 0.125/0.125/0.250u): centre [0.8192,-30.3367,-3.2227,19.8666,-35.704,4.1168]
    reach: arm (0,1) 22.6-24.7 deg [cross r1 foot 1 at r0]  grid 23.00-24.33, enclosure 23.00-24.33 deg
    reach: arm (0,-1) 15.6-17.7 deg [selfoff foot 1]  grid 16.00-17.33, enclosure 16.00-17.33 deg
    reach: arm (1,1) 17.9-19.7 deg [selfoff foot 0]  grid 18.33-19.33, enclosure 18.33-19.33 deg
    reach: arm (1,-1) 19.9-22.1 deg [cross r1 foot 0 at r0]  grid 20.33-21.67, enclosure 20.33-21.67 deg
    reach: arm (2,1) 18.9-25.4 deg [cross a1 foot 1 at r1]  grid 19.33-25.00, enclosure 19.33-25.00 deg
    reach: arm (2,-1) 60.3-65.1 deg [cross r1 foot 0 at r0]  grid 60.67-64.67, enclosure 60.67-64.67 deg
    3/27: [0.819,-30.337,-3.223,19.742,-35.829,4.117] dead W=1.28 accept=1.32  (14s)
    6/27: [0.819,-30.337,-3.223,19.742,-35.704,4.117] dead W=1.24 accept=1.30  (18s)
    9/27: [0.819,-30.337,-3.223,19.742,-35.579,4.128] dead W=1.03 accept=0.73  (22s)
    12/27: [0.819,-30.337,-3.223,19.867,-35.829,4.128] dead W=0.98 accept=0.69  (23s)
    15/27: [0.819,-30.337,-3.223,19.867,-35.704,4.128] dead W=0.98 accept=0.78  (26s)
    18/27: [0.819,-30.337,-3.223,19.992,-35.829,4.106] dead W=1.20 accept=1.23  (30s)
    21/27: [0.819,-30.337,-3.223,19.992,-35.704,4.117] dead W=0.99 accept=0.99  (34s)
    24/27: [0.819,-30.337,-3.223,19.992,-35.704,4.128] dead W=0.80 accept=0.79  (34s)
    27/27: [0.819,-30.337,-3.223,19.992,-35.579,4.128] dead W=0.75 accept=0.75  (37s)
    round 1: 1 pairs refused, 1 midpoints to certify (step 0.063u)
    1/1: [0.819,-30.337,-3.223,19.742,-35.642,4.117] dead W=1.22 accept=1.24  (41s)
cell 124 (depth 8, victim half-widths 0.125/0.125/0.250u): dead (28 poses, 5040 gaps, 0 slivers, 0 probed gaps, min accepted 0.07u)
cell 125 (depth 8, victim half-widths 0.125/0.125/0.250u): centre [0.8192,-30.3367,-3.2227,19.8666,-35.454,4.1168]
    reach: arm (0,1) grid 12.67-24.00, enclosure - deg  REFUSED: arm (0,1): the stopping event does not exist at sub-box (0,0,0)
    reach: arm (0,-1) 15.9-18.1 deg [selfoff foot 1]  grid 16.33-17.67, enclosure 16.33-17.67 deg
    reach: arm (1,1) 18.3-20.1 deg [selfoff foot 0]  grid 18.67-19.67, enclosure 18.67-19.67 deg
    reach: arm (1,-1) 19.6-21.4 deg [cross r1 foot 0 at r0]  grid 20.00-21.00, enclosure 20.00-21.00 deg
    reach: arm (2,1) 18.3-24.7 deg [cross a1 foot 1 at r1]  grid 18.67-24.33, enclosure 18.67-24.33 deg
    reach: arm (2,-1) 59.6-64.4 deg [cross r1 foot 0 at r0]  grid 60.00-64.00, enclosure 60.00-64.00 deg
cell 125 (depth 8, victim half-widths 0.125/0.125/0.250u): split on the victim's rot axis (refused: reach envelope: arm (0,1): the stopping event does not exist at sub-box (0,0,0))
cell 126 (depth 8, victim half-widths 0.125/0.125/0.250u): centre [0.8192,-30.3367,-3.2227,19.6166,-35.704,4.1385]
    reach: arm (0,1) 21.9-23.7 deg [cross r1 foot 1 at r0]  grid 22.33-23.33, enclosure 22.33-23.33 deg
    reach: arm (0,-1) 16.3-18.4 deg [selfoff foot 1]  grid 16.67-18.00, enclosure 16.67-18.00 deg
    reach: arm (1,1) 17.6-19.4 deg [selfoff foot 0]  grid 18.00-19.00, enclosure 18.00-19.00 deg
    reach: arm (1,-1) 20.6-22.4 deg [cross r1 foot 0 at r0]  grid 21.00-22.00, enclosure 21.00-22.00 deg
    reach: arm (2,1) 14.6-20.7 deg [cross a1 foot 1 at r1]  grid 15.00-20.33, enclosure 15.00-20.33 deg
    reach: arm (2,-1) 63.6-68.4 deg [cross r1 foot 0 at r0]  grid 64.00-68.00, enclosure 64.00-68.00 deg
    3/27: [0.819,-30.337,-3.223,19.492,-35.829,4.149] dead W=0.43 accept=0.82  (14s)
    6/27: [0.819,-30.337,-3.223,19.492,-35.704,4.149] dead W=0.98 accept=0.56  (18s)
    9/27: [0.819,-30.337,-3.223,19.617,-35.829,4.128] dead W=0.47 accept=0.57  (22s)
    12/27: [0.819,-30.337,-3.223,19.617,-35.829,4.149] dead W=0.45 accept=0.82  (22s)
    15/27: [0.819,-30.337,-3.223,19.617,-35.704,4.149] dead W=0.87 accept=0.57  (26s)
    18/27: [0.819,-30.337,-3.223,19.742,-35.829,4.128] dead W=0.55 accept=0.57  (30s)
    21/27: [0.819,-30.337,-3.223,19.742,-35.829,4.149] dead W=0.76 accept=0.76  (33s)
    24/27: [0.819,-30.337,-3.223,19.742,-35.704,4.149] dead W=0.36 accept=0.57  (34s)
    27/27: [0.819,-30.337,-3.223,19.742,-35.579,4.149] dead W=0.69 accept=0.53  (37s)
    round 1: 11 pairs refused, 11 midpoints to certify (step 0.125u)
    1/11: [0.819,-30.337,-3.223,19.492,-35.579,4.144] dead W=1.00 accept=0.59  (41s)
    2/11: [0.819,-30.337,-3.223,19.492,-35.704,4.144] dead W=1.06 accept=0.63  (41s)
    3/11: [0.819,-30.337,-3.223,19.554,-35.579,4.149] dead W=0.88 accept=0.52  (41s)
    4/11: [0.819,-30.337,-3.223,19.492,-35.829,4.144] dead W=0.37 accept=0.67  (41s)
    5/11: [0.819,-30.337,-3.223,19.679,-35.829,4.149] dead W=0.84 accept=0.83  (45s)
    6/11: [0.819,-30.337,-3.223,19.617,-35.829,4.144] dead W=0.40 accept=0.68  (45s)
    7/11: [0.819,-30.337,-3.223,19.679,-35.704,4.149] dead W=0.35 accept=0.57  (45s)
    8/11: [0.819,-30.337,-3.223,19.617,-35.704,4.144] dead W=0.97 accept=0.64  (45s)
    9/11: [0.819,-30.337,-3.223,19.617,-35.642,4.149] dead W=0.84 accept=0.55  (48s)
    10/11: [0.819,-30.337,-3.223,19.742,-35.767,4.149] dead W=0.42 accept=0.59  (48s)
    11/11: [0.819,-30.337,-3.223,19.742,-35.829,4.144] dead W=0.38 accept=0.69  (48s)
    round 2: 6 pairs refused, 6 midpoints to certify (step 0.063u)
    1/6: [0.819,-30.337,-3.223,19.617,-35.829,4.147] dead W=0.43 accept=0.86  (52s)
    2/6: [0.819,-30.337,-3.223,19.492,-35.829,4.141] dead W=1.17 accept=0.71  (52s)
    3/6: [0.819,-30.337,-3.223,19.492,-35.704,4.147] dead W=0.99 accept=0.60  (52s)
    4/6: [0.819,-30.337,-3.223,19.492,-35.579,4.147] dead W=0.97 accept=0.55  (52s)
    5/6: [0.819,-30.337,-3.223,19.617,-35.704,4.141] dead W=1.03 accept=0.67  (56s)
    6/6: [0.819,-30.337,-3.223,19.742,-35.829,4.147] dead W=0.35 accept=0.83  (56s)
cell 126 (depth 8, victim half-widths 0.125/0.125/0.250u): dead (44 poses, 7920 gaps, 12 slivers, 0 probed gaps, min accepted 0.06u)
cell 127 (depth 8, victim half-widths 0.125/0.125/0.250u): centre [0.8192,-30.3367,-3.2227,19.6166,-35.454,4.1385]
    reach: arm (0,1) grid 12.67-23.00, enclosure - deg  REFUSED: arm (0,1): the stopping event does not exist at sub-box (0,0,0)
    reach: arm (0,-1) 16.6-18.7 deg [selfoff foot 1]  grid 17.00-18.33, enclosure 17.00-18.33 deg
    reach: arm (1,1) 17.9-19.7 deg [selfoff foot 0]  grid 18.33-19.33, enclosure 18.33-19.33 deg
    reach: arm (1,-1) 20.3-22.1 deg [cross r1 foot 0 at r0]  grid 20.67-21.67, enclosure 20.67-21.67 deg
    reach: arm (2,1) 13.6-20.1 deg [cross a1 foot 1 at r1]  grid 14.00-19.67, enclosure 14.00-19.67 deg
    reach: arm (2,-1) 62.9-67.7 deg [cross r1 foot 0 at r0]  grid 63.33-67.33, enclosure 63.33-67.33 deg
cell 127 (depth 8, victim half-widths 0.125/0.125/0.250u): split on the victim's rot axis (refused: reach envelope: arm (0,1): the stopping event does not exist at sub-box (0,0,0))
cell 128 (depth 8, victim half-widths 0.125/0.125/0.250u): centre [0.8192,-30.3367,-3.2227,19.8666,-35.704,4.1385]
    reach: arm (0,1) grid 12.67-23.67, enclosure - deg  REFUSED: arm (0,1): the stopping event does not exist at sub-box (0,0,0)
    reach: arm (0,-1) 15.9-18.1 deg [selfoff foot 1]  grid 16.33-17.67, enclosure 16.33-17.67 deg
    reach: arm (1,1) 17.3-19.4 deg [selfoff foot 0]  grid 17.67-19.00, enclosure 17.67-19.00 deg
    reach: arm (1,-1) 20.6-22.4 deg [cross r1 foot 0 at r0]  grid 21.00-22.00, enclosure 21.00-22.00 deg
    reach: arm (2,1) 15.9-22.4 deg [cross a1 foot 1 at r1]  grid 16.33-22.00, enclosure 16.33-22.00 deg
    reach: arm (2,-1) 62.9-68.1 deg [cross r1 foot 0 at r0]  grid 63.33-67.67, enclosure 63.33-67.67 deg
cell 128 (depth 8, victim half-widths 0.125/0.125/0.250u): split on the victim's rot axis (refused: reach envelope: arm (0,1): the stopping event does not exist at sub-box (0,0,0))
cell 129 (depth 8, victim half-widths 0.125/0.125/0.250u): centre [0.8192,-30.3367,-3.2227,19.8666,-35.454,4.1385]
    reach: arm (0,1) grid 10.33-23.33, enclosure - deg  REFUSED: arm (0,1): the stopping event does not exist at sub-box (0,0,0)
    reach: arm (0,-1) 16.3-18.4 deg [selfoff foot 1]  grid 16.67-18.00, enclosure 16.67-18.00 deg
    reach: arm (1,1) 17.9-19.7 deg [selfoff foot 0]  grid 18.33-19.33, enclosure 18.33-19.33 deg
    reach: arm (1,-1) 20.3-22.1 deg [cross r1 foot 0 at r0]  grid 20.67-21.67, enclosure 20.67-21.67 deg
    reach: arm (2,1) 15.3-21.7 deg [cross a1 foot 1 at r1]  grid 15.67-21.33, enclosure 15.67-21.33 deg
    reach: arm (2,-1) 62.3-67.4 deg [cross r1 foot 0 at r0]  grid 62.67-67.00, enclosure 62.67-67.00 deg
cell 129 (depth 8, victim half-widths 0.125/0.125/0.250u): split on the victim's rot axis (refused: reach envelope: arm (0,1): the stopping event does not exist at sub-box (0,0,0))
cell 130 (depth 8, victim half-widths 0.125/0.125/0.250u): centre [0.8192,-30.3367,-3.2227,19.6166,-35.204,4.0735]
    reach: arm (0,1) 22.9-25.1 deg [cross r1 foot 1 at r0]  grid 23.33-24.67, enclosure 23.33-24.67 deg
    reach: arm (0,-1) 15.9-17.7 deg [selfoff foot 1]  grid 16.33-17.33, enclosure 16.33-17.33 deg
    reach: arm (1,1) 19.6-21.7 deg [selfoff foot 0]  grid 20.00-21.33, enclosure 20.00-21.33 deg
    reach: arm (1,-1) 18.3-20.1 deg [cross r1 foot 0 at r0]  grid 18.67-19.67, enclosure 18.67-19.67 deg
    reach: arm (2,1) 22.6-29.4 deg [cross a1 foot 1 at r1]  grid 23.00-29.00, enclosure 23.00-29.00 deg
    reach: arm (2,-1) 53.9-58.7 deg [cross r1 foot 0 at r0]  grid 54.33-58.33, enclosure 54.33-58.33 deg
    3/27: [0.819,-30.337,-3.223,19.492,-35.329,4.063] dead W=2.56 accept=2.88  (14s)
    6/27: [0.819,-30.337,-3.223,19.492,-35.204,4.084] dead W=2.05 accept=2.05  (17s)
    9/27: [0.819,-30.337,-3.223,19.492,-35.079,4.084] dead W=1.97 accept=1.97  (21s)
    12/27: [0.819,-30.337,-3.223,19.617,-35.329,4.084] dead W=1.93 accept=1.93  (21s)
    15/27: [0.819,-30.337,-3.223,19.617,-35.204,4.084] dead W=1.77 accept=1.97  (25s)
    18/27: [0.819,-30.337,-3.223,19.617,-35.079,4.084] dead W=1.70 accept=1.70  (29s)
    21/27: [0.819,-30.337,-3.223,19.742,-35.329,4.084] dead W=1.74 accept=1.93  (32s)
    24/27: [0.819,-30.337,-3.223,19.742,-35.204,4.074] dead W=1.84 accept=1.84  (32s)
    27/27: [0.819,-30.337,-3.223,19.742,-35.079,4.063] dead W=1.76 accept=1.76  (36s)
    round 1: 13 pairs refused, 13 midpoints to certify (step 0.063u)
    1/13: [0.819,-30.337,-3.223,19.492,-35.329,4.068] dead W=2.56 accept=2.56  (40s)
    2/13: [0.819,-30.337,-3.223,19.554,-35.204,4.063] dead W=2.30 accept=3.08  (40s)
    3/13: [0.819,-30.337,-3.223,19.492,-35.267,4.063] dead W=2.59 accept=3.30  (40s)
    4/13: [0.819,-30.337,-3.223,19.492,-35.267,4.084] dead W=2.01 accept=2.01  (40s)
    5/13: [0.819,-30.337,-3.223,19.492,-35.204,4.068] dead W=2.37 accept=2.67  (44s)
    6/13: [0.819,-30.337,-3.223,19.492,-35.142,4.063] dead W=2.35 accept=3.32  (44s)
    7/13: [0.819,-30.337,-3.223,19.617,-35.329,4.068] dead W=2.17 accept=2.17  (44s)
    8/13: [0.819,-30.337,-3.223,19.492,-35.079,4.068] dead W=2.25 accept=3.37  (44s)
    9/13: [0.819,-30.337,-3.223,19.617,-35.204,4.068] dead W=2.18 accept=2.42  (47s)
    10/13: [0.819,-30.337,-3.223,19.742,-35.204,4.068] dead W=1.92 accept=1.92  (47s)
    11/13: [0.819,-30.337,-3.223,19.742,-35.329,4.068] dead W=2.04 accept=2.04  (48s)
    12/13: [0.819,-30.337,-3.223,19.617,-35.079,4.068] dead W=1.94 accept=1.94  (48s)
    13/13: [0.819,-30.337,-3.223,19.742,-35.079,4.068] dead W=1.75 accept=1.75  (51s)
    round 2: 15 pairs refused, 15 midpoints to certify (step 0.063u)
    1/15: [0.819,-30.337,-3.223,19.492,-35.329,4.071] dead W=2.25 accept=2.66  (54s)
    2/15: [0.819,-30.337,-3.223,19.492,-35.204,4.065] dead W=2.49 accept=3.31  (54s)
    3/15: [0.819,-30.337,-3.223,19.492,-35.329,4.065] dead W=2.49 accept=2.87  (54s)
    4/15: [0.819,-30.337,-3.223,19.492,-35.079,4.065] dead W=2.26 accept=3.34  (54s)
    5/15: [0.819,-30.337,-3.223,19.492,-35.079,4.071] dead W=2.32 accept=3.37  (58s)
    6/15: [0.819,-30.337,-3.223,19.617,-35.329,4.065] dead W=2.07 accept=2.48  (58s)
    7/15: [0.819,-30.337,-3.223,19.617,-35.329,4.071] dead W=2.06 accept=2.29  (58s)
    8/15: [0.819,-30.337,-3.223,19.617,-35.204,4.065] dead W=2.14 accept=2.14  (58s)
    9/15: [0.819,-30.337,-3.223,19.617,-35.079,4.071] dead W=1.96 accept=1.96  (61s)
    10/15: [0.819,-30.337,-3.223,19.742,-35.329,4.065] dead W=1.92 accept=2.20  (62s)
    11/15: [0.819,-30.337,-3.223,19.617,-35.079,4.065] dead W=1.99 accept=1.99  (62s)
    12/15: [0.819,-30.337,-3.223,19.742,-35.329,4.071] dead W=1.89 accept=1.97  (62s)
    13/15: [0.819,-30.337,-3.223,19.742,-35.204,4.065] dead W=1.84 accept=1.84  (65s)
    14/15: [0.819,-30.337,-3.223,19.742,-35.079,4.071] dead W=1.64 accept=1.64  (65s)
    15/15: [0.819,-30.337,-3.223,19.742,-35.079,4.065] dead W=1.74 accept=1.74  (65s)
cell 130 (depth 8, victim half-widths 0.125/0.125/0.250u): dead (55 poses, 9790 gaps, 20 slivers, 0 probed gaps, min accepted 0.06u)
cell 131 (depth 8, victim half-widths 0.125/0.125/0.250u): centre [0.8192,-30.3367,-3.2227,19.6166,-34.954,4.0735]
    reach: arm (0,1) grid 15.33-24.33, enclosure - deg  REFUSED: arm (0,1): the stopping event does not exist at sub-box (0,0,0)
    reach: arm (0,-1) 16.3-18.1 deg [selfoff foot 1]  grid 16.67-17.67, enclosure 16.67-17.67 deg
    reach: arm (1,1) 19.9-22.1 deg [selfoff foot 0]  grid 20.33-21.67, enclosure 20.33-21.67 deg
    reach: arm (1,-1) 17.9-19.7 deg [cross r1 foot 0 at r0]  grid 18.33-19.33, enclosure 18.33-19.33 deg
    reach: arm (2,1) 21.9-29.1 deg [cross a1 foot 1 at r1]  grid 22.33-28.67, enclosure 22.33-28.67 deg
    reach: arm (2,-1) 53.3-58.1 deg [cross r1 foot 0 at r0]  grid 53.67-57.67, enclosure 53.67-57.67 deg
cell 131 (depth 8, victim half-widths 0.125/0.125/0.250u): split on the victim's rot axis (refused: reach envelope: arm (0,1): the stopping event does not exist at sub-box (0,0,0))
cell 132 (depth 8, victim half-widths 0.125/0.125/0.250u): centre [0.8192,-30.3367,-3.2227,19.8666,-35.204,4.0735]
    reach: arm (0,1) grid 15.33-24.67, enclosure - deg  REFUSED: arm (0,1): the stopping event does not exist at sub-box (0,0,0)
    reach: arm (0,-1) 15.6-17.7 deg [selfoff foot 1]  grid 16.00-17.33, enclosure 16.00-17.33 deg
    reach: arm (1,1) 19.6-21.4 deg [selfoff foot 0]  grid 20.00-21.00, enclosure 20.00-21.00 deg
    reach: arm (1,-1) 18.3-20.1 deg [cross r1 foot 0 at r0]  grid 18.67-19.67, enclosure 18.67-19.67 deg
    reach: arm (2,1) 24.3-31.1 deg [cross a1 foot 1 at r1]  grid 24.67-30.67, enclosure 24.67-30.67 deg
    reach: arm (2,-1) 53.6-58.4 deg [cross r1 foot 0 at r0]  grid 54.00-58.00, enclosure 54.00-58.00 deg
cell 132 (depth 8, victim half-widths 0.125/0.125/0.250u): split on the victim's rot axis (refused: reach envelope: arm (0,1): the stopping event does not exist at sub-box (0,0,0))
cell 133 (depth 8, victim half-widths 0.125/0.125/0.250u): centre [0.8192,-30.3367,-3.2227,19.8666,-34.954,4.0735]
    reach: arm (0,1) grid 13.00-24.67, enclosure - deg  REFUSED: arm (0,1): the stopping event does not exist at sub-box (0,0,0)
    reach: arm (0,-1) 15.9-18.1 deg [selfoff foot 1]  grid 16.33-17.67, enclosure 16.33-17.67 deg
    reach: arm (1,1) 19.9-22.1 deg [selfoff foot 0]  grid 20.33-21.67, enclosure 20.33-21.67 deg
    reach: arm (1,-1) 17.9-19.7 deg [cross r1 foot 0 at r0]  grid 18.33-19.33, enclosure 18.33-19.33 deg
    reach: arm (2,1) 23.6-30.4 deg [cross a1 foot 1 at r1]  grid 24.00-30.00, enclosure 24.00-30.00 deg
    reach: arm (2,-1) 52.9-57.7 deg [cross r1 foot 0 at r0]  grid 53.33-57.33, enclosure 53.33-57.33 deg
cell 133 (depth 8, victim half-widths 0.125/0.125/0.250u): split on the victim's rot axis (refused: reach envelope: arm (0,1): the stopping event does not exist at sub-box (0,0,0))
cell 134 (depth 8, victim half-widths 0.125/0.125/0.250u): centre [0.8192,-30.3367,-3.2227,19.6166,-35.204,4.0952]
    reach: arm (0,1) 22.6-24.4 deg [cross r1 foot 1 at r0]  grid 23.00-24.00, enclosure 23.00-24.00 deg
    reach: arm (0,-1) 16.3-18.4 deg [selfoff foot 1]  grid 16.67-18.00, enclosure 16.67-18.00 deg
    reach: arm (1,1) 19.3-21.1 deg [selfoff foot 0]  grid 19.67-20.67, enclosure 19.67-20.67 deg
    reach: arm (1,-1) 18.6-20.7 deg [cross r1 foot 0 at r0]  grid 19.00-20.33, enclosure 19.00-20.33 deg
    reach: arm (2,1) 19.3-26.1 deg [cross a1 foot 1 at r1]  grid 19.67-25.67, enclosure 19.67-25.67 deg
    reach: arm (2,-1) 56.6-61.7 deg [cross r1 foot 0 at r0]  grid 57.00-61.33, enclosure 57.00-61.33 deg
    3/27: [0.819,-30.337,-3.223,19.492,-35.329,4.084] dead W=0.44 accept=2.25  (13s)
    6/27: [0.819,-30.337,-3.223,19.492,-35.079,4.084] dead W=1.80 accept=2.00  (17s)
    9/27: [0.819,-30.337,-3.223,19.492,-35.079,4.106] dead W=1.58 accept=1.66  (21s)
    12/27: [0.819,-30.337,-3.223,19.617,-35.329,4.106] dead W=1.56 accept=1.56  (21s)
    15/27: [0.819,-30.337,-3.223,19.617,-35.204,4.106] dead W=1.52 accept=1.53  (25s)
    18/27: [0.819,-30.337,-3.223,19.617,-35.079,4.106] dead W=1.50 accept=3.45  (28s)
    21/27: [0.819,-30.337,-3.223,19.742,-35.329,4.106] dead W=0.41 accept=1.45  (32s)
    24/27: [0.819,-30.337,-3.223,19.742,-35.204,4.106] dead W=1.42 accept=1.42  (32s)
    27/27: [0.819,-30.337,-3.223,19.742,-35.079,4.106] dead W=1.34 accept=1.39  (35s)
    round 1: 15 pairs refused, 15 midpoints to certify (step 0.125u)
    1/15: [0.819,-30.337,-3.223,19.492,-35.204,4.101] dead W=1.76 accept=1.79  (39s)
    2/15: [0.819,-30.337,-3.223,19.492,-35.142,4.106] dead W=1.59 accept=1.61  (39s)
    3/15: [0.819,-30.337,-3.223,19.492,-35.329,4.09] dead W=0.39 accept=1.97  (39s)
    4/15: [0.819,-30.337,-3.223,19.492,-35.267,4.095] dead W=1.86 accept=1.93  (39s)
    5/15: [0.819,-30.337,-3.223,19.617,-35.329,4.09] dead W=0.48 accept=1.89  (43s)
    6/15: [0.819,-30.337,-3.223,19.617,-35.267,4.084] dead W=0.48 accept=1.85  (43s)
    7/15: [0.819,-30.337,-3.223,19.617,-35.267,4.095] dead W=0.38 accept=1.78  (43s)
    8/15: [0.819,-30.337,-3.223,19.617,-35.204,4.101] dead W=1.61 accept=1.61  (43s)
    9/15: [0.819,-30.337,-3.223,19.679,-35.079,4.106] dead W=1.45 accept=3.43  (47s)
    10/15: [0.819,-30.337,-3.223,19.742,-35.329,4.09] dead W=0.56 accept=1.69  (47s)
    11/15: [0.819,-30.337,-3.223,19.617,-35.142,4.106] dead W=1.53 accept=1.54  (47s)
    12/15: [0.819,-30.337,-3.223,19.742,-35.267,4.095] dead W=0.46 accept=1.60  (47s)
    13/15: [0.819,-30.337,-3.223,19.742,-35.204,4.09] dead W=0.47 accept=1.62  (50s)
    14/15: [0.819,-30.337,-3.223,19.742,-35.204,4.101] dead W=0.37 accept=1.49  (50s)
    15/15: [0.819,-30.337,-3.223,19.742,-35.079,4.101] dead W=1.42 accept=3.40  (50s)
    round 2: 8 pairs refused, 8 midpoints to certify (step 0.063u)
    1/8: [0.819,-30.337,-3.223,19.617,-35.329,4.087] dead W=0.50 accept=1.85  (54s)
    2/8: [0.819,-30.337,-3.223,19.492,-35.204,4.098] dead W=1.78 accept=3.42  (54s)
    3/8: [0.819,-30.337,-3.223,19.617,-35.204,4.098] dead W=1.64 accept=1.68  (54s)
    4/8: [0.819,-30.337,-3.223,19.492,-35.329,4.087] dead W=0.42 accept=3.35  (54s)
    5/8: [0.819,-30.337,-3.223,19.742,-35.079,4.103] dead W=1.38 accept=1.41  (58s)
    6/8: [0.819,-30.337,-3.223,19.742,-35.204,4.092] dead W=0.44 accept=1.73  (58s)
    7/8: [0.819,-30.337,-3.223,19.742,-35.329,4.087] dead W=0.59 accept=1.75  (58s)
    8/8: [0.819,-30.337,-3.223,19.742,-35.204,4.098] dead W=0.39 accept=1.52  (58s)
cell 134 (depth 8, victim half-widths 0.125/0.125/0.250u): dead (50 poses, 9000 gaps, 14 slivers, 0 probed gaps, min accepted 0.07u)
cell 135 (depth 8, victim half-widths 0.125/0.125/0.250u): centre [0.8192,-30.3367,-3.2227,19.6166,-34.954,4.0952]
    reach: arm (0,1) grid 13.00-23.67, enclosure - deg  REFUSED: arm (0,1): the stopping event does not exist at sub-box (0,0,0)
    reach: arm (0,-1) 16.6-18.7 deg [selfoff foot 1]  grid 17.00-18.33, enclosure 17.00-18.33 deg
    reach: arm (1,1) 19.6-21.4 deg [selfoff foot 0]  grid 20.00-21.00, enclosure 20.00-21.00 deg
    reach: arm (1,-1) 18.3-20.4 deg [cross r1 foot 0 at r0]  grid 18.67-20.00, enclosure 18.67-20.00 deg
    reach: arm (2,1) 18.6-25.4 deg [cross a1 foot 1 at r1]  grid 19.00-25.00, enclosure 19.00-25.00 deg
    reach: arm (2,-1) 55.9-61.1 deg [cross r1 foot 0 at r0]  grid 56.33-60.67, enclosure 56.33-60.67 deg
cell 135 (depth 8, victim half-widths 0.125/0.125/0.250u): split on the victim's rot axis (refused: reach envelope: arm (0,1): the stopping event does not exist at sub-box (0,0,0))
cell 136 (depth 8, victim half-widths 0.125/0.125/0.250u): centre [0.8192,-30.3367,-3.2227,19.8666,-35.204,4.0952]
    reach: arm (0,1) grid 13.00-24.33, enclosure - deg  REFUSED: arm (0,1): the stopping event does not exist at sub-box (0,0,0)
    reach: arm (0,-1) 15.9-18.1 deg [selfoff foot 1]  grid 16.33-17.67, enclosure 16.33-17.67 deg
    reach: arm (1,1) 18.9-21.1 deg [selfoff foot 0]  grid 19.33-20.67, enclosure 19.33-20.67 deg
    reach: arm (1,-1) 18.6-20.7 deg [cross r1 foot 0 at r0]  grid 19.00-20.33, enclosure 19.00-20.33 deg
    reach: arm (2,1) 20.9-27.4 deg [cross a1 foot 1 at r1]  grid 21.33-27.00, enclosure 21.33-27.00 deg
    reach: arm (2,-1) 56.3-61.1 deg [cross r1 foot 0 at r0]  grid 56.67-60.67, enclosure 56.67-60.67 deg
cell 136 (depth 8, victim half-widths 0.125/0.125/0.250u): split on the victim's rot axis (refused: reach envelope: arm (0,1): the stopping event does not exist at sub-box (0,0,0))
cell 137 (depth 8, victim half-widths 0.125/0.125/0.250u): centre [0.8192,-30.3367,-3.2227,19.8666,-34.954,4.0952]
    reach: arm (0,1) grid 11.33-24.00, enclosure - deg  REFUSED: arm (0,1): the stopping event does not exist at sub-box (0,0,0)
    reach: arm (0,-1) 16.3-18.4 deg [selfoff foot 1]  grid 16.67-18.00, enclosure 16.67-18.00 deg
    reach: arm (1,1) 19.6-21.4 deg [selfoff foot 0]  grid 20.00-21.00, enclosure 20.00-21.00 deg
    reach: arm (1,-1) 18.3-20.4 deg [cross r1 foot 0 at r0]  grid 18.67-20.00, enclosure 18.67-20.00 deg
    reach: arm (2,1) 19.9-27.1 deg [cross a1 foot 1 at r1]  grid 20.33-26.67, enclosure 20.33-26.67 deg
    reach: arm (2,-1) 55.6-60.4 deg [cross r1 foot 0 at r0]  grid 56.00-60.00, enclosure 56.00-60.00 deg
cell 137 (depth 8, victim half-widths 0.125/0.125/0.250u): split on the victim's rot axis (refused: reach envelope: arm (0,1): the stopping event does not exist at sub-box (0,0,0))
cell 138 (depth 8, victim half-widths 0.125/0.125/0.250u): centre [0.8192,-30.3367,-3.2227,19.6166,-35.204,4.1168]
    reach: arm (0,1) grid 12.67-23.33, enclosure - deg  REFUSED: arm (0,1): the stopping event does not exist at sub-box (0,0,0)
    reach: arm (0,-1) 16.6-18.7 deg [selfoff foot 1]  grid 17.00-18.33, enclosure 17.00-18.33 deg
    reach: arm (1,1) 18.6-20.7 deg [selfoff foot 0]  grid 19.00-20.33, enclosure 19.00-20.33 deg
    reach: arm (1,-1) 19.3-21.1 deg [cross r1 foot 0 at r0]  grid 19.67-20.67, enclosure 19.67-20.67 deg
    reach: arm (2,1) 15.9-22.7 deg [cross a1 foot 1 at r1]  grid 16.33-22.33, enclosure 16.33-22.33 deg
    reach: arm (2,-1) 59.6-64.4 deg [cross r1 foot 0 at r0]  grid 60.00-64.00, enclosure 60.00-64.00 deg
cell 138 (depth 8, victim half-widths 0.125/0.125/0.250u): split on the victim's rot axis (refused: reach envelope: arm (0,1): the stopping event does not exist at sub-box (0,0,0))
cell 139 (depth 8, victim half-widths 0.125/0.125/0.250u): centre [0.8192,-30.3367,-3.2227,19.6166,-34.954,4.1168]
    reach: arm (0,1) grid 10.67-23.33, enclosure - deg  REFUSED: arm (0,1): the stopping event does not exist at sub-box (0,0,0)
    reach: arm (0,-1) 16.9-19.1 deg [selfoff foot 1]  grid 17.33-18.67, enclosure 17.33-18.67 deg
    reach: arm (1,1) 19.3-21.1 deg [selfoff foot 0]  grid 19.67-20.67, enclosure 19.67-20.67 deg
    reach: arm (1,-1) 18.9-20.7 deg [cross r1 foot 0 at r0]  grid 19.33-20.33, enclosure 19.33-20.33 deg
    reach: arm (2,1) 15.3-22.1 deg [cross a1 foot 1 at r1]  grid 15.67-21.67, enclosure 15.67-21.67 deg
    reach: arm (2,-1) 58.9-63.7 deg [cross r1 foot 0 at r0]  grid 59.33-63.33, enclosure 59.33-63.33 deg
cell 139 (depth 8, victim half-widths 0.125/0.125/0.250u): split on the victim's rot axis (refused: reach envelope: arm (0,1): the stopping event does not exist at sub-box (0,0,0))
cell 140 (depth 8, victim half-widths 0.125/0.125/0.250u): centre [0.8192,-30.3367,-3.2227,19.8666,-35.204,4.1168]
    reach: arm (0,1) grid 11.00-23.67, enclosure - deg  REFUSED: arm (0,1): the stopping event does not exist at sub-box (0,0,0)
    reach: arm (0,-1) 16.3-18.4 deg [selfoff foot 1]  grid 16.67-18.00, enclosure 16.67-18.00 deg
    reach: arm (1,1) 18.6-20.7 deg [selfoff foot 0]  grid 19.00-20.33, enclosure 19.00-20.33 deg
    reach: arm (1,-1) 19.3-21.1 deg [cross r1 foot 0 at r0]  grid 19.67-20.67, enclosure 19.67-20.67 deg
    reach: arm (2,1) 17.6-24.1 deg [cross a1 foot 1 at r1]  grid 18.00-23.67, enclosure 18.00-23.67 deg
    reach: arm (2,-1) 58.9-63.7 deg [cross r1 foot 0 at r0]  grid 59.33-63.33, enclosure 59.33-63.33 deg
cell 140 (depth 8, victim half-widths 0.125/0.125/0.250u): split on the victim's rot axis (refused: reach envelope: arm (0,1): the stopping event does not exist at sub-box (0,0,0))
cell 141 (depth 8, victim half-widths 0.125/0.125/0.250u): centre [0.8192,-30.3367,-3.2227,19.8666,-34.954,4.1168]
    reach: arm (0,1) grid 9.33-23.33, enclosure - deg  REFUSED: arm (0,1): the stopping event (foot 1, level 40.81u of circle 3) is tangent somewhere in the box (sub-box 0,0,0)
    reach: arm (0,-1) 16.6-18.7 deg [selfoff foot 1]  grid 17.00-18.33, enclosure 17.00-18.33 deg
    reach: arm (1,1) 18.9-21.1 deg [selfoff foot 0]  grid 19.33-20.67, enclosure 19.33-20.67 deg
    reach: arm (1,-1) 18.9-20.7 deg [cross r1 foot 0 at r0]  grid 19.33-20.33, enclosure 19.33-20.33 deg
    reach: arm (2,1) 16.6-23.4 deg [cross a1 foot 1 at r1]  grid 17.00-23.00, enclosure 17.00-23.00 deg
    reach: arm (2,-1) 58.3-63.1 deg [cross r1 foot 0 at r0]  grid 58.67-62.67, enclosure 58.67-62.67 deg
cell 141 (depth 8, victim half-widths 0.125/0.125/0.250u): split on the victim's rot axis (refused: reach envelope: arm (0,1): the stopping event (foot 1, level 40.81u of circle 3) is tangent somewhere in the b)
cell 142 (depth 8, victim half-widths 0.125/0.125/0.250u): centre [0.8192,-30.3367,-3.2227,19.6166,-35.204,4.1385]
    reach: arm (0,1) grid 10.33-23.00, enclosure - deg  REFUSED: arm (0,1): the stopping event does not exist at sub-box (0,0,0)
    reach: arm (0,-1) 16.9-19.1 deg [selfoff foot 1]  grid 17.33-18.67, enclosure 17.33-18.67 deg
    reach: arm (1,1) 18.3-20.4 deg [selfoff foot 0]  grid 18.67-20.00, enclosure 18.67-20.00 deg
    reach: arm (1,-1) 19.6-21.7 deg [cross r1 foot 0 at r0]  grid 20.00-21.33, enclosure 20.00-21.33 deg
    reach: arm (2,1) 12.9-19.4 deg [cross a1 foot 1 at r1]  grid 13.33-19.00, enclosure 13.33-19.00 deg
    reach: arm (2,-1) 62.3-67.4 deg [cross r1 foot 0 at r0]  grid 62.67-67.00, enclosure 62.67-67.00 deg
cell 142 (depth 8, victim half-widths 0.125/0.125/0.250u): split on the victim's rot axis (refused: reach envelope: arm (0,1): the stopping event does not exist at sub-box (0,0,0))
cell 143 (depth 8, victim half-widths 0.125/0.125/0.250u): centre [0.8192,-30.3367,-3.2227,19.6166,-34.954,4.1385]
    reach: arm (0,1) grid 9.00-22.67, enclosure - deg  REFUSED: arm (0,1): the stopping event does not exist at sub-box (0,0,0)
    reach: arm (0,-1) 17.3-19.4 deg [selfoff foot 1]  grid 17.67-19.00, enclosure 17.67-19.00 deg
    reach: arm (1,1) 18.6-20.7 deg [selfoff foot 0]  grid 19.00-20.33, enclosure 19.00-20.33 deg
    reach: arm (1,-1) 19.3-21.4 deg [cross r1 foot 0 at r0]  grid 19.67-21.00, enclosure 19.67-21.00 deg
    reach: arm (2,1) 11.9-18.7 deg [cross a1 foot 1 at r1]  grid 12.33-18.33, enclosure 12.33-18.33 deg
    reach: arm (2,-1) 61.6-66.7 deg [cross r1 foot 0 at r0]  grid 62.00-66.33, enclosure 62.00-66.33 deg
cell 143 (depth 8, victim half-widths 0.125/0.125/0.250u): split on the victim's rot axis (refused: reach envelope: arm (0,1): the stopping event does not exist at sub-box (0,0,0))
cell 144 (depth 8, victim half-widths 0.125/0.125/0.250u): centre [0.8192,-30.3367,-3.2227,19.8666,-35.204,4.1385]
    reach: arm (0,1) grid 9.00-23.00, enclosure - deg  REFUSED: arm (0,1): the stopping event does not exist at sub-box (0,0,0)
    reach: arm (0,-1) 16.6-18.7 deg [selfoff foot 1]  grid 17.00-18.33, enclosure 17.00-18.33 deg
    reach: arm (1,1) 18.3-20.1 deg [selfoff foot 0]  grid 18.67-19.67, enclosure 18.67-19.67 deg
    reach: arm (1,-1) 19.9-21.7 deg [cross r1 foot 0 at r0]  grid 20.33-21.33, enclosure 20.33-21.33 deg
    reach: arm (2,1) 14.3-21.1 deg [cross a1 foot 1 at r1]  grid 14.67-20.67, enclosure 14.67-20.67 deg
    reach: arm (2,-1) 61.6-66.7 deg [cross r1 foot 0 at r0]  grid 62.00-66.33, enclosure 62.00-66.33 deg
cell 144 (depth 8, victim half-widths 0.125/0.125/0.250u): split on the victim's rot axis (refused: reach envelope: arm (0,1): the stopping event does not exist at sub-box (0,0,0))
cell 145 (depth 8, victim half-widths 0.125/0.125/0.250u): centre [0.8192,-30.3367,-3.2227,19.8666,-34.954,4.1385]
    reach: arm (0,1) 7.3-13.4 deg [cross r1 foot 1 at a1]  grid 7.67-13.00, enclosure 7.67-13.00 deg
    reach: arm (0,-1) 16.9-19.1 deg [selfoff foot 1]  grid 17.33-18.67, enclosure 17.33-18.67 deg
    reach: arm (1,1) 18.6-20.7 deg [selfoff foot 0]  grid 19.00-20.33, enclosure 19.00-20.33 deg
    reach: arm (1,-1) 19.3-21.4 deg [cross r1 foot 0 at r0]  grid 19.67-21.00, enclosure 19.67-21.00 deg
    reach: arm (2,1) 13.6-20.1 deg [cross a1 foot 1 at r1]  grid 14.00-19.67, enclosure 14.00-19.67 deg
    reach: arm (2,-1) 61.3-66.1 deg [cross r1 foot 0 at r0]  grid 61.67-65.67, enclosure 61.67-65.67 deg
    3/27: [0.819,-30.337,-3.223,19.742,-35.079,4.128] dead W=0.95 accept=0.97  (14s)
    6/27: [0.819,-30.337,-3.223,19.742,-34.829,4.128] dead W=0.87 accept=0.87  (18s)
    9/27: [0.819,-30.337,-3.223,19.867,-35.079,4.138] dead W=0.44 accept=0.42  (22s)
    12/27: [0.819,-30.337,-3.223,19.742,-34.829,4.149] dead W=0.45 accept=0.52  (22s)
    15/27: [0.819,-30.337,-3.223,19.867,-34.954,4.138] dead W=0.54 accept=0.59  (25s)
    18/27: [0.819,-30.337,-3.223,19.992,-35.079,4.128] dead W=0.66 accept=0.71  (29s)
    21/27: [0.819,-30.337,-3.223,19.992,-35.079,4.149] dead W=0.41 accept=0.25  (32s)
    24/27: [0.819,-30.337,-3.223,19.992,-34.954,4.149] dead W=0.39 accept=0.37  (33s)
    27/27: [0.819,-30.337,-3.223,19.992,-34.829,4.149] dead W=0.28 accept=0.40  (36s)
    round 1: 9 pairs refused, 9 midpoints to certify (step 0.125u)
    1/9: [0.819,-30.337,-3.223,19.742,-34.829,4.144] dead W=0.55 accept=0.55  (39s)
    2/9: [0.819,-30.337,-3.223,19.742,-34.954,4.144] dead W=0.62 accept=0.42  (40s)
    3/9: [0.819,-30.337,-3.223,19.867,-35.079,4.144] dead W=0.49 accept=0.20  (40s)
    4/9: [0.819,-30.337,-3.223,19.742,-35.079,4.144] dead W=0.47 accept=0.20  (40s)
    5/9: [0.819,-30.337,-3.223,19.867,-34.954,4.144] dead W=0.37 accept=0.43  (43s)
    6/9: [0.819,-30.337,-3.223,19.867,-34.829,4.144] dead W=0.40 accept=0.23  (43s)
    7/9: [0.819,-30.337,-3.223,19.992,-35.079,4.144] dead W=0.38 accept=0.21  (44s)
    8/9: [0.819,-30.337,-3.223,19.992,-34.954,4.144] dead W=0.40 accept=0.43  (44s)
    9/9: [0.819,-30.337,-3.223,19.992,-34.829,4.144] dead W=0.37 accept=0.25  (47s)
    round 2: 3 pairs refused, 3 midpoints to certify (step 0.063u)
    1/3: [0.819,-30.337,-3.223,19.867,-34.829,4.147] dead W=0.39 accept=0.48  (50s)
    2/3: [0.819,-30.337,-3.223,19.742,-34.829,4.147] dead W=0.49 accept=0.49  (50s)
    3/3: [0.819,-30.337,-3.223,19.992,-34.829,4.147] dead W=0.30 accept=0.21  (50s)
cell 145 (depth 8, victim half-widths 0.125/0.125/0.250u): dead (39 poses, 6552 gaps, 1 slivers, 0 probed gaps, min accepted 0.04u)
cell 146 (depth 8, victim half-widths 0.250/0.125/0.125u): centre [0.8192,-30.3367,-3.2227,19.7416,-34.454,4.0681]
    reach: arm (0,1) grid 11.00-23.67, enclosure - deg  REFUSED: arm (0,1): the stopping event does not exist at sub-box (0,0,0)
    reach: arm (0,-1) 16.6-18.7 deg [selfoff foot 1]  grid 17.00-18.33, enclosure 17.00-18.33 deg
    reach: arm (1,1) 20.9-22.7 deg [selfoff r1 foot 0]  grid 21.33-22.33, enclosure 21.33-22.33 deg
    reach: arm (1,-1) grid 18.00-28.67, enclosure - deg  REFUSED: arm (1,-1): stopping event changes between cells (0,0,1)-(1,0,1): cross|r0|2:a1 vs cross|r1|0:r0
    reach: arm (2,1) grid 23.00-28.67, enclosure - deg  REFUSED: arm (2,1): stopping event changes between cells (0,0,1)-(1,0,1): cross|a1,r1|1:r1 vs cross|a1|1:r1
    reach: arm (2,-1) grid 52.67-79.33, enclosure - deg  REFUSED: arm (2,-1): stopping event changes between cells (0,0,1)-(1,0,1): cross|r0,r1|0:a0 vs cross|r1|0:r0
cell 146 (depth 8, victim half-widths 0.250/0.125/0.125u): split on the victim's x axis (refused: reach envelope: arm (0,1): the stopping event does not exist at sub-box (0,0,0); arm (1,-1): stopping event ch)
cell 147 (depth 8, victim half-widths 0.250/0.125/0.125u): centre [0.8192,-30.3367,-3.2227,19.7416,-34.454,4.0789]
    reach: arm (0,1) grid 10.33-23.33, enclosure - deg  REFUSED: arm (0,1): the stopping event (foot 1, level 40.81u of circle 3) is tangent somewhere in the box (sub-box 0,0,0)
    reach: arm (0,-1) 16.9-18.7 deg [selfoff foot 1]  grid 17.33-18.33, enclosure 17.33-18.33 deg
    reach: arm (1,1) 20.9-22.7 deg [selfoff foot 0]  grid 21.33-22.33, enclosure 21.33-22.33 deg
    reach: arm (1,-1) grid 18.00-29.00, enclosure - deg  REFUSED: arm (1,-1): stopping event changes between cells (0,2,0)-(0,3,0): cross|r1|0:r0 vs cross|r0|2:a1
    reach: arm (2,1) grid 21.00-27.00, enclosure - deg  REFUSED: arm (2,1): stopping event changes between cells (0,2,0)-(0,3,0): cross|a1|1:r1 vs cross|a1,r1|1:r1
    reach: arm (2,-1) grid 53.67-79.33, enclosure - deg  REFUSED: arm (2,-1): stopping event changes between cells (0,2,0)-(0,3,0): cross|r1|1:r1 vs cross|r0,r1|0:a0
cell 147 (depth 8, victim half-widths 0.250/0.125/0.125u): refused -- reach envelope: arm (0,1): the stopping event (foot 1, level 40.81u of circle 3) is tangent somewhere in the box (sub-box 0,0,0); arm (1,-1): stopping event cha
cell 148 (depth 8, victim half-widths 0.125/0.125/0.250u): centre [0.8192,-30.3367,-3.2227,19.6166,-34.454,4.0952]
    reach: arm (0,1) grid 9.67-15.67, enclosure - deg  REFUSED: arm (0,1): the stopping event (foot 1, level 40.81u of circle 3) is tangent somewhere in the box (sub-box 0,0,0)
    reach: arm (0,-1) 17.3-19.1 deg [selfoff foot 1]  grid 17.67-18.67, enclosure 17.67-18.67 deg
    reach: arm (1,1) 20.3-22.4 deg [selfoff foot 0]  grid 20.67-22.00, enclosure 20.67-22.00 deg
    reach: arm (1,-1) 17.6-19.4 deg [cross r1 foot 0 at r0]  grid 18.00-19.00, enclosure 18.00-19.00 deg
    reach: arm (2,1) 16.9-24.1 deg [cross a1 foot 1 at r1]  grid 17.33-23.67, enclosure 17.33-23.67 deg
    reach: arm (2,-1) 53.6-59.4 deg [cross r1 foot 1 at r1]  grid 54.00-59.00, enclosure 54.00-59.00 deg
cell 148 (depth 8, victim half-widths 0.125/0.125/0.250u): split on the victim's rot axis (refused: reach envelope: arm (0,1): the stopping event (foot 1, level 40.81u of circle 3) is tangent somewhere in the b)
cell 149 (depth 8, victim half-widths 0.125/0.125/0.250u): centre [0.8192,-30.3367,-3.2227,19.8666,-34.454,4.0952]
    reach: arm (0,1) 8.3-13.7 deg [cross r1 foot 1 at a1]  grid 8.67-13.33, enclosure 8.67-13.33 deg
    reach: arm (0,-1) 16.9-19.1 deg [selfoff foot 1]  grid 17.33-18.67, enclosure 17.33-18.67 deg
    reach: arm (1,1) 20.3-22.4 deg [selfoff foot 0]  grid 20.67-22.00, enclosure 20.67-22.00 deg
    reach: arm (1,-1) 17.6-19.7 deg [cross r1 foot 0 at r0]  grid 18.00-19.33, enclosure 18.00-19.33 deg
    reach: arm (2,1) 18.6-25.7 deg [cross a1 foot 1 at r1]  grid 19.00-25.33, enclosure 19.00-25.33 deg
    reach: arm (2,-1) 53.9-59.1 deg [cross r1 foot 0 at r0]  grid 54.33-58.67, enclosure 54.33-58.67 deg
    3/27: [0.819,-30.337,-3.223,19.742,-34.454,4.084] dead W=1.41 accept=3.52  (12s)
    6/27: [0.819,-30.337,-3.223,19.742,-34.454,4.106] dead W=0.40 accept=3.62  (16s)
    9/27: [0.819,-30.337,-3.223,19.867,-34.579,4.084] dead W=1.30 accept=1.30  (19s)
    12/27: [0.819,-30.337,-3.223,19.867,-34.579,4.095] dead W=0.43 accept=1.24  (20s)
    15/27: [0.819,-30.337,-3.223,19.867,-34.454,4.095] dead W=1.13 accept=3.53  (23s)
    18/27: [0.819,-30.337,-3.223,19.992,-34.579,4.084] dead W=1.08 accept=1.08  (27s)
    21/27: [0.819,-30.337,-3.223,19.992,-34.579,4.106] dead W=0.58 accept=0.90  (29s)
    24/27: [0.819,-30.337,-3.223,19.992,-34.454,4.084] dead W=1.02 accept=1.02  (30s)
    27/27: [0.819,-30.337,-3.223,19.992,-34.329,4.106] dead W=0.74 accept=0.98  (33s)
    round 1: 16 pairs refused, 16 midpoints to certify (step 0.125u)
    2/16: [0.819,-30.337,-3.223,19.742,-34.579,4.101] dead W=0.46 accept=3.54  (36s)
    4/16: [0.819,-30.337,-3.223,19.804,-34.454,4.084] dead W=1.34 accept=3.50  (37s)
    6/16: [0.819,-30.337,-3.223,19.804,-34.329,4.084] dead W=1.26 accept=1.60  (40s)
    8/16: [0.819,-30.337,-3.223,19.742,-34.392,4.095] dead W=1.37 accept=3.58  (41s)
    10/16: [0.819,-30.337,-3.223,19.804,-34.329,4.095] dead W=1.19 accept=2.00  (44s)
    12/16: [0.819,-30.337,-3.223,19.867,-34.517,4.084] dead W=1.26 accept=1.26  (45s)
    14/16: [0.819,-30.337,-3.223,19.992,-34.329,4.09] dead W=0.92 accept=0.92  (48s)
    16/16: [0.819,-30.337,-3.223,19.992,-34.454,4.09] dead W=1.00 accept=1.00  (48s)
    round 2: 5 pairs refused, 5 midpoints to certify (step 0.063u)
    1/5: [0.819,-30.337,-3.223,19.992,-34.454,4.087] dead W=1.04 accept=1.04  (52s)
    2/5: [0.819,-30.337,-3.223,19.867,-34.329,4.087] dead W=1.16 accept=1.30  (52s)
    3/5: [0.819,-30.337,-3.223,19.867,-34.454,4.087] dead W=1.16 accept=1.28  (53s)
    4/5: [0.819,-30.337,-3.223,19.742,-34.329,4.092] dead W=1.30 accept=3.58  (53s)
    5/5: [0.819,-30.337,-3.223,19.992,-34.329,4.087] dead W=0.99 accept=0.99  (55s)
cell 149 (depth 8, victim half-widths 0.125/0.125/0.250u): dead (48 poses, 7872 gaps, 8 slivers, 3 probed gaps, min accepted 0.03u)
cell 150 (depth 8, victim half-widths 0.125/0.125/0.250u): centre [0.8192,-30.3367,-3.2227,20.3666,-36.204,4.0952]
    reach: arm (0,1) 24.3-26.1 deg [cross r1 foot 1 at r0]  grid 24.67-25.67, enclosure 24.67-25.67 deg
    reach: arm (0,-1) 13.9-16.1 deg [selfoff foot 1]  grid 14.33-15.67, enclosure 14.33-15.67 deg
    reach: arm (1,1) 17.3-19.4 deg [selfoff foot 0]  grid 17.67-19.00, enclosure 17.67-19.00 deg
    reach: arm (1,-1) 20.3-22.1 deg [cross r1 foot 0 at r0]  grid 20.67-21.67, enclosure 20.67-21.67 deg
    reach: arm (2,1) 26.3-32.4 deg [cross a1 foot 1 at r1]  grid 26.67-32.00, enclosure 26.67-32.00 deg
    reach: arm (2,-1) 57.9-62.4 deg [cross r1 foot 0 at r0]  grid 58.33-62.00, enclosure 58.33-62.00 deg
    3/27: [0.819,-30.337,-3.223,20.242,-36.329,4.084] dead W=0.59 accept=1.48  (13s)
    6/27: [0.819,-30.337,-3.223,20.242,-36.079,4.095] dead W=0.30 accept=1.25  (17s)
    9/27: [0.819,-30.337,-3.223,20.242,-36.079,4.106] dead W=0.19 accept=1.01  (20s)
    12/27: [0.819,-30.337,-3.223,20.367,-36.329,4.106] dead W=0.46 accept=0.96  (21s)
    15/27: [0.819,-30.337,-3.223,20.367,-36.204,4.106] dead W=0.37 accept=0.97  (24s)
    18/27: [0.819,-30.337,-3.223,20.367,-36.079,4.106] dead W=0.28 accept=0.92  (28s)
    21/27: [0.819,-30.337,-3.223,20.492,-36.329,4.106] dead W=0.54 accept=0.85  (31s)
    24/27: [0.819,-30.337,-3.223,20.492,-36.204,4.106] dead W=0.45 accept=0.78  (32s)
    27/27: [0.819,-30.337,-3.223,20.492,-36.079,4.106] dead W=0.36 accept=0.76  (35s)
    round 1: 12 pairs refused, 12 midpoints to certify (step 0.063u)
    1/12: [0.819,-30.337,-3.223,20.242,-36.267,4.106] dead W=0.33 accept=1.11  (39s)
    2/12: [0.819,-30.337,-3.223,20.304,-36.204,4.106] dead W=0.32 accept=1.01  (39s)
    3/12: [0.819,-30.337,-3.223,20.304,-36.329,4.095] dead W=0.47 accept=1.26  (39s)
    4/12: [0.819,-30.337,-3.223,20.242,-36.329,4.101] dead W=0.43 accept=1.25  (39s)
    5/12: [0.819,-30.337,-3.223,20.367,-36.204,4.101] dead W=0.42 accept=1.03  (42s)
    6/12: [0.819,-30.337,-3.223,20.367,-36.329,4.09] dead W=0.41 accept=1.20  (42s)
    7/12: [0.819,-30.337,-3.223,20.367,-36.267,4.095] dead W=0.42 accept=1.14  (42s)
    8/12: [0.819,-30.337,-3.223,20.367,-36.142,4.106] dead W=0.32 accept=0.92  (42s)
    9/12: [0.819,-30.337,-3.223,20.492,-36.329,4.09] dead W=0.44 accept=1.14  (46s)
    10/12: [0.819,-30.337,-3.223,20.492,-36.267,4.095] dead W=0.45 accept=0.96  (46s)
    11/12: [0.819,-30.337,-3.223,20.492,-36.204,4.101] dead W=0.45 accept=0.88  (46s)
    12/12: [0.819,-30.337,-3.223,20.492,-36.142,4.106] dead W=0.41 accept=0.75  (46s)
    round 2: 5 pairs refused, 5 midpoints to certify (step 0.063u)
    1/5: [0.819,-30.337,-3.223,20.492,-36.329,4.092] dead W=0.47 accept=1.00  (50s)
    2/5: [0.819,-30.337,-3.223,20.242,-36.329,4.098] dead W=0.46 accept=1.24  (50s)
    3/5: [0.819,-30.337,-3.223,20.367,-36.204,4.103] dead W=0.40 accept=0.96  (50s)
    4/5: [0.819,-30.337,-3.223,20.367,-36.329,4.092] dead W=0.45 accept=1.21  (50s)
    5/5: [0.819,-30.337,-3.223,20.492,-36.204,4.103] dead W=0.48 accept=0.84  (53s)
cell 150 (depth 8, victim half-widths 0.125/0.125/0.250u): dead (44 poses, 8272 gaps, 12 slivers, 0 probed gaps, min accepted 0.03u)
cell 151 (depth 8, victim half-widths 0.125/0.125/0.250u): centre [0.8192,-30.3367,-3.2227,20.3666,-35.954,4.0952]
    reach: arm (0,1) grid 15.67-25.33, enclosure - deg  REFUSED: arm (0,1): the stopping event does not exist at sub-box (0,0,0)
    reach: arm (0,-1) 14.3-16.4 deg [selfoff foot 1]  grid 14.67-16.00, enclosure 14.67-16.00 deg
    reach: arm (1,1) 17.6-19.7 deg [selfoff foot 0]  grid 18.00-19.33, enclosure 18.00-19.33 deg
    reach: arm (1,-1) 19.9-21.7 deg [cross r1 foot 0 at r0]  grid 20.33-21.33, enclosure 20.33-21.33 deg
    reach: arm (2,1) 25.6-31.7 deg [cross a1 foot 1 at r1]  grid 26.00-31.33, enclosure 26.00-31.33 deg
    reach: arm (2,-1) 57.3-61.7 deg [cross r1 foot 0 at r0]  grid 57.67-61.33, enclosure 57.67-61.33 deg
cell 151 (depth 8, victim half-widths 0.125/0.125/0.250u): split on the victim's rot axis (refused: reach envelope: arm (0,1): the stopping event does not exist at sub-box (0,0,0))
cell 152 (depth 8, victim half-widths 0.125/0.125/0.250u): centre [0.8192,-30.3367,-3.2227,20.3666,-35.704,4.0735]
    reach: arm (0,1) grid 15.33-25.67, enclosure - deg  REFUSED: arm (0,1): the stopping event does not exist at sub-box (0,0,0)
    reach: arm (0,-1) 14.3-16.4 deg [selfoff foot 1]  grid 14.67-16.00, enclosure 14.67-16.00 deg
    reach: arm (1,1) 18.6-20.4 deg [selfoff foot 0]  grid 19.00-20.00, enclosure 19.00-20.00 deg
    reach: arm (1,-1) 18.9-20.7 deg [cross r1 foot 0 at r0]  grid 19.33-20.33, enclosure 19.33-20.33 deg
    reach: arm (2,1) 28.3-34.7 deg [cross a1 foot 1 at r1]  grid 28.67-34.33, enclosure 28.67-34.33 deg
    reach: arm (2,-1) 53.9-58.4 deg [cross r1 foot 0 at r0]  grid 54.33-58.00, enclosure 54.33-58.00 deg
cell 152 (depth 8, victim half-widths 0.125/0.125/0.250u): split on the victim's rot axis (refused: reach envelope: arm (0,1): the stopping event does not exist at sub-box (0,0,0))
cell 153 (depth 8, victim half-widths 0.125/0.125/0.250u): centre [0.8192,-30.3367,-3.2227,20.3666,-35.454,4.0735]
    reach: arm (0,1) grid 13.33-25.67, enclosure - deg  REFUSED: arm (0,1): the stopping event does not exist at sub-box (0,0,0)
    reach: arm (0,-1) 14.6-16.7 deg [selfoff foot 1]  grid 15.00-16.33, enclosure 15.00-16.33 deg
    reach: arm (1,1) 18.9-21.1 deg [selfoff foot 0]  grid 19.33-20.67, enclosure 19.33-20.67 deg
    reach: arm (1,-1) 18.6-20.4 deg [cross r1 foot 0 at r0]  grid 19.00-20.00, enclosure 19.00-20.00 deg
    reach: arm (2,1) 27.9-34.1 deg [cross a1 foot 1 at r1]  grid 28.33-33.67, enclosure 28.33-33.67 deg
    reach: arm (2,-1) 53.3-58.1 deg [cross r1 foot 0 at r0]  grid 53.67-57.67, enclosure 53.67-57.67 deg
cell 153 (depth 8, victim half-widths 0.125/0.125/0.250u): split on the victim's rot axis (refused: reach envelope: arm (0,1): the stopping event does not exist at sub-box (0,0,0))
cell 154 (depth 8, victim half-widths 0.125/0.125/0.250u): centre [0.8192,-30.3367,-3.2227,20.3666,-35.704,4.0952]
    reach: arm (0,1) grid 13.00-25.33, enclosure - deg  REFUSED: arm (0,1): the stopping event does not exist at sub-box (0,0,0)
    reach: arm (0,-1) 14.6-16.7 deg [selfoff foot 1]  grid 15.00-16.33, enclosure 15.00-16.33 deg
    reach: arm (1,1) 17.9-20.1 deg [selfoff foot 0]  grid 18.33-19.67, enclosure 18.33-19.67 deg
    reach: arm (1,-1) 19.6-21.4 deg [cross r1 foot 0 at r0]  grid 20.00-21.00, enclosure 20.00-21.00 deg
    reach: arm (2,1) 24.9-31.4 deg [cross a1 foot 1 at r1]  grid 25.33-31.00, enclosure 25.33-31.00 deg
    reach: arm (2,-1) 56.6-61.4 deg [cross r1 foot 0 at r0]  grid 57.00-61.00, enclosure 57.00-61.00 deg
cell 154 (depth 8, victim half-widths 0.125/0.125/0.250u): split on the victim's rot axis (refused: reach envelope: arm (0,1): the stopping event does not exist at sub-box (0,0,0))
cell 155 (depth 8, victim half-widths 0.125/0.125/0.250u): centre [0.8192,-30.3367,-3.2227,20.3666,-35.454,4.0952]
    reach: arm (0,1) grid 11.33-25.00, enclosure - deg  REFUSED: arm (0,1): the stopping event does not exist at sub-box (0,0,0)
    reach: arm (0,-1) 14.9-17.1 deg [selfoff foot 1]  grid 15.33-16.67, enclosure 15.33-16.67 deg
    reach: arm (1,1) 18.6-20.4 deg [selfoff foot 0]  grid 19.00-20.00, enclosure 19.00-20.00 deg
    reach: arm (1,-1) 19.3-21.1 deg [cross r1 foot 0 at r0]  grid 19.67-20.67, enclosure 19.67-20.67 deg
    reach: arm (2,1) 24.6-30.7 deg [cross a1 foot 1 at r1]  grid 25.00-30.33, enclosure 25.00-30.33 deg
    reach: arm (2,-1) 55.9-60.7 deg [cross r1 foot 0 at r0]  grid 56.33-60.33, enclosure 56.33-60.33 deg
cell 155 (depth 8, victim half-widths 0.125/0.125/0.250u): split on the victim's rot axis (refused: reach envelope: arm (0,1): the stopping event does not exist at sub-box (0,0,0))
cell 156 (depth 8, victim half-widths 0.125/0.125/0.250u): centre [0.8192,-30.3367,-3.2227,20.3666,-36.204,4.1168]
    reach: arm (0,1) 23.6-25.7 deg [cross r1 foot 1 at r0]  grid 24.00-25.33, enclosure 24.00-25.33 deg
    reach: arm (0,-1) 14.6-16.4 deg [selfoff foot 1]  grid 15.00-16.00, enclosure 15.00-16.00 deg
    reach: arm (1,1) 16.9-18.7 deg [selfoff foot 0]  grid 17.33-18.33, enclosure 17.33-18.33 deg
    reach: arm (1,-1) 20.6-22.7 deg [cross r1 foot 0 at r0]  grid 21.00-22.33, enclosure 21.00-22.33 deg
    reach: arm (2,1) 22.9-29.1 deg [cross a1 foot 1 at r1]  grid 23.33-28.67, enclosure 23.33-28.67 deg
    reach: arm (2,-1) 60.6-65.1 deg [cross r1 foot 0 at r0]  grid 61.00-64.67, enclosure 61.00-64.67 deg
    3/27: [0.819,-30.337,-3.223,20.242,-36.329,4.128] dead W=0.44 accept=0.75  (13s)
    6/27: [0.819,-30.337,-3.223,20.242,-36.204,4.117] dead W=0.97 accept=0.97  (17s)
    9/27: [0.819,-30.337,-3.223,20.242,-36.079,4.128] dead W=0.69 accept=0.69  (21s)
    12/27: [0.819,-30.337,-3.223,20.367,-36.329,4.128] dead W=0.47 accept=0.60  (21s)
    15/27: [0.819,-30.337,-3.223,20.367,-36.204,4.128] dead W=0.60 accept=0.60  (24s)
    18/27: [0.819,-30.337,-3.223,20.367,-36.079,4.128] dead W=0.55 accept=0.55  (28s)
    21/27: [0.819,-30.337,-3.223,20.492,-36.329,4.128] dead W=0.47 accept=0.47  (32s)
    24/27: [0.819,-30.337,-3.223,20.492,-36.204,4.106] dead W=0.42 accept=0.78  (32s)
    27/27: [0.819,-30.337,-3.223,20.492,-36.079,4.128] dead W=0.41 accept=0.41  (35s)
    round 1: 6 pairs refused, 6 midpoints to certify (step 0.063u)
    1/6: [0.819,-30.337,-3.223,20.367,-36.142,4.106] dead W=0.96 accept=0.96  (39s)
    2/6: [0.819,-30.337,-3.223,20.242,-36.142,4.106] dead W=0.99 accept=0.99  (39s)
    3/6: [0.819,-30.337,-3.223,20.242,-36.079,4.111] dead W=0.96 accept=0.96  (39s)
    4/6: [0.819,-30.337,-3.223,20.367,-36.079,4.111] dead W=0.78 accept=0.78  (39s)
    5/6: [0.819,-30.337,-3.223,20.492,-36.142,4.106] dead W=0.37 accept=0.75  (43s)
    6/6: [0.819,-30.337,-3.223,20.492,-36.079,4.111] dead W=0.73 accept=0.73  (43s)
    round 2: 3 pairs refused, 3 midpoints to certify (step 0.063u)
    1/3: [0.819,-30.337,-3.223,20.492,-36.079,4.109] dead W=0.72 accept=0.72  (47s)
    2/3: [0.819,-30.337,-3.223,20.242,-36.079,4.109] dead W=0.95 accept=0.95  (47s)
    3/3: [0.819,-30.337,-3.223,20.367,-36.079,4.109] dead W=0.84 accept=0.84  (47s)
cell 156 (depth 8, victim half-widths 0.125/0.125/0.250u): dead (36 poses, 6624 gaps, 6 slivers, 0 probed gaps, min accepted 0.06u)
cell 157 (depth 8, victim half-widths 0.125/0.125/0.250u): centre [0.8192,-30.3367,-3.2227,20.3666,-35.954,4.1168]
    reach: arm (0,1) grid 13.00-25.00, enclosure - deg  REFUSED: arm (0,1): the stopping event does not exist at sub-box (0,0,0)
    reach: arm (0,-1) 14.6-16.7 deg [selfoff foot 1]  grid 15.00-16.33, enclosure 15.00-16.33 deg
    reach: arm (1,1) 17.3-19.1 deg [selfoff foot 0]  grid 17.67-18.67, enclosure 17.67-18.67 deg
    reach: arm (1,-1) 20.3-22.4 deg [cross r1 foot 0 at r0]  grid 20.67-22.00, enclosure 20.67-22.00 deg
    reach: arm (2,1) 22.6-28.7 deg [cross a1 foot 1 at r1]  grid 23.00-28.33, enclosure 23.00-28.33 deg
    reach: arm (2,-1) 59.9-64.7 deg [cross r1 foot 0 at r0]  grid 60.33-64.33, enclosure 60.33-64.33 deg
cell 157 (depth 8, victim half-widths 0.125/0.125/0.250u): split on the victim's rot axis (refused: reach envelope: arm (0,1): the stopping event does not exist at sub-box (0,0,0))
cell 158 (depth 8, victim half-widths 0.125/0.125/0.250u): centre [0.8192,-30.3367,-3.2227,20.3666,-36.204,4.1385]
    reach: arm (0,1) grid 12.67-24.67, enclosure - deg  REFUSED: arm (0,1): the stopping event does not exist at sub-box (0,0,0)
    reach: arm (0,-1) 14.9-16.7 deg [selfoff foot 1]  grid 15.33-16.33, enclosure 15.33-16.33 deg
    reach: arm (1,1) 16.3-18.4 deg [selfoff foot 0]  grid 16.67-18.00, enclosure 16.67-18.00 deg
    reach: arm (1,-1) 21.3-23.1 deg [cross r1 foot 0 at r0]  grid 21.67-22.67, enclosure 21.67-22.67 deg
    reach: arm (2,1) 19.9-26.1 deg [cross a1 foot 1 at r1]  grid 20.33-25.67, enclosure 20.33-25.67 deg
    reach: arm (2,-1) 63.3-68.1 deg [cross r1 foot 0 at r0]  grid 63.67-67.67, enclosure 63.67-67.67 deg
cell 158 (depth 8, victim half-widths 0.125/0.125/0.250u): split on the victim's rot axis (refused: reach envelope: arm (0,1): the stopping event does not exist at sub-box (0,0,0))
cell 159 (depth 8, victim half-widths 0.125/0.125/0.250u): centre [0.8192,-30.3367,-3.2227,20.3666,-35.954,4.1385]
    reach: arm (0,1) grid 10.67-24.33, enclosure - deg  REFUSED: arm (0,1): the stopping event does not exist at sub-box (0,0,0)
    reach: arm (0,-1) 15.3-17.1 deg [selfoff foot 1]  grid 15.67-16.67, enclosure 15.67-16.67 deg
    reach: arm (1,1) 16.9-18.7 deg [selfoff foot 0]  grid 17.33-18.33, enclosure 17.33-18.33 deg
    reach: arm (1,-1) 20.9-22.7 deg [cross r1 foot 0 at r0]  grid 21.33-22.33, enclosure 21.33-22.33 deg
    reach: arm (2,1) 19.3-25.4 deg [cross a1 foot 1 at r1]  grid 19.67-25.00, enclosure 19.67-25.00 deg
    reach: arm (2,-1) 62.6-67.4 deg [cross r1 foot 0 at r0]  grid 63.00-67.00, enclosure 63.00-67.00 deg
cell 159 (depth 8, victim half-widths 0.125/0.125/0.250u): split on the victim's rot axis (refused: reach envelope: arm (0,1): the stopping event does not exist at sub-box (0,0,0))
cell 160 (depth 8, victim half-widths 0.125/0.125/0.250u): centre [0.8192,-30.3367,-3.2227,20.3666,-35.704,4.1168]
    reach: arm (0,1) grid 11.00-24.67, enclosure - deg  REFUSED: arm (0,1): the stopping event does not exist at sub-box (0,0,0)
    reach: arm (0,-1) 14.9-17.1 deg [selfoff foot 1]  grid 15.33-16.67, enclosure 15.33-16.67 deg
    reach: arm (1,1) 17.6-19.7 deg [selfoff foot 0]  grid 18.00-19.33, enclosure 18.00-19.33 deg
    reach: arm (1,-1) 19.9-22.1 deg [cross r1 foot 0 at r0]  grid 20.33-21.67, enclosure 20.33-21.67 deg
    reach: arm (2,1) 21.9-28.1 deg [cross a1 foot 1 at r1]  grid 22.33-27.67, enclosure 22.33-27.67 deg
    reach: arm (2,-1) 59.3-64.1 deg [cross r1 foot 0 at r0]  grid 59.67-63.67, enclosure 59.67-63.67 deg
cell 160 (depth 8, victim half-widths 0.125/0.125/0.250u): split on the victim's rot axis (refused: reach envelope: arm (0,1): the stopping event does not exist at sub-box (0,0,0))
cell 161 (depth 8, victim half-widths 0.125/0.125/0.250u): centre [0.8192,-30.3367,-3.2227,20.3666,-35.454,4.1168]
    reach: arm (0,1) grid 9.67-15.67, enclosure - deg  REFUSED: arm (0,1): the stopping event (foot 1, level 40.81u of circle 3) is tangent somewhere in the box (sub-box 0,0,0)
    reach: arm (0,-1) 15.3-17.4 deg [selfoff foot 1]  grid 15.67-17.00, enclosure 15.67-17.00 deg
    reach: arm (1,1) 17.9-20.1 deg [selfoff foot 0]  grid 18.33-19.67, enclosure 18.33-19.67 deg
    reach: arm (1,-1) 19.6-21.7 deg [cross r1 foot 0 at r0]  grid 20.00-21.33, enclosure 20.00-21.33 deg
    reach: arm (2,1) 21.3-27.4 deg [cross a1 foot 1 at r1]  grid 21.67-27.00, enclosure 21.67-27.00 deg
    reach: arm (2,-1) 58.6-63.4 deg [cross r1 foot 0 at r0]  grid 59.00-63.00, enclosure 59.00-63.00 deg
cell 161 (depth 8, victim half-widths 0.125/0.125/0.250u): split on the victim's rot axis (refused: reach envelope: arm (0,1): the stopping event (foot 1, level 40.81u of circle 3) is tangent somewhere in the b)
cell 162 (depth 8, victim half-widths 0.125/0.125/0.250u): centre [0.8192,-30.3367,-3.2227,20.3666,-35.704,4.1385]
    reach: arm (0,1) grid 9.33-24.00, enclosure - deg  REFUSED: arm (0,1): the stopping event does not exist at sub-box (0,0,0)
    reach: arm (0,-1) 15.6-17.4 deg [selfoff foot 1]  grid 16.00-17.00, enclosure 16.00-17.00 deg
    reach: arm (1,1) 17.3-19.1 deg [selfoff foot 0]  grid 17.67-18.67, enclosure 17.67-18.67 deg
    reach: arm (1,-1) 20.6-22.4 deg [cross r1 foot 0 at r0]  grid 21.00-22.00, enclosure 21.00-22.00 deg
    reach: arm (2,1) 18.6-25.1 deg [cross a1 foot 1 at r1]  grid 19.00-24.67, enclosure 19.00-24.67 deg
    reach: arm (2,-1) 61.9-66.7 deg [cross r1 foot 0 at r0]  grid 62.33-66.33, enclosure 62.33-66.33 deg
cell 162 (depth 8, victim half-widths 0.125/0.125/0.250u): split on the victim's rot axis (refused: reach envelope: arm (0,1): the stopping event does not exist at sub-box (0,0,0))
cell 163 (depth 8, victim half-widths 0.125/0.125/0.250u): centre [0.8192,-30.3367,-3.2227,20.3666,-35.454,4.1385]
    reach: arm (0,1) 7.6-13.4 deg [cross r1 foot 1 at a1]  grid 8.00-13.00, enclosure 8.00-13.00 deg
    reach: arm (0,-1) 15.6-17.7 deg [selfoff foot 1]  grid 16.00-17.33, enclosure 16.00-17.33 deg
    reach: arm (1,1) 17.6-19.7 deg [selfoff foot 0]  grid 18.00-19.33, enclosure 18.00-19.33 deg
    reach: arm (1,-1) 20.3-22.1 deg [cross r1 foot 0 at r0]  grid 20.67-21.67, enclosure 20.67-21.67 deg
    reach: arm (2,1) 17.9-24.4 deg [cross a1 foot 1 at r1]  grid 18.33-24.00, enclosure 18.33-24.00 deg
    reach: arm (2,-1) 61.3-66.1 deg [cross r1 foot 0 at r0]  grid 61.67-65.67, enclosure 61.67-65.67 deg
    3/27: [0.819,-30.337,-3.223,20.242,-35.454,4.128] dead W=0.48 accept=0.48  (14s)
    6/27: [0.819,-30.337,-3.223,20.242,-35.454,4.149] dead W=3.29 accept=0.51  (18s)
    9/27: [0.819,-30.337,-3.223,20.242,-35.329,4.149] dead W=0.16 accept=0.16  (21s)
    12/27: [0.819,-30.337,-3.223,20.367,-35.579,4.138] dead W=0.25 accept=0.26  (21s)
    15/27: [0.819,-30.337,-3.223,20.367,-35.329,4.128] dead W=0.31 accept=0.34  (25s)
    18/27: [0.819,-30.337,-3.223,20.492,-35.579,4.128] dead W=0.29 accept=0.29  (28s)
    21/27: [0.819,-30.337,-3.223,20.492,-35.579,4.149] dead W=3.15 accept=0.67  (31s)
    24/27: [0.819,-30.337,-3.223,20.492,-35.454,4.149] dead W=3.20 accept=0.52  (31s)
    27/27: [0.819,-30.337,-3.223,20.492,-35.329,4.149] dead W=3.22 accept=0.48  (35s)
    round 1: 8 pairs refused, 8 midpoints to certify (step 0.125u)
    1/8: [0.819,-30.337,-3.223,20.304,-35.329,4.149] dead W=3.31 accept=0.47  (38s)
    2/8: [0.819,-30.337,-3.223,20.304,-35.454,4.149] dead W=3.27 accept=0.51  (38s)
    3/8: [0.819,-30.337,-3.223,20.242,-35.329,4.133] dead W=0.37 accept=0.37  (38s)
    4/8: [0.819,-30.337,-3.223,20.242,-35.454,4.144] dead W=0.26 accept=0.27  (38s)
    5/8: [0.819,-30.337,-3.223,20.367,-35.392,4.128] dead W=0.35 accept=0.43  (42s)
    6/8: [0.819,-30.337,-3.223,20.429,-35.329,4.128] dead W=0.28 accept=0.38  (42s)
    7/8: [0.819,-30.337,-3.223,20.492,-35.329,4.133] dead W=0.17 accept=0.22  (42s)
    8/8: [0.819,-30.337,-3.223,20.492,-35.392,4.149] dead W=3.21 accept=0.50  (42s)
cell 163 (depth 8, victim half-widths 0.125/0.125/0.250u): dead (35 poses, 5950 gaps, 2 slivers, 0 probed gaps, min accepted 0.07u)
cell 164 (depth 8, victim half-widths 0.125/0.125/0.250u): centre [0.8192,-30.3367,-3.2227,20.3666,-35.204,4.0735]
    reach: arm (0,1) grid 11.67-25.00, enclosure - deg  REFUSED: arm (0,1): the stopping event (foot 1, level 40.81u of circle 3) is tangent somewhere in the box (sub-box 0,0,0)
    reach: arm (0,-1) 14.9-17.1 deg [selfoff foot 1]  grid 15.33-16.67, enclosure 15.33-16.67 deg
    reach: arm (1,1) 19.3-21.4 deg [selfoff foot 0]  grid 19.67-21.00, enclosure 19.67-21.00 deg
    reach: arm (1,-1) 18.3-20.1 deg [cross r1 foot 0 at r0]  grid 18.67-19.67, enclosure 18.67-19.67 deg
    reach: arm (2,1) 27.3-33.7 deg [cross a1 foot 1 at r1]  grid 27.67-33.33, enclosure 27.67-33.33 deg
    reach: arm (2,-1) 52.6-57.4 deg [cross r1 foot 0 at r0]  grid 53.00-57.00, enclosure 53.00-57.00 deg
cell 164 (depth 8, victim half-widths 0.125/0.125/0.250u): split on the victim's rot axis (refused: reach envelope: arm (0,1): the stopping event (foot 1, level 40.81u of circle 3) is tangent somewhere in the b)
cell 165 (depth 8, victim half-widths 0.125/0.125/0.250u): centre [0.8192,-30.3367,-3.2227,20.3666,-34.954,4.0735]
    reach: arm (0,1) 9.9-15.7 deg [cross r1 foot 1 at a1]  grid 10.33-15.33, enclosure 10.33-15.33 deg
    reach: arm (0,-1) 15.3-17.4 deg [selfoff foot 1]  grid 15.67-17.00, enclosure 15.67-17.00 deg
    reach: arm (1,1) 19.6-21.7 deg [selfoff foot 0]  grid 20.00-21.33, enclosure 20.00-21.33 deg
    reach: arm (1,-1) 17.9-19.7 deg [cross r1 foot 0 at r0]  grid 18.33-19.33, enclosure 18.33-19.33 deg
    reach: arm (2,1) 26.6-33.4 deg [cross a1 foot 1 at r1]  grid 27.00-33.00, enclosure 27.00-33.00 deg
    reach: arm (2,-1) 51.9-56.7 deg [cross r1 foot 0 at r0]  grid 52.33-56.33, enclosure 52.33-56.33 deg
    3/27: [0.819,-30.337,-3.223,20.242,-35.079,4.074] dead W=1.37 accept=1.37  (11s)
    6/27: [0.819,-30.337,-3.223,20.242,-34.954,4.074] dead W=1.32 accept=1.32  (14s)
    9/27: [0.819,-30.337,-3.223,20.242,-34.829,4.084] dead W=0.94 accept=0.94  (17s)
    12/27: [0.819,-30.337,-3.223,20.367,-35.079,4.084] dead W=0.93 accept=0.94  (18s)
    15/27: [0.819,-30.337,-3.223,20.367,-34.954,4.074] dead W=1.21 accept=1.36  (21s)
    18/27: [0.819,-30.337,-3.223,20.367,-34.829,4.084] dead W=0.91 accept=0.91  (25s)
    21/27: [0.819,-30.337,-3.223,20.492,-35.079,4.084] dead W=0.86 accept=0.86  (28s)
    24/27: [0.819,-30.337,-3.223,20.492,-34.954,4.074] dead W=1.01 accept=1.08  (28s)
    27/27: [0.819,-30.337,-3.223,20.492,-34.829,4.084] dead W=0.77 accept=0.77  (31s)
    round 1: 22 pairs refused, 22 midpoints to certify (step 0.125u)
    2/22: [0.819,-30.337,-3.223,20.304,-35.079,4.074] dead W=1.27 accept=1.30  (35s)
    4/22: [0.819,-30.337,-3.223,20.242,-34.954,4.068] dead W=1.39 accept=1.60  (35s)
    6/22: [0.819,-30.337,-3.223,20.242,-34.892,4.074] dead W=1.29 accept=1.56  (38s)
    8/22: [0.819,-30.337,-3.223,20.304,-34.954,4.074] dead W=1.25 accept=1.43  (38s)
    10/22: [0.819,-30.337,-3.223,20.367,-34.954,4.079] dead W=1.06 accept=1.06  (41s)
    12/22: [0.819,-30.337,-3.223,20.367,-35.017,4.074] dead W=1.19 accept=1.21  (41s)
    14/22: [0.819,-30.337,-3.223,20.367,-34.829,4.079] dead W=1.06 accept=1.16  (44s)
    16/22: [0.819,-30.337,-3.223,20.492,-35.079,4.068] dead W=1.22 accept=1.22  (45s)
    18/22: [0.819,-30.337,-3.223,20.492,-34.892,4.074] dead W=1.11 accept=1.11  (48s)
    20/22: [0.819,-30.337,-3.223,20.492,-34.954,4.079] dead W=0.93 accept=1.01  (48s)
    22/22: [0.819,-30.337,-3.223,20.492,-34.892,4.084] dead W=0.78 accept=0.78  (51s)
    round 2: 16 pairs refused, 16 midpoints to certify (step 0.063u)
    2/16: [0.819,-30.337,-3.223,20.242,-35.079,4.076] dead W=1.32 accept=1.37  (54s)
    4/16: [0.819,-30.337,-3.223,20.242,-34.954,4.071] dead W=1.37 accept=1.61  (55s)
    6/16: [0.819,-30.337,-3.223,20.367,-35.079,4.071] dead W=1.27 accept=1.29  (58s)
    8/16: [0.819,-30.337,-3.223,20.367,-34.954,4.076] dead W=1.12 accept=1.22  (58s)
    10/16: [0.819,-30.337,-3.223,20.367,-34.829,4.076] dead W=1.05 accept=1.21  (61s)
    12/16: [0.819,-30.337,-3.223,20.492,-35.079,4.076] dead W=1.01 accept=1.01  (61s)
    14/16: [0.819,-30.337,-3.223,20.492,-34.954,4.082] dead W=0.86 accept=0.86  (64s)
    16/16: [0.819,-30.337,-3.223,20.492,-34.829,4.071] dead W=1.11 accept=1.61  (64s)
cell 165 (depth 8, victim half-widths 0.125/0.125/0.250u): dead (65 poses, 10920 gaps, 35 slivers, 0 probed gaps, min accepted 0.04u)
cell 166 (depth 8, victim half-widths 0.125/0.125/0.250u): centre [0.8192,-30.3367,-3.2227,20.3666,-35.204,4.1385]
    reach: arm (0,1) 6.6-11.7 deg [cross r1 foot 1 at a1]  grid 7.00-11.33, enclosure 7.00-11.33 deg
    reach: arm (0,-1) 15.9-18.1 deg [selfoff foot 1]  grid 16.33-17.67, enclosure 16.33-17.67 deg
    reach: arm (1,1) 17.9-20.1 deg [selfoff foot 0]  grid 18.33-19.67, enclosure 18.33-19.67 deg
    reach: arm (1,-1) 19.9-21.7 deg [cross r1 foot 0 at r0]  grid 20.33-21.33, enclosure 20.33-21.33 deg
    reach: arm (2,1) 17.3-23.7 deg [cross a1 foot 1 at r1]  grid 17.67-23.33, enclosure 17.67-23.33 deg
    reach: arm (2,-1) 60.6-65.4 deg [cross r1 foot 0 at r0]  grid 61.00-65.00, enclosure 61.00-65.00 deg
    3/27: [0.819,-30.337,-3.223,20.242,-35.204,4.128] dead W=0.37 accept=0.50  (13s)
    6/27: [0.819,-30.337,-3.223,20.242,-35.079,4.138] dead W=0.26 accept=0.36  (16s)
    9/27: [0.819,-30.337,-3.223,20.367,-35.329,4.128] dead W=0.31 accept=0.34  (20s)
    12/27: [0.819,-30.337,-3.223,20.367,-35.329,4.138] dead W=0.19 accept=0.21  (20s)
    15/27: [0.819,-30.337,-3.223,20.367,-35.079,4.128] dead W=0.27 accept=0.40  (23s)
    18/27: [0.819,-30.337,-3.223,20.367,-35.079,4.149] dead W=0.26 accept=0.27  (26s)
    21/27: [0.819,-30.337,-3.223,20.492,-35.329,4.149] dead W=0.53 accept=0.48  (30s)
    24/27: [0.819,-30.337,-3.223,20.492,-35.204,4.149] dead W=0.44 accept=0.32  (30s)
    27/27: [0.819,-30.337,-3.223,20.492,-35.079,4.149] dead W=0.35 accept=0.28  (33s)
    round 1: 11 pairs refused, 11 midpoints to certify (step 0.125u)
    1/11: [0.819,-30.337,-3.223,20.242,-35.329,4.133] dead W=0.37 accept=0.60  (36s)
    2/11: [0.819,-30.337,-3.223,20.242,-35.079,4.144] dead W=0.16 accept=0.20  (37s)
    3/11: [0.819,-30.337,-3.223,20.429,-35.329,4.128] dead W=0.28 accept=0.37  (37s)
    4/11: [0.819,-30.337,-3.223,20.367,-35.329,4.144] dead W=0.50 accept=0.46  (37s)
    5/11: [0.819,-30.337,-3.223,20.429,-35.329,4.149] dead W=0.49 accept=0.48  (40s)
    6/11: [0.819,-30.337,-3.223,20.492,-35.267,4.128] dead W=0.22 accept=0.26  (40s)
    7/11: [0.819,-30.337,-3.223,20.367,-35.079,4.144] dead W=0.22 accept=0.22  (40s)
    8/11: [0.819,-30.337,-3.223,20.492,-35.329,4.133] dead W=0.17 accept=0.21  (40s)
    9/11: [0.819,-30.337,-3.223,20.492,-35.267,4.149] dead W=0.48 accept=0.46  (43s)
    10/11: [0.819,-30.337,-3.223,20.492,-35.204,4.144] dead W=0.50 accept=3.26  (43s)
    11/11: [0.819,-30.337,-3.223,20.492,-35.079,4.144] dead W=0.41 accept=3.34  (43s)
    round 2: 2 pairs refused, 2 midpoints to certify (step 0.063u)
    1/2: [0.819,-30.337,-3.223,20.492,-35.329,4.13] dead W=0.20 accept=0.25  (46s)
    2/2: [0.819,-30.337,-3.223,20.367,-35.329,4.147] dead W=0.47 accept=0.51  (46s)
cell 166 (depth 8, victim half-widths 0.125/0.125/0.250u): dead (40 poses, 6640 gaps, 4 slivers, 0 probed gaps, min accepted 0.06u)
cell 167 (depth 8, victim half-widths 0.125/0.125/0.250u): centre [0.8192,-30.3367,-3.2227,20.3666,-34.954,4.1385]
    reach: arm (0,1) grid 6.00-9.67, enclosure 6.00-9.67 deg  REFUSED: arm (0,1): foot 1 meets two lines 0.3475 deg apart inside the box (circles 1 and 3), within one 0.333-degree substep: the sampling phase, not the geometry, decides whether the swing stops there
    reach: arm (0,-1) 16.3-18.4 deg [selfoff foot 1]  grid 16.67-18.00, enclosure 16.67-18.00 deg
    reach: arm (1,1) 18.3-20.4 deg [selfoff foot 0]  grid 18.67-20.00, enclosure 18.67-20.00 deg
    reach: arm (1,-1) 19.6-21.4 deg [cross r1 foot 0 at r0]  grid 20.00-21.00, enclosure 20.00-21.00 deg
    reach: arm (2,1) 16.6-23.1 deg [cross a1 foot 1 at r1]  grid 17.00-22.67, enclosure 17.00-22.67 deg
    reach: arm (2,-1) 59.9-65.1 deg [cross r1 foot 0 at r0]  grid 60.33-64.67, enclosure 60.33-64.67 deg
cell 167 (depth 8, victim half-widths 0.125/0.125/0.250u): split on the victim's rot axis (refused: reach envelope: arm (0,1): foot 1 meets two lines 0.3475 deg apart inside the box (circles 1 and 3), within on)
cell 168 (depth 9, victim half-widths 0.125/0.125/0.125u): centre [0.8192,-30.3367,-3.2227,19.3666,-34.954,4.1114]
    reach: arm (0,1) grid 14.33-23.00, enclosure - deg  REFUSED: arm (0,1): the stopping event does not exist at sub-box (0,0,0)
    reach: arm (0,-1) 17.3-19.1 deg [selfoff foot 1]  grid 17.67-18.67, enclosure 17.67-18.67 deg
    reach: arm (1,1) 19.6-21.1 deg [selfoff foot 0]  grid 20.00-20.67, enclosure 20.00-20.67 deg
    reach: arm (1,-1) 18.9-20.4 deg [cross r1 foot 0 at r0]  grid 19.33-20.00, enclosure 19.33-20.00 deg
    reach: arm (2,1) 15.3-20.4 deg [cross a1 foot 1 at r1]  grid 15.67-20.00, enclosure 15.67-20.00 deg
    reach: arm (2,-1) 59.3-63.1 deg [cross r1 foot 0 at r0]  grid 59.67-62.67, enclosure 59.67-62.67 deg
cell 168 (depth 9, victim half-widths 0.125/0.125/0.125u): refused -- reach envelope: arm (0,1): the stopping event does not exist at sub-box (0,0,0)
cell 169 (depth 9, victim half-widths 0.125/0.125/0.125u): centre [0.8192,-30.3367,-3.2227,19.3666,-34.954,4.1222]
    reach: arm (0,1) grid 12.67-22.67, enclosure - deg  REFUSED: arm (0,1): the stopping event does not exist at sub-box (0,0,0)
    reach: arm (0,-1) 17.6-19.1 deg [selfoff foot 1]  grid 18.00-18.67, enclosure 18.00-18.67 deg
    reach: arm (1,1) 19.3-21.1 deg [selfoff foot 0]  grid 19.67-20.67, enclosure 19.67-20.67 deg
    reach: arm (1,-1) 19.3-20.7 deg [cross r1 foot 0 at r0]  grid 19.67-20.33, enclosure 19.67-20.33 deg
    reach: arm (2,1) 13.6-18.7 deg [cross a1 foot 1 at r1]  grid 14.00-18.33, enclosure 14.00-18.33 deg
    reach: arm (2,-1) 60.9-64.4 deg [cross r1 foot 0 at r0]  grid 61.33-64.00, enclosure 61.33-64.00 deg
cell 169 (depth 9, victim half-widths 0.125/0.125/0.125u): refused -- reach envelope: arm (0,1): the stopping event does not exist at sub-box (0,0,0)
cell 170 (depth 9, victim half-widths 0.125/0.125/0.125u): centre [0.8192,-30.3367,-3.2227,19.1166,-34.954,4.1331]
    reach: arm (0,1) 20.9-22.7 deg [cross r1 foot 1 at r0]  grid 21.33-22.33, enclosure 21.33-22.33 deg
    reach: arm (0,-1) 17.9-19.7 deg [selfoff foot 1]  grid 18.33-19.33, enclosure 18.33-19.33 deg
    reach: arm (1,1) 19.3-20.7 deg [selfoff foot 0]  grid 19.67-20.33, enclosure 19.67-20.33 deg
    reach: arm (1,-1) 19.3-21.1 deg [cross r1 foot 0 at r0]  grid 19.67-20.67, enclosure 19.67-20.67 deg
    reach: arm (2,1) 10.3-15.7 deg [cross a1 foot 1 at r1]  grid 10.67-15.33, enclosure 10.67-15.33 deg
    reach: arm (2,-1) 61.9-66.4 deg [cross r1 foot 1 at r1]  grid 62.33-66.00, enclosure 62.33-66.00 deg
    3/27: [0.819,-30.337,-3.223,18.992,-35.079,4.133] dead W=1.70 accept=1.70  (15s)
    6/27: [0.819,-30.337,-3.223,18.992,-34.829,4.128] dead W=1.68 accept=1.68  (19s)
    9/27: [0.819,-30.337,-3.223,18.992,-34.829,4.138] dead W=1.42 accept=1.50  (23s)
    12/27: [0.819,-30.337,-3.223,19.117,-35.079,4.138] dead W=1.45 accept=1.45  (23s)
    15/27: [0.819,-30.337,-3.223,19.117,-34.954,4.133] dead W=1.50 accept=0.36  (27s)
    18/27: [0.819,-30.337,-3.223,19.117,-34.829,4.138] dead W=1.29 accept=1.32  (30s)
    21/27: [0.819,-30.337,-3.223,19.242,-35.079,4.138] dead W=1.29 accept=0.37  (34s)
    24/27: [0.819,-30.337,-3.223,19.242,-34.954,4.138] dead W=1.25 accept=1.25  (35s)
    27/27: [0.819,-30.337,-3.223,19.242,-34.829,4.138] dead W=1.22 accept=1.22  (38s)
    round 1: 19 pairs refused, 19 midpoints to certify (step 0.063u)
    2/19: [0.819,-30.337,-3.223,19.054,-34.954,4.128] dead W=1.63 accept=1.77  (42s)
    4/19: [0.819,-30.337,-3.223,18.992,-35.017,4.138] dead W=1.58 accept=1.66  (42s)
    6/19: [0.819,-30.337,-3.223,18.992,-34.954,4.136] dead W=1.57 accept=1.57  (45s)
    8/19: [0.819,-30.337,-3.223,18.992,-34.892,4.138] dead W=1.53 accept=1.54  (45s)
    10/19: [0.819,-30.337,-3.223,19.117,-34.892,4.133] dead W=1.46 accept=1.46  (49s)
    12/19: [0.819,-30.337,-3.223,19.179,-34.954,4.138] dead W=1.35 accept=1.35  (49s)
    14/19: [0.819,-30.337,-3.223,19.117,-34.892,4.138] dead W=1.35 accept=1.35  (52s)
    16/19: [0.819,-30.337,-3.223,19.242,-34.892,4.133] dead W=1.28 accept=1.31  (53s)
    18/19: [0.819,-30.337,-3.223,19.242,-34.829,4.136] dead W=1.19 accept=1.22  (56s)
cell 170 (depth 9, victim half-widths 0.125/0.125/0.125u): dead (46 poses, 7912 gaps, 17 slivers, 0 probed gaps, min accepted 0.04u)
cell 171 (depth 9, victim half-widths 0.125/0.125/0.125u): centre [0.8192,-30.3367,-3.2227,19.1166,-34.954,4.1439]
    reach: arm (0,1) grid 12.67-22.00, enclosure - deg  REFUSED: arm (0,1): the stopping event does not exist at sub-box (0,0,0)
    reach: arm (0,-1) 18.3-19.7 deg [selfoff foot 1]  grid 18.67-19.33, enclosure 18.67-19.33 deg
    reach: arm (1,1) 18.9-20.7 deg [selfoff foot 0]  grid 19.33-20.33, enclosure 19.33-20.33 deg
    reach: arm (1,-1) 19.6-21.4 deg [cross r1 foot 0 at r0]  grid 20.00-21.00, enclosure 20.00-21.00 deg
    reach: arm (2,1) 8.9-14.1 deg [cross a1 foot 1 at r1]  grid 9.33-13.67, enclosure 9.33-13.67 deg
    reach: arm (2,-1) 63.3-67.7 deg [cross r1 foot 1 at r1]  grid 63.67-67.33, enclosure 63.67-67.33 deg
cell 171 (depth 9, victim half-widths 0.125/0.125/0.125u): refused -- reach envelope: arm (0,1): the stopping event does not exist at sub-box (0,0,0)
cell 172 (depth 9, victim half-widths 0.125/0.125/0.125u): centre [0.8192,-30.3367,-3.2227,19.3666,-35.204,4.1331]
    reach: arm (0,1) 21.6-23.1 deg [cross r1 foot 1 at r0]  grid 22.00-22.67, enclosure 22.00-22.67 deg
    reach: arm (0,-1) 17.3-19.1 deg [selfoff foot 1]  grid 17.67-18.67, enclosure 17.67-18.67 deg
    reach: arm (1,1) 18.6-20.4 deg [selfoff foot 0]  grid 19.00-20.00, enclosure 19.00-20.00 deg
    reach: arm (1,-1) 19.9-21.4 deg [cross r1 foot 0 at r0]  grid 20.33-21.00, enclosure 20.33-21.00 deg
    reach: arm (2,1) 12.9-18.1 deg [cross a1 foot 1 at r1]  grid 13.33-17.67, enclosure 13.33-17.67 deg
    reach: arm (2,-1) 62.9-66.4 deg [cross r1 foot 0 at r0]  grid 63.33-66.00, enclosure 63.33-66.00 deg
    3/27: [0.819,-30.337,-3.223,19.242,-35.329,4.138] dead W=1.36 accept=0.34  (15s)
    6/27: [0.819,-30.337,-3.223,19.242,-35.204,4.138] dead W=1.32 accept=0.18  (19s)
    9/27: [0.819,-30.337,-3.223,19.367,-35.329,4.128] dead W=1.45 accept=1.52  (22s)
    12/27: [0.819,-30.337,-3.223,19.367,-35.329,4.138] dead W=0.37 accept=0.34  (23s)
    15/27: [0.819,-30.337,-3.223,19.367,-35.204,4.138] dead W=1.21 accept=0.19  (27s)
    18/27: [0.819,-30.337,-3.223,19.367,-35.079,4.138] dead W=1.18 accept=0.38  (30s)
    21/27: [0.819,-30.337,-3.223,19.492,-35.204,4.128] dead W=1.23 accept=3.57  (34s)
    24/27: [0.819,-30.337,-3.223,19.492,-35.204,4.138] dead W=1.01 accept=0.19  (35s)
    27/27: [0.819,-30.337,-3.223,19.492,-35.079,4.138] dead W=0.97 accept=0.39  (38s)
    round 1: 3 pairs refused, 3 midpoints to certify (step 0.063u)
    1/3: [0.819,-30.337,-3.223,19.242,-35.142,4.128] dead W=1.51 accept=1.58  (41s)
    2/3: [0.819,-30.337,-3.223,19.304,-35.079,4.128] dead W=1.44 accept=1.44  (42s)
    3/3: [0.819,-30.337,-3.223,19.242,-35.079,4.13] dead W=1.46 accept=1.46  (42s)
cell 172 (depth 9, victim half-widths 0.125/0.125/0.125u): dead (30 poses, 5280 gaps, 3 slivers, 0 probed gaps, min accepted 0.07u)
cell 173 (depth 9, victim half-widths 0.125/0.125/0.125u): centre [0.8192,-30.3367,-3.2227,19.3666,-35.204,4.1439]
    reach: arm (0,1) grid 12.67-22.33, enclosure - deg  REFUSED: arm (0,1): the stopping event does not exist at sub-box (0,0,0)
    reach: arm (0,-1) 17.6-19.4 deg [selfoff foot 1]  grid 18.00-19.00, enclosure 18.00-19.00 deg
    reach: arm (1,1) 18.6-20.1 deg [selfoff foot 0]  grid 19.00-19.67, enclosure 19.00-19.67 deg
    reach: arm (1,-1) 19.9-21.7 deg [cross r1 foot 0 at r0]  grid 20.33-21.33, enclosure 20.33-21.33 deg
    reach: arm (2,1) 11.3-16.4 deg [cross a1 foot 1 at r1]  grid 11.67-16.00, enclosure 11.67-16.00 deg
    reach: arm (2,-1) 64.3-67.7 deg [cross r1 foot 0 at r0]  grid 64.67-67.33, enclosure 64.67-67.33 deg
cell 173 (depth 9, victim half-widths 0.125/0.125/0.125u): refused -- reach envelope: arm (0,1): the stopping event does not exist at sub-box (0,0,0)
cell 174 (depth 9, victim half-widths 0.125/0.125/0.125u): centre [0.8192,-30.3367,-3.2227,19.3666,-34.954,4.1331]
    reach: arm (0,1) grid 11.33-22.33, enclosure - deg  REFUSED: arm (0,1): the stopping event does not exist at sub-box (0,0,0)
    reach: arm (0,-1) 17.6-19.4 deg [selfoff foot 1]  grid 18.00-19.00, enclosure 18.00-19.00 deg
    reach: arm (1,1) 18.9-20.7 deg [selfoff foot 0]  grid 19.33-20.33, enclosure 19.33-20.33 deg
    reach: arm (1,-1) 19.3-21.1 deg [cross r1 foot 0 at r0]  grid 19.67-20.67, enclosure 19.67-20.67 deg
    reach: arm (2,1) 11.9-17.1 deg [cross a1 foot 1 at r1]  grid 12.33-16.67, enclosure 12.33-16.67 deg
    reach: arm (2,-1) 61.9-65.7 deg [cross r1 foot 1 at r1]  grid 62.33-65.33, enclosure 62.33-65.33 deg
cell 174 (depth 9, victim half-widths 0.125/0.125/0.125u): refused -- reach envelope: arm (0,1): the stopping event does not exist at sub-box (0,0,0)
cell 175 (depth 9, victim half-widths 0.125/0.125/0.125u): centre [0.8192,-30.3367,-3.2227,19.3666,-34.954,4.1439]
    reach: arm (0,1) grid 10.33-22.33, enclosure - deg  REFUSED: arm (0,1): the stopping event does not exist at sub-box (0,0,0)
    reach: arm (0,-1) 17.9-19.7 deg [selfoff foot 1]  grid 18.33-19.33, enclosure 18.33-19.33 deg
    reach: arm (1,1) 18.9-20.4 deg [selfoff foot 0]  grid 19.33-20.00, enclosure 19.33-20.00 deg
    reach: arm (1,-1) 19.6-21.4 deg [cross r1 foot 0 at r0]  grid 20.00-21.00, enclosure 20.00-21.00 deg
    reach: arm (2,1) 10.6-15.4 deg [cross a1 foot 1 at r1]  grid 11.00-15.00, enclosure 11.00-15.00 deg
    reach: arm (2,-1) 63.3-67.4 deg [cross r1 foot 1 at r1]  grid 63.67-67.00, enclosure 63.67-67.00 deg
cell 175 (depth 9, victim half-widths 0.125/0.125/0.125u): refused -- reach envelope: arm (0,1): the stopping event does not exist at sub-box (0,0,0)
cell 176 (depth 9, victim half-widths 0.125/0.125/0.125u): centre [0.8192,-30.3367,-3.2227,19.1166,-34.454,4.0681]
    reach: arm (0,1) 21.9-23.7 deg [cross r1 foot 1 at r0]  grid 22.33-23.33, enclosure 22.33-23.33 deg
    reach: arm (0,-1) 17.6-19.4 deg [selfoff foot 1]  grid 18.00-19.00, enclosure 18.00-19.00 deg
    reach: arm (1,1) 21.3-23.1 deg [selfoff r1 foot 0]  grid 21.67-22.67, enclosure 21.67-22.67 deg
    reach: arm (1,-1) grid 18.00-29.67, enclosure - deg  REFUSED: arm (1,-1): stopping event changes between cells (0,0,2)-(0,0,3): cross|r0|2:a1 vs cross|r1|0:r0
    reach: arm (2,1) grid 19.33-24.00, enclosure - deg  REFUSED: arm (2,1): stopping event changes between cells (0,0,2)-(0,0,3): cross|a1,r1|1:r1 vs cross|a1|1:r1
    reach: arm (2,-1) grid 54.00-77.33, enclosure - deg  REFUSED: arm (2,-1): stopping event changes between cells (0,0,2)-(0,0,3): cross|r0,r1|0:a0 vs cross|r1|1:r1
cell 176 (depth 9, victim half-widths 0.125/0.125/0.125u): refused -- reach envelope: arm (1,-1): stopping event changes between cells (0,0,2)-(0,0,3): cross|r0|2:a1 vs cross|r1|0:r0; arm (2,1): stopping event changes between cell
cell 177 (depth 9, victim half-widths 0.125/0.125/0.125u): centre [0.8192,-30.3367,-3.2227,19.3666,-34.454,4.0681]
    reach: arm (0,1) grid 14.00-23.67, enclosure - deg  REFUSED: arm (0,1): the stopping event does not exist at sub-box (0,0,0)
    reach: arm (0,-1) 17.3-19.1 deg [selfoff foot 1]  grid 17.67-18.67, enclosure 17.67-18.67 deg
    reach: arm (1,1) 21.3-22.7 deg [selfoff r1 foot 0]  grid 21.67-22.33, enclosure 21.67-22.33 deg
    reach: arm (1,-1) grid 18.00-29.00, enclosure - deg  REFUSED: arm (1,-1): stopping event changes between cells (0,0,1)-(0,0,2): cross|r0|2:a1 vs cross|r1|0:r0
    reach: arm (2,1) grid 21.33-25.33, enclosure - deg  REFUSED: arm (2,1): stopping event changes between cells (0,0,1)-(0,0,2): cross|a1,r1|1:r1 vs cross|a1|1:r1
    reach: arm (2,-1) grid 54.33-78.00, enclosure - deg  REFUSED: arm (2,-1): stopping event changes between cells (0,0,1)-(0,0,2): cross|r0,r1|0:a0 vs cross|r1|1:r1
cell 177 (depth 9, victim half-widths 0.125/0.125/0.125u): refused -- reach envelope: arm (0,1): the stopping event does not exist at sub-box (0,0,0); arm (1,-1): stopping event changes between cells (0,0,1)-(0,0,2): cross|r0|2:a1
cell 178 (depth 9, victim half-widths 0.125/0.125/0.125u): centre [0.8192,-30.3367,-3.2227,18.8666,-34.454,4.1114]
    reach: arm (0,1) 20.6-22.4 deg [cross r1 foot 1 at r0]  grid 21.00-22.00, enclosure 21.00-22.00 deg
    reach: arm (0,-1) 18.6-20.4 deg [selfoff foot 1]  grid 19.00-20.00, enclosure 19.00-20.00 deg
    reach: arm (1,1) 20.6-22.1 deg [selfoff foot 0]  grid 21.00-21.67, enclosure 21.00-21.67 deg
    reach: arm (1,-1) 18.3-19.7 deg [cross r1 foot 0 at r0]  grid 18.67-19.33, enclosure 18.67-19.33 deg
    reach: arm (2,1) 9.9-15.4 deg [cross a1 foot 1 at r1]  grid 10.33-15.00, enclosure 10.33-15.00 deg
    reach: arm (2,-1) 54.9-59.7 deg [cross r1 foot 1 at r1]  grid 55.33-59.33, enclosure 55.33-59.33 deg
    3/27: [0.819,-30.337,-3.223,18.742,-34.579,4.106] dead W=0.34 accept=4.01  (13s)
    6/27: [0.819,-30.337,-3.223,18.742,-34.329,4.111] dead W=0.15 accept=4.10  (17s)
    9/27: [0.819,-30.337,-3.223,18.742,-34.329,4.117] dead W=0.21 accept=4.06  (20s)
    12/27: [0.819,-30.337,-3.223,18.867,-34.579,4.117] dead W=0.48 accept=3.96  (21s)
    15/27: [0.819,-30.337,-3.223,18.867,-34.454,4.117] dead W=0.36 accept=4.00  (24s)
    18/27: [0.819,-30.337,-3.223,18.867,-34.329,4.117] dead W=0.24 accept=4.04  (27s)
    21/27: [0.819,-30.337,-3.223,18.992,-34.454,4.106] dead W=0.27 accept=3.92  (30s)
    24/27: [0.819,-30.337,-3.223,18.992,-34.454,4.117] dead W=0.39 accept=3.96  (32s)
    27/27: [0.819,-30.337,-3.223,18.992,-34.329,4.111] dead W=0.21 accept=4.00  (34s)
cell 178 (depth 9, victim half-widths 0.125/0.125/0.125u): dead (27 poses, 4482 gaps, 0 slivers, 0 probed gaps, min accepted 0.07u)
cell 179 (depth 9, victim half-widths 0.125/0.125/0.125u): centre [0.8192,-30.3367,-3.2227,18.8666,-34.454,4.1222]
    reach: arm (0,1) grid 13.00-21.67, enclosure - deg  REFUSED: arm (0,1): the stopping event does not exist at sub-box (0,0,0)
    reach: arm (0,-1) 18.6-20.4 deg [selfoff foot 1]  grid 19.00-20.00, enclosure 19.00-20.00 deg
    reach: arm (1,1) 20.3-22.1 deg [selfoff foot 0]  grid 20.67-21.67, enclosure 20.67-21.67 deg
    reach: arm (1,-1) 18.3-20.1 deg [cross r1 foot 0 at r0]  grid 18.67-19.67, enclosure 18.67-19.67 deg
    reach: arm (2,1) 7.9-13.7 deg [cross a1 foot 1 at r1]  grid 8.33-13.33, enclosure 8.33-13.33 deg
    reach: arm (2,-1) 56.3-61.1 deg [cross r1 foot 1 at r1]  grid 56.67-60.67, enclosure 56.67-60.67 deg
cell 179 (depth 9, victim half-widths 0.125/0.125/0.125u): refused -- reach envelope: arm (0,1): the stopping event does not exist at sub-box (0,0,0)
cell 180 (depth 9, victim half-widths 0.125/0.125/0.125u): centre [0.8192,-30.3367,-3.2227,19.1166,-34.454,4.1114]
    reach: arm (0,1) grid 11.67-22.33, enclosure - deg  REFUSED: arm (0,1): the stopping event does not exist at sub-box (0,0,0)
    reach: arm (0,-1) 18.3-20.1 deg [selfoff foot 1]  grid 18.67-19.67, enclosure 18.67-19.67 deg
    reach: arm (1,1) 20.6-22.1 deg [selfoff foot 0]  grid 21.00-21.67, enclosure 21.00-21.67 deg
    reach: arm (1,-1) 18.3-19.7 deg [cross r1 foot 0 at r0]  grid 18.67-19.33, enclosure 18.67-19.33 deg
    reach: arm (2,1) 11.6-17.1 deg [cross a1 foot 1 at r1]  grid 12.00-16.67, enclosure 12.00-16.67 deg
    reach: arm (2,-1) 55.3-60.1 deg [cross r1 foot 1 at r1]  grid 55.67-59.67, enclosure 55.67-59.67 deg
cell 180 (depth 9, victim half-widths 0.125/0.125/0.125u): refused -- reach envelope: arm (0,1): the stopping event does not exist at sub-box (0,0,0)
cell 181 (depth 9, victim half-widths 0.125/0.125/0.125u): centre [0.8192,-30.3367,-3.2227,19.1166,-34.454,4.1222]
    reach: arm (0,1) grid 10.67-22.00, enclosure - deg  REFUSED: arm (0,1): the stopping event does not exist at sub-box (0,0,0)
    reach: arm (0,-1) 18.3-20.1 deg [selfoff foot 1]  grid 18.67-19.67, enclosure 18.67-19.67 deg
    reach: arm (1,1) 20.3-22.1 deg [selfoff foot 0]  grid 20.67-21.67, enclosure 20.67-21.67 deg
    reach: arm (1,-1) 18.3-20.1 deg [cross r1 foot 0 at r0]  grid 18.67-19.67, enclosure 18.67-19.67 deg
    reach: arm (2,1) 9.9-15.4 deg [cross a1 foot 1 at r1]  grid 10.33-15.00, enclosure 10.33-15.00 deg
    reach: arm (2,-1) 56.6-61.4 deg [cross r1 foot 1 at r1]  grid 57.00-61.00, enclosure 57.00-61.00 deg
cell 181 (depth 9, victim half-widths 0.125/0.125/0.125u): refused -- reach envelope: arm (0,1): the stopping event does not exist at sub-box (0,0,0)
cell 182 (depth 9, victim half-widths 0.125/0.125/0.125u): centre [0.8192,-30.3367,-3.2227,19.3666,-34.454,4.1114]
    reach: arm (0,1) grid 10.00-22.33, enclosure - deg  REFUSED: arm (0,1): the stopping event does not exist at sub-box (0,0,0)
    reach: arm (0,-1) 17.9-19.7 deg [selfoff foot 1]  grid 18.33-19.33, enclosure 18.33-19.33 deg
    reach: arm (1,1) 20.3-22.1 deg [selfoff foot 0]  grid 20.67-21.67, enclosure 20.67-21.67 deg
    reach: arm (1,-1) 18.3-19.7 deg [cross r1 foot 0 at r0]  grid 18.67-19.33, enclosure 18.67-19.33 deg
    reach: arm (2,1) 13.3-18.7 deg [cross a1 foot 1 at r1]  grid 13.67-18.33, enclosure 13.67-18.33 deg
    reach: arm (2,-1) 55.6-60.4 deg [cross r1 foot 1 at r1]  grid 56.00-60.00, enclosure 56.00-60.00 deg
cell 182 (depth 9, victim half-widths 0.125/0.125/0.125u): refused -- reach envelope: arm (0,1): the stopping event does not exist at sub-box (0,0,0)
cell 183 (depth 9, victim half-widths 0.125/0.125/0.125u): centre [0.8192,-30.3367,-3.2227,19.3666,-34.454,4.1222]
    reach: arm (0,1) grid 9.33-14.67, enclosure - deg  REFUSED: arm (0,1): the stopping event (foot 1, level 40.81u of circle 3) is tangent somewhere in the box (sub-box 0,0,0)
    reach: arm (0,-1) 18.3-19.7 deg [selfoff foot 1]  grid 18.67-19.33, enclosure 18.67-19.33 deg
    reach: arm (1,1) 20.3-21.7 deg [selfoff foot 0]  grid 20.67-21.33, enclosure 20.67-21.33 deg
    reach: arm (1,-1) 18.6-20.1 deg [cross r1 foot 0 at r0]  grid 19.00-19.67, enclosure 19.00-19.67 deg
    reach: arm (2,1) 11.6-17.1 deg [cross a1 foot 1 at r1]  grid 12.00-16.67, enclosure 12.00-16.67 deg
    reach: arm (2,-1) 56.9-61.4 deg [cross r1 foot 1 at r1]  grid 57.33-61.00, enclosure 57.33-61.00 deg
cell 183 (depth 9, victim half-widths 0.125/0.125/0.125u): refused -- reach envelope: arm (0,1): the stopping event (foot 1, level 40.81u of circle 3) is tangent somewhere in the box (sub-box 0,0,0)
cell 184 (depth 9, victim half-widths 0.125/0.125/0.125u): centre [0.8192,-30.3367,-3.2227,18.6166,-34.454,4.1439]
    reach: arm (0,1) 19.6-21.4 deg [cross r1 foot 1 at r0]  grid 20.00-21.00, enclosure 20.00-21.00 deg
    reach: arm (0,-1) 19.3-21.1 deg [selfoff foot 1]  grid 19.67-20.67, enclosure 19.67-20.67 deg
    reach: arm (1,1) 19.9-21.7 deg [selfoff foot 0]  grid 20.33-21.33, enclosure 20.33-21.33 deg
    reach: arm (1,-1) 18.9-20.4 deg [cross r1 foot 0 at r0]  grid 19.33-20.00, enclosure 19.33-20.00 deg
    reach: arm (2,1) grid 3.67-64.00, enclosure - deg  REFUSED: arm (2,1): stopping event changes between cells (0,0,0)-(1,0,0): cross|a1,r1|0:a1 vs cross|a1|1:r1
    reach: arm (2,-1) 58.6-63.7 deg [cross r1 foot 1 at r1]  grid 59.00-63.33, enclosure 59.00-63.33 deg
cell 184 (depth 9, victim half-widths 0.125/0.125/0.125u): refused -- reach envelope: arm (2,1): stopping event changes between cells (0,0,0)-(1,0,0): cross|a1,r1|0:a1 vs cross|a1|1:r1
cell 185 (depth 9, victim half-widths 0.125/0.125/0.125u): centre [0.8192,-30.3367,-3.2227,18.8666,-34.454,4.1439]
    reach: arm (0,1) grid 10.00-21.33, enclosure - deg  REFUSED: arm (0,1): the stopping event does not exist at sub-box (0,0,0)
    reach: arm (0,-1) 18.9-20.7 deg [selfoff foot 1]  grid 19.33-20.33, enclosure 19.33-20.33 deg
    reach: arm (1,1) 19.9-21.7 deg [selfoff foot 0]  grid 20.33-21.33, enclosure 20.33-21.33 deg
    reach: arm (1,-1) 18.9-20.4 deg [cross r1 foot 0 at r0]  grid 19.33-20.00, enclosure 19.33-20.00 deg
    reach: arm (2,1) grid 5.67-63.33, enclosure - deg  REFUSED: arm (2,1): stopping event changes between cells (0,2,4)-(0,3,4): cross|a1|1:r1 vs cross|a1,r1|0:a1
    reach: arm (2,-1) 58.9-63.7 deg [cross r1 foot 1 at r1]  grid 59.33-63.33, enclosure 59.33-63.33 deg
cell 185 (depth 9, victim half-widths 0.125/0.125/0.125u): refused -- reach envelope: arm (0,1): the stopping event does not exist at sub-box (0,0,0); arm (2,1): stopping event changes between cells (0,2,4)-(0,3,4): cross|a1|1:r1 
cell 186 (depth 9, victim half-widths 0.125/0.125/0.125u): centre [0.8192,-30.3367,-3.2227,19.1166,-34.454,4.1439]
    reach: arm (0,1) grid 8.67-21.33, enclosure - deg  REFUSED: arm (0,1): the stopping event does not exist at sub-box (0,0,0)
    reach: arm (0,-1) 18.9-20.4 deg [selfoff foot 1]  grid 19.33-20.00, enclosure 19.33-20.00 deg
    reach: arm (1,1) 19.9-21.4 deg [selfoff foot 0]  grid 20.33-21.00, enclosure 20.33-21.00 deg
    reach: arm (1,-1) 18.9-20.4 deg [cross r1 foot 0 at r0]  grid 19.33-20.00, enclosure 19.33-20.00 deg
    reach: arm (2,1) 6.6-12.1 deg [cross a1 foot 1 at r1]  grid 7.00-11.67, enclosure 7.00-11.67 deg
    reach: arm (2,-1) 59.3-64.1 deg [cross r1 foot 1 at r1]  grid 59.67-63.67, enclosure 59.67-63.67 deg
cell 186 (depth 9, victim half-widths 0.125/0.125/0.125u): refused -- reach envelope: arm (0,1): the stopping event does not exist at sub-box (0,0,0)
cell 187 (depth 9, victim half-widths 0.125/0.125/0.125u): centre [0.8192,-30.3367,-3.2227,19.3666,-34.454,4.1439]
    reach: arm (0,1) 6.9-12.1 deg [cross r1 foot 1 at a1]  grid 7.33-11.67, enclosure 7.33-11.67 deg
    reach: arm (0,-1) 18.6-20.1 deg [selfoff foot 1]  grid 19.00-19.67, enclosure 19.00-19.67 deg
    reach: arm (1,1) 19.6-21.4 deg [selfoff foot 0]  grid 20.00-21.00, enclosure 20.00-21.00 deg
    reach: arm (1,-1) 18.9-20.4 deg [cross r1 foot 0 at r0]  grid 19.33-20.00, enclosure 19.33-20.00 deg
    reach: arm (2,1) 8.3-13.7 deg [cross a1 foot 1 at r1]  grid 8.67-13.33, enclosure 8.67-13.33 deg
    reach: arm (2,-1) 59.6-64.1 deg [cross r1 foot 1 at r1]  grid 60.00-63.67, enclosure 60.00-63.67 deg
    3/27: [0.819,-30.337,-3.223,19.242,-34.579,4.144] dead W=0.31 accept=0.91  (13s)
    6/27: [0.819,-30.337,-3.223,19.242,-34.454,4.144] dead W=0.22 accept=0.82  (16s)
    9/27: [0.819,-30.337,-3.223,19.367,-34.579,4.138] dead W=0.45 accept=0.87  (20s)
    12/27: [0.819,-30.337,-3.223,19.367,-34.579,4.149] dead W=0.34 accept=0.67  (20s)
    15/27: [0.819,-30.337,-3.223,19.367,-34.454,4.149] dead W=0.25 accept=0.61  (24s)
    18/27: [0.819,-30.337,-3.223,19.367,-34.329,4.149] dead W=0.16 accept=0.55  (27s)
    21/27: [0.819,-30.337,-3.223,19.492,-34.454,4.138] dead W=0.45 accept=0.67  (30s)
    24/27: [0.819,-30.337,-3.223,19.492,-34.454,4.149] dead W=0.34 accept=0.44  (30s)
    27/27: [0.819,-30.337,-3.223,19.492,-34.329,4.149] dead W=0.25 accept=0.43  (34s)
    round 1: 11 pairs refused, 11 midpoints to certify (step 0.063u)
    1/11: [0.819,-30.337,-3.223,19.242,-34.454,4.147] dead W=0.19 accept=0.80  (37s)
    2/11: [0.819,-30.337,-3.223,19.242,-34.517,4.149] dead W=0.21 accept=0.76  (37s)
    3/11: [0.819,-30.337,-3.223,19.242,-34.579,4.147] dead W=0.28 accept=0.86  (37s)
    4/11: [0.819,-30.337,-3.223,19.304,-34.579,4.149] dead W=0.30 accept=0.74  (37s)
    5/11: [0.819,-30.337,-3.223,19.367,-34.454,4.147] dead W=0.28 accept=0.68  (40s)
    6/11: [0.819,-30.337,-3.223,19.367,-34.579,4.147] dead W=0.37 accept=0.72  (40s)
    7/11: [0.819,-30.337,-3.223,19.242,-34.392,4.149] dead W=0.12 accept=0.70  (40s)
    8/11: [0.819,-30.337,-3.223,19.367,-34.392,4.149] dead W=0.21 accept=0.58  (41s)
    9/11: [0.819,-30.337,-3.223,19.492,-34.579,4.147] dead W=0.46 accept=0.61  (44s)
    10/11: [0.819,-30.337,-3.223,19.492,-34.392,4.149] dead W=0.29 accept=0.44  (44s)
    11/11: [0.819,-30.337,-3.223,19.492,-34.454,4.147] dead W=0.37 accept=0.51  (44s)
cell 187 (depth 9, victim half-widths 0.125/0.125/0.125u): dead (38 poses, 6080 gaps, 12 slivers, 0 probed gaps, min accepted 0.05u)
cell 188 (depth 9, victim half-widths 0.125/0.125/0.125u): centre [0.8192,-30.3367,-3.2227,19.8666,-35.454,4.0898]
    reach: arm (0,1) 23.3-25.1 deg [cross r1 foot 1 at r0]  grid 23.67-24.67, enclosure 23.67-24.67 deg
    reach: arm (0,-1) 15.6-17.4 deg [selfoff foot 1]  grid 16.00-17.00, enclosure 16.00-17.00 deg
    reach: arm (1,1) 18.9-20.7 deg [selfoff foot 0]  grid 19.33-20.33, enclosure 19.33-20.33 deg
    reach: arm (1,-1) 19.3-20.7 deg [cross r1 foot 0 at r0]  grid 19.67-20.33, enclosure 19.67-20.33 deg
    reach: arm (2,1) 23.3-28.1 deg [cross a1 foot 1 at r1]  grid 23.67-27.67, enclosure 23.67-27.67 deg
    reach: arm (2,-1) 56.9-60.4 deg [cross r1 foot 0 at r0]  grid 57.33-60.00, enclosure 57.33-60.00 deg
    3/27: [0.819,-30.337,-3.223,19.742,-35.579,4.09] dead W=1.76 accept=1.80  (14s)
    6/27: [0.819,-30.337,-3.223,19.742,-35.454,4.09] dead W=1.73 accept=1.74  (17s)
    9/27: [0.819,-30.337,-3.223,19.742,-35.329,4.095] dead W=1.65 accept=1.65  (21s)
    12/27: [0.819,-30.337,-3.223,19.867,-35.579,4.09] dead W=0.37 accept=1.67  (22s)
    15/27: [0.819,-30.337,-3.223,19.867,-35.329,4.084] dead W=1.68 accept=1.71  (25s)
    18/27: [0.819,-30.337,-3.223,19.867,-35.329,4.095] dead W=1.48 accept=1.48  (29s)
    21/27: [0.819,-30.337,-3.223,19.992,-35.579,4.095] dead W=0.46 accept=1.39  (32s)
    24/27: [0.819,-30.337,-3.223,19.992,-35.454,4.095] dead W=1.36 accept=1.36  (33s)
    27/27: [0.819,-30.337,-3.223,19.992,-35.329,4.095] dead W=1.35 accept=1.35  (36s)
cell 188 (depth 9, victim half-widths 0.125/0.125/0.125u): dead (27 poses, 4860 gaps, 0 slivers, 0 probed gaps, min accepted 0.08u)
cell 189 (depth 9, victim half-widths 0.125/0.125/0.125u): centre [0.8192,-30.3367,-3.2227,19.8666,-35.454,4.1006]
    reach: arm (0,1) grid 16.00-24.33, enclosure - deg  REFUSED: arm (0,1): the stopping event does not exist at sub-box (0,0,0)
    reach: arm (0,-1) 15.9-17.7 deg [selfoff foot 1]  grid 16.33-17.33, enclosure 16.33-17.33 deg
    reach: arm (1,1) 18.6-20.4 deg [selfoff foot 0]  grid 19.00-20.00, enclosure 19.00-20.00 deg
    reach: arm (1,-1) 19.3-21.1 deg [cross r1 foot 0 at r0]  grid 19.67-20.67, enclosure 19.67-20.67 deg
    reach: arm (2,1) 21.6-26.4 deg [cross a1 foot 1 at r1]  grid 22.00-26.00, enclosure 22.00-26.00 deg
    reach: arm (2,-1) 58.3-61.7 deg [cross r1 foot 0 at r0]  grid 58.67-61.33, enclosure 58.67-61.33 deg
cell 189 (depth 9, victim half-widths 0.125/0.125/0.125u): refused -- reach envelope: arm (0,1): the stopping event does not exist at sub-box (0,0,0)
cell 190 (depth 9, victim half-widths 0.125/0.125/0.125u): centre [0.8192,-30.3367,-3.2227,19.8666,-35.454,4.1114]
    reach: arm (0,1) grid 14.00-24.00, enclosure - deg  REFUSED: arm (0,1): the stopping event does not exist at sub-box (0,0,0)
    reach: arm (0,-1) 15.9-17.7 deg [selfoff foot 1]  grid 16.33-17.33, enclosure 16.33-17.33 deg
    reach: arm (1,1) 18.6-20.1 deg [selfoff foot 0]  grid 19.00-19.67, enclosure 19.00-19.67 deg
    reach: arm (1,-1) 19.6-21.4 deg [cross r1 foot 0 at r0]  grid 20.00-21.00, enclosure 20.00-21.00 deg
    reach: arm (2,1) 19.9-24.7 deg [cross a1 foot 1 at r1]  grid 20.33-24.33, enclosure 20.33-24.33 deg
    reach: arm (2,-1) 59.6-63.1 deg [cross r1 foot 0 at r0]  grid 60.00-62.67, enclosure 60.00-62.67 deg
cell 190 (depth 9, victim half-widths 0.125/0.125/0.125u): refused -- reach envelope: arm (0,1): the stopping event does not exist at sub-box (0,0,0)
cell 191 (depth 9, victim half-widths 0.125/0.125/0.125u): centre [0.8192,-30.3367,-3.2227,19.8666,-35.454,4.1222]
    reach: arm (0,1) grid 12.67-23.67, enclosure - deg  REFUSED: arm (0,1): the stopping event does not exist at sub-box (0,0,0)
    reach: arm (0,-1) 16.3-18.1 deg [selfoff foot 1]  grid 16.67-17.67, enclosure 16.67-17.67 deg
    reach: arm (1,1) 18.3-20.1 deg [selfoff foot 0]  grid 18.67-19.67, enclosure 18.67-19.67 deg
    reach: arm (1,-1) 19.9-21.4 deg [cross r1 foot 0 at r0]  grid 20.33-21.00, enclosure 20.33-21.00 deg
    reach: arm (2,1) 18.3-23.1 deg [cross a1 foot 1 at r1]  grid 18.67-22.67, enclosure 18.67-22.67 deg
    reach: arm (2,-1) 60.9-64.4 deg [cross r1 foot 0 at r0]  grid 61.33-64.00, enclosure 61.33-64.00 deg
cell 191 (depth 9, victim half-widths 0.125/0.125/0.125u): refused -- reach envelope: arm (0,1): the stopping event does not exist at sub-box (0,0,0)
cell 192 (depth 9, victim half-widths 0.125/0.125/0.125u): centre [0.8192,-30.3367,-3.2227,19.6166,-35.454,4.1331]
    reach: arm (0,1) 21.9-23.7 deg [cross r1 foot 1 at r0]  grid 22.33-23.33, enclosure 22.33-23.33 deg
    reach: arm (0,-1) 16.6-18.4 deg [selfoff foot 1]  grid 17.00-18.00, enclosure 17.00-18.00 deg
    reach: arm (1,1) 18.3-19.7 deg [selfoff foot 0]  grid 18.67-19.33, enclosure 18.67-19.33 deg
    reach: arm (1,-1) 20.3-21.7 deg [cross r1 foot 0 at r0]  grid 20.67-21.33, enclosure 20.67-21.33 deg
    reach: arm (2,1) 15.3-20.1 deg [cross a1 foot 1 at r1]  grid 15.67-19.67, enclosure 15.67-19.67 deg
    reach: arm (2,-1) 62.9-66.4 deg [cross r1 foot 0 at r0]  grid 63.33-66.00, enclosure 63.33-66.00 deg
    3/27: [0.819,-30.337,-3.223,19.492,-35.579,4.133] dead W=1.23 accept=0.40  (15s)
    6/27: [0.819,-30.337,-3.223,19.492,-35.454,4.133] dead W=1.19 accept=0.36  (19s)
    9/27: [0.819,-30.337,-3.223,19.492,-35.329,4.138] dead W=1.04 accept=0.35  (23s)
    12/27: [0.819,-30.337,-3.223,19.617,-35.579,4.138] dead W=0.98 accept=0.56  (23s)
    15/27: [0.819,-30.337,-3.223,19.617,-35.329,4.128] dead W=1.14 accept=1.15  (27s)
    18/27: [0.819,-30.337,-3.223,19.742,-35.579,4.128] dead W=0.37 accept=0.49  (30s)
    21/27: [0.819,-30.337,-3.223,19.742,-35.579,4.138] dead W=0.87 accept=0.56  (34s)
    24/27: [0.819,-30.337,-3.223,19.742,-35.454,4.138] dead W=0.81 accept=0.52  (35s)
    27/27: [0.819,-30.337,-3.223,19.742,-35.329,4.138] dead W=0.76 accept=0.36  (38s)
cell 192 (depth 9, victim half-widths 0.125/0.125/0.125u): dead (27 poses, 4752 gaps, 0 slivers, 0 probed gaps, min accepted 0.09u)
cell 193 (depth 9, victim half-widths 0.125/0.125/0.125u): centre [0.8192,-30.3367,-3.2227,19.6166,-35.454,4.1439]
    reach: arm (0,1) grid 12.67-23.00, enclosure - deg  REFUSED: arm (0,1): the stopping event does not exist at sub-box (0,0,0)
    reach: arm (0,-1) 16.9-18.7 deg [selfoff foot 1]  grid 17.33-18.33, enclosure 17.33-18.33 deg
    reach: arm (1,1) 17.9-19.7 deg [selfoff foot 0]  grid 18.33-19.33, enclosure 18.33-19.33 deg
    reach: arm (1,-1) 20.3-22.1 deg [cross r1 foot 0 at r0]  grid 20.67-21.67, enclosure 20.67-21.67 deg
    reach: arm (2,1) 13.9-18.7 deg [cross a1 foot 1 at r1]  grid 14.33-18.33, enclosure 14.33-18.33 deg
    reach: arm (2,-1) 64.3-67.7 deg [cross r1 foot 0 at r0]  grid 64.67-67.33, enclosure 64.67-67.33 deg
cell 193 (depth 9, victim half-widths 0.125/0.125/0.125u): refused -- reach envelope: arm (0,1): the stopping event does not exist at sub-box (0,0,0)
cell 194 (depth 9, victim half-widths 0.125/0.125/0.125u): centre [0.8192,-30.3367,-3.2227,19.8666,-35.704,4.1331]
    reach: arm (0,1) grid 14.67-23.67, enclosure - deg  REFUSED: arm (0,1): the stopping event does not exist at sub-box (0,0,0)
    reach: arm (0,-1) 16.3-17.7 deg [selfoff foot 1]  grid 16.67-17.33, enclosure 16.67-17.33 deg
    reach: arm (1,1) 17.6-19.4 deg [selfoff foot 0]  grid 18.00-19.00, enclosure 18.00-19.00 deg
    reach: arm (1,-1) 20.6-22.1 deg [cross r1 foot 0 at r0]  grid 21.00-21.67, enclosure 21.00-21.67 deg
    reach: arm (2,1) 17.6-22.1 deg [cross a1 foot 1 at r1]  grid 18.00-21.67, enclosure 18.00-21.67 deg
    reach: arm (2,-1) 62.9-66.4 deg [cross r1 foot 0 at r0]  grid 63.33-66.00, enclosure 63.33-66.00 deg
cell 194 (depth 9, victim half-widths 0.125/0.125/0.125u): refused -- reach envelope: arm (0,1): the stopping event does not exist at sub-box (0,0,0)
cell 195 (depth 9, victim half-widths 0.125/0.125/0.125u): centre [0.8192,-30.3367,-3.2227,19.8666,-35.704,4.1439]
    reach: arm (0,1) grid 12.67-23.33, enclosure - deg  REFUSED: arm (0,1): the stopping event does not exist at sub-box (0,0,0)
    reach: arm (0,-1) 16.3-18.1 deg [selfoff foot 1]  grid 16.67-17.67, enclosure 16.67-17.67 deg
    reach: arm (1,1) 17.6-19.1 deg [selfoff foot 0]  grid 18.00-18.67, enclosure 18.00-18.67 deg
    reach: arm (1,-1) 20.9-22.4 deg [cross r1 foot 0 at r0]  grid 21.33-22.00, enclosure 21.33-22.00 deg
    reach: arm (2,1) 15.9-20.7 deg [cross a1 foot 1 at r1]  grid 16.33-20.33, enclosure 16.33-20.33 deg
    reach: arm (2,-1) 64.6-67.7 deg [cross r1 foot 0 at r0]  grid 65.00-67.33, enclosure 65.00-67.33 deg
cell 195 (depth 9, victim half-widths 0.125/0.125/0.125u): refused -- reach envelope: arm (0,1): the stopping event does not exist at sub-box (0,0,0)
cell 196 (depth 9, victim half-widths 0.125/0.125/0.125u): centre [0.8192,-30.3367,-3.2227,19.8666,-35.454,4.1331]
    reach: arm (0,1) grid 11.67-23.33, enclosure - deg  REFUSED: arm (0,1): the stopping event does not exist at sub-box (0,0,0)
    reach: arm (0,-1) 16.3-18.1 deg [selfoff foot 1]  grid 16.67-17.67, enclosure 16.67-17.67 deg
    reach: arm (1,1) 17.9-19.7 deg [selfoff foot 0]  grid 18.33-19.33, enclosure 18.33-19.33 deg
    reach: arm (1,-1) 20.3-21.7 deg [cross r1 foot 0 at r0]  grid 20.67-21.33, enclosure 20.67-21.33 deg
    reach: arm (2,1) 16.9-21.4 deg [cross a1 foot 1 at r1]  grid 17.33-21.00, enclosure 17.33-21.00 deg
    reach: arm (2,-1) 62.3-65.7 deg [cross r1 foot 0 at r0]  grid 62.67-65.33, enclosure 62.67-65.33 deg
cell 196 (depth 9, victim half-widths 0.125/0.125/0.125u): refused -- reach envelope: arm (0,1): the stopping event does not exist at sub-box (0,0,0)
cell 197 (depth 9, victim half-widths 0.125/0.125/0.125u): centre [0.8192,-30.3367,-3.2227,19.8666,-35.454,4.1439]
    reach: arm (0,1) grid 10.33-23.00, enclosure - deg  REFUSED: arm (0,1): the stopping event does not exist at sub-box (0,0,0)
    reach: arm (0,-1) 16.6-18.4 deg [selfoff foot 1]  grid 17.00-18.00, enclosure 17.00-18.00 deg
    reach: arm (1,1) 17.9-19.4 deg [selfoff foot 0]  grid 18.33-19.00, enclosure 18.33-19.00 deg
    reach: arm (1,-1) 20.6-22.1 deg [cross r1 foot 0 at r0]  grid 21.00-21.67, enclosure 21.00-21.67 deg
    reach: arm (2,1) 15.3-20.1 deg [cross a1 foot 1 at r1]  grid 15.67-19.67, enclosure 15.67-19.67 deg
    reach: arm (2,-1) 63.9-67.4 deg [cross r1 foot 0 at r0]  grid 64.33-67.00, enclosure 64.33-67.00 deg
cell 197 (depth 9, victim half-widths 0.125/0.125/0.125u): refused -- reach envelope: arm (0,1): the stopping event does not exist at sub-box (0,0,0)
cell 198 (depth 9, victim half-widths 0.125/0.125/0.125u): centre [0.8192,-30.3367,-3.2227,19.6166,-34.954,4.0681]
    reach: arm (0,1) 22.9-24.7 deg [cross r1 foot 1 at r0]  grid 23.33-24.33, enclosure 23.33-24.33 deg
    reach: arm (0,-1) 16.3-18.1 deg [selfoff foot 1]  grid 16.67-17.67, enclosure 16.67-17.67 deg
    reach: arm (1,1) 20.3-22.1 deg [selfoff foot 0]  grid 20.67-21.67, enclosure 20.67-21.67 deg
    reach: arm (1,-1) 17.9-19.4 deg [cross r1 foot 0 at r0]  grid 18.33-19.00, enclosure 18.33-19.00 deg
    reach: arm (2,1) 23.9-28.7 deg [cross a1 foot 1 at r1]  grid 24.33-28.33, enclosure 24.33-28.33 deg
    reach: arm (2,-1) 53.3-56.7 deg [cross r1 foot 0 at r0]  grid 53.67-56.33, enclosure 53.67-56.33 deg
    3/27: [0.819,-30.337,-3.223,19.492,-35.079,4.068] dead W=0.45 accept=3.37  (13s)
    6/27: [0.819,-30.337,-3.223,19.492,-34.954,4.074] dead W=0.31 accept=3.39  (16s)
    9/27: [0.819,-30.337,-3.223,19.492,-34.829,4.074] dead W=0.21 accept=3.47  (19s)
    12/27: [0.819,-30.337,-3.223,19.617,-35.079,4.068] dead W=0.53 accept=2.17  (20s)
    15/27: [0.819,-30.337,-3.223,19.617,-34.829,4.063] dead W=0.28 accept=3.36  (24s)
    18/27: [0.819,-30.337,-3.223,19.617,-34.829,4.074] dead W=0.30 accept=3.45  (27s)
    21/27: [0.819,-30.337,-3.223,19.742,-35.079,4.074] dead W=0.57 accept=1.74  (30s)
    24/27: [0.819,-30.337,-3.223,19.742,-34.954,4.068] dead W=0.49 accept=1.63  (32s)
    27/27: [0.819,-30.337,-3.223,19.742,-34.829,4.074] dead W=0.38 accept=1.30  (35s)
    round 1: 25 pairs refused, 25 midpoints to certify (step 0.063u)
    3/25: [0.819,-30.337,-3.223,19.492,-35.079,4.065] dead W=0.47 accept=3.34  (39s)
    6/25: [0.819,-30.337,-3.223,19.554,-34.954,4.068] dead W=0.40 accept=3.44  (42s)
    9/25: [0.819,-30.337,-3.223,19.492,-34.829,4.071] dead W=0.24 accept=3.43  (46s)
    12/25: [0.819,-30.337,-3.223,19.617,-35.017,4.068] dead W=0.49 accept=2.11  (46s)
    15/25: [0.819,-30.337,-3.223,19.617,-34.829,4.071] dead W=0.32 accept=1.55  (49s)
    18/25: [0.819,-30.337,-3.223,19.679,-34.829,4.074] dead W=0.34 accept=3.43  (53s)
    21/25: [0.819,-30.337,-3.223,19.742,-34.954,4.071] dead W=0.50 accept=1.66  (56s)
    24/25: [0.819,-30.337,-3.223,19.742,-34.829,4.065] dead W=0.34 accept=3.40  (57s)
cell 198 (depth 9, victim half-widths 0.125/0.125/0.125u): dead (52 poses, 9256 gaps, 28 slivers, 0 probed gaps, min accepted 0.03u)
cell 199 (depth 9, victim half-widths 0.125/0.125/0.125u): centre [0.8192,-30.3367,-3.2227,19.6166,-34.954,4.0789]
    reach: arm (0,1) grid 15.33-24.00, enclosure - deg  REFUSED: arm (0,1): the stopping event does not exist at sub-box (0,0,0)
    reach: arm (0,-1) 16.3-18.1 deg [selfoff foot 1]  grid 16.67-17.67, enclosure 16.67-17.67 deg
    reach: arm (1,1) 19.9-21.7 deg [selfoff foot 0]  grid 20.33-21.33, enclosure 20.33-21.33 deg
    reach: arm (1,-1) 18.3-19.7 deg [cross r1 foot 0 at r0]  grid 18.67-19.33, enclosure 18.67-19.33 deg
    reach: arm (2,1) 21.9-27.1 deg [cross a1 foot 1 at r1]  grid 22.33-26.67, enclosure 22.33-26.67 deg
    reach: arm (2,-1) 54.6-58.1 deg [cross r1 foot 0 at r0]  grid 55.00-57.67, enclosure 55.00-57.67 deg
cell 199 (depth 9, victim half-widths 0.125/0.125/0.125u): refused -- reach envelope: arm (0,1): the stopping event does not exist at sub-box (0,0,0)
cell 200 (depth 9, victim half-widths 0.125/0.125/0.125u): centre [0.8192,-30.3367,-3.2227,19.8666,-35.204,4.0681]
    reach: arm (0,1) grid 17.00-24.67, enclosure - deg  REFUSED: arm (0,1): the stopping event does not exist at sub-box (0,0,0)
    reach: arm (0,-1) 15.6-17.4 deg [selfoff foot 1]  grid 16.00-17.00, enclosure 16.00-17.00 deg
    reach: arm (1,1) 19.9-21.4 deg [selfoff foot 0]  grid 20.33-21.00, enclosure 20.33-21.00 deg
    reach: arm (1,-1) 18.3-19.7 deg [cross r1 foot 0 at r0]  grid 18.67-19.33, enclosure 18.67-19.33 deg
    reach: arm (2,1) 25.9-30.7 deg [cross a1 foot 1 at r1]  grid 26.33-30.33, enclosure 26.33-30.33 deg
    reach: arm (2,-1) 53.6-57.1 deg [cross r1 foot 0 at r0]  grid 54.00-56.67, enclosure 54.00-56.67 deg
cell 200 (depth 9, victim half-widths 0.125/0.125/0.125u): refused -- reach envelope: arm (0,1): the stopping event does not exist at sub-box (0,0,0)
cell 201 (depth 9, victim half-widths 0.125/0.125/0.125u): centre [0.8192,-30.3367,-3.2227,19.8666,-35.204,4.0789]
    reach: arm (0,1) grid 15.33-24.67, enclosure - deg  REFUSED: arm (0,1): the stopping event does not exist at sub-box (0,0,0)
    reach: arm (0,-1) 15.9-17.4 deg [selfoff foot 1]  grid 16.33-17.00, enclosure 16.33-17.00 deg
    reach: arm (1,1) 19.6-21.1 deg [selfoff foot 0]  grid 20.00-20.67, enclosure 20.00-20.67 deg
    reach: arm (1,-1) 18.6-20.1 deg [cross r1 foot 0 at r0]  grid 19.00-19.67, enclosure 19.00-19.67 deg
    reach: arm (2,1) 24.3-29.1 deg [cross a1 foot 1 at r1]  grid 24.67-28.67, enclosure 24.67-28.67 deg
    reach: arm (2,-1) 54.9-58.4 deg [cross r1 foot 0 at r0]  grid 55.33-58.00, enclosure 55.33-58.00 deg
cell 201 (depth 9, victim half-widths 0.125/0.125/0.125u): refused -- reach envelope: arm (0,1): the stopping event does not exist at sub-box (0,0,0)
cell 202 (depth 9, victim half-widths 0.125/0.125/0.125u): centre [0.8192,-30.3367,-3.2227,19.8666,-34.954,4.0681]
    reach: arm (0,1) grid 14.00-24.67, enclosure - deg  REFUSED: arm (0,1): the stopping event does not exist at sub-box (0,0,0)
    reach: arm (0,-1) 15.9-17.7 deg [selfoff foot 1]  grid 16.33-17.33, enclosure 16.33-17.33 deg
    reach: arm (1,1) 20.3-21.7 deg [selfoff foot 0]  grid 20.67-21.33, enclosure 20.67-21.33 deg
    reach: arm (1,-1) 17.9-19.4 deg [cross r1 foot 0 at r0]  grid 18.33-19.00, enclosure 18.33-19.00 deg
    reach: arm (2,1) 25.3-30.4 deg [cross a1 foot 1 at r1]  grid 25.67-30.00, enclosure 25.67-30.00 deg
    reach: arm (2,-1) 52.9-56.4 deg [cross r1 foot 0 at r0]  grid 53.33-56.00, enclosure 53.33-56.00 deg
cell 202 (depth 9, victim half-widths 0.125/0.125/0.125u): refused -- reach envelope: arm (0,1): the stopping event does not exist at sub-box (0,0,0)
cell 203 (depth 9, victim half-widths 0.125/0.125/0.125u): centre [0.8192,-30.3367,-3.2227,19.8666,-34.954,4.0789]
    reach: arm (0,1) grid 13.00-24.33, enclosure - deg  REFUSED: arm (0,1): the stopping event does not exist at sub-box (0,0,0)
    reach: arm (0,-1) 16.3-17.7 deg [selfoff foot 1]  grid 16.67-17.33, enclosure 16.67-17.33 deg
    reach: arm (1,1) 19.9-21.7 deg [selfoff foot 0]  grid 20.33-21.33, enclosure 20.33-21.33 deg
    reach: arm (1,-1) 18.3-19.7 deg [cross r1 foot 0 at r0]  grid 18.67-19.33, enclosure 18.67-19.33 deg
    reach: arm (2,1) 23.6-28.7 deg [cross a1 foot 1 at r1]  grid 24.00-28.33, enclosure 24.00-28.33 deg
    reach: arm (2,-1) 54.3-57.7 deg [cross r1 foot 0 at r0]  grid 54.67-57.33, enclosure 54.67-57.33 deg
cell 203 (depth 9, victim half-widths 0.125/0.125/0.125u): refused -- reach envelope: arm (0,1): the stopping event does not exist at sub-box (0,0,0)
cell 204 (depth 9, victim half-widths 0.125/0.125/0.125u): centre [0.8192,-30.3367,-3.2227,19.6166,-34.954,4.0898]
    reach: arm (0,1) grid 14.00-23.67, enclosure - deg  REFUSED: arm (0,1): the stopping event does not exist at sub-box (0,0,0)
    reach: arm (0,-1) 16.6-18.4 deg [selfoff foot 1]  grid 17.00-18.00, enclosure 17.00-18.00 deg
    reach: arm (1,1) 19.9-21.4 deg [selfoff foot 0]  grid 20.33-21.00, enclosure 20.33-21.00 deg
    reach: arm (1,-1) 18.3-20.1 deg [cross r1 foot 0 at r0]  grid 18.67-19.67, enclosure 18.67-19.67 deg
    reach: arm (2,1) 20.3-25.4 deg [cross a1 foot 1 at r1]  grid 20.67-25.00, enclosure 20.67-25.00 deg
    reach: arm (2,-1) 55.9-59.4 deg [cross r1 foot 0 at r0]  grid 56.33-59.00, enclosure 56.33-59.00 deg
cell 204 (depth 9, victim half-widths 0.125/0.125/0.125u): refused -- reach envelope: arm (0,1): the stopping event does not exist at sub-box (0,0,0)
cell 205 (depth 9, victim half-widths 0.125/0.125/0.125u): centre [0.8192,-30.3367,-3.2227,19.6166,-34.954,4.1006]
    reach: arm (0,1) grid 13.00-23.67, enclosure - deg  REFUSED: arm (0,1): the stopping event does not exist at sub-box (0,0,0)
    reach: arm (0,-1) 16.9-18.4 deg [selfoff foot 1]  grid 17.33-18.00, enclosure 17.33-18.00 deg
    reach: arm (1,1) 19.6-21.4 deg [selfoff foot 0]  grid 20.00-21.00, enclosure 20.00-21.00 deg
    reach: arm (1,-1) 18.6-20.1 deg [cross r1 foot 0 at r0]  grid 19.00-19.67, enclosure 19.00-19.67 deg
    reach: arm (2,1) 18.6-23.7 deg [cross a1 foot 1 at r1]  grid 19.00-23.33, enclosure 19.00-23.33 deg
    reach: arm (2,-1) 57.6-61.1 deg [cross r1 foot 0 at r0]  grid 58.00-60.67, enclosure 58.00-60.67 deg
cell 205 (depth 9, victim half-widths 0.125/0.125/0.125u): refused -- reach envelope: arm (0,1): the stopping event does not exist at sub-box (0,0,0)
cell 206 (depth 9, victim half-widths 0.125/0.125/0.125u): centre [0.8192,-30.3367,-3.2227,19.8666,-35.204,4.0898]
    reach: arm (0,1) grid 14.00-24.33, enclosure - deg  REFUSED: arm (0,1): the stopping event does not exist at sub-box (0,0,0)
    reach: arm (0,-1) 15.9-17.7 deg [selfoff foot 1]  grid 16.33-17.33, enclosure 16.33-17.33 deg
    reach: arm (1,1) 19.3-21.1 deg [selfoff foot 0]  grid 19.67-20.67, enclosure 19.67-20.67 deg
    reach: arm (1,-1) 18.6-20.4 deg [cross r1 foot 0 at r0]  grid 19.00-20.00, enclosure 19.00-20.00 deg
    reach: arm (2,1) 22.6-27.4 deg [cross a1 foot 1 at r1]  grid 23.00-27.00, enclosure 23.00-27.00 deg
    reach: arm (2,-1) 56.3-59.7 deg [cross r1 foot 0 at r0]  grid 56.67-59.33, enclosure 56.67-59.33 deg
cell 206 (depth 9, victim half-widths 0.125/0.125/0.125u): refused -- reach envelope: arm (0,1): the stopping event does not exist at sub-box (0,0,0)
cell 207 (depth 9, victim half-widths 0.125/0.125/0.125u): centre [0.8192,-30.3367,-3.2227,19.8666,-35.204,4.1006]
    reach: arm (0,1) grid 13.00-24.00, enclosure - deg  REFUSED: arm (0,1): the stopping event does not exist at sub-box (0,0,0)
    reach: arm (0,-1) 16.3-17.7 deg [selfoff foot 1]  grid 16.67-17.33, enclosure 16.67-17.33 deg
    reach: arm (1,1) 19.3-20.7 deg [selfoff foot 0]  grid 19.67-20.33, enclosure 19.67-20.33 deg
    reach: arm (1,-1) 18.9-20.7 deg [cross r1 foot 0 at r0]  grid 19.33-20.33, enclosure 19.33-20.33 deg
    reach: arm (2,1) 20.9-25.7 deg [cross a1 foot 1 at r1]  grid 21.33-25.33, enclosure 21.33-25.33 deg
    reach: arm (2,-1) 57.6-61.1 deg [cross r1 foot 0 at r0]  grid 58.00-60.67, enclosure 58.00-60.67 deg
cell 207 (depth 9, victim half-widths 0.125/0.125/0.125u): refused -- reach envelope: arm (0,1): the stopping event does not exist at sub-box (0,0,0)
cell 208 (depth 9, victim half-widths 0.125/0.125/0.125u): centre [0.8192,-30.3367,-3.2227,19.8666,-34.954,4.0898]
    reach: arm (0,1) grid 12.00-24.00, enclosure - deg  REFUSED: arm (0,1): the stopping event does not exist at sub-box (0,0,0)
    reach: arm (0,-1) 16.3-18.1 deg [selfoff foot 1]  grid 16.67-17.67, enclosure 16.67-17.67 deg
    reach: arm (1,1) 19.6-21.4 deg [selfoff foot 0]  grid 20.00-21.00, enclosure 20.00-21.00 deg
    reach: arm (1,-1) 18.3-20.1 deg [cross r1 foot 0 at r0]  grid 18.67-19.67, enclosure 18.67-19.67 deg
    reach: arm (2,1) 21.9-26.7 deg [cross a1 foot 1 at r1]  grid 22.33-26.33, enclosure 22.33-26.33 deg
    reach: arm (2,-1) 55.6-59.1 deg [cross r1 foot 0 at r0]  grid 56.00-58.67, enclosure 56.00-58.67 deg
cell 208 (depth 9, victim half-widths 0.125/0.125/0.125u): refused -- reach envelope: arm (0,1): the stopping event does not exist at sub-box (0,0,0)
cell 209 (depth 9, victim half-widths 0.125/0.125/0.125u): centre [0.8192,-30.3367,-3.2227,19.8666,-34.954,4.1006]
    reach: arm (0,1) grid 11.33-23.67, enclosure - deg  REFUSED: arm (0,1): the stopping event does not exist at sub-box (0,0,0)
    reach: arm (0,-1) 16.6-18.1 deg [selfoff foot 1]  grid 17.00-17.67, enclosure 17.00-17.67 deg
    reach: arm (1,1) 19.6-21.1 deg [selfoff foot 0]  grid 20.00-20.67, enclosure 20.00-20.67 deg
    reach: arm (1,-1) 18.6-20.4 deg [cross r1 foot 0 at r0]  grid 19.00-20.00, enclosure 19.00-20.00 deg
    reach: arm (2,1) 20.3-25.1 deg [cross a1 foot 1 at r1]  grid 20.67-24.67, enclosure 20.67-24.67 deg
    reach: arm (2,-1) 56.9-60.4 deg [cross r1 foot 0 at r0]  grid 57.33-60.00, enclosure 57.33-60.00 deg
cell 209 (depth 9, victim half-widths 0.125/0.125/0.125u): refused -- reach envelope: arm (0,1): the stopping event does not exist at sub-box (0,0,0)
cell 210 (depth 9, victim half-widths 0.125/0.125/0.125u): centre [0.8192,-30.3367,-3.2227,19.6166,-35.204,4.1114]
    reach: arm (0,1) grid 14.00-23.33, enclosure - deg  REFUSED: arm (0,1): the stopping event does not exist at sub-box (0,0,0)
    reach: arm (0,-1) 16.6-18.4 deg [selfoff foot 1]  grid 17.00-18.00, enclosure 17.00-18.00 deg
    reach: arm (1,1) 18.9-20.7 deg [selfoff foot 0]  grid 19.33-20.33, enclosure 19.33-20.33 deg
    reach: arm (1,-1) 19.3-20.7 deg [cross r1 foot 0 at r0]  grid 19.67-20.33, enclosure 19.67-20.33 deg
    reach: arm (2,1) 17.6-22.7 deg [cross a1 foot 1 at r1]  grid 18.00-22.33, enclosure 18.00-22.33 deg
    reach: arm (2,-1) 59.6-63.1 deg [cross r1 foot 0 at r0]  grid 60.00-62.67, enclosure 60.00-62.67 deg
cell 210 (depth 9, victim half-widths 0.125/0.125/0.125u): refused -- reach envelope: arm (0,1): the stopping event does not exist at sub-box (0,0,0)
cell 211 (depth 9, victim half-widths 0.125/0.125/0.125u): centre [0.8192,-30.3367,-3.2227,19.6166,-35.204,4.1222]
    reach: arm (0,1) grid 12.67-23.33, enclosure - deg  REFUSED: arm (0,1): the stopping event does not exist at sub-box (0,0,0)
    reach: arm (0,-1) 16.9-18.7 deg [selfoff foot 1]  grid 17.33-18.33, enclosure 17.33-18.33 deg
    reach: arm (1,1) 18.9-20.4 deg [selfoff foot 0]  grid 19.33-20.00, enclosure 19.33-20.00 deg
    reach: arm (1,-1) 19.6-21.1 deg [cross r1 foot 0 at r0]  grid 20.00-20.67, enclosure 20.00-20.67 deg
    reach: arm (2,1) 15.9-21.1 deg [cross a1 foot 1 at r1]  grid 16.33-20.67, enclosure 16.33-20.67 deg
    reach: arm (2,-1) 60.9-64.4 deg [cross r1 foot 0 at r0]  grid 61.33-64.00, enclosure 61.33-64.00 deg
cell 211 (depth 9, victim half-widths 0.125/0.125/0.125u): refused -- reach envelope: arm (0,1): the stopping event does not exist at sub-box (0,0,0)
cell 212 (depth 9, victim half-widths 0.125/0.125/0.125u): centre [0.8192,-30.3367,-3.2227,19.6166,-34.954,4.1114]
    reach: arm (0,1) grid 11.67-23.33, enclosure - deg  REFUSED: arm (0,1): the stopping event does not exist at sub-box (0,0,0)
    reach: arm (0,-1) 16.9-18.7 deg [selfoff foot 1]  grid 17.33-18.33, enclosure 17.33-18.33 deg
    reach: arm (1,1) 19.3-21.1 deg [selfoff foot 0]  grid 19.67-20.67, enclosure 19.67-20.67 deg
    reach: arm (1,-1) 18.9-20.4 deg [cross r1 foot 0 at r0]  grid 19.33-20.00, enclosure 19.33-20.00 deg
    reach: arm (2,1) 16.9-22.1 deg [cross a1 foot 1 at r1]  grid 17.33-21.67, enclosure 17.33-21.67 deg
    reach: arm (2,-1) 58.9-62.4 deg [cross r1 foot 0 at r0]  grid 59.33-62.00, enclosure 59.33-62.00 deg
cell 212 (depth 9, victim half-widths 0.125/0.125/0.125u): refused -- reach envelope: arm (0,1): the stopping event does not exist at sub-box (0,0,0)
cell 213 (depth 9, victim half-widths 0.125/0.125/0.125u): centre [0.8192,-30.3367,-3.2227,19.6166,-34.954,4.1222]
    reach: arm (0,1) grid 10.67-23.00, enclosure - deg  REFUSED: arm (0,1): the stopping event does not exist at sub-box (0,0,0)
    reach: arm (0,-1) 17.3-19.1 deg [selfoff foot 1]  grid 17.67-18.67, enclosure 17.67-18.67 deg
    reach: arm (1,1) 19.3-20.7 deg [selfoff foot 0]  grid 19.67-20.33, enclosure 19.67-20.33 deg
    reach: arm (1,-1) 19.3-20.7 deg [cross r1 foot 0 at r0]  grid 19.67-20.33, enclosure 19.67-20.33 deg
    reach: arm (2,1) 15.3-20.4 deg [cross a1 foot 1 at r1]  grid 15.67-20.00, enclosure 15.67-20.00 deg
    reach: arm (2,-1) 60.3-63.7 deg [cross r1 foot 0 at r0]  grid 60.67-63.33, enclosure 60.67-63.33 deg
cell 213 (depth 9, victim half-widths 0.125/0.125/0.125u): refused -- reach envelope: arm (0,1): the stopping event does not exist at sub-box (0,0,0)
cell 214 (depth 9, victim half-widths 0.125/0.125/0.125u): centre [0.8192,-30.3367,-3.2227,19.8666,-35.204,4.1114]
    reach: arm (0,1) grid 12.00-23.67, enclosure - deg  REFUSED: arm (0,1): the stopping event does not exist at sub-box (0,0,0)
    reach: arm (0,-1) 16.3-18.1 deg [selfoff foot 1]  grid 16.67-17.67, enclosure 16.67-17.67 deg
    reach: arm (1,1) 18.9-20.7 deg [selfoff foot 0]  grid 19.33-20.33, enclosure 19.33-20.33 deg
    reach: arm (1,-1) 19.3-20.7 deg [cross r1 foot 0 at r0]  grid 19.67-20.33, enclosure 19.67-20.33 deg
    reach: arm (2,1) 19.3-24.1 deg [cross a1 foot 1 at r1]  grid 19.67-23.67, enclosure 19.67-23.67 deg
    reach: arm (2,-1) 58.9-62.4 deg [cross r1 foot 0 at r0]  grid 59.33-62.00, enclosure 59.33-62.00 deg
cell 214 (depth 9, victim half-widths 0.125/0.125/0.125u): refused -- reach envelope: arm (0,1): the stopping event does not exist at sub-box (0,0,0)
cell 215 (depth 9, victim half-widths 0.125/0.125/0.125u): centre [0.8192,-30.3367,-3.2227,19.8666,-35.204,4.1222]
    reach: arm (0,1) grid 11.00-23.33, enclosure - deg  REFUSED: arm (0,1): the stopping event does not exist at sub-box (0,0,0)
    reach: arm (0,-1) 16.6-18.4 deg [selfoff foot 1]  grid 17.00-18.00, enclosure 17.00-18.00 deg
    reach: arm (1,1) 18.6-20.4 deg [selfoff foot 0]  grid 19.00-20.00, enclosure 19.00-20.00 deg
    reach: arm (1,-1) 19.6-21.1 deg [cross r1 foot 0 at r0]  grid 20.00-20.67, enclosure 20.00-20.67 deg
    reach: arm (2,1) 17.6-22.4 deg [cross a1 foot 1 at r1]  grid 18.00-22.00, enclosure 18.00-22.00 deg
    reach: arm (2,-1) 60.3-63.7 deg [cross r1 foot 0 at r0]  grid 60.67-63.33, enclosure 60.67-63.33 deg
cell 215 (depth 9, victim half-widths 0.125/0.125/0.125u): refused -- reach envelope: arm (0,1): the stopping event does not exist at sub-box (0,0,0)
cell 216 (depth 9, victim half-widths 0.125/0.125/0.125u): centre [0.8192,-30.3367,-3.2227,19.8666,-34.954,4.1114]
    reach: arm (0,1) grid 10.33-23.33, enclosure - deg  REFUSED: arm (0,1): the stopping event (foot 1, level 40.81u of circle 3) is tangent somewhere in the box (sub-box 0,0,0)
    reach: arm (0,-1) 16.6-18.4 deg [selfoff foot 1]  grid 17.00-18.00, enclosure 17.00-18.00 deg
    reach: arm (1,1) 19.3-21.1 deg [selfoff foot 0]  grid 19.67-20.67, enclosure 19.67-20.67 deg
    reach: arm (1,-1) 18.9-20.4 deg [cross r1 foot 0 at r0]  grid 19.33-20.00, enclosure 19.33-20.00 deg
    reach: arm (2,1) 18.6-23.4 deg [cross a1 foot 1 at r1]  grid 19.00-23.00, enclosure 19.00-23.00 deg
    reach: arm (2,-1) 58.3-61.7 deg [cross r1 foot 0 at r0]  grid 58.67-61.33, enclosure 58.67-61.33 deg
cell 216 (depth 9, victim half-widths 0.125/0.125/0.125u): refused -- reach envelope: arm (0,1): the stopping event (foot 1, level 40.81u of circle 3) is tangent somewhere in the box (sub-box 0,0,0)
cell 217 (depth 9, victim half-widths 0.125/0.125/0.125u): centre [0.8192,-30.3367,-3.2227,19.8666,-34.954,4.1222]
    reach: arm (0,1) 8.9-14.7 deg [cross r1 foot 1 at a1]  grid 9.33-14.33, enclosure 9.33-14.33 deg
    reach: arm (0,-1) 16.9-18.7 deg [selfoff foot 1]  grid 17.33-18.33, enclosure 17.33-18.33 deg
    reach: arm (1,1) 19.3-20.7 deg [selfoff foot 0]  grid 19.67-20.33, enclosure 19.67-20.33 deg
    reach: arm (1,-1) 19.3-20.7 deg [cross r1 foot 0 at r0]  grid 19.67-20.33, enclosure 19.67-20.33 deg
    reach: arm (2,1) 16.9-21.7 deg [cross a1 foot 1 at r1]  grid 17.33-21.33, enclosure 17.33-21.33 deg
    reach: arm (2,-1) 59.6-63.1 deg [cross r1 foot 0 at r0]  grid 60.00-62.67, enclosure 60.00-62.67 deg
    3/27: [0.819,-30.337,-3.223,19.742,-35.079,4.122] dead W=1.02 accept=1.02  (13s)
    6/27: [0.819,-30.337,-3.223,19.742,-34.954,4.122] dead W=0.98 accept=1.04  (17s)
    9/27: [0.819,-30.337,-3.223,19.867,-35.079,4.128] dead W=0.77 accept=0.79  (20s)
    12/27: [0.819,-30.337,-3.223,19.867,-35.079,4.122] dead W=0.34 accept=0.93  (21s)
    15/27: [0.819,-30.337,-3.223,19.867,-34.954,4.117] dead W=0.91 accept=0.91  (24s)
    18/27: [0.819,-30.337,-3.223,19.867,-34.829,4.128] dead W=0.66 accept=0.66  (27s)
    21/27: [0.819,-30.337,-3.223,19.992,-34.954,4.117] dead W=0.39 accept=0.78  (31s)
    24/27: [0.819,-30.337,-3.223,19.992,-34.954,4.128] dead W=0.63 accept=0.68  (31s)
    27/27: [0.819,-30.337,-3.223,19.992,-34.829,4.128] dead W=0.53 accept=0.53  (34s)
    round 1: 8 pairs refused, 8 midpoints to certify (step 0.063u)
    1/8: [0.819,-30.337,-3.223,19.742,-34.892,4.122] dead W=0.95 accept=0.95  (38s)
    2/8: [0.819,-30.337,-3.223,19.804,-34.829,4.122] dead W=0.87 accept=0.87  (38s)
    3/8: [0.819,-30.337,-3.223,19.742,-34.829,4.125] dead W=0.87 accept=0.87  (38s)
    4/8: [0.819,-30.337,-3.223,19.742,-34.892,4.117] dead W=1.06 accept=1.06  (38s)
    5/8: [0.819,-30.337,-3.223,19.867,-34.829,4.12] dead W=0.84 accept=0.84  (41s)
    6/8: [0.819,-30.337,-3.223,19.992,-34.892,4.117] dead W=0.34 accept=0.74  (41s)
    7/8: [0.819,-30.337,-3.223,19.867,-34.892,4.117] dead W=0.92 accept=0.92  (41s)
    8/8: [0.819,-30.337,-3.223,19.992,-34.829,4.12] dead W=0.70 accept=0.70  (41s)
cell 217 (depth 9, victim half-widths 0.125/0.125/0.125u): dead (35 poses, 5810 gaps, 8 slivers, 0 probed gaps, min accepted 0.05u)
cell 218 (depth 9, victim half-widths 0.125/0.125/0.125u): centre [0.8192,-30.3367,-3.2227,19.6166,-35.204,4.1331]
    reach: arm (0,1) grid 11.33-23.00, enclosure - deg  REFUSED: arm (0,1): the stopping event does not exist at sub-box (0,0,0)
    reach: arm (0,-1) 16.9-18.7 deg [selfoff foot 1]  grid 17.33-18.33, enclosure 17.33-18.33 deg
    reach: arm (1,1) 18.6-20.4 deg [selfoff foot 0]  grid 19.00-20.00, enclosure 19.00-20.00 deg
    reach: arm (1,-1) 19.9-21.4 deg [cross r1 foot 0 at r0]  grid 20.33-21.00, enclosure 20.33-21.00 deg
    reach: arm (2,1) 14.6-19.4 deg [cross a1 foot 1 at r1]  grid 15.00-19.00, enclosure 15.00-19.00 deg
    reach: arm (2,-1) 62.3-65.7 deg [cross r1 foot 0 at r0]  grid 62.67-65.33, enclosure 62.67-65.33 deg
cell 218 (depth 9, victim half-widths 0.125/0.125/0.125u): refused -- reach envelope: arm (0,1): the stopping event does not exist at sub-box (0,0,0)
cell 219 (depth 9, victim half-widths 0.125/0.125/0.125u): centre [0.8192,-30.3367,-3.2227,19.6166,-35.204,4.1439]
    reach: arm (0,1) grid 10.33-22.67, enclosure - deg  REFUSED: arm (0,1): the stopping event does not exist at sub-box (0,0,0)
    reach: arm (0,-1) 17.3-19.1 deg [selfoff foot 1]  grid 17.67-18.67, enclosure 17.67-18.67 deg
    reach: arm (1,1) 18.3-20.1 deg [selfoff foot 0]  grid 18.67-19.67, enclosure 18.67-19.67 deg
    reach: arm (1,-1) 19.9-21.7 deg [cross r1 foot 0 at r0]  grid 20.33-21.33, enclosure 20.33-21.33 deg
    reach: arm (2,1) 12.9-17.7 deg [cross a1 foot 1 at r1]  grid 13.33-17.33, enclosure 13.33-17.33 deg
    reach: arm (2,-1) 63.9-67.4 deg [cross r1 foot 0 at r0]  grid 64.33-67.00, enclosure 64.33-67.00 deg
cell 219 (depth 9, victim half-widths 0.125/0.125/0.125u): refused -- reach envelope: arm (0,1): the stopping event does not exist at sub-box (0,0,0)
cell 220 (depth 9, victim half-widths 0.125/0.125/0.125u): centre [0.8192,-30.3367,-3.2227,19.6166,-34.954,4.1331]
    reach: arm (0,1) grid 9.67-22.67, enclosure - deg  REFUSED: arm (0,1): the stopping event does not exist at sub-box (0,0,0)
    reach: arm (0,-1) 17.3-19.1 deg [selfoff foot 1]  grid 17.67-18.67, enclosure 17.67-18.67 deg
    reach: arm (1,1) 18.9-20.7 deg [selfoff foot 0]  grid 19.33-20.33, enclosure 19.33-20.33 deg
    reach: arm (1,-1) 19.6-21.1 deg [cross r1 foot 0 at r0]  grid 20.00-20.67, enclosure 20.00-20.67 deg
    reach: arm (2,1) 13.6-18.7 deg [cross a1 foot 1 at r1]  grid 14.00-18.33, enclosure 14.00-18.33 deg
    reach: arm (2,-1) 61.6-65.1 deg [cross r1 foot 0 at r0]  grid 62.00-64.67, enclosure 62.00-64.67 deg
cell 220 (depth 9, victim half-widths 0.125/0.125/0.125u): refused -- reach envelope: arm (0,1): the stopping event does not exist at sub-box (0,0,0)
cell 221 (depth 9, victim half-widths 0.125/0.125/0.125u): centre [0.8192,-30.3367,-3.2227,19.6166,-34.954,4.1439]
    reach: arm (0,1) grid 9.00-22.33, enclosure - deg  REFUSED: arm (0,1): the stopping event (foot 1, level 40.81u of circle 3) is tangent somewhere in the box (sub-box 0,0,0)
    reach: arm (0,-1) 17.6-19.4 deg [selfoff foot 1]  grid 18.00-19.00, enclosure 18.00-19.00 deg
    reach: arm (1,1) 18.9-20.4 deg [selfoff foot 0]  grid 19.33-20.00, enclosure 19.33-20.00 deg
    reach: arm (1,-1) 19.6-21.4 deg [cross r1 foot 0 at r0]  grid 20.00-21.00, enclosure 20.00-21.00 deg
    reach: arm (2,1) 11.9-17.1 deg [cross a1 foot 1 at r1]  grid 12.33-16.67, enclosure 12.33-16.67 deg
    reach: arm (2,-1) 63.3-66.7 deg [cross r1 foot 0 at r0]  grid 63.67-66.33, enclosure 63.67-66.33 deg
cell 221 (depth 9, victim half-widths 0.125/0.125/0.125u): refused -- reach envelope: arm (0,1): the stopping event (foot 1, level 40.81u of circle 3) is tangent somewhere in the box (sub-box 0,0,0)
cell 222 (depth 9, victim half-widths 0.125/0.125/0.125u): centre [0.8192,-30.3367,-3.2227,19.8666,-35.204,4.1331]
    reach: arm (0,1) grid 10.00-23.00, enclosure - deg  REFUSED: arm (0,1): the stopping event does not exist at sub-box (0,0,0)
    reach: arm (0,-1) 16.6-18.4 deg [selfoff foot 1]  grid 17.00-18.00, enclosure 17.00-18.00 deg
    reach: arm (1,1) 18.6-20.1 deg [selfoff foot 0]  grid 19.00-19.67, enclosure 19.00-19.67 deg
    reach: arm (1,-1) 19.9-21.4 deg [cross r1 foot 0 at r0]  grid 20.33-21.00, enclosure 20.33-21.00 deg
    reach: arm (2,1) 15.9-20.7 deg [cross a1 foot 1 at r1]  grid 16.33-20.33, enclosure 16.33-20.33 deg
    reach: arm (2,-1) 61.9-65.4 deg [cross r1 foot 0 at r0]  grid 62.33-65.00, enclosure 62.33-65.00 deg
cell 222 (depth 9, victim half-widths 0.125/0.125/0.125u): refused -- reach envelope: arm (0,1): the stopping event does not exist at sub-box (0,0,0)
cell 223 (depth 9, victim half-widths 0.125/0.125/0.125u): centre [0.8192,-30.3367,-3.2227,19.8666,-35.204,4.1439]
    reach: arm (0,1) grid 9.00-22.67, enclosure - deg  REFUSED: arm (0,1): the stopping event (foot 1, level 40.81u of circle 3) is tangent somewhere in the box (sub-box 0,0,0)
    reach: arm (0,-1) 16.9-18.7 deg [selfoff foot 1]  grid 17.33-18.33, enclosure 17.33-18.33 deg
    reach: arm (1,1) 18.3-20.1 deg [selfoff foot 0]  grid 18.67-19.67, enclosure 18.67-19.67 deg
    reach: arm (1,-1) 19.9-21.7 deg [cross r1 foot 0 at r0]  grid 20.33-21.33, enclosure 20.33-21.33 deg
    reach: arm (2,1) 14.3-19.4 deg [cross a1 foot 1 at r1]  grid 14.67-19.00, enclosure 14.67-19.00 deg
    reach: arm (2,-1) 63.3-66.7 deg [cross r1 foot 0 at r0]  grid 63.67-66.33, enclosure 63.67-66.33 deg
cell 223 (depth 9, victim half-widths 0.125/0.125/0.125u): refused -- reach envelope: arm (0,1): the stopping event (foot 1, level 40.81u of circle 3) is tangent somewhere in the box (sub-box 0,0,0)
cell 224 (depth 9, victim half-widths 0.125/0.125/0.125u): centre [0.8192,-30.3367,-3.2227,19.6166,-34.454,4.0681]
    reach: arm (0,1) grid 12.33-23.67, enclosure - deg  REFUSED: arm (0,1): the stopping event does not exist at sub-box (0,0,0)
    reach: arm (0,-1) 16.9-18.7 deg [selfoff foot 1]  grid 17.33-18.33, enclosure 17.33-18.33 deg
    reach: arm (1,1) 21.3-22.7 deg [selfoff r1 foot 0]  grid 21.67-22.33, enclosure 21.67-22.33 deg
    reach: arm (1,-1) grid 18.00-28.67, enclosure - deg  REFUSED: arm (1,-1): stopping event changes between cells (0,0,1)-(1,0,1): cross|r0|2:a1 vs cross|r1|0:r0
    reach: arm (2,1) grid 23.00-27.00, enclosure - deg  REFUSED: arm (2,1): stopping event changes between cells (0,0,1)-(1,0,1): cross|a1,r1|1:r1 vs cross|a1|1:r1
    reach: arm (2,-1) grid 53.33-78.67, enclosure - deg  REFUSED: arm (2,-1): stopping event changes between cells (0,0,1)-(1,0,1): cross|r0,r1|0:a0 vs cross|r1|0:r0
cell 224 (depth 9, victim half-widths 0.125/0.125/0.125u): refused -- reach envelope: arm (0,1): the stopping event does not exist at sub-box (0,0,0); arm (1,-1): stopping event changes between cells (0,0,1)-(1,0,1): cross|r0|2:a1
cell 225 (depth 9, victim half-widths 0.125/0.125/0.125u): centre [0.8192,-30.3367,-3.2227,19.8666,-34.454,4.0681]
    reach: arm (0,1) 10.6-15.7 deg [cross r1 foot 1 at a1]  grid 11.00-15.33, enclosure 11.00-15.33 deg
    reach: arm (0,-1) 16.6-18.4 deg [selfoff foot 1]  grid 17.00-18.00, enclosure 17.00-18.00 deg
    reach: arm (1,1) 20.9-22.7 deg [selfoff r1 foot 0]  grid 21.33-22.33, enclosure 21.33-22.33 deg
    reach: arm (1,-1) grid 18.00-28.33, enclosure - deg  REFUSED: arm (1,-1): stopping event changes between cells (0,0,0)-(0,0,1): cross|r0|2:a1 vs cross|r1|0:r0
    reach: arm (2,1) grid 24.67-28.67, enclosure - deg  REFUSED: arm (2,1): stopping event changes between cells (0,0,0)-(0,0,1): cross|a1,r1|1:r1 vs cross|a1|1:r1
    reach: arm (2,-1) grid 52.67-79.33, enclosure - deg  REFUSED: arm (2,-1): stopping event changes between cells (0,0,0)-(0,0,1): cross|r0,r1|0:a0 vs cross|r1|0:r0
cell 225 (depth 9, victim half-widths 0.125/0.125/0.125u): refused -- reach envelope: arm (1,-1): stopping event changes between cells (0,0,0)-(0,0,1): cross|r0|2:a1 vs cross|r1|0:r0; arm (2,1): stopping event changes between cell
cell 226 (depth 9, victim half-widths 0.125/0.125/0.125u): centre [0.8192,-30.3367,-3.2227,19.6166,-34.454,4.0898]
    reach: arm (0,1) 10.3-16.7 deg [cross r1 foot 1 at a1]  grid 10.67-16.33, enclosure 10.67-16.33 deg
    reach: arm (0,-1) 17.3-19.1 deg [selfoff foot 1]  grid 17.67-18.67, enclosure 17.67-18.67 deg
    reach: arm (1,1) 20.6-22.4 deg [selfoff foot 0]  grid 21.00-22.00, enclosure 21.00-22.00 deg
    reach: arm (1,-1) 17.6-19.4 deg [cross r1 foot 0 at r0]  grid 18.00-19.00, enclosure 18.00-19.00 deg
    reach: arm (2,1) 18.6-24.1 deg [cross a1 foot 1 at r1]  grid 19.00-23.67, enclosure 19.00-23.67 deg
    reach: arm (2,-1) 53.9-58.1 deg [cross r1 foot 1 at r1]  grid 54.33-57.67, enclosure 54.33-57.67 deg
    3/27: [0.819,-30.337,-3.223,19.492,-34.579,4.09] dead W=1.49 accept=3.58  (11s)
    6/27: [0.819,-30.337,-3.223,19.492,-34.454,4.095] dead W=1.24 accept=3.67  (15s)
    9/27: [0.819,-30.337,-3.223,19.617,-34.579,4.084] dead W=1.29 accept=3.53  (18s)
    12/27: [0.819,-30.337,-3.223,19.617,-34.579,4.095] dead W=0.37 accept=3.58  (20s)
    15/27: [0.819,-30.337,-3.223,19.617,-34.454,4.095] dead W=1.57 accept=3.63  (22s)
    18/27: [0.819,-30.337,-3.223,19.617,-34.329,4.09] dead W=3.62 accept=3.62  (26s)
    21/27: [0.819,-30.337,-3.223,19.742,-34.454,4.084] dead W=1.41 accept=3.49  (29s)
    24/27: [0.819,-30.337,-3.223,19.742,-34.454,4.095] dead W=1.30 accept=3.54  (31s)
    27/27: [0.819,-30.337,-3.223,19.742,-34.329,4.095] dead W=1.33 accept=3.58  (33s)
    round 1: 10 pairs refused, 10 midpoints to certify (step 0.063u)
    1/10: [0.819,-30.337,-3.223,19.492,-34.329,4.087] dead W=1.47 accept=3.63  (36s)
    2/10: [0.819,-30.337,-3.223,19.492,-34.392,4.084] dead W=1.52 accept=3.58  (37s)
    3/10: [0.819,-30.337,-3.223,19.554,-34.329,4.09] dead W=1.30 accept=3.62  (37s)
    4/10: [0.819,-30.337,-3.223,19.554,-34.329,4.084] dead W=1.42 accept=3.63  (37s)
    5/10: [0.819,-30.337,-3.223,19.617,-34.392,4.084] dead W=1.30 accept=3.57  (40s)
    6/10: [0.819,-30.337,-3.223,19.617,-34.329,4.092] dead W=1.59 accept=3.64  (40s)
    7/10: [0.819,-30.337,-3.223,19.679,-34.329,4.084] dead W=1.12 accept=1.47  (40s)
    8/10: [0.819,-30.337,-3.223,19.617,-34.329,4.087] dead W=1.21 accept=2.06  (40s)
    9/10: [0.819,-30.337,-3.223,19.742,-34.329,4.092] dead W=1.30 accept=3.60  (44s)
    10/10: [0.819,-30.337,-3.223,19.742,-34.392,4.095] dead W=1.37 accept=3.61  (44s)
cell 226 (depth 9, victim half-widths 0.125/0.125/0.125u): dead (37 poses, 6216 gaps, 10 slivers, 4 probed gaps, min accepted 0.04u)
cell 227 (depth 9, victim half-widths 0.125/0.125/0.125u): centre [0.8192,-30.3367,-3.2227,19.6166,-34.454,4.1006]
    reach: arm (0,1) 9.3-14.7 deg [cross r1 foot 1 at a1]  grid 9.67-14.33, enclosure 9.67-14.33 deg
    reach: arm (0,-1) 17.6-19.1 deg [selfoff foot 1]  grid 18.00-18.67, enclosure 18.00-18.67 deg
    reach: arm (1,1) 20.6-22.1 deg [selfoff foot 0]  grid 21.00-21.67, enclosure 21.00-21.67 deg
    reach: arm (1,-1) 17.9-19.4 deg [cross r1 foot 0 at r0]  grid 18.33-19.00, enclosure 18.33-19.00 deg
    reach: arm (2,1) 16.9-22.1 deg [cross a1 foot 1 at r1]  grid 17.33-21.67, enclosure 17.33-21.67 deg
    reach: arm (2,-1) 54.9-59.4 deg [cross r1 foot 1 at r1]  grid 55.33-59.00, enclosure 55.33-59.00 deg
    3/27: [0.819,-30.337,-3.223,19.492,-34.579,4.101] dead W=0.44 accept=1.94  (13s)
    6/27: [0.819,-30.337,-3.223,19.492,-34.454,4.106] dead W=0.38 accept=3.71  (16s)
    9/27: [0.819,-30.337,-3.223,19.492,-34.329,4.106] dead W=0.26 accept=3.76  (19s)
    12/27: [0.819,-30.337,-3.223,19.617,-34.579,4.101] dead W=0.47 accept=2.27  (20s)
    15/27: [0.819,-30.337,-3.223,19.617,-34.454,4.101] dead W=0.35 accept=3.63  (24s)
    18/27: [0.819,-30.337,-3.223,19.617,-34.329,4.106] dead W=0.29 accept=3.71  (27s)
    21/27: [0.819,-30.337,-3.223,19.742,-34.579,4.106] dead W=0.56 accept=1.85  (29s)
    24/27: [0.819,-30.337,-3.223,19.742,-34.454,4.106] dead W=0.44 accept=3.63  (31s)
    27/27: [0.819,-30.337,-3.223,19.742,-34.329,4.106] dead W=0.32 accept=3.66  (34s)
    round 1: 4 pairs refused, 4 midpoints to certify (step 0.063u)
    1/4: [0.819,-30.337,-3.223,19.742,-34.517,4.106] dead W=0.50 accept=1.76  (38s)
    2/4: [0.819,-30.337,-3.223,19.617,-34.579,4.098] dead W=0.44 accept=3.64  (38s)
    3/4: [0.819,-30.337,-3.223,19.742,-34.392,4.101] dead W=0.32 accept=3.62  (39s)
    4/4: [0.819,-30.337,-3.223,19.742,-34.392,4.095] dead W=0.26 accept=3.59  (39s)
cell 227 (depth 9, victim half-widths 0.125/0.125/0.125u): dead (31 poses, 5084 gaps, 0 slivers, 3 probed gaps, min accepted 0.05u)
cell 228 (depth 9, victim half-widths 0.125/0.125/0.125u): centre [0.8192,-30.3367,-3.2227,20.3666,-35.954,4.0898]
    reach: arm (0,1) 24.3-26.1 deg [cross r1 foot 1 at r0]  grid 24.67-25.67, enclosure 24.67-25.67 deg
    reach: arm (0,-1) 14.3-16.1 deg [selfoff foot 1]  grid 14.67-15.67, enclosure 14.67-15.67 deg
    reach: arm (1,1) 17.9-19.7 deg [selfoff foot 0]  grid 18.33-19.33, enclosure 18.33-19.33 deg
    reach: arm (1,-1) 19.9-21.4 deg [cross r1 foot 0 at r0]  grid 20.33-21.00, enclosure 20.33-21.00 deg
    reach: arm (2,1) 27.3-31.7 deg [cross a1 foot 1 at r1]  grid 27.67-31.33, enclosure 27.67-31.33 deg
    reach: arm (2,-1) 57.3-60.4 deg [cross r1 foot 0 at r0]  grid 57.67-60.00, enclosure 57.67-60.00 deg
    3/27: [0.819,-30.337,-3.223,20.242,-35.954,4.084] dead W=0.32 accept=1.43  (13s)
    6/27: [0.819,-30.337,-3.223,20.242,-35.954,4.095] dead W=0.21 accept=1.23  (16s)
    9/27: [0.819,-30.337,-3.223,20.242,-35.829,4.095] dead W=0.12 accept=1.16  (20s)
    12/27: [0.819,-30.337,-3.223,20.367,-36.079,4.095] dead W=0.39 accept=1.03  (20s)
    15/27: [0.819,-30.337,-3.223,20.367,-35.954,4.084] dead W=0.41 accept=1.21  (24s)
    18/27: [0.819,-30.337,-3.223,20.492,-36.079,4.09] dead W=0.53 accept=0.97  (28s)
    21/27: [0.819,-30.337,-3.223,20.492,-36.079,4.095] dead W=0.47 accept=0.95  (31s)
    24/27: [0.819,-30.337,-3.223,20.492,-35.954,4.09] dead W=0.44 accept=0.98  (31s)
    27/27: [0.819,-30.337,-3.223,20.492,-35.829,4.095] dead W=0.29 accept=0.86  (35s)
cell 228 (depth 9, victim half-widths 0.125/0.125/0.125u): dead (27 poses, 4914 gaps, 0 slivers, 0 probed gaps, min accepted 0.07u)
cell 229 (depth 9, victim half-widths 0.125/0.125/0.125u): centre [0.8192,-30.3367,-3.2227,20.3666,-35.954,4.1006]
    reach: arm (0,1) grid 15.67-25.33, enclosure - deg  REFUSED: arm (0,1): the stopping event does not exist at sub-box (0,0,0)
    reach: arm (0,-1) 14.6-16.4 deg [selfoff foot 1]  grid 15.00-16.00, enclosure 15.00-16.00 deg
    reach: arm (1,1) 17.6-19.4 deg [selfoff foot 0]  grid 18.00-19.00, enclosure 18.00-19.00 deg
    reach: arm (1,-1) 20.3-21.7 deg [cross r1 foot 0 at r0]  grid 20.67-21.33, enclosure 20.67-21.33 deg
    reach: arm (2,1) 25.6-30.1 deg [cross a1 foot 1 at r1]  grid 26.00-29.67, enclosure 26.00-29.67 deg
    reach: arm (2,-1) 58.6-61.7 deg [cross r1 foot 0 at r0]  grid 59.00-61.33, enclosure 59.00-61.33 deg
cell 229 (depth 9, victim half-widths 0.125/0.125/0.125u): refused -- reach envelope: arm (0,1): the stopping event does not exist at sub-box (0,0,0)
cell 230 (depth 9, victim half-widths 0.125/0.125/0.125u): centre [0.8192,-30.3367,-3.2227,20.3666,-35.704,4.0681]
    reach: arm (0,1) grid 16.33-25.67, enclosure - deg  REFUSED: arm (0,1): the stopping event does not exist at sub-box (0,0,0)
    reach: arm (0,-1) 14.3-16.1 deg [selfoff foot 1]  grid 14.67-15.67, enclosure 14.67-15.67 deg
    reach: arm (1,1) 18.9-20.4 deg [selfoff foot 0]  grid 19.33-20.00, enclosure 19.33-20.00 deg
    reach: arm (1,-1) 18.9-20.7 deg [cross r1 foot 0 at r0]  grid 19.33-20.33, enclosure 19.33-20.33 deg
    reach: arm (2,1) 29.9-34.7 deg [cross a1 foot 1 at r1]  grid 30.33-34.33, enclosure 30.33-34.33 deg
    reach: arm (2,-1) 53.9-57.1 deg [cross r1 foot 0 at r0]  grid 54.33-56.67, enclosure 54.33-56.67 deg
cell 230 (depth 9, victim half-widths 0.125/0.125/0.125u): refused -- reach envelope: arm (0,1): the stopping event does not exist at sub-box (0,0,0)
cell 231 (depth 9, victim half-widths 0.125/0.125/0.125u): centre [0.8192,-30.3367,-3.2227,20.3666,-35.704,4.0789]
    reach: arm (0,1) grid 15.33-25.67, enclosure - deg  REFUSED: arm (0,1): the stopping event does not exist at sub-box (0,0,0)
    reach: arm (0,-1) 14.6-16.4 deg [selfoff foot 1]  grid 15.00-16.00, enclosure 15.00-16.00 deg
    reach: arm (1,1) 18.6-20.1 deg [selfoff foot 0]  grid 19.00-19.67, enclosure 19.00-19.67 deg
    reach: arm (1,-1) 19.3-20.7 deg [cross r1 foot 0 at r0]  grid 19.67-20.33, enclosure 19.67-20.33 deg
    reach: arm (2,1) 28.3-33.1 deg [cross a1 foot 1 at r1]  grid 28.67-32.67, enclosure 28.67-32.67 deg
    reach: arm (2,-1) 55.3-58.4 deg [cross r1 foot 0 at r0]  grid 55.67-58.00, enclosure 55.67-58.00 deg
cell 231 (depth 9, victim half-widths 0.125/0.125/0.125u): refused -- reach envelope: arm (0,1): the stopping event does not exist at sub-box (0,0,0)
cell 232 (depth 9, victim half-widths 0.125/0.125/0.125u): centre [0.8192,-30.3367,-3.2227,20.3666,-35.454,4.0681]
    reach: arm (0,1) grid 14.00-25.67, enclosure - deg  REFUSED: arm (0,1): the stopping event does not exist at sub-box (0,0,0)
    reach: arm (0,-1) 14.6-16.4 deg [selfoff foot 1]  grid 15.00-16.00, enclosure 15.00-16.00 deg
    reach: arm (1,1) 19.3-20.7 deg [selfoff foot 0]  grid 19.67-20.33, enclosure 19.67-20.33 deg
    reach: arm (1,-1) 18.6-20.1 deg [cross r1 foot 0 at r0]  grid 19.00-19.67, enclosure 19.00-19.67 deg
    reach: arm (2,1) 29.6-34.1 deg [cross a1 foot 1 at r1]  grid 30.00-33.67, enclosure 30.00-33.67 deg
    reach: arm (2,-1) 53.3-56.4 deg [cross r1 foot 0 at r0]  grid 53.67-56.00, enclosure 53.67-56.00 deg
cell 232 (depth 9, victim half-widths 0.125/0.125/0.125u): refused -- reach envelope: arm (0,1): the stopping event does not exist at sub-box (0,0,0)
cell 233 (depth 9, victim half-widths 0.125/0.125/0.125u): centre [0.8192,-30.3367,-3.2227,20.3666,-35.454,4.0789]
    reach: arm (0,1) grid 13.33-25.33, enclosure - deg  REFUSED: arm (0,1): the stopping event does not exist at sub-box (0,0,0)
    reach: arm (0,-1) 14.9-16.7 deg [selfoff foot 1]  grid 15.33-16.33, enclosure 15.33-16.33 deg
    reach: arm (1,1) 18.9-20.7 deg [selfoff foot 0]  grid 19.33-20.33, enclosure 19.33-20.33 deg
    reach: arm (1,-1) 18.9-20.4 deg [cross r1 foot 0 at r0]  grid 19.33-20.00, enclosure 19.33-20.00 deg
    reach: arm (2,1) 27.9-32.4 deg [cross a1 foot 1 at r1]  grid 28.33-32.00, enclosure 28.33-32.00 deg
    reach: arm (2,-1) 54.6-57.7 deg [cross r1 foot 0 at r0]  grid 55.00-57.33, enclosure 55.00-57.33 deg
cell 233 (depth 9, victim half-widths 0.125/0.125/0.125u): refused -- reach envelope: arm (0,1): the stopping event does not exist at sub-box (0,0,0)
cell 234 (depth 9, victim half-widths 0.125/0.125/0.125u): centre [0.8192,-30.3367,-3.2227,20.3666,-35.704,4.0898]
    reach: arm (0,1) grid 14.00-25.33, enclosure - deg  REFUSED: arm (0,1): the stopping event does not exist at sub-box (0,0,0)
    reach: arm (0,-1) 14.6-16.4 deg [selfoff foot 1]  grid 15.00-16.00, enclosure 15.00-16.00 deg
    reach: arm (1,1) 18.3-20.1 deg [selfoff foot 0]  grid 18.67-19.67, enclosure 18.67-19.67 deg
    reach: arm (1,-1) 19.6-21.1 deg [cross r1 foot 0 at r0]  grid 20.00-20.67, enclosure 20.00-20.67 deg
    reach: arm (2,1) 26.6-31.4 deg [cross a1 foot 1 at r1]  grid 27.00-31.00, enclosure 27.00-31.00 deg
    reach: arm (2,-1) 56.6-59.7 deg [cross r1 foot 0 at r0]  grid 57.00-59.33, enclosure 57.00-59.33 deg
cell 234 (depth 9, victim half-widths 0.125/0.125/0.125u): refused -- reach envelope: arm (0,1): the stopping event does not exist at sub-box (0,0,0)
cell 235 (depth 9, victim half-widths 0.125/0.125/0.125u): centre [0.8192,-30.3367,-3.2227,20.3666,-35.704,4.1006]
    reach: arm (0,1) grid 13.00-25.00, enclosure - deg  REFUSED: arm (0,1): the stopping event does not exist at sub-box (0,0,0)
    reach: arm (0,-1) 14.9-16.7 deg [selfoff foot 1]  grid 15.33-16.33, enclosure 15.33-16.33 deg
    reach: arm (1,1) 18.3-19.7 deg [selfoff foot 0]  grid 18.67-19.33, enclosure 18.67-19.33 deg
    reach: arm (1,-1) 19.9-21.4 deg [cross r1 foot 0 at r0]  grid 20.33-21.00, enclosure 20.33-21.00 deg
    reach: arm (2,1) 25.3-29.7 deg [cross a1 foot 1 at r1]  grid 25.67-29.33, enclosure 25.67-29.33 deg
    reach: arm (2,-1) 57.9-61.1 deg [cross r1 foot 0 at r0]  grid 58.33-60.67, enclosure 58.33-60.67 deg
cell 235 (depth 9, victim half-widths 0.125/0.125/0.125u): refused -- reach envelope: arm (0,1): the stopping event does not exist at sub-box (0,0,0)
cell 236 (depth 9, victim half-widths 0.125/0.125/0.125u): centre [0.8192,-30.3367,-3.2227,20.3666,-35.454,4.0898]
    reach: arm (0,1) grid 12.33-25.00, enclosure - deg  REFUSED: arm (0,1): the stopping event does not exist at sub-box (0,0,0)
    reach: arm (0,-1) 14.9-16.7 deg [selfoff foot 1]  grid 15.33-16.33, enclosure 15.33-16.33 deg
    reach: arm (1,1) 18.6-20.4 deg [selfoff foot 0]  grid 19.00-20.00, enclosure 19.00-20.00 deg
    reach: arm (1,-1) 19.3-20.7 deg [cross r1 foot 0 at r0]  grid 19.67-20.33, enclosure 19.67-20.33 deg
    reach: arm (2,1) 26.3-30.7 deg [cross a1 foot 1 at r1]  grid 26.67-30.33, enclosure 26.67-30.33 deg
    reach: arm (2,-1) 55.9-59.4 deg [cross r1 foot 0 at r0]  grid 56.33-59.00, enclosure 56.33-59.00 deg
cell 236 (depth 9, victim half-widths 0.125/0.125/0.125u): refused -- reach envelope: arm (0,1): the stopping event does not exist at sub-box (0,0,0)
cell 237 (depth 9, victim half-widths 0.125/0.125/0.125u): centre [0.8192,-30.3367,-3.2227,20.3666,-35.454,4.1006]
    reach: arm (0,1) grid 11.33-24.67, enclosure - deg  REFUSED: arm (0,1): the stopping event does not exist at sub-box (0,0,0)
    reach: arm (0,-1) 15.3-17.1 deg [selfoff foot 1]  grid 15.67-16.67, enclosure 15.67-16.67 deg
    reach: arm (1,1) 18.6-20.1 deg [selfoff foot 0]  grid 19.00-19.67, enclosure 19.00-19.67 deg
    reach: arm (1,-1) 19.6-21.1 deg [cross r1 foot 0 at r0]  grid 20.00-20.67, enclosure 20.00-20.67 deg
    reach: arm (2,1) 24.6-29.1 deg [cross a1 foot 1 at r1]  grid 25.00-28.67, enclosure 25.00-28.67 deg
    reach: arm (2,-1) 57.3-60.7 deg [cross r1 foot 0 at r0]  grid 57.67-60.33, enclosure 57.67-60.33 deg
cell 237 (depth 9, victim half-widths 0.125/0.125/0.125u): refused -- reach envelope: arm (0,1): the stopping event does not exist at sub-box (0,0,0)
cell 238 (depth 9, victim half-widths 0.125/0.125/0.125u): centre [0.8192,-30.3367,-3.2227,20.3666,-35.954,4.1114]
    reach: arm (0,1) grid 14.00-25.00, enclosure - deg  REFUSED: arm (0,1): the stopping event does not exist at sub-box (0,0,0)
    reach: arm (0,-1) 14.9-16.4 deg [selfoff foot 1]  grid 15.33-16.00, enclosure 15.33-16.00 deg
    reach: arm (1,1) 17.6-19.1 deg [selfoff foot 0]  grid 18.00-18.67, enclosure 18.00-18.67 deg
    reach: arm (1,-1) 20.3-22.1 deg [cross r1 foot 0 at r0]  grid 20.67-21.67, enclosure 20.67-21.67 deg
    reach: arm (2,1) 23.9-28.4 deg [cross a1 foot 1 at r1]  grid 24.33-28.00, enclosure 24.33-28.00 deg
    reach: arm (2,-1) 59.9-63.1 deg [cross r1 foot 0 at r0]  grid 60.33-62.67, enclosure 60.33-62.67 deg
cell 238 (depth 9, victim half-widths 0.125/0.125/0.125u): refused -- reach envelope: arm (0,1): the stopping event does not exist at sub-box (0,0,0)
cell 239 (depth 9, victim half-widths 0.125/0.125/0.125u): centre [0.8192,-30.3367,-3.2227,20.3666,-35.954,4.1222]
    reach: arm (0,1) grid 13.00-24.67, enclosure - deg  REFUSED: arm (0,1): the stopping event does not exist at sub-box (0,0,0)
    reach: arm (0,-1) 14.9-16.7 deg [selfoff foot 1]  grid 15.33-16.33, enclosure 15.33-16.33 deg
    reach: arm (1,1) 17.3-19.1 deg [selfoff foot 0]  grid 17.67-18.67, enclosure 17.67-18.67 deg
    reach: arm (1,-1) 20.6-22.4 deg [cross r1 foot 0 at r0]  grid 21.00-22.00, enclosure 21.00-22.00 deg
    reach: arm (2,1) 22.6-27.1 deg [cross a1 foot 1 at r1]  grid 23.00-26.67, enclosure 23.00-26.67 deg
    reach: arm (2,-1) 61.3-64.7 deg [cross r1 foot 0 at r0]  grid 61.67-64.33, enclosure 61.67-64.33 deg
cell 239 (depth 9, victim half-widths 0.125/0.125/0.125u): refused -- reach envelope: arm (0,1): the stopping event does not exist at sub-box (0,0,0)
cell 240 (depth 9, victim half-widths 0.125/0.125/0.125u): centre [0.8192,-30.3367,-3.2227,20.3666,-36.204,4.1331]
    reach: arm (0,1) grid 14.33-24.67, enclosure - deg  REFUSED: arm (0,1): the stopping event does not exist at sub-box (0,0,0)
    reach: arm (0,-1) 14.9-16.7 deg [selfoff foot 1]  grid 15.33-16.33, enclosure 15.33-16.33 deg
    reach: arm (1,1) 16.6-18.4 deg [selfoff foot 0]  grid 17.00-18.00, enclosure 17.00-18.00 deg
    reach: arm (1,-1) 21.3-22.7 deg [cross r1 foot 0 at r0]  grid 21.67-22.33, enclosure 21.67-22.33 deg
    reach: arm (2,1) 21.6-26.1 deg [cross a1 foot 1 at r1]  grid 22.00-25.67, enclosure 22.00-25.67 deg
    reach: arm (2,-1) 63.3-66.4 deg [cross r1 foot 0 at r0]  grid 63.67-66.00, enclosure 63.67-66.00 deg
cell 240 (depth 9, victim half-widths 0.125/0.125/0.125u): refused -- reach envelope: arm (0,1): the stopping event does not exist at sub-box (0,0,0)
cell 241 (depth 9, victim half-widths 0.125/0.125/0.125u): centre [0.8192,-30.3367,-3.2227,20.3666,-36.204,4.1439]
    reach: arm (0,1) grid 12.67-24.33, enclosure - deg  REFUSED: arm (0,1): the stopping event does not exist at sub-box (0,0,0)
    reach: arm (0,-1) 14.9-16.7 deg [selfoff foot 1]  grid 15.33-16.33, enclosure 15.33-16.33 deg
    reach: arm (1,1) 16.3-18.1 deg [selfoff foot 0]  grid 16.67-17.67, enclosure 16.67-17.67 deg
    reach: arm (1,-1) 21.6-23.1 deg [cross r1 foot 0 at r0]  grid 22.00-22.67, enclosure 22.00-22.67 deg
    reach: arm (2,1) 20.3-24.4 deg [cross a1 foot 1 at r1]  grid 20.67-24.00, enclosure 20.67-24.00 deg
    reach: arm (2,-1) 64.6-68.1 deg [cross r1 foot 0 at r0]  grid 65.00-67.67, enclosure 65.00-67.67 deg
cell 241 (depth 9, victim half-widths 0.125/0.125/0.125u): refused -- reach envelope: arm (0,1): the stopping event does not exist at sub-box (0,0,0)
cell 242 (depth 9, victim half-widths 0.125/0.125/0.125u): centre [0.8192,-30.3367,-3.2227,20.3666,-35.954,4.1331]
    reach: arm (0,1) grid 11.67-24.33, enclosure - deg  REFUSED: arm (0,1): the stopping event does not exist at sub-box (0,0,0)
    reach: arm (0,-1) 15.3-17.1 deg [selfoff foot 1]  grid 15.67-16.67, enclosure 15.67-16.67 deg
    reach: arm (1,1) 16.9-18.7 deg [selfoff foot 0]  grid 17.33-18.33, enclosure 17.33-18.33 deg
    reach: arm (1,-1) 20.9-22.4 deg [cross r1 foot 0 at r0]  grid 21.33-22.00, enclosure 21.33-22.00 deg
    reach: arm (2,1) 20.9-25.4 deg [cross a1 foot 1 at r1]  grid 21.33-25.00, enclosure 21.33-25.00 deg
    reach: arm (2,-1) 62.6-66.1 deg [cross r1 foot 0 at r0]  grid 63.00-65.67, enclosure 63.00-65.67 deg
cell 242 (depth 9, victim half-widths 0.125/0.125/0.125u): refused -- reach envelope: arm (0,1): the stopping event does not exist at sub-box (0,0,0)
cell 243 (depth 9, victim half-widths 0.125/0.125/0.125u): centre [0.8192,-30.3367,-3.2227,20.3666,-35.954,4.1439]
    reach: arm (0,1) grid 10.67-24.00, enclosure - deg  REFUSED: arm (0,1): the stopping event does not exist at sub-box (0,0,0)
    reach: arm (0,-1) 15.3-17.1 deg [selfoff foot 1]  grid 15.67-16.67, enclosure 15.67-16.67 deg
    reach: arm (1,1) 16.9-18.4 deg [selfoff foot 0]  grid 17.33-18.00, enclosure 17.33-18.00 deg
    reach: arm (1,-1) 21.3-22.7 deg [cross r1 foot 0 at r0]  grid 21.67-22.33, enclosure 21.67-22.33 deg
    reach: arm (2,1) 19.6-24.1 deg [cross a1 foot 1 at r1]  grid 20.00-23.67, enclosure 20.00-23.67 deg
    reach: arm (2,-1) 63.9-67.4 deg [cross r1 foot 0 at r0]  grid 64.33-67.00, enclosure 64.33-67.00 deg
cell 243 (depth 9, victim half-widths 0.125/0.125/0.125u): refused -- reach envelope: arm (0,1): the stopping event does not exist at sub-box (0,0,0)
cell 244 (depth 9, victim half-widths 0.125/0.125/0.125u): centre [0.8192,-30.3367,-3.2227,20.3666,-35.704,4.1114]
    reach: arm (0,1) grid 12.00-24.67, enclosure - deg  REFUSED: arm (0,1): the stopping event does not exist at sub-box (0,0,0)
    reach: arm (0,-1) 15.3-16.7 deg [selfoff foot 1]  grid 15.67-16.33, enclosure 15.67-16.33 deg
    reach: arm (1,1) 17.9-19.4 deg [selfoff foot 0]  grid 18.33-19.00, enclosure 18.33-19.00 deg
    reach: arm (1,-1) 19.9-21.7 deg [cross r1 foot 0 at r0]  grid 20.33-21.33, enclosure 20.33-21.33 deg
    reach: arm (2,1) 23.6-28.1 deg [cross a1 foot 1 at r1]  grid 24.00-27.67, enclosure 24.00-27.67 deg
    reach: arm (2,-1) 59.3-62.7 deg [cross r1 foot 0 at r0]  grid 59.67-62.33, enclosure 59.67-62.33 deg
cell 244 (depth 9, victim half-widths 0.125/0.125/0.125u): refused -- reach envelope: arm (0,1): the stopping event does not exist at sub-box (0,0,0)
cell 245 (depth 9, victim half-widths 0.125/0.125/0.125u): centre [0.8192,-30.3367,-3.2227,20.3666,-35.704,4.1222]
    reach: arm (0,1) grid 11.00-24.33, enclosure - deg  REFUSED: arm (0,1): the stopping event does not exist at sub-box (0,0,0)
    reach: arm (0,-1) 15.3-17.1 deg [selfoff foot 1]  grid 15.67-16.67, enclosure 15.67-16.67 deg
    reach: arm (1,1) 17.6-19.4 deg [selfoff foot 0]  grid 18.00-19.00, enclosure 18.00-19.00 deg
    reach: arm (1,-1) 20.3-22.1 deg [cross r1 foot 0 at r0]  grid 20.67-21.67, enclosure 20.67-21.67 deg
    reach: arm (2,1) 21.9-26.4 deg [cross a1 foot 1 at r1]  grid 22.33-26.00, enclosure 22.33-26.00 deg
    reach: arm (2,-1) 60.6-64.1 deg [cross r1 foot 0 at r0]  grid 61.00-63.67, enclosure 61.00-63.67 deg
cell 245 (depth 9, victim half-widths 0.125/0.125/0.125u): refused -- reach envelope: arm (0,1): the stopping event does not exist at sub-box (0,0,0)
cell 246 (depth 9, victim half-widths 0.125/0.125/0.125u): centre [0.8192,-30.3367,-3.2227,20.3666,-35.454,4.1114]
    reach: arm (0,1) 9.9-16.7 deg [cross r1 foot 1 at a1]  grid 10.33-16.33, enclosure 10.33-16.33 deg
    reach: arm (0,-1) 15.3-17.1 deg [selfoff foot 1]  grid 15.67-16.67, enclosure 15.67-16.67 deg
    reach: arm (1,1) 18.3-20.1 deg [selfoff foot 0]  grid 18.67-19.67, enclosure 18.67-19.67 deg
    reach: arm (1,-1) 19.6-21.4 deg [cross r1 foot 0 at r0]  grid 20.00-21.00, enclosure 20.00-21.00 deg
    reach: arm (2,1) 22.9-27.4 deg [cross a1 foot 1 at r1]  grid 23.33-27.00, enclosure 23.33-27.00 deg
    reach: arm (2,-1) 58.6-62.1 deg [cross r1 foot 0 at r0]  grid 59.00-61.67, enclosure 59.00-61.67 deg
    3/27: [0.819,-30.337,-3.223,20.242,-35.579,4.117] dead W=0.61 accept=0.73  (13s)
    6/27: [0.819,-30.337,-3.223,20.242,-35.454,4.111] dead W=0.42 accept=0.76  (17s)
    9/27: [0.819,-30.337,-3.223,20.242,-35.329,4.117] dead W=0.36 accept=0.69  (20s)
    12/27: [0.819,-30.337,-3.223,20.367,-35.579,4.117] dead W=0.57 accept=0.57  (20s)
    15/27: [0.819,-30.337,-3.223,20.367,-35.454,4.111] dead W=0.45 accept=0.64  (23s)
    18/27: [0.819,-30.337,-3.223,20.367,-35.329,4.117] dead W=0.39 accept=0.50  (27s)
    21/27: [0.819,-30.337,-3.223,20.492,-35.454,4.106] dead W=0.42 accept=0.61  (30s)
    24/27: [0.819,-30.337,-3.223,20.492,-35.454,4.117] dead W=0.42 accept=0.42  (31s)
    27/27: [0.819,-30.337,-3.223,20.492,-35.329,4.117] dead W=0.38 accept=0.46  (34s)
cell 246 (depth 9, victim half-widths 0.125/0.125/0.125u): dead (27 poses, 4644 gaps, 0 slivers, 0 probed gaps, min accepted 0.10u)
cell 247 (depth 9, victim half-widths 0.125/0.125/0.125u): centre [0.8192,-30.3367,-3.2227,20.3666,-35.454,4.1222]
    reach: arm (0,1) 9.3-14.7 deg [cross r1 foot 1 at a1]  grid 9.67-14.33, enclosure 9.67-14.33 deg
    reach: arm (0,-1) 15.6-17.4 deg [selfoff foot 1]  grid 16.00-17.00, enclosure 16.00-17.00 deg
    reach: arm (1,1) 17.9-19.7 deg [selfoff foot 0]  grid 18.33-19.33, enclosure 18.33-19.33 deg
    reach: arm (1,-1) 19.9-21.4 deg [cross r1 foot 0 at r0]  grid 20.33-21.00, enclosure 20.33-21.00 deg
    reach: arm (2,1) 21.3-25.7 deg [cross a1 foot 1 at r1]  grid 21.67-25.33, enclosure 21.67-25.33 deg
    reach: arm (2,-1) 59.9-63.4 deg [cross r1 foot 0 at r0]  grid 60.33-63.00, enclosure 60.33-63.00 deg
    3/27: [0.819,-30.337,-3.223,20.242,-35.579,4.128] dead W=0.49 accept=0.49  (13s)
    6/27: [0.819,-30.337,-3.223,20.242,-35.454,4.128] dead W=0.48 accept=0.48  (16s)
    9/27: [0.819,-30.337,-3.223,20.242,-35.329,4.128] dead W=0.48 accept=0.48  (20s)
    12/27: [0.819,-30.337,-3.223,20.367,-35.579,4.128] dead W=0.42 accept=0.42  (20s)
    15/27: [0.819,-30.337,-3.223,20.367,-35.454,4.128] dead W=0.37 accept=0.39  (23s)
    18/27: [0.819,-30.337,-3.223,20.367,-35.329,4.128] dead W=0.32 accept=0.41  (27s)
    21/27: [0.819,-30.337,-3.223,20.492,-35.579,4.128] dead W=0.29 accept=0.29  (30s)
    24/27: [0.819,-30.337,-3.223,20.492,-35.454,4.122] dead W=0.31 accept=0.40  (30s)
    27/27: [0.819,-30.337,-3.223,20.492,-35.329,4.128] dead W=0.26 accept=0.37  (33s)
    round 1: 1 pairs refused, 1 midpoints to certify (step 0.063u)
    1/1: [0.819,-30.337,-3.223,20.242,-35.392,4.128] dead W=0.51 accept=0.51  (36s)
cell 247 (depth 9, victim half-widths 0.125/0.125/0.125u): dead (28 poses, 4648 gaps, 0 slivers, 0 probed gaps, min accepted 0.17u)
cell 248 (depth 9, victim half-widths 0.125/0.125/0.125u): centre [0.8192,-30.3367,-3.2227,20.3666,-35.704,4.1331]
    reach: arm (0,1) grid 10.33-24.00, enclosure - deg  REFUSED: arm (0,1): the stopping event does not exist at sub-box (0,0,0)
    reach: arm (0,-1) 15.6-17.4 deg [selfoff foot 1]  grid 16.00-17.00, enclosure 16.00-17.00 deg
    reach: arm (1,1) 17.6-19.1 deg [selfoff foot 0]  grid 18.00-18.67, enclosure 18.00-18.67 deg
    reach: arm (1,-1) 20.6-22.1 deg [cross r1 foot 0 at r0]  grid 21.00-21.67, enclosure 21.00-21.67 deg
    reach: arm (2,1) 20.3-24.7 deg [cross a1 foot 1 at r1]  grid 20.67-24.33, enclosure 20.67-24.33 deg
    reach: arm (2,-1) 61.9-65.4 deg [cross r1 foot 0 at r0]  grid 62.33-65.00, enclosure 62.33-65.00 deg
cell 248 (depth 9, victim half-widths 0.125/0.125/0.125u): refused -- reach envelope: arm (0,1): the stopping event does not exist at sub-box (0,0,0)
cell 249 (depth 9, victim half-widths 0.125/0.125/0.125u): centre [0.8192,-30.3367,-3.2227,20.3666,-35.704,4.1439]
    reach: arm (0,1) 8.9-15.1 deg [cross r1 foot 1 at a1]  grid 9.33-14.67, enclosure 9.33-14.67 deg
    reach: arm (0,-1) 15.6-17.4 deg [selfoff foot 1]  grid 16.00-17.00, enclosure 16.00-17.00 deg
    reach: arm (1,1) 17.3-19.1 deg [selfoff foot 0]  grid 17.67-18.67, enclosure 17.67-18.67 deg
    reach: arm (1,-1) 20.9-22.4 deg [cross r1 foot 0 at r0]  grid 21.33-22.00, enclosure 21.33-22.00 deg
    reach: arm (2,1) 18.9-23.4 deg [cross a1 foot 1 at r1]  grid 19.33-23.00, enclosure 19.33-23.00 deg
    reach: arm (2,-1) 63.3-66.7 deg [cross r1 foot 0 at r0]  grid 63.67-66.33, enclosure 63.67-66.33 deg
    3/27: [0.819,-30.337,-3.223,20.242,-35.829,4.138] dead W=0.43 accept=0.43  (13s)
    6/27: [0.819,-30.337,-3.223,20.242,-35.579,4.144] dead W=0.25 accept=0.25  (17s)
    9/27: [0.819,-30.337,-3.223,20.242,-35.579,4.149] dead W=0.17 accept=0.17  (20s)
    12/27: [0.819,-30.337,-3.223,20.367,-35.829,4.149] dead W=3.13 accept=0.75  (21s)
    15/27: [0.819,-30.337,-3.223,20.367,-35.704,4.149] dead W=3.15 accept=0.71  (24s)
    18/27: [0.819,-30.337,-3.223,20.492,-35.829,4.138] dead W=0.18 accept=0.18  (28s)
    21/27: [0.819,-30.337,-3.223,20.492,-35.829,4.149] dead W=3.08 accept=0.76  (30s)
    24/27: [0.819,-30.337,-3.223,20.492,-35.704,4.149] dead W=3.12 accept=0.72  (31s)
    27/27: [0.819,-30.337,-3.223,20.492,-35.579,4.149] dead W=0.42 accept=0.68  (35s)
    round 1: 24 pairs refused, 24 midpoints to certify (step 0.063u)
    3/24: [0.819,-30.337,-3.223,20.304,-35.829,4.144] dead W=0.24 accept=0.24  (38s)
    6/24: [0.819,-30.337,-3.223,20.242,-35.704,4.147] dead W=0.27 accept=0.27  (42s)
    9/24: [0.819,-30.337,-3.223,20.367,-35.767,4.138] dead W=0.26 accept=0.26  (45s)
    12/24: [0.819,-30.337,-3.223,20.367,-35.829,4.141] dead W=0.23 accept=0.26  (46s)
    15/24: [0.819,-30.337,-3.223,20.367,-35.642,4.149] dead W=0.38 accept=0.69  (49s)
    18/24: [0.819,-30.337,-3.223,20.492,-35.829,4.141] dead W=3.04 accept=0.86  (52s)
    21/24: [0.819,-30.337,-3.223,20.492,-35.642,4.144] dead W=3.14 accept=0.77  (55s)
    24/24: [0.819,-30.337,-3.223,20.492,-35.579,4.147] dead W=3.17 accept=0.71  (56s)
cell 249 (depth 9, victim half-widths 0.125/0.125/0.125u): dead (51 poses, 8670 gaps, 25 slivers, 0 probed gaps, min accepted 0.05u)
cell 250 (depth 9, victim half-widths 0.125/0.125/0.125u): centre [0.8192,-30.3367,-3.2227,20.3666,-35.204,4.0681]
    reach: arm (0,1) grid 12.67-25.00, enclosure - deg  REFUSED: arm (0,1): the stopping event (foot 1, level 40.81u of circle 3) is tangent somewhere in the box (sub-box 0,0,0)
    reach: arm (0,-1) 14.9-16.7 deg [selfoff foot 1]  grid 15.33-16.33, enclosure 15.33-16.33 deg
    reach: arm (1,1) 19.6-21.4 deg [selfoff foot 0]  grid 20.00-21.00, enclosure 20.00-21.00 deg
    reach: arm (1,-1) 18.3-19.7 deg [cross r1 foot 0 at r0]  grid 18.67-19.33, enclosure 18.67-19.33 deg
    reach: arm (2,1) 28.9-33.7 deg [cross a1 foot 1 at r1]  grid 29.33-33.33, enclosure 29.33-33.33 deg
    reach: arm (2,-1) 52.6-55.7 deg [cross r1 foot 0 at r0]  grid 53.00-55.33, enclosure 53.00-55.33 deg
cell 250 (depth 9, victim half-widths 0.125/0.125/0.125u): refused -- reach envelope: arm (0,1): the stopping event (foot 1, level 40.81u of circle 3) is tangent somewhere in the box (sub-box 0,0,0)
cell 251 (depth 9, victim half-widths 0.125/0.125/0.125u): centre [0.8192,-30.3367,-3.2227,20.3666,-35.204,4.0789]
    reach: arm (0,1) 11.3-17.4 deg [cross r1 foot 1 at a1]  grid 11.67-17.00, enclosure 11.67-17.00 deg
    reach: arm (0,-1) 15.3-17.1 deg [selfoff foot 1]  grid 15.67-16.67, enclosure 15.67-16.67 deg
    reach: arm (1,1) 19.3-21.1 deg [selfoff foot 0]  grid 19.67-20.67, enclosure 19.67-20.67 deg
    reach: arm (1,-1) 18.6-20.1 deg [cross r1 foot 0 at r0]  grid 19.00-19.67, enclosure 19.00-19.67 deg
    reach: arm (2,1) 27.3-32.1 deg [cross a1 foot 1 at r1]  grid 27.67-31.67, enclosure 27.67-31.67 deg
    reach: arm (2,-1) 53.9-57.4 deg [cross r1 foot 0 at r0]  grid 54.33-57.00, enclosure 54.33-57.00 deg
    3/27: [0.819,-30.337,-3.223,20.242,-35.329,4.084] dead W=1.25 accept=1.25  (12s)
    6/27: [0.819,-30.337,-3.223,20.242,-35.204,4.084] dead W=1.15 accept=1.15  (15s)
    9/27: [0.819,-30.337,-3.223,20.242,-35.079,4.084] dead W=1.14 accept=1.14  (18s)
    12/27: [0.819,-30.337,-3.223,20.367,-35.329,4.084] dead W=1.09 accept=1.09  (19s)
    15/27: [0.819,-30.337,-3.223,20.367,-35.204,4.084] dead W=1.04 accept=1.04  (22s)
    18/27: [0.819,-30.337,-3.223,20.367,-35.079,4.084] dead W=0.93 accept=0.93  (25s)
    21/27: [0.819,-30.337,-3.223,20.492,-35.329,4.084] dead W=0.93 accept=0.93  (29s)
    24/27: [0.819,-30.337,-3.223,20.492,-35.204,4.079] dead W=0.99 accept=1.00  (29s)
    27/27: [0.819,-30.337,-3.223,20.492,-35.079,4.084] dead W=0.86 accept=0.86  (33s)
    round 1: 30 pairs refused, 30 midpoints to certify (step 0.063u)
    3/30: [0.819,-30.337,-3.223,20.242,-35.267,4.084] dead W=1.19 accept=1.19  (36s)
    6/30: [0.819,-30.337,-3.223,20.304,-35.204,4.074] dead W=1.36 accept=1.36  (39s)
    9/30: [0.819,-30.337,-3.223,20.242,-35.079,4.076] dead W=1.32 accept=1.36  (42s)
    12/30: [0.819,-30.337,-3.223,20.429,-35.329,4.074] dead W=1.20 accept=3.00  (43s)
    15/30: [0.819,-30.337,-3.223,20.367,-35.142,4.074] dead W=1.28 accept=1.36  (46s)
    18/30: [0.819,-30.337,-3.223,20.429,-35.204,4.079] dead W=1.05 accept=1.07  (49s)
    21/30: [0.819,-30.337,-3.223,20.429,-35.079,4.079] dead W=1.02 accept=1.02  (52s)
    24/30: [0.819,-30.337,-3.223,20.492,-35.329,4.076] dead W=1.10 accept=3.00  (53s)
    27/30: [0.819,-30.337,-3.223,20.492,-35.204,4.082] dead W=0.94 accept=0.94  (56s)
    30/30: [0.819,-30.337,-3.223,20.492,-35.079,4.082] dead W=0.87 accept=0.87  (59s)
cell 251 (depth 9, victim half-widths 0.125/0.125/0.125u): dead (57 poses, 9804 gaps, 43 slivers, 0 probed gaps, min accepted 0.05u)
cell 252 (depth 9, victim half-widths 0.125/0.125/0.125u): centre [0.8192,-30.3367,-3.2227,20.3666,-34.954,4.1331]
    reach: arm (0,1) 6.3-10.1 deg [cross r1 foot 1 at a1]  grid 6.67-9.67, enclosure 6.67-9.67 deg
    reach: arm (0,-1) 16.6-18.1 deg [selfoff foot 1]  grid 17.00-17.67, enclosure 17.00-17.67 deg
    reach: arm (1,1) 18.6-20.4 deg [selfoff foot 0]  grid 19.00-20.00, enclosure 19.00-20.00 deg
    reach: arm (1,-1) 19.6-21.1 deg [cross r1 foot 0 at r0]  grid 20.00-20.67, enclosure 20.00-20.67 deg
    reach: arm (2,1) 18.3-23.1 deg [cross a1 foot 1 at r1]  grid 18.67-22.67, enclosure 18.67-22.67 deg
    reach: arm (2,-1) 59.9-63.4 deg [cross r1 foot 0 at r0]  grid 60.33-63.00, enclosure 60.33-63.00 deg
    3/27: [0.819,-30.337,-3.223,20.242,-35.079,4.128] dead W=0.37 accept=0.51  (13s)
    6/27: [0.819,-30.337,-3.223,20.242,-34.829,4.128] dead W=0.22 accept=0.22  (16s)
    9/27: [0.819,-30.337,-3.223,20.367,-35.079,4.128] dead W=0.33 accept=0.40  (20s)
    12/27: [0.819,-30.337,-3.223,20.367,-35.079,4.133] dead W=0.23 accept=0.36  (20s)
    15/27: [0.819,-30.337,-3.223,20.367,-34.954,4.128] dead W=0.21 accept=0.38  (23s)
    18/27: [0.819,-30.337,-3.223,20.492,-35.079,4.133] dead W=0.24 accept=0.24  (27s)
    21/27: [0.819,-30.337,-3.223,20.492,-35.079,4.138] dead W=0.39 accept=3.31  (30s)
    24/27: [0.819,-30.337,-3.223,20.492,-34.954,4.138] dead W=0.37 accept=0.25  (30s)
    27/27: [0.819,-30.337,-3.223,20.492,-34.829,4.138] dead W=0.28 accept=3.39  (33s)
    round 1: 6 pairs refused, 6 midpoints to certify (step 0.063u)
    1/6: [0.819,-30.337,-3.223,20.242,-34.829,4.13] dead W=0.19 accept=0.28  (36s)
    2/6: [0.819,-30.337,-3.223,20.429,-34.829,4.128] dead W=0.22 accept=3.36  (36s)
    3/6: [0.819,-30.337,-3.223,20.367,-34.892,4.128] dead W=0.18 accept=0.18  (37s)
    4/6: [0.819,-30.337,-3.223,20.242,-34.892,4.128] dead W=0.26 accept=3.42  (37s)
    5/6: [0.819,-30.337,-3.223,20.367,-34.829,4.13] dead W=0.22 accept=3.40  (39s)
    6/6: [0.819,-30.337,-3.223,20.492,-34.892,4.138] dead W=0.33 accept=0.22  (40s)
cell 252 (depth 9, victim half-widths 0.125/0.125/0.125u): dead (33 poses, 5412 gaps, 6 slivers, 0 probed gaps, min accepted 0.05u)
cell 253 (depth 9, victim half-widths 0.125/0.125/0.125u): centre [0.8192,-30.3367,-3.2227,20.3666,-34.954,4.1439]
    reach: arm (0,1) grid 6.00-8.67, enclosure 6.00-9.00 deg  REFUSED: arm (0,1): foot 1 meets two lines 0.3600 deg apart inside the box (circles 1 and 3), within one 0.333-degree substep: the sampling phase, not the geometry, decides whether the swing stops there
    reach: arm (0,-1) 16.6-18.4 deg [selfoff foot 1]  grid 17.00-18.00, enclosure 17.00-18.00 deg
    reach: arm (1,1) 18.6-20.1 deg [selfoff foot 0]  grid 19.00-19.67, enclosure 19.00-19.67 deg
    reach: arm (1,-1) 19.9-21.4 deg [cross r1 foot 0 at r0]  grid 20.33-21.00, enclosure 20.33-21.00 deg
    reach: arm (2,1) 16.6-21.4 deg [cross a1 foot 1 at r1]  grid 17.00-21.00, enclosure 17.00-21.00 deg
    reach: arm (2,-1) 61.3-64.7 deg [cross r1 foot 0 at r0]  grid 61.67-64.33, enclosure 61.67-64.33 deg
cell 253 (depth 9, victim half-widths 0.125/0.125/0.125u): refused -- reach envelope: arm (0,1): foot 1 meets two lines 0.3600 deg apart inside the box (circles 1 and 3), within one 0.333-degree substep: the sampling phase, not th
cells: 47/127 leaves certified, 57% of the box's volume   (69.8 min)
engine on leaf at [0.819,-30.337,-3.223,18.992,-35.829,4.084] +-0.50/0.50/0.50u: 40/40 random poses lose every one of 8 random moves
engine on leaf at [0.819,-30.337,-3.223,18.992,-35.829,4.128] +-0.50/0.50/0.50u: 40/40 random poses lose every one of 8 random moves
engine on leaf at [0.819,-30.337,-3.223,18.992,-35.079,4.084] +-0.50/0.25/0.50u: 40/40 random poses lose every one of 8 random moves
engine on leaf at [0.819,-30.337,-3.223,19.742,-36.079,4.084] +-0.25/0.25/0.50u: 40/40 random poses lose every one of 8 random moves
engine on leaf at [0.819,-30.337,-3.223,19.742,-36.079,4.128] +-0.25/0.25/0.50u: 40/40 random poses lose every one of 8 random moves
engine on leaf at [0.819,-30.337,-3.223,18.742,-35.079,4.117] +-0.25/0.25/0.25u: 40/40 random poses lose every one of 8 random moves
engine on leaf at [0.819,-30.337,-3.223,19.742,-35.579,4.074] +-0.25/0.25/0.25u: 40/40 random poses lose every one of 8 random moves
engine on leaf at [0.819,-30.337,-3.223,19.742,-34.454,4.128] +-0.25/0.13/0.50u: 40/40 random poses lose every one of 8 random moves
engine on leaf at [0.819,-30.337,-3.223,18.867,-35.079,4.138] +-0.13/0.25/0.25u: 40/40 random poses lose every one of 8 random moves
engine on leaf at [0.819,-30.337,-3.223,19.117,-35.079,4.117] +-0.13/0.25/0.25u: 40/40 random poses lose every one of 8 random moves
engine on leaf at [0.819,-30.337,-3.223,19.617,-35.579,4.095] +-0.13/0.25/0.25u: 40/40 random poses lose every one of 8 random moves
engine on leaf at [0.819,-30.337,-3.223,19.617,-35.579,4.117] +-0.13/0.25/0.25u: 40/40 random poses lose every one of 8 random moves
engine on leaf at [0.819,-30.337,-3.223,20.367,-36.079,4.074] +-0.13/0.25/0.25u: 40/40 random poses lose every one of 8 random moves
engine on leaf at [0.819,-30.337,-3.223,20.367,-35.079,4.095] +-0.13/0.25/0.25u: 40/40 random poses lose every one of 8 random moves
engine on leaf at [0.819,-30.337,-3.223,20.367,-35.079,4.117] +-0.13/0.25/0.25u: 40/40 random poses lose every one of 8 random moves
engine on leaf at [0.819,-30.337,-3.223,18.617,-35.204,4.138] +-0.13/0.13/0.25u: 40/40 random poses lose every one of 8 random moves
engine on leaf at [0.819,-30.337,-3.223,19.367,-35.204,4.117] +-0.13/0.13/0.25u: 40/40 random poses lose every one of 8 random moves
engine on leaf at [0.819,-30.337,-3.223,19.117,-35.204,4.138] +-0.13/0.13/0.25u: 40/40 random poses lose every one of 8 random moves
engine on leaf at [0.819,-30.337,-3.223,18.617,-34.454,4.117] +-0.13/0.13/0.25u: 40/40 random poses lose every one of 8 random moves
engine on leaf at [0.819,-30.337,-3.223,19.867,-35.704,4.095] +-0.13/0.13/0.25u: 40/40 random poses lose every one of 8 random moves
engine on leaf at [0.819,-30.337,-3.223,19.867,-35.704,4.117] +-0.13/0.13/0.25u: 40/40 random poses lose every one of 8 random moves
engine on leaf at [0.819,-30.337,-3.223,19.617,-35.704,4.138] +-0.13/0.13/0.25u: 40/40 random poses lose every one of 8 random moves
engine on leaf at [0.819,-30.337,-3.223,19.617,-35.204,4.074] +-0.13/0.13/0.25u: 40/40 random poses lose every one of 8 random moves
engine on leaf at [0.819,-30.337,-3.223,19.617,-35.204,4.095] +-0.13/0.13/0.25u: 40/40 random poses lose every one of 8 random moves
engine on leaf at [0.819,-30.337,-3.223,19.867,-34.954,4.138] +-0.13/0.13/0.25u: 40/40 random poses lose every one of 8 random moves
engine on leaf at [0.819,-30.337,-3.223,19.867,-34.454,4.095] +-0.13/0.13/0.25u: 40/40 random poses lose every one of 8 random moves
engine on leaf at [0.819,-30.337,-3.223,20.367,-36.204,4.095] +-0.13/0.13/0.25u: 40/40 random poses lose every one of 8 random moves
engine on leaf at [0.819,-30.337,-3.223,20.367,-36.204,4.117] +-0.13/0.13/0.25u: 40/40 random poses lose every one of 8 random moves
engine on leaf at [0.819,-30.337,-3.223,20.367,-35.454,4.138] +-0.13/0.13/0.25u: 40/40 random poses lose every one of 8 random moves
engine on leaf at [0.819,-30.337,-3.223,20.367,-34.954,4.074] +-0.13/0.13/0.25u: 40/40 random poses lose every one of 8 random moves
engine on leaf at [0.819,-30.337,-3.223,20.367,-35.204,4.138] +-0.13/0.13/0.25u: 40/40 random poses lose every one of 8 random moves
engine on leaf at [0.819,-30.337,-3.223,19.117,-34.954,4.133] +-0.13/0.13/0.13u: 40/40 random poses lose every one of 8 random moves
engine on leaf at [0.819,-30.337,-3.223,19.367,-35.204,4.133] +-0.13/0.13/0.13u: 40/40 random poses lose every one of 8 random moves
engine on leaf at [0.819,-30.337,-3.223,18.867,-34.454,4.111] +-0.13/0.13/0.13u: 40/40 random poses lose every one of 8 random moves
engine on leaf at [0.819,-30.337,-3.223,19.367,-34.454,4.144] +-0.13/0.13/0.13u: 40/40 random poses lose every one of 8 random moves
engine on leaf at [0.819,-30.337,-3.223,19.867,-35.454,4.09] +-0.13/0.13/0.13u: 40/40 random poses lose every one of 8 random moves
engine on leaf at [0.819,-30.337,-3.223,19.617,-35.454,4.133] +-0.13/0.13/0.13u: 40/40 random poses lose every one of 8 random moves
engine on leaf at [0.819,-30.337,-3.223,19.617,-34.954,4.068] +-0.13/0.13/0.13u: 40/40 random poses lose every one of 8 random moves
engine on leaf at [0.819,-30.337,-3.223,19.867,-34.954,4.122] +-0.13/0.13/0.13u: 40/40 random poses lose every one of 8 random moves
engine on leaf at [0.819,-30.337,-3.223,19.617,-34.454,4.09] +-0.13/0.13/0.13u: 40/40 random poses lose every one of 8 random moves
engine on leaf at [0.819,-30.337,-3.223,19.617,-34.454,4.101] +-0.13/0.13/0.13u: 40/40 random poses lose every one of 8 random moves
engine on leaf at [0.819,-30.337,-3.223,20.367,-35.954,4.09] +-0.13/0.13/0.13u: 40/40 random poses lose every one of 8 random moves
engine on leaf at [0.819,-30.337,-3.223,20.367,-35.454,4.111] +-0.13/0.13/0.13u: 40/40 random poses lose every one of 8 random moves
engine on leaf at [0.819,-30.337,-3.223,20.367,-35.454,4.122] +-0.13/0.13/0.13u: 40/40 random poses lose every one of 8 random moves
engine on leaf at [0.819,-30.337,-3.223,20.367,-35.704,4.144] +-0.13/0.13/0.13u: 40/40 random poses lose every one of 8 random moves
engine on leaf at [0.819,-30.337,-3.223,20.367,-35.204,4.079] +-0.13/0.13/0.13u: 40/40 random poses lose every one of 8 random moves
engine on leaf at [0.819,-30.337,-3.223,20.367,-34.954,4.133] +-0.13/0.13/0.13u: 40/40 random poses lose every one of 8 random moves
