attacker grid has one point, so the attacker is held fixed (--hA ignored)
dead cell on red to move at [37.6039,-3.2612,1.8896,50.4287,10.5092,-0.859]: victim +-1u x 3, attacker +-1u x 1 (27 grid poses, 4 threads)
cell 1 (depth 0, victim half-widths 1.000/1.000/1.000u): centre [37.6039,-3.2612,1.8896,50.4287,10.5092,-0.859]
    reach: arm (0,1) grid 14.67-38.33, enclosure - deg  REFUSED: arm (0,1): stopping event changes between cells (0,0,1)-(1,0,1): cross|r1|1:r0 vs cross|a1|1:r1
    reach: arm (0,-1) grid 0.00-4.00, enclosure - deg  REFUSED: arm (0,-1): the stopping event's angle wraps a full turn inside the box (sub-box 5,7,0)
    reach: arm (1,1) -0.4-5.4 deg [selfoff foot 0]  grid 0.00-5.00, enclosure 0.00-5.00 deg
    reach: arm (1,-1) grid 16.00-36.00, enclosure - deg  REFUSED: arm (1,-1): stopping event changes between cells (0,0,1)-(1,0,1): cross|r1|0:r0 vs cross|a1|0:r1
    reach: arm (2,1) grid 0.00-27.67, enclosure 0.00-30.00 deg  REFUSED: arm (2,1): foot 0 meets two lines 0.3471 deg apart inside the box (circles 3 and 4), within one 0.333-degree substep: the sampling phase, not the geometry, decides whether the swing stops there
    reach: arm (2,-1) grid 0.00-27.67, enclosure - deg  REFUSED: arm (2,-1): the stopping event's angle wraps a full turn inside the box (sub-box 4,7,0)
cell 1 (depth 0, victim half-widths 1.000/1.000/1.000u): split on the victim's x axis (refused: reach envelope: arm (0,1): stopping event changes between cells (0,0,1)-(1,0,1): cross|r1|1:r0 vs cross|a1|1:r)
cell 2 (depth 1, victim half-widths 0.500/1.000/1.000u): centre [37.6039,-3.2612,1.8896,49.9287,10.5092,-0.859]
    reach: arm (0,1) grid 14.67-38.33, enclosure - deg  REFUSED: arm (0,1): stopping event changes between cells (0,0,3)-(1,0,3): cross|r1|1:r0 vs cross|a1|1:r1
    reach: arm (0,-1) -0.4-4.7 deg [selfoff foot 1]  grid 0.00-4.33, enclosure 0.00-4.33 deg
    reach: arm (1,1) -0.4-5.4 deg [selfoff foot 0]  grid 0.00-5.00, enclosure 0.00-5.00 deg
    reach: arm (1,-1) grid 15.67-36.00, enclosure - deg  REFUSED: arm (1,-1): stopping event changes between cells (0,0,3)-(1,0,3): cross|r1|0:r0 vs cross|a1|0:r1
    reach: arm (2,1) grid 4.33-27.67, enclosure 3.67-30.00 deg  REFUSED: arm (2,1): foot 0 meets two lines 0.3471 deg apart inside the box (circles 3 and 4), within one 0.333-degree substep: the sampling phase, not the geometry, decides whether the swing stops there
    reach: arm (2,-1) -0.4-29.7 deg [selfoff foot 1]  grid 0.00-29.33, enclosure 0.00-29.33 deg
cell 2 (depth 1, victim half-widths 0.500/1.000/1.000u): split on the victim's x axis (refused: reach envelope: arm (0,1): stopping event changes between cells (0,0,3)-(1,0,3): cross|r1|1:r0 vs cross|a1|1:r)
cell 3 (depth 1, victim half-widths 0.500/1.000/1.000u): centre [37.6039,-3.2612,1.8896,50.9287,10.5092,-0.859]
    reach: arm (0,1) grid 16.00-38.00, enclosure - deg  REFUSED: arm (0,1): stopping event changes between cells (0,0,4)-(1,0,4): cross|a1|1:r1 vs cross|a1,r1|1:r0
    reach: arm (0,-1) grid 0.00-2.67, enclosure - deg  REFUSED: arm (0,-1): the stopping event's angle wraps a full turn inside the box (sub-box 2,7,0)
    reach: arm (1,1) -0.4-3.7 deg [selfoff foot 0]  grid 0.00-3.33, enclosure 0.00-3.33 deg
    reach: arm (1,-1) 14.9-20.7 deg [cross a1 foot 0 at r1]  grid 15.33-20.33, enclosure 15.33-20.33 deg
    reach: arm (2,1) grid 0.00-13.33, enclosure - deg  REFUSED: arm (2,1): the stopping event's angle wraps a full turn inside the box (sub-box 7,0,7)
    reach: arm (2,-1) grid 0.00-13.67, enclosure - deg  REFUSED: arm (2,-1): the stopping event's angle wraps a full turn inside the box (sub-box 0,7,0)
cell 3 (depth 1, victim half-widths 0.500/1.000/1.000u): split on the victim's x axis (refused: reach envelope: arm (0,1): stopping event changes between cells (0,0,4)-(1,0,4): cross|a1|1:r1 vs cross|a1,r1|)
cell 4 (depth 2, victim half-widths 0.250/1.000/1.000u): centre [37.6039,-3.2612,1.8896,49.6787,10.5092,-0.859]
    reach: arm (0,1) grid 14.67-38.33, enclosure - deg  REFUSED: arm (0,1): stopping event changes between cells (0,0,3)-(1,0,3): cross|r1|1:r0 vs cross|a1|1:r1
    reach: arm (0,-1) -0.4-4.7 deg [selfoff foot 1]  grid 0.00-4.33, enclosure 0.00-4.33 deg
    reach: arm (1,1) 0.3-5.4 deg [selfoff a1 foot 0]  grid 0.67-5.00, enclosure 0.67-5.00 deg
    reach: arm (1,-1) grid 16.00-36.00, enclosure - deg  REFUSED: arm (1,-1): stopping event changes between cells (0,0,3)-(1,0,3): cross|r1|0:r0 vs cross|a1|0:r1
    reach: arm (2,1) grid 9.67-27.67, enclosure 8.67-30.00 deg  REFUSED: arm (2,1): foot 0 meets two lines 0.3042 deg apart inside the box (circles 3 and 4), within one 0.333-degree substep: the sampling phase, not the geometry, decides whether the swing stops there
    reach: arm (2,-1) -0.4-29.7 deg [selfoff foot 1]  grid 0.00-29.33, enclosure 0.00-29.33 deg
cell 4 (depth 2, victim half-widths 0.250/1.000/1.000u): split on the victim's x axis (refused: reach envelope: arm (0,1): stopping event changes between cells (0,0,3)-(1,0,3): cross|r1|1:r0 vs cross|a1|1:r)
cell 5 (depth 2, victim half-widths 0.250/1.000/1.000u): centre [37.6039,-3.2612,1.8896,50.1787,10.5092,-0.859]
    reach: arm (0,1) grid 15.33-38.33, enclosure - deg  REFUSED: arm (0,1): stopping event changes between cells (0,0,0)-(1,0,0): cross|r1|1:r0 vs cross|a1|1:r1
    reach: arm (0,-1) -0.4-4.1 deg [selfoff foot 1]  grid 0.00-3.67, enclosure 0.00-3.67 deg
    reach: arm (1,1) -0.4-4.7 deg [selfoff foot 0]  grid 0.00-4.33, enclosure 0.00-4.33 deg
    reach: arm (1,-1) grid 15.67-35.33, enclosure - deg  REFUSED: arm (1,-1): stopping event changes between cells (0,0,0)-(1,0,0): cross|r1|0:r0 vs cross|a1|0:r1
    reach: arm (2,1) grid 4.33-18.67, enclosure 3.67-20.00 deg  REFUSED: arm (2,1): foot 0 meets two lines 0.3471 deg apart inside the box (circles 3 and 4), within one 0.333-degree substep: the sampling phase, not the geometry, decides whether the swing stops there
    reach: arm (2,-1) grid 0.00-18.67, enclosure - deg  REFUSED: arm (2,-1): the stopping event's angle wraps a full turn inside the box (sub-box 7,7,0)
cell 5 (depth 2, victim half-widths 0.250/1.000/1.000u): split on the victim's x axis (refused: reach envelope: arm (0,1): stopping event changes between cells (0,0,0)-(1,0,0): cross|r1|1:r0 vs cross|a1|1:r)
cell 6 (depth 2, victim half-widths 0.250/1.000/1.000u): centre [37.6039,-3.2612,1.8896,50.6787,10.5092,-0.859]
    reach: arm (0,1) grid 16.00-38.00, enclosure - deg  REFUSED: arm (0,1): stopping event changes between cells (0,2,4)-(1,2,4): cross|a1|2:a1 vs cross|a1,r1|1:r0
    reach: arm (0,-1) grid 0.00-2.67, enclosure - deg  REFUSED: arm (0,-1): the stopping event's angle wraps a full turn inside the box (sub-box 4,7,0)
    reach: arm (1,1) -0.4-3.7 deg [selfoff foot 0]  grid 0.00-3.33, enclosure 0.00-3.33 deg
    reach: arm (1,-1) 14.9-19.7 deg [cross a1 foot 0 at r1]  grid 15.33-19.33, enclosure 15.33-19.33 deg
    reach: arm (2,1) grid 0.00-13.33, enclosure 0.00-14.33 deg  REFUSED: arm (2,1): foot 0 meets two lines 0.3044 deg apart inside the box (circles 3 and 4), within one 0.333-degree substep: the sampling phase, not the geometry, decides whether the swing stops there
    reach: arm (2,-1) grid 0.00-13.67, enclosure - deg  REFUSED: arm (2,-1): the stopping event's angle wraps a full turn inside the box (sub-box 0,7,0)
cell 6 (depth 2, victim half-widths 0.250/1.000/1.000u): split on the victim's x axis (refused: reach envelope: arm (0,1): stopping event changes between cells (0,2,4)-(1,2,4): cross|a1|2:a1 vs cross|a1,r1|)
cell 7 (depth 2, victim half-widths 0.250/1.000/1.000u): centre [37.6039,-3.2612,1.8896,51.1787,10.5092,-0.859]
    reach: arm (0,1) grid 17.33-38.33, enclosure - deg  REFUSED: arm (0,1): stopping event changes between cells (0,0,3)-(1,0,3): cross|a1|1:r1 vs cross|a1,r1|1:r0
    reach: arm (0,-1) grid 0.00-2.00, enclosure - deg  REFUSED: arm (0,-1): the stopping event's angle wraps a full turn inside the box (sub-box 0,5,0)
    reach: arm (1,1) -0.4-3.1 deg [selfoff foot 0]  grid 0.00-2.67, enclosure 0.00-2.67 deg
    reach: arm (1,-1) 15.6-20.7 deg [cross a1 foot 0 at r1]  grid 16.00-20.33, enclosure 16.00-20.33 deg
    reach: arm (2,1) grid 0.00-9.00, enclosure - deg  REFUSED: arm (2,1): the stopping event's angle wraps a full turn inside the box (sub-box 5,0,7)
    reach: arm (2,-1) grid 0.00-9.67, enclosure - deg  REFUSED: arm (2,-1): the stopping event's angle wraps a full turn inside the box (sub-box 0,3,0)
cell 7 (depth 2, victim half-widths 0.250/1.000/1.000u): split on the victim's x axis (refused: reach envelope: arm (0,1): stopping event changes between cells (0,0,3)-(1,0,3): cross|a1|1:r1 vs cross|a1,r1|)
cell 8 (depth 3, victim half-widths 0.125/1.000/1.000u): centre [37.6039,-3.2612,1.8896,49.5537,10.5092,-0.859]
    reach: arm (0,1) grid 14.67-38.00, enclosure - deg  REFUSED: arm (0,1): stopping event changes between cells (0,0,3)-(0,0,4): cross|r1|1:r0 vs cross|a1|1:r1
    reach: arm (0,-1) -0.4-4.7 deg [selfoff foot 1]  grid 0.00-4.33, enclosure 0.00-4.33 deg
    reach: arm (1,1) 0.9-5.4 deg [selfoff a1 foot 0]  grid 1.33-5.00, enclosure 1.33-5.00 deg
    reach: arm (1,-1) grid 16.33-36.00, enclosure - deg  REFUSED: arm (1,-1): stopping event changes between cells (0,0,3)-(0,0,4): cross|r1|0:r0 vs cross|a1|0:r1
    reach: arm (2,1) 10.6-30.4 deg [selfoff a1 foot 0]  grid 11.00-30.00, enclosure 11.00-30.00 deg
    reach: arm (2,-1) 1.6-29.7 deg [selfoff foot 1]  grid 2.00-29.33, enclosure 2.00-29.33 deg
cell 8 (depth 3, victim half-widths 0.125/1.000/1.000u): split on the victim's rot axis (refused: reach envelope: arm (0,1): stopping event changes between cells (0,0,3)-(0,0,4): cross|r1|1:r0 vs cross|a1|1:r)
cell 9 (depth 3, victim half-widths 0.125/1.000/1.000u): centre [37.6039,-3.2612,1.8896,49.8037,10.5092,-0.859]
    reach: arm (0,1) grid 15.00-38.33, enclosure - deg  REFUSED: arm (0,1): stopping event changes between cells (0,0,2)-(1,0,2): cross|r1|1:r0 vs cross|a1|1:r1
    reach: arm (0,-1) -0.4-4.4 deg [selfoff foot 1]  grid 0.00-4.00, enclosure 0.00-4.00 deg
    reach: arm (1,1) 0.3-5.1 deg [selfoff a1 foot 0]  grid 0.67-4.67, enclosure 0.67-4.67 deg
    reach: arm (1,-1) grid 16.00-35.67, enclosure - deg  REFUSED: arm (1,-1): stopping event changes between cells (0,0,2)-(1,0,2): cross|r1|0:r0 vs cross|a1|0:r1
    reach: arm (2,1) grid 9.67-22.33, enclosure 8.67-24.00 deg  REFUSED: arm (2,1): foot 0 meets two lines 0.0963 deg apart inside the box (circles 3 and 4), within one 0.333-degree substep: the sampling phase, not the geometry, decides whether the swing stops there
    reach: arm (2,-1) -0.4-23.7 deg [selfoff foot 1]  grid 0.00-23.33, enclosure 0.00-23.33 deg
cell 9 (depth 3, victim half-widths 0.125/1.000/1.000u): refused -- reach envelope: arm (0,1): stopping event changes between cells (0,0,2)-(1,0,2): cross|r1|1:r0 vs cross|a1|1:r1; arm (1,-1): stopping event changes between cell
cell 10 (depth 3, victim half-widths 0.125/1.000/1.000u): centre [37.6039,-3.2612,1.8896,50.0537,10.5092,-0.859]
    reach: arm (0,1) grid 15.33-38.33, enclosure - deg  REFUSED: arm (0,1): stopping event changes between cells (0,0,0)-(0,0,1): cross|r1|1:r0 vs cross|a1|1:r1
    reach: arm (0,-1) -0.4-4.1 deg [selfoff foot 1]  grid 0.00-3.67, enclosure 0.00-3.67 deg
    reach: arm (1,1) -0.1-4.7 deg [selfoff foot 0]  grid 0.33-4.33, enclosure 0.33-4.33 deg
    reach: arm (1,-1) grid 15.67-35.67, enclosure - deg  REFUSED: arm (1,-1): stopping event changes between cells (0,0,0)-(0,0,1): cross|r1|0:r0 vs cross|a1|0:r1
    reach: arm (2,1) grid 6.67-18.67, enclosure 6.00-20.00 deg  REFUSED: arm (2,1): foot 0 meets two lines 0.3471 deg apart inside the box (circles 3 and 4), within one 0.333-degree substep: the sampling phase, not the geometry, decides whether the swing stops there
    reach: arm (2,-1) -0.4-20.1 deg [selfoff foot 1]  grid 0.00-19.67, enclosure 0.00-19.67 deg
cell 10 (depth 3, victim half-widths 0.125/1.000/1.000u): split on the victim's rot axis (refused: reach envelope: arm (0,1): stopping event changes between cells (0,0,0)-(0,0,1): cross|r1|1:r0 vs cross|a1|1:r)
cell 11 (depth 3, victim half-widths 0.125/1.000/1.000u): centre [37.6039,-3.2612,1.8896,50.3037,10.5092,-0.859]
    reach: arm (0,1) grid 15.67-38.33, enclosure - deg  REFUSED: arm (0,1): stopping event changes between cells (0,2,0)-(0,3,0): cross|a1|1:r1 vs cross|r1|1:r0
    reach: arm (0,-1) -0.4-3.7 deg [selfoff foot 1]  grid 0.00-3.33, enclosure 0.00-3.33 deg
    reach: arm (1,1) -0.4-4.4 deg [selfoff foot 0]  grid 0.00-4.00, enclosure 0.00-4.00 deg
    reach: arm (1,-1) grid 15.67-35.33, enclosure - deg  REFUSED: arm (1,-1): stopping event changes between cells (0,2,0)-(0,3,0): cross|a1|0:r1 vs cross|r1|0:r0
    reach: arm (2,1) grid 4.33-16.00, enclosure 3.67-17.00 deg  REFUSED: arm (2,1): foot 0 meets two lines 0.2401 deg apart inside the box (circles 3 and 4), within one 0.333-degree substep: the sampling phase, not the geometry, decides whether the swing stops there
    reach: arm (2,-1) grid 0.00-16.00, enclosure - deg  REFUSED: arm (2,-1): the stopping event's angle wraps a full turn inside the box (sub-box 6,7,0)
cell 11 (depth 3, victim half-widths 0.125/1.000/1.000u): split on the victim's y axis (refused: reach envelope: arm (0,1): stopping event changes between cells (0,2,0)-(0,3,0): cross|a1|1:r1 vs cross|r1|1:r)
cell 12 (depth 3, victim half-widths 0.125/1.000/1.000u): centre [37.6039,-3.2612,1.8896,50.5537,10.5092,-0.859]
    reach: arm (0,1) grid 16.00-37.33, enclosure - deg  REFUSED: arm (0,1): stopping event changes between cells (0,4,4)-(1,4,4): cross|a1|1:r1 vs cross|a1,r1|1:r0
    reach: arm (0,-1) grid 0.00-2.67, enclosure - deg  REFUSED: arm (0,-1): the stopping event's angle wraps a full turn inside the box (sub-box 7,7,0)
    reach: arm (1,1) -0.4-3.7 deg [selfoff foot 0]  grid 0.00-3.33, enclosure 0.00-3.33 deg
    reach: arm (1,-1) 14.9-19.4 deg [cross a1 foot 0 at r1]  grid 15.33-19.00, enclosure 15.33-19.00 deg
    reach: arm (2,1) grid 2.00-13.33, enclosure 1.33-14.33 deg  REFUSED: arm (2,1): foot 0 meets two lines 0.3044 deg apart inside the box (circles 3 and 4), within one 0.333-degree substep: the sampling phase, not the geometry, decides whether the swing stops there
    reach: arm (2,-1) grid 0.00-13.67, enclosure - deg  REFUSED: arm (2,-1): the stopping event's angle wraps a full turn inside the box (sub-box 0,7,0)
cell 12 (depth 3, victim half-widths 0.125/1.000/1.000u): refused -- reach envelope: arm (0,1): stopping event changes between cells (0,4,4)-(1,4,4): cross|a1|1:r1 vs cross|a1,r1|1:r0; arm (0,-1): the stopping event's angle wraps
cell 13 (depth 3, victim half-widths 0.125/1.000/1.000u): centre [37.6039,-3.2612,1.8896,50.8037,10.5092,-0.859]
    reach: arm (0,1) grid 17.00-38.00, enclosure - deg  REFUSED: arm (0,1): stopping event changes between cells (0,0,3)-(0,0,4): cross|a1|1:r1 vs cross|a1,r1|1:r0
    reach: arm (0,-1) grid 0.00-2.33, enclosure - deg  REFUSED: arm (0,-1): the stopping event's angle wraps a full turn inside the box (sub-box 0,7,0)
    reach: arm (1,1) -0.4-3.4 deg [selfoff foot 0]  grid 0.00-3.00, enclosure 0.00-3.00 deg
    reach: arm (1,-1) 15.3-19.7 deg [cross a1 foot 0 at r1]  grid 15.67-19.33, enclosure 15.67-19.33 deg
    reach: arm (2,1) grid 0.00-11.00, enclosure 0.00-12.00 deg  REFUSED: arm (2,1): foot 0 meets two lines 0.3120 deg apart inside the box (circles 3 and 4), within one 0.333-degree substep: the sampling phase, not the geometry, decides whether the swing stops there
    reach: arm (2,-1) grid 0.00-11.67, enclosure - deg  REFUSED: arm (2,-1): the stopping event's angle wraps a full turn inside the box (sub-box 0,5,0)
cell 13 (depth 3, victim half-widths 0.125/1.000/1.000u): split on the victim's rot axis (refused: reach envelope: arm (0,1): stopping event changes between cells (0,0,3)-(0,0,4): cross|a1|1:r1 vs cross|a1,r1|)
cell 14 (depth 3, victim half-widths 0.125/1.000/1.000u): centre [37.6039,-3.2612,1.8896,51.0537,10.5092,-0.859]
    reach: arm (0,1) grid 17.33-38.33, enclosure - deg  REFUSED: arm (0,1): stopping event changes between cells (0,0,3)-(0,0,4): cross|a1|1:r1 vs cross|a1,r1|1:r0
    reach: arm (0,-1) grid 0.00-2.00, enclosure - deg  REFUSED: arm (0,-1): the stopping event's angle wraps a full turn inside the box (sub-box 0,5,0)
    reach: arm (1,1) -0.4-3.1 deg [selfoff foot 0]  grid 0.00-2.67, enclosure 0.00-2.67 deg
    reach: arm (1,-1) 15.6-20.4 deg [cross a1 foot 0 at r1]  grid 16.00-20.00, enclosure 16.00-20.00 deg
    reach: arm (2,1) -0.4-10.7 deg [selfoff foot 0]  grid 0.00-10.33, enclosure 0.00-10.33 deg
    reach: arm (2,-1) grid 0.00-9.67, enclosure - deg  REFUSED: arm (2,-1): the stopping event's angle wraps a full turn inside the box (sub-box 0,3,0)
cell 14 (depth 3, victim half-widths 0.125/1.000/1.000u): split on the victim's rot axis (refused: reach envelope: arm (0,1): stopping event changes between cells (0,0,3)-(0,0,4): cross|a1|1:r1 vs cross|a1,r1|)
cell 15 (depth 3, victim half-widths 0.125/1.000/1.000u): centre [37.6039,-3.2612,1.8896,51.3037,10.5092,-0.859]
    reach: arm (0,1) grid 18.00-38.33, enclosure - deg  REFUSED: arm (0,1): stopping event changes between cells (0,0,2)-(0,0,3): cross|a1|1:r1 vs cross|a1,r1|1:r0
    reach: arm (0,-1) grid 0.00-1.33, enclosure - deg  REFUSED: arm (0,-1): the stopping event's angle wraps a full turn inside the box (sub-box 0,3,0)
    reach: arm (1,1) -0.4-2.7 deg [selfoff foot 0]  grid 0.00-2.33, enclosure 0.00-2.33 deg
    reach: arm (1,-1) 15.9-20.7 deg [cross a1 foot 0 at r1]  grid 16.33-20.33, enclosure 16.33-20.33 deg
    reach: arm (2,1) grid 0.00-5.00, enclosure - deg  REFUSED: arm (2,1): the stopping event's angle wraps a full turn inside the box (sub-box 1,0,7)
    reach: arm (2,-1) grid 0.00-6.00, enclosure - deg  REFUSED: arm (2,-1): the stopping event's angle wraps a full turn inside the box (sub-box 0,1,0)
cell 15 (depth 3, victim half-widths 0.125/1.000/1.000u): split on the victim's rot axis (refused: reach envelope: arm (0,1): stopping event changes between cells (0,0,2)-(0,0,3): cross|a1|1:r1 vs cross|a1,r1|)
cell 16 (depth 4, victim half-widths 0.125/1.000/0.500u): centre [37.6039,-3.2612,1.8896,49.5537,10.5092,-0.8806]
    reach: arm (0,1) 34.6-38.7 deg [cross r1 foot 1 at r0]  grid 35.00-38.33, enclosure 35.00-38.33 deg
    reach: arm (0,-1) -0.4-3.7 deg [selfoff foot 1]  grid 0.00-3.33, enclosure 0.00-3.33 deg
    reach: arm (1,1) 1.9-5.1 deg [selfoff a1 foot 0]  grid 2.33-4.67, enclosure 2.33-4.67 deg
    reach: arm (1,-1) 32.9-36.1 deg [cross r1 foot 0 at r0]  grid 33.33-35.67, enclosure 33.33-35.67 deg
    reach: arm (2,1) 15.3-29.4 deg [selfoff a1 foot 0]  grid 15.67-29.00, enclosure 15.67-29.00 deg
    reach: arm (2,-1) 1.9-25.4 deg [selfoff foot 1]  grid 2.33-25.00, enclosure 2.33-25.00 deg
    3/27: [37.604,-3.261,1.89,49.429,9.509,-0.859] dead W=0.51 accept=1.03  (8s)
    6/27: [37.604,-3.261,1.89,49.429,10.509,-0.881] dead W=0.85 accept=1.07  (10s)
    9/27: [37.604,-3.261,1.89,49.429,11.509,-0.859] dead W=0.81 accept=1.05  (12s)
    12/27: [37.604,-3.261,1.89,49.554,10.509,-0.902] dead W=0.59 accept=1.77  (14s)
    15/27: [37.604,-3.261,1.89,49.554,10.509,-0.859] dead W=0.87 accept=0.49  (15s)
    18/27: [37.604,-3.261,1.89,49.554,11.509,-0.859] dead W=0.80 accept=1.13  (17s)
    21/27: [37.604,-3.261,1.89,49.679,10.509,-0.902] dead W=0.71 accept=1.78  (19s)
    22/27: [37.604,-3.261,1.89,49.679,9.509,-0.859] unresolved W=0.89 accept=0.89 reply (1,-1) 28.5-28.9deg: no single arc certifies the gap (best min margin 1.48u) even at the engin  (19s)
    24/27: [37.604,-3.261,1.89,49.679,10.509,-0.859] dead W=0.89 accept=0.82  (21s)
    27/27: [37.604,-3.261,1.89,49.679,11.509,-0.859] dead W=0.87 accept=1.69  (22s)
cell 16 (depth 4, victim half-widths 0.125/1.000/0.500u): split on the victim's y axis (unresolved: grid pose [37.6039,-3.2612,1.8896,49.6787,9.5092,-0.859] is unresolved: reply (1,-1) 28.5-28.9deg: no single a)
cell 17 (depth 4, victim half-widths 0.125/1.000/0.500u): centre [37.6039,-3.2612,1.8896,49.5537,10.5092,-0.8374]
    reach: arm (0,1) grid 14.67-37.00, enclosure - deg  REFUSED: arm (0,1): stopping event changes between cells (0,0,3)-(1,0,3): cross|r1|1:r0 vs cross|a1|1:r1
    reach: arm (0,-1) 0.6-4.7 deg [selfoff foot 1]  grid 1.00-4.33, enclosure 1.00-4.33 deg
    reach: arm (1,1) 0.9-4.1 deg [selfoff a1 foot 0]  grid 1.33-3.67, enclosure 1.33-3.67 deg
    reach: arm (1,-1) grid 16.33-36.00, enclosure - deg  REFUSED: arm (1,-1): stopping event changes between cells (0,0,3)-(1,0,3): cross|r1|0:r0 vs cross|a1|0:r1
    reach: arm (2,1) 10.9-26.4 deg [selfoff a1 foot 0]  grid 11.33-26.00, enclosure 11.33-26.00 deg
    reach: arm (2,-1) 7.6-28.7 deg [selfoff foot 1]  grid 8.00-28.33, enclosure 8.00-28.33 deg
cell 17 (depth 4, victim half-widths 0.125/1.000/0.500u): refused -- reach envelope: arm (0,1): stopping event changes between cells (0,0,3)-(1,0,3): cross|r1|1:r0 vs cross|a1|1:r1; arm (1,-1): stopping event changes between cell
cell 18 (depth 4, victim half-widths 0.125/1.000/0.500u): centre [37.6039,-3.2612,1.8896,50.0537,10.5092,-0.8806]
    reach: arm (0,1) grid 16.33-38.33, enclosure - deg  REFUSED: arm (0,1): stopping event changes between cells (0,0,0)-(0,0,1): cross|r1|1:r0 vs cross|a1|1:r1
    reach: arm (0,-1) -0.4-3.1 deg [selfoff foot 1]  grid 0.00-2.67, enclosure 0.00-2.67 deg
    reach: arm (1,1) 1.3-4.4 deg [selfoff foot 0]  grid 1.67-4.00, enclosure 1.67-4.00 deg
    reach: arm (1,-1) grid 15.67-35.67, enclosure - deg  REFUSED: arm (1,-1): stopping event changes between cells (0,0,0)-(0,0,1): cross|r1|0:r0 vs cross|a1|0:r1
    reach: arm (2,1) grid 11.33-18.67, enclosure 10.67-19.67 deg  REFUSED: arm (2,1): foot 0 meets two lines 0.3427 deg apart inside the box (circles 3 and 4), within one 0.333-degree substep: the sampling phase, not the geometry, decides whether the swing stops there
    reach: arm (2,-1) -0.4-15.4 deg [selfoff foot 1]  grid 0.00-15.00, enclosure 0.00-15.00 deg
cell 18 (depth 4, victim half-widths 0.125/1.000/0.500u): split on the victim's rot axis (refused: reach envelope: arm (0,1): stopping event changes between cells (0,0,0)-(0,0,1): cross|r1|1:r0 vs cross|a1|1:r)
cell 19 (depth 4, victim half-widths 0.125/1.000/0.500u): centre [37.6039,-3.2612,1.8896,50.0537,10.5092,-0.8374]
    reach: arm (0,1) grid 15.33-37.33, enclosure - deg  REFUSED: arm (0,1): stopping event changes between cells (0,3,0)-(0,4,0): cross|a1|1:r1 vs cross|r1|1:r0
    reach: arm (0,-1) -0.1-4.1 deg [selfoff foot 1]  grid 0.33-3.67, enclosure 0.33-3.67 deg
    reach: arm (1,1) 0.3-3.4 deg [selfoff foot 0]  grid 0.67-3.00, enclosure 0.67-3.00 deg
    reach: arm (1,-1) grid 16.33-35.67, enclosure - deg  REFUSED: arm (1,-1): stopping event changes between cells (0,3,0)-(0,4,0): cross|a1|0:r1 vs cross|r1|0:r0
    reach: arm (2,1) grid 6.67-14.67, enclosure 6.00-15.67 deg  REFUSED: arm (2,1): foot 0 meets two lines 0.3471 deg apart inside the box (circles 3 and 4), within one 0.333-degree substep: the sampling phase, not the geometry, decides whether the swing stops there
    reach: arm (2,-1) 2.9-19.4 deg [selfoff foot 1]  grid 3.33-19.00, enclosure 3.33-19.00 deg
cell 19 (depth 4, victim half-widths 0.125/1.000/0.500u): split on the victim's y axis (refused: reach envelope: arm (0,1): stopping event changes between cells (0,3,0)-(0,4,0): cross|a1|1:r1 vs cross|r1|1:r)
cell 20 (depth 4, victim half-widths 0.125/0.500/1.000u): centre [37.6039,-3.2612,1.8896,50.3037,10.0092,-0.859]
    reach: arm (0,1) 14.9-19.7 deg [cross a1 foot 1 at r1]  grid 15.33-19.33, enclosure 15.33-19.33 deg
    reach: arm (0,-1) -0.4-3.7 deg [selfoff foot 1]  grid 0.00-3.33, enclosure 0.00-3.33 deg
    reach: arm (1,1) -0.4-4.1 deg [selfoff foot 0]  grid 0.00-3.67, enclosure 0.00-3.67 deg
    reach: arm (1,-1) 14.6-19.1 deg [cross a1 foot 0 at r1]  grid 15.00-18.67, enclosure 15.00-18.67 deg
    reach: arm (2,1) grid 4.33-16.00, enclosure 3.67-16.67 deg  REFUSED: arm (2,1): foot 0 meets two lines 0.2401 deg apart inside the box (circles 3 and 4), within one 0.333-degree substep: the sampling phase, not the geometry, decides whether the swing stops there
    reach: arm (2,-1) -0.1-17.1 deg [selfoff foot 1]  grid 0.33-16.67, enclosure 0.33-16.67 deg
cell 20 (depth 4, victim half-widths 0.125/0.500/1.000u): split on the victim's rot axis (refused: reach envelope: arm (2,1): foot 0 meets two lines 0.2401 deg apart inside the box (circles 3 and 4), within on)
cell 21 (depth 4, victim half-widths 0.125/0.500/1.000u): centre [37.6039,-3.2612,1.8896,50.3037,11.0092,-0.859]
    reach: arm (0,1) grid 16.33-38.33, enclosure - deg  REFUSED: arm (0,1): stopping event changes between cells (0,0,0)-(0,1,0): cross|a1|1:r1 vs cross|r1|1:r0
    reach: arm (0,-1) -0.4-3.1 deg [selfoff foot 1]  grid 0.00-2.67, enclosure 0.00-2.67 deg
    reach: arm (1,1) -0.1-4.1 deg [selfoff foot 0]  grid 0.33-3.67, enclosure 0.33-3.67 deg
    reach: arm (1,-1) grid 15.67-35.33, enclosure - deg  REFUSED: arm (1,-1): stopping event changes between cells (0,0,0)-(0,1,0): cross|a1|0:r1 vs cross|r1|0:r0
    reach: arm (2,1) grid 4.67-15.33, enclosure 4.00-16.33 deg  REFUSED: arm (2,1): foot 0 meets two lines 0.3120 deg apart inside the box (circles 3 and 4), within one 0.333-degree substep: the sampling phase, not the geometry, decides whether the swing stops there
    reach: arm (2,-1) grid 0.00-12.33, enclosure - deg  REFUSED: arm (2,-1): the stopping event's angle wraps a full turn inside the box (sub-box 4,7,0)
cell 21 (depth 4, victim half-widths 0.125/0.500/1.000u): split on the victim's y axis (refused: reach envelope: arm (0,1): stopping event changes between cells (0,0,0)-(0,1,0): cross|a1|1:r1 vs cross|r1|1:r)
cell 22 (depth 4, victim half-widths 0.125/1.000/0.500u): centre [37.6039,-3.2612,1.8896,50.8037,10.5092,-0.8806]
    reach: arm (0,1) 16.9-20.7 deg [cross a1 foot 1 at r1]  grid 17.33-20.33, enclosure 17.33-20.33 deg
    reach: arm (0,-1) grid 0.00-1.33, enclosure - deg  REFUSED: arm (0,-1): the stopping event's angle wraps a full turn inside the box (sub-box 0,5,0)
    reach: arm (1,1) -0.1-3.4 deg [selfoff foot 0]  grid 0.33-3.00, enclosure 0.33-3.00 deg
    reach: arm (1,-1) 15.3-18.7 deg [cross a1 foot 0 at r1]  grid 15.67-18.33, enclosure 15.67-18.33 deg
    reach: arm (2,1) grid 4.67-11.00, enclosure 4.33-11.67 deg  REFUSED: arm (2,1): foot 0 meets two lines 0.3592 deg apart inside the box (circles 3 and 4), within one 0.333-degree substep: the sampling phase, not the geometry, decides whether the swing stops there
    reach: arm (2,-1) grid 0.00-7.33, enclosure - deg  REFUSED: arm (2,-1): the stopping event's angle wraps a full turn inside the box (sub-box 0,4,0)
cell 22 (depth 4, victim half-widths 0.125/1.000/0.500u): split on the victim's y axis (refused: reach envelope: arm (0,-1): the stopping event's angle wraps a full turn inside the box (sub-box 0,5,0); arm ()
cell 23 (depth 4, victim half-widths 0.125/1.000/0.500u): centre [37.6039,-3.2612,1.8896,50.8037,10.5092,-0.8374]
    reach: arm (0,1) grid 16.67-38.00, enclosure - deg  REFUSED: arm (0,1): stopping event changes between cells (0,0,3)-(0,0,4): cross|a1|1:r1 vs cross|a1,r1|1:r0
    reach: arm (0,-1) -0.4-3.1 deg [selfoff foot 1]  grid 0.00-2.67, enclosure 0.00-2.67 deg
    reach: arm (1,1) -0.4-2.4 deg [selfoff foot 0]  grid 0.00-2.00, enclosure 0.00-2.00 deg
    reach: arm (1,-1) 16.3-19.7 deg [cross a1 foot 0 at r1]  grid 16.67-19.33, enclosure 16.67-19.33 deg
    reach: arm (2,1) grid 0.00-7.33, enclosure 0.00-8.00 deg  REFUSED: arm (2,1): foot 0 meets two lines 0.0528 deg apart inside the box (circles 3 and 4), within one 0.333-degree substep: the sampling phase, not the geometry, decides whether the swing stops there
    reach: arm (2,-1) -0.4-12.1 deg [selfoff foot 1]  grid 0.00-11.67, enclosure 0.00-11.67 deg
cell 23 (depth 4, victim half-widths 0.125/1.000/0.500u): split on the victim's rot axis (refused: reach envelope: arm (0,1): stopping event changes between cells (0,0,3)-(0,0,4): cross|a1|1:r1 vs cross|a1,r1|)
cell 24 (depth 4, victim half-widths 0.125/1.000/0.500u): centre [37.6039,-3.2612,1.8896,51.0537,10.5092,-0.8806]
    reach: arm (0,1) 16.9-21.1 deg [cross a1 foot 1 at r1]  grid 17.33-20.67, enclosure 17.33-20.67 deg
    reach: arm (0,-1) grid 0.00-1.00, enclosure - deg  REFUSED: arm (0,-1): the stopping event's angle wraps a full turn inside the box (sub-box 0,4,0)
    reach: arm (1,1) -0.4-3.1 deg [selfoff foot 0]  grid 0.00-2.67, enclosure 0.00-2.67 deg
    reach: arm (1,-1) 15.6-19.1 deg [cross a1 foot 0 at r1]  grid 16.00-18.67, enclosure 16.00-18.67 deg
    reach: arm (2,1) 1.9-10.4 deg [selfoff foot 0]  grid 2.33-10.00, enclosure 2.33-10.00 deg
    reach: arm (2,-1) grid 0.00-5.33, enclosure - deg  REFUSED: arm (2,-1): the stopping event's angle wraps a full turn inside the box (sub-box 0,2,0)
cell 24 (depth 4, victim half-widths 0.125/1.000/0.500u): split on the victim's y axis (refused: reach envelope: arm (0,-1): the stopping event's angle wraps a full turn inside the box (sub-box 0,4,0); arm ()
cell 25 (depth 4, victim half-widths 0.125/1.000/0.500u): centre [37.6039,-3.2612,1.8896,51.0537,10.5092,-0.8374]
    reach: arm (0,1) grid 17.33-38.33, enclosure - deg  REFUSED: arm (0,1): stopping event changes between cells (0,0,2)-(0,0,3): cross|a1|1:r1 vs cross|a1,r1|1:r0
    reach: arm (0,-1) grid 0.00-2.00, enclosure - deg  REFUSED: arm (0,-1): the stopping event's angle wraps a full turn inside the box (sub-box 7,7,0)
    reach: arm (1,1) -0.4-2.1 deg [selfoff foot 0]  grid 0.00-1.67, enclosure 0.00-1.67 deg
    reach: arm (1,-1) 16.9-20.1 deg [cross a1 foot 0 at r1]  grid 17.33-19.67, enclosure 17.33-19.67 deg
    reach: arm (2,1) grid 0.00-5.33, enclosure - deg  REFUSED: arm (2,1): the stopping event's angle wraps a full turn inside the box (sub-box 6,0,7)
    reach: arm (2,-1) grid 0.00-9.67, enclosure - deg  REFUSED: arm (2,-1): the stopping event's angle wraps a full turn inside the box (sub-box 2,7,0)
cell 25 (depth 4, victim half-widths 0.125/1.000/0.500u): split on the victim's rot axis (refused: reach envelope: arm (0,1): stopping event changes between cells (0,0,2)-(0,0,3): cross|a1|1:r1 vs cross|a1,r1|)
cell 26 (depth 4, victim half-widths 0.125/1.000/0.500u): centre [37.6039,-3.2612,1.8896,51.3037,10.5092,-0.8806]
    reach: arm (0,1) grid 18.00-38.00, enclosure - deg  REFUSED: arm (0,1): stopping event changes between cells (3,1,4)-(4,1,4): cross|a1|2:a1 vs cross|a1,r1|1:r0
    reach: arm (0,-1) grid 0.00-0.67, enclosure - deg  REFUSED: arm (0,-1): the stopping event's angle wraps a full turn inside the box (sub-box 0,2,0)
    reach: arm (1,1) -0.4-2.7 deg [selfoff foot 0]  grid 0.00-2.33, enclosure 0.00-2.33 deg
    reach: arm (1,-1) 15.9-19.4 deg [cross a1 foot 0 at r1]  grid 16.33-19.00, enclosure 16.33-19.00 deg
    reach: arm (2,1) 0.3-8.7 deg [selfoff foot 0]  grid 0.67-8.33, enclosure 0.67-8.33 deg
    reach: arm (2,-1) grid 0.00-3.67, enclosure - deg  REFUSED: arm (2,-1): the stopping event's angle wraps a full turn inside the box (sub-box 0,0,0)
cell 26 (depth 4, victim half-widths 0.125/1.000/0.500u): refused -- reach envelope: arm (0,1): stopping event changes between cells (3,1,4)-(4,1,4): cross|a1|2:a1 vs cross|a1,r1|1:r0; arm (0,-1): the stopping event's angle wraps
cell 27 (depth 4, victim half-widths 0.125/1.000/0.500u): centre [37.6039,-3.2612,1.8896,51.3037,10.5092,-0.8374]
    reach: arm (0,1) grid 17.67-38.33, enclosure - deg  REFUSED: arm (0,1): stopping event changes between cells (0,0,1)-(0,1,1): cross|a1|2:a1 vs cross|a1,r1|1:r0
    reach: arm (0,-1) grid 0.00-1.33, enclosure - deg  REFUSED: arm (0,-1): the stopping event's angle wraps a full turn inside the box (sub-box 0,7,0)
    reach: arm (1,1) grid 0.00-0.67, enclosure - deg  REFUSED: arm (1,1): the stopping event's angle wraps a full turn inside the box (sub-box 4,0,7)
    reach: arm (1,-1) 17.3-20.4 deg [cross a1 foot 0 at r1]  grid 17.67-20.00, enclosure 17.67-20.00 deg
    reach: arm (2,1) grid 0.00-3.33, enclosure - deg  REFUSED: arm (2,1): the stopping event's angle wraps a full turn inside the box (sub-box 0,0,7)
    reach: arm (2,-1) grid 0.00-6.00, enclosure - deg  REFUSED: arm (2,-1): the stopping event's angle wraps a full turn inside the box (sub-box 0,6,0)
cell 27 (depth 4, victim half-widths 0.125/1.000/0.500u): split on the victim's y axis (refused: reach envelope: arm (0,1): stopping event changes between cells (0,0,1)-(0,1,1): cross|a1|2:a1 vs cross|a1,r1|)
cell 28 (depth 5, victim half-widths 0.125/0.500/0.500u): centre [37.6039,-3.2612,1.8896,49.5537,10.0092,-0.8806]
    reach: arm (0,1) 34.6-37.7 deg [cross r1 foot 1 at r0]  grid 35.00-37.33, enclosure 35.00-37.33 deg
    reach: arm (0,-1) 0.3-3.7 deg [selfoff foot 1]  grid 0.67-3.33, enclosure 0.67-3.33 deg
    reach: arm (1,1) 1.9-5.1 deg [selfoff a1 foot 0]  grid 2.33-4.67, enclosure 2.33-4.67 deg
    reach: arm (1,-1) 33.3-36.1 deg [cross r1 foot 0 at r0]  grid 33.67-35.67, enclosure 33.67-35.67 deg
    reach: arm (2,1) 16.3-29.1 deg [selfoff a1 foot 0]  grid 16.67-28.67, enclosure 16.67-28.67 deg
    reach: arm (2,-1) 6.9-25.4 deg [selfoff foot 1]  grid 7.33-25.00, enclosure 7.33-25.00 deg
    3/27: [37.604,-3.261,1.89,49.429,9.509,-0.902] dead W=0.81 accept=1.12  (8s)
    6/27: [37.604,-3.261,1.89,49.429,10.509,-0.902] dead W=0.81 accept=1.45  (11s)
    9/27: [37.604,-3.261,1.89,49.429,10.509,-0.859] dead W=0.92 accept=0.42  (13s)
    12/27: [37.604,-3.261,1.89,49.554,10.009,-0.902] dead W=0.85 accept=1.46  (15s)
    15/27: [37.604,-3.261,1.89,49.554,9.509,-0.859] dead W=0.59 accept=1.12  (17s)
    18/27: [37.604,-3.261,1.89,49.554,10.509,-0.859] dead W=0.87 accept=0.49  (17s)
    21/27: [37.604,-3.261,1.89,49.679,9.509,-0.859] unresolved W=0.89 accept=0.89 reply (1,-1) 28.5-28.9deg: no single arc certifies the gap (best min margin 1.48u) even at the engin  (19s)
    24/27: [37.604,-3.261,1.89,49.679,10.009,-0.859] dead W=0.86 accept=0.59  (21s)
    27/27: [37.604,-3.261,1.89,49.679,10.509,-0.859] dead W=0.89 accept=0.82  (23s)
cell 28 (depth 5, victim half-widths 0.125/0.500/0.500u): split on the victim's rot axis (unresolved: grid pose [37.6039,-3.2612,1.8896,49.6787,9.5092,-0.859] is unresolved: reply (1,-1) 28.5-28.9deg: no single a)
cell 29 (depth 5, victim half-widths 0.125/0.500/0.500u): centre [37.6039,-3.2612,1.8896,49.5537,11.0092,-0.8806]
    reach: arm (0,1) 35.3-38.4 deg [cross r1 foot 1 at r0]  grid 35.67-38.00, enclosure 35.67-38.00 deg
    reach: arm (0,-1) -0.4-3.1 deg [selfoff foot 1]  grid 0.00-2.67, enclosure 0.00-2.67 deg
    reach: arm (1,1) 2.3-5.1 deg [selfoff a1 foot 0]  grid 2.67-4.67, enclosure 2.67-4.67 deg
    reach: arm (1,-1) 32.9-36.1 deg [cross r1 foot 0 at r0]  grid 33.33-35.67, enclosure 33.33-35.67 deg
    reach: arm (2,1) 15.6-25.7 deg [selfoff a1 foot 0]  grid 16.00-25.33, enclosure 16.00-25.33 deg
    reach: arm (2,-1) 1.9-17.7 deg [selfoff foot 1]  grid 2.33-17.33, enclosure 2.33-17.33 deg
    3/27: [37.604,-3.261,1.89,49.429,10.509,-0.902] dead W=0.80 accept=1.45  (8s)
    6/27: [37.604,-3.261,1.89,49.429,11.009,-0.859] dead W=0.97 accept=0.72  (10s)
    9/27: [37.604,-3.261,1.89,49.429,11.509,-0.859] dead W=0.81 accept=1.05  (12s)
    12/27: [37.604,-3.261,1.89,49.554,10.509,-0.859] dead W=0.87 accept=0.49  (13s)
    15/27: [37.604,-3.261,1.89,49.554,11.509,-0.902] dead W=0.59 accept=1.56  (14s)
    18/27: [37.604,-3.261,1.89,49.554,11.509,-0.859] dead W=0.80 accept=1.13  (16s)
    21/27: [37.604,-3.261,1.89,49.679,11.009,-0.881] dead W=0.83 accept=1.75  (18s)
    24/27: [37.604,-3.261,1.89,49.679,11.009,-0.859] dead W=0.83 accept=1.28  (19s)
    27/27: [37.604,-3.261,1.89,49.679,11.509,-0.859] dead W=0.87 accept=1.69  (20s)
    round 1: 51 pairs refused, 51 midpoints to certify (step 0.063u)
    6/51: [37.604,-3.261,1.89,49.429,10.759,-0.881] dead W=0.81 accept=1.05  (24s)
    12/51: [37.604,-3.261,1.89,49.429,11.259,-0.881] dead W=0.61 accept=1.68  (27s)
    18/51: [37.604,-3.261,1.89,49.429,11.509,-0.87] dead W=0.73 accept=1.30  (31s)
    24/51: [37.604,-3.261,1.89,49.554,10.759,-0.881] dead W=0.81 accept=1.46  (33s)
    30/51: [37.604,-3.261,1.89,49.554,11.009,-0.891] dead W=0.61 accept=1.61  (37s)
    36/51: [37.604,-3.261,1.89,49.554,11.259,-0.859] dead W=0.96 accept=1.23  (39s)
    42/51: [37.604,-3.261,1.89,49.679,10.759,-0.881] dead W=0.86 accept=1.53  (43s)
    48/51: [37.604,-3.261,1.89,49.679,11.009,-0.87] dead W=0.95 accept=1.48  (46s)
    round 2: 53 pairs refused, 53 midpoints to certify (step 0.125u)
    6/53: [37.604,-3.261,1.89,49.429,10.884,-0.881] dead W=0.76 accept=1.26  (53s)
    12/53: [37.604,-3.261,1.89,49.429,11.009,-0.897] dead W=0.69 accept=1.83  (55s)
    18/53: [37.604,-3.261,1.89,49.429,11.509,-0.864] dead W=0.81 accept=1.02  (59s)
    24/53: [37.604,-3.261,1.89,49.554,10.509,-0.864] dead W=0.94 accept=0.95  (61s)
    30/53: [37.604,-3.261,1.89,49.554,11.134,-0.881] dead W=0.78 accept=1.50  (65s)
    36/53: [37.604,-3.261,1.89,49.554,11.509,-0.897] dead W=0.48 accept=1.90  (67s)
    42/53: [37.604,-3.261,1.89,49.679,10.634,-0.881] dead W=0.90 accept=1.51  (71s)
    48/53: [37.604,-3.261,1.89,49.679,11.009,-0.875] dead W=0.88 accept=1.53  (73s)
    round 3: 55 pairs refused, 55 midpoints to certify (step 0.063u)
    6/55: [37.604,-3.261,1.89,49.429,10.509,-0.867] dead W=0.94 accept=0.74  (81s)
    12/55: [37.604,-3.261,1.89,49.429,11.009,-0.894] dead W=0.74 accept=1.73  (83s)
    18/55: [37.604,-3.261,1.89,49.429,11.509,-0.889] dead W=0.59 accept=1.58  (86s)
    24/55: [37.604,-3.261,1.89,49.554,10.572,-0.881] dead W=0.80 accept=1.22  (89s)
    30/55: [37.604,-3.261,1.89,49.554,11.009,-0.9] dead W=0.62 accept=1.69  (92s)
    36/55: [37.604,-3.261,1.89,49.554,11.447,-0.859] dead W=0.81 accept=1.21  (94s)
    42/55: [37.604,-3.261,1.89,49.679,10.509,-0.883] dead W=0.89 accept=1.51  (99s)
    48/55: [37.604,-3.261,1.89,49.679,10.697,-0.859] dead W=0.98 accept=1.00  (101s)
    54/55: [37.604,-3.261,1.89,49.679,11.509,-0.873] dead W=0.81 accept=1.50  (104s)
cell 29 (depth 5, victim half-widths 0.125/0.500/0.500u): dead (186 poses, 24552 gaps, 5 slivers, 70 probed gaps, min accepted 0.03u)
cell 30 (depth 5, victim half-widths 0.125/1.000/0.250u): centre [37.6039,-3.2612,1.8896,50.0537,10.5092,-0.8915]
    reach: arm (0,1) grid 17.00-38.33, enclosure - deg  REFUSED: arm (0,1): stopping event changes between cells (0,0,1)-(1,0,1): cross|r1|1:r0 vs cross|a1|1:r1
    reach: arm (0,-1) -0.4-2.4 deg [selfoff foot 1]  grid 0.00-2.00, enclosure 0.00-2.00 deg
    reach: arm (1,1) 1.9-4.4 deg [selfoff a1 foot 0]  grid 2.33-4.00, enclosure 2.33-4.00 deg
    reach: arm (1,-1) grid 15.67-35.33, enclosure - deg  REFUSED: arm (1,-1): stopping event changes between cells (0,0,1)-(1,0,1): cross|r1|0:r0 vs cross|a1|0:r1
    reach: arm (2,1) grid 13.33-18.67, enclosure 12.67-19.33 deg  REFUSED: arm (2,1): foot 0 meets two lines 0.3595 deg apart inside the box (circles 3 and 4), within one 0.333-degree substep: the sampling phase, not the geometry, decides whether the swing stops there
    reach: arm (2,-1) -0.4-13.1 deg [selfoff foot 1]  grid 0.00-12.67, enclosure 0.00-12.67 deg
cell 30 (depth 5, victim half-widths 0.125/1.000/0.250u): refused -- reach envelope: arm (0,1): stopping event changes between cells (0,0,1)-(1,0,1): cross|r1|1:r0 vs cross|a1|1:r1; arm (1,-1): stopping event changes between cell
cell 31 (depth 5, victim half-widths 0.125/1.000/0.250u): centre [37.6039,-3.2612,1.8896,50.0537,10.5092,-0.8698]
    reach: arm (0,1) grid 16.33-38.00, enclosure - deg  REFUSED: arm (0,1): stopping event changes between cells (0,1,0)-(0,2,0): cross|a1|1:r1 vs cross|r1|1:r0
    reach: arm (0,-1) -0.4-2.7 deg [selfoff foot 1]  grid 0.00-2.33, enclosure 0.00-2.33 deg
    reach: arm (1,1) 1.3-3.7 deg [selfoff foot 0]  grid 1.67-3.33, enclosure 1.67-3.33 deg
    reach: arm (1,-1) grid 16.00-35.67, enclosure - deg  REFUSED: arm (1,-1): stopping event changes between cells (0,1,0)-(0,2,0): cross|a1|0:r1 vs cross|r1|0:r0
    reach: arm (2,1) grid 11.33-17.00, enclosure 10.67-17.67 deg  REFUSED: arm (2,1): foot 0 meets two lines 0.3427 deg apart inside the box (circles 3 and 4), within one 0.333-degree substep: the sampling phase, not the geometry, decides whether the swing stops there
    reach: arm (2,-1) 0.6-15.4 deg [selfoff foot 1]  grid 1.00-15.00, enclosure 1.00-15.00 deg
cell 31 (depth 5, victim half-widths 0.125/1.000/0.250u): split on the victim's y axis (refused: reach envelope: arm (0,1): stopping event changes between cells (0,1,0)-(0,2,0): cross|a1|1:r1 vs cross|r1|1:r)
cell 32 (depth 5, victim half-widths 0.125/0.500/0.500u): centre [37.6039,-3.2612,1.8896,50.0537,10.0092,-0.8374]
    reach: arm (0,1) 14.9-18.1 deg [cross a1 foot 1 at r1]  grid 15.33-17.67, enclosure 15.33-17.67 deg
    reach: arm (0,-1) 0.6-4.1 deg [selfoff foot 1]  grid 1.00-3.67, enclosure 1.00-3.67 deg
    reach: arm (1,1) 0.3-3.1 deg [selfoff foot 0]  grid 0.67-2.67, enclosure 0.67-2.67 deg
    reach: arm (1,-1) 15.6-18.7 deg [cross a1 foot 0 at r1]  grid 16.00-18.33, enclosure 16.00-18.33 deg
    reach: arm (2,1) grid 6.67-14.67, enclosure 6.33-15.33 deg  REFUSED: arm (2,1): foot 0 meets two lines 0.3471 deg apart inside the box (circles 3 and 4), within one 0.333-degree substep: the sampling phase, not the geometry, decides whether the swing stops there
    reach: arm (2,-1) 7.3-19.4 deg [selfoff foot 1]  grid 7.67-19.00, enclosure 7.67-19.00 deg
cell 32 (depth 5, victim half-widths 0.125/0.500/0.500u): split on the victim's y axis (refused: reach envelope: arm (2,1): foot 0 meets two lines 0.3471 deg apart inside the box (circles 3 and 4), within on)
cell 33 (depth 5, victim half-widths 0.125/0.500/0.500u): centre [37.6039,-3.2612,1.8896,50.0537,11.0092,-0.8374]
    reach: arm (0,1) grid 16.00-37.33, enclosure - deg  REFUSED: arm (0,1): stopping event changes between cells (0,2,0)-(0,3,0): cross|a1|1:r1 vs cross|r1|1:r0
    reach: arm (0,-1) -0.1-3.4 deg [selfoff foot 1]  grid 0.33-3.00, enclosure 0.33-3.00 deg
    reach: arm (1,1) 0.6-3.4 deg [selfoff foot 0]  grid 1.00-3.00, enclosure 1.00-3.00 deg
    reach: arm (1,-1) grid 16.33-35.67, enclosure - deg  REFUSED: arm (1,-1): stopping event changes between cells (0,2,0)-(0,3,0): cross|a1|0:r1 vs cross|r1|0:r0
    reach: arm (2,1) grid 7.00-14.33, enclosure 6.67-15.00 deg  REFUSED: arm (2,1): foot 0 meets two lines 0.3105 deg apart inside the box (circles 3 and 4), within one 0.333-degree substep: the sampling phase, not the geometry, decides whether the swing stops there
    reach: arm (2,-1) 2.9-15.4 deg [selfoff foot 1]  grid 3.33-15.00, enclosure 3.33-15.00 deg
cell 33 (depth 5, victim half-widths 0.125/0.500/0.500u): split on the victim's y axis (refused: reach envelope: arm (0,1): stopping event changes between cells (0,2,0)-(0,3,0): cross|a1|1:r1 vs cross|r1|1:r)
cell 34 (depth 5, victim half-widths 0.125/0.500/0.500u): centre [37.6039,-3.2612,1.8896,50.3037,10.0092,-0.8806]
    reach: arm (0,1) 16.3-19.4 deg [cross a1 foot 1 at r1]  grid 16.67-19.00, enclosure 16.67-19.00 deg
    reach: arm (0,-1) -0.4-2.7 deg [selfoff foot 1]  grid 0.00-2.33, enclosure 0.00-2.33 deg
    reach: arm (1,1) 0.9-3.7 deg [selfoff foot 0]  grid 1.33-3.33, enclosure 1.33-3.33 deg
    reach: arm (1,-1) 14.9-17.7 deg [cross a1 foot 0 at r1]  grid 15.33-17.33, enclosure 15.33-17.33 deg
    reach: arm (2,1) grid 9.00-16.00, enclosure 8.67-16.33 deg  REFUSED: arm (2,1): foot 0 meets two lines 0.3595 deg apart inside the box (circles 3 and 4), within one 0.333-degree substep: the sampling phase, not the geometry, decides whether the swing stops there
    reach: arm (2,-1) -0.1-12.7 deg [selfoff foot 1]  grid 0.33-12.33, enclosure 0.33-12.33 deg
cell 34 (depth 5, victim half-widths 0.125/0.500/0.500u): split on the victim's y axis (refused: reach envelope: arm (2,1): foot 0 meets two lines 0.3595 deg apart inside the box (circles 3 and 4), within on)
cell 35 (depth 5, victim half-widths 0.125/0.500/0.500u): centre [37.6039,-3.2612,1.8896,50.3037,10.0092,-0.8374]
    reach: arm (0,1) 15.3-18.4 deg [cross a1 foot 1 at r1]  grid 15.67-18.00, enclosure 15.67-18.00 deg
    reach: arm (0,-1) 0.3-3.7 deg [selfoff foot 1]  grid 0.67-3.33, enclosure 0.67-3.33 deg
    reach: arm (1,1) -0.1-2.7 deg [selfoff foot 0]  grid 0.33-2.33, enclosure 0.33-2.33 deg
    reach: arm (1,-1) 15.9-19.1 deg [cross a1 foot 0 at r1]  grid 16.33-18.67, enclosure 16.33-18.67 deg
    reach: arm (2,1) grid 4.33-11.67, enclosure 4.00-12.33 deg  REFUSED: arm (2,1): foot 0 meets two lines 0.3590 deg apart inside the box (circles 3 and 4), within one 0.333-degree substep: the sampling phase, not the geometry, decides whether the swing stops there
    reach: arm (2,-1) 4.9-16.7 deg [selfoff foot 1]  grid 5.33-16.33, enclosure 5.33-16.33 deg
cell 35 (depth 5, victim half-widths 0.125/0.500/0.500u): split on the victim's y axis (refused: reach envelope: arm (2,1): foot 0 meets two lines 0.3590 deg apart inside the box (circles 3 and 4), within on)
cell 36 (depth 5, victim half-widths 0.125/0.250/1.000u): centre [37.6039,-3.2612,1.8896,50.3037,10.7592,-0.859]
    reach: arm (0,1) grid 16.33-38.33, enclosure - deg  REFUSED: arm (0,1): stopping event changes between cells (0,0,0)-(0,1,0): cross|a1|1:r1 vs cross|r1|1:r0
    reach: arm (0,-1) -0.4-3.1 deg [selfoff foot 1]  grid 0.00-2.67, enclosure 0.00-2.67 deg
    reach: arm (1,1) -0.1-4.1 deg [selfoff foot 0]  grid 0.33-3.67, enclosure 0.33-3.67 deg
    reach: arm (1,-1) grid 15.67-35.00, enclosure - deg  REFUSED: arm (1,-1): stopping event changes between cells (0,0,0)-(0,1,0): cross|a1|0:r1 vs cross|r1|0:r0
    reach: arm (2,1) grid 4.67-15.33, enclosure 4.33-16.00 deg  REFUSED: arm (2,1): foot 0 meets two lines 0.3120 deg apart inside the box (circles 3 and 4), within one 0.333-degree substep: the sampling phase, not the geometry, decides whether the swing stops there
    reach: arm (2,-1) -0.4-13.4 deg [selfoff foot 1]  grid 0.00-13.00, enclosure 0.00-13.00 deg
cell 36 (depth 5, victim half-widths 0.125/0.250/1.000u): split on the victim's y axis (refused: reach envelope: arm (0,1): stopping event changes between cells (0,0,0)-(0,1,0): cross|a1|1:r1 vs cross|r1|1:r)
cell 37 (depth 5, victim half-widths 0.125/0.250/1.000u): centre [37.6039,-3.2612,1.8896,50.3037,11.2592,-0.859]
    reach: arm (0,1) grid 17.00-38.33, enclosure - deg  REFUSED: arm (0,1): stopping event changes between cells (0,0,0)-(0,0,1): cross|r1|1:r0 vs cross|a1|1:r1
    reach: arm (0,-1) -0.4-2.7 deg [selfoff foot 1]  grid 0.00-2.33, enclosure 0.00-2.33 deg
    reach: arm (1,1) -0.1-4.1 deg [selfoff foot 0]  grid 0.33-3.67, enclosure 0.33-3.67 deg
    reach: arm (1,-1) grid 16.00-35.33, enclosure - deg  REFUSED: arm (1,-1): stopping event changes between cells (0,0,0)-(0,0,1): cross|r1|0:r0 vs cross|a1|0:r1
    reach: arm (2,1) grid 5.00-15.33, enclosure 4.33-16.00 deg  REFUSED: arm (2,1): foot 0 meets two lines 0.3664 deg apart inside the box (circles 3 and 4), within one 0.333-degree substep: the sampling phase, not the geometry, decides whether the swing stops there
    reach: arm (2,-1) grid 0.00-10.33, enclosure - deg  REFUSED: arm (2,-1): the stopping event's angle wraps a full turn inside the box (sub-box 2,7,0)
cell 37 (depth 5, victim half-widths 0.125/0.250/1.000u): split on the victim's rot axis (refused: reach envelope: arm (0,1): stopping event changes between cells (0,0,0)-(0,0,1): cross|r1|1:r0 vs cross|a1|1:r)
cell 38 (depth 5, victim half-widths 0.125/0.500/0.500u): centre [37.6039,-3.2612,1.8896,50.8037,10.0092,-0.8806]
    reach: arm (0,1) 16.9-20.1 deg [cross a1 foot 1 at r1]  grid 17.33-19.67, enclosure 17.33-19.67 deg
    reach: arm (0,-1) grid 0.00-1.33, enclosure - deg  REFUSED: arm (0,-1): the stopping event's angle wraps a full turn inside the box (sub-box 6,7,0)
    reach: arm (1,1) 0.3-3.1 deg [selfoff foot 0]  grid 0.67-2.67, enclosure 0.67-2.67 deg
    reach: arm (1,-1) 15.6-18.4 deg [cross a1 foot 0 at r1]  grid 16.00-18.00, enclosure 16.00-18.00 deg
    reach: arm (2,1) grid 4.67-11.00, enclosure 4.33-11.67 deg  REFUSED: arm (2,1): foot 0 meets two lines 0.3592 deg apart inside the box (circles 3 and 4), within one 0.333-degree substep: the sampling phase, not the geometry, decides whether the swing stops there
    reach: arm (2,-1) grid 0.00-7.33, enclosure - deg  REFUSED: arm (2,-1): the stopping event's angle wraps a full turn inside the box (sub-box 2,7,0)
cell 38 (depth 5, victim half-widths 0.125/0.500/0.500u): split on the victim's y axis (refused: reach envelope: arm (0,-1): the stopping event's angle wraps a full turn inside the box (sub-box 6,7,0); arm ()
cell 39 (depth 5, victim half-widths 0.125/0.500/0.500u): centre [37.6039,-3.2612,1.8896,50.8037,11.0092,-0.8806]
    reach: arm (0,1) 17.6-20.7 deg [cross a1 foot 1 at r1]  grid 18.00-20.33, enclosure 18.00-20.33 deg
    reach: arm (0,-1) grid 0.00-0.67, enclosure - deg  REFUSED: arm (0,-1): the stopping event's angle wraps a full turn inside the box (sub-box 0,2,0)
    reach: arm (1,1) 0.3-3.4 deg [selfoff foot 0]  grid 0.67-3.00, enclosure 0.67-3.00 deg
    reach: arm (1,-1) 15.3-18.4 deg [cross a1 foot 0 at r1]  grid 15.67-18.00, enclosure 15.67-18.00 deg
    reach: arm (2,1) grid 5.33-10.33, enclosure 4.67-11.67 deg  REFUSED: arm (2,1): foot 0 meets two lines 0.3581 deg apart inside the box (circles 3 and 4), within one 0.333-degree substep: the sampling phase, not the geometry, decides whether the swing stops there
    reach: arm (2,-1) grid 0.00-3.67, enclosure - deg  REFUSED: arm (2,-1): the stopping event's angle wraps a full turn inside the box (sub-box 0,0,0)
cell 39 (depth 5, victim half-widths 0.125/0.500/0.500u): split on the victim's y axis (refused: reach envelope: arm (0,-1): the stopping event's angle wraps a full turn inside the box (sub-box 0,2,0); arm ()
cell 40 (depth 5, victim half-widths 0.125/1.000/0.250u): centre [37.6039,-3.2612,1.8896,50.8037,10.5092,-0.8482]
    reach: arm (0,1) grid 17.00-38.00, enclosure - deg  REFUSED: arm (0,1): stopping event changes between cells (2,4,4)-(3,4,4): cross|a1|1:r1 vs cross|a1,r1|1:r0
    reach: arm (0,-1) -0.4-2.4 deg [selfoff foot 1]  grid 0.00-2.00, enclosure 0.00-2.00 deg
    reach: arm (1,1) -0.4-2.1 deg [selfoff foot 0]  grid 0.00-1.67, enclosure 0.00-1.67 deg
    reach: arm (1,-1) 16.6-19.1 deg [cross a1 foot 0 at r1]  grid 17.00-18.67, enclosure 17.00-18.67 deg
    reach: arm (2,1) grid 2.33-7.33, enclosure 2.00-8.00 deg  REFUSED: arm (2,1): foot 0 meets two lines 0.0528 deg apart inside the box (circles 3 and 4), within one 0.333-degree substep: the sampling phase, not the geometry, decides whether the swing stops there
    reach: arm (2,-1) -0.4-10.1 deg [selfoff foot 1]  grid 0.00-9.67, enclosure 0.00-9.67 deg
cell 40 (depth 5, victim half-widths 0.125/1.000/0.250u): refused -- reach envelope: arm (0,1): stopping event changes between cells (2,4,4)-(3,4,4): cross|a1|1:r1 vs cross|a1,r1|1:r0; arm (2,1): foot 0 meets two lines 0.0528 deg
cell 41 (depth 5, victim half-widths 0.125/1.000/0.250u): centre [37.6039,-3.2612,1.8896,50.8037,10.5092,-0.8265]
    reach: arm (0,1) grid 16.33-38.00, enclosure - deg  REFUSED: arm (0,1): stopping event changes between cells (0,0,3)-(0,1,3): cross|a1|2:a1 vs cross|a1,r1|1:r0
    reach: arm (0,-1) -0.4-2.7 deg [selfoff foot 1]  grid 0.00-2.33, enclosure 0.00-2.33 deg
    reach: arm (1,1) -0.4-1.7 deg [selfoff foot 0]  grid 0.00-1.33, enclosure 0.00-1.33 deg
    reach: arm (1,-1) 16.9-19.7 deg [cross a1 foot 0 at r1]  grid 17.33-19.33, enclosure 17.33-19.33 deg
    reach: arm (2,1) -0.4-6.1 deg [selfoff foot 0]  grid 0.00-5.67, enclosure 0.00-5.67 deg
    reach: arm (2,-1) 0.3-12.1 deg [selfoff foot 1]  grid 0.67-11.67, enclosure 0.67-11.67 deg
cell 41 (depth 5, victim half-widths 0.125/1.000/0.250u): split on the victim's y axis (refused: reach envelope: arm (0,1): stopping event changes between cells (0,0,3)-(0,1,3): cross|a1|2:a1 vs cross|a1,r1|)
cell 42 (depth 5, victim half-widths 0.125/0.500/0.500u): centre [37.6039,-3.2612,1.8896,51.0537,10.0092,-0.8806]
    reach: arm (0,1) 17.3-20.4 deg [cross a1 foot 1 at r1]  grid 17.67-20.00, enclosure 17.67-20.00 deg
    reach: arm (0,-1) grid 0.00-1.00, enclosure - deg  REFUSED: arm (0,-1): the stopping event's angle wraps a full turn inside the box (sub-box 0,6,0)
    reach: arm (1,1) -0.1-2.7 deg [selfoff foot 0]  grid 0.33-2.33, enclosure 0.33-2.33 deg
    reach: arm (1,-1) 15.9-19.1 deg [cross a1 foot 0 at r1]  grid 16.33-18.67, enclosure 16.33-18.67 deg
    reach: arm (2,1) 1.9-10.1 deg [selfoff foot 0]  grid 2.33-9.67, enclosure 2.33-9.67 deg
    reach: arm (2,-1) grid 0.00-5.33, enclosure - deg  REFUSED: arm (2,-1): the stopping event's angle wraps a full turn inside the box (sub-box 0,4,0)
cell 42 (depth 5, victim half-widths 0.125/0.500/0.500u): split on the victim's y axis (refused: reach envelope: arm (0,-1): the stopping event's angle wraps a full turn inside the box (sub-box 0,6,0); arm ()
cell 43 (depth 5, victim half-widths 0.125/0.500/0.500u): centre [37.6039,-3.2612,1.8896,51.0537,11.0092,-0.8806]
    reach: arm (0,1) 17.9-21.1 deg [cross a1 foot 1 at r1]  grid 18.33-20.67, enclosure 18.33-20.67 deg
    reach: arm (0,-1) grid 0.00-0.33, enclosure - deg  REFUSED: arm (0,-1): the stopping event's angle wraps a full turn inside the box (sub-box 0,0,0)
    reach: arm (1,1) -0.1-2.7 deg [selfoff foot 0]  grid 0.33-2.33, enclosure 0.33-2.33 deg
    reach: arm (1,-1) 15.6-18.7 deg [cross a1 foot 0 at r1]  grid 16.00-18.33, enclosure 16.00-18.33 deg
    reach: arm (2,1) 2.6-10.1 deg [selfoff foot 0]  grid 3.00-9.67, enclosure 3.00-9.67 deg
    reach: arm (2,-1) grid 0.00-2.00, enclosure - deg  REFUSED: arm (2,-1): the stopping event's angle wraps a full turn inside the box (sub-box 0,0,0)
cell 43 (depth 5, victim half-widths 0.125/0.500/0.500u): split on the victim's y axis (refused: reach envelope: arm (0,-1): the stopping event's angle wraps a full turn inside the box (sub-box 0,0,0); arm ()
cell 44 (depth 5, victim half-widths 0.125/1.000/0.250u): centre [37.6039,-3.2612,1.8896,51.0537,10.5092,-0.8482]
    reach: arm (0,1) grid 17.33-38.33, enclosure - deg  REFUSED: arm (0,1): stopping event changes between cells (0,1,4)-(1,1,4): cross|a1|1:r1 vs cross|a1,r1|1:r0
    reach: arm (0,-1) grid 0.00-1.67, enclosure - deg  REFUSED: arm (0,-1): the stopping event's angle wraps a full turn inside the box (sub-box 3,7,0)
    reach: arm (1,1) -0.4-1.7 deg [selfoff foot 0]  grid 0.00-1.33, enclosure 0.00-1.33 deg
    reach: arm (1,-1) 16.9-19.4 deg [cross a1 foot 0 at r1]  grid 17.33-19.00, enclosure 17.33-19.00 deg
    reach: arm (2,1) -0.4-6.4 deg [selfoff foot 0]  grid 0.00-6.00, enclosure 0.00-6.00 deg
    reach: arm (2,-1) grid 0.00-7.67, enclosure - deg  REFUSED: arm (2,-1): the stopping event's angle wraps a full turn inside the box (sub-box 0,7,0)
cell 44 (depth 5, victim half-widths 0.125/1.000/0.250u): refused -- reach envelope: arm (0,1): stopping event changes between cells (0,1,4)-(1,1,4): cross|a1|1:r1 vs cross|a1,r1|1:r0; arm (0,-1): the stopping event's angle wraps
cell 45 (depth 5, victim half-widths 0.125/1.000/0.250u): centre [37.6039,-3.2612,1.8896,51.0537,10.5092,-0.8265]
    reach: arm (0,1) grid 17.33-38.33, enclosure - deg  REFUSED: arm (0,1): stopping event changes between cells (0,0,0)-(0,0,1): cross|a1|1:r1 vs cross|a1,r1|1:r0
    reach: arm (0,-1) -0.4-2.4 deg [selfoff foot 1]  grid 0.00-2.00, enclosure 0.00-2.00 deg
    reach: arm (1,1) -0.4-1.4 deg [selfoff foot 0]  grid 0.00-1.00, enclosure 0.00-1.00 deg
    reach: arm (1,-1) 17.3-20.1 deg [cross a1 foot 0 at r1]  grid 17.67-19.67, enclosure 17.67-19.67 deg
    reach: arm (2,1) grid 0.00-3.33, enclosure - deg  REFUSED: arm (2,1): the stopping event's angle wraps a full turn inside the box (sub-box 4,0,7)
    reach: arm (2,-1) -0.4-10.1 deg [selfoff foot 1]  grid 0.00-9.67, enclosure 0.00-9.67 deg
cell 45 (depth 5, victim half-widths 0.125/1.000/0.250u): split on the victim's rot axis (refused: reach envelope: arm (0,1): stopping event changes between cells (0,0,0)-(0,0,1): cross|a1|1:r1 vs cross|a1,r1|)
cell 46 (depth 5, victim half-widths 0.125/0.500/0.500u): centre [37.6039,-3.2612,1.8896,51.3037,10.0092,-0.8374]
    reach: arm (0,1) grid 17.67-38.33, enclosure - deg  REFUSED: arm (0,1): stopping event changes between cells (0,0,1)-(0,0,2): cross|a1|2:a1 vs cross|a1,r1|1:r0
    reach: arm (0,-1) -0.4-2.4 deg [selfoff foot 1]  grid 0.00-2.00, enclosure 0.00-2.00 deg
    reach: arm (1,1) grid 0.00-0.67, enclosure - deg  REFUSED: arm (1,1): the stopping event's angle wraps a full turn inside the box (sub-box 2,0,7)
    reach: arm (1,-1) 17.3-20.4 deg [cross a1 foot 0 at r1]  grid 17.67-20.00, enclosure 17.67-20.00 deg
    reach: arm (2,1) grid 0.00-3.33, enclosure - deg  REFUSED: arm (2,1): the stopping event's angle wraps a full turn inside the box (sub-box 0,0,6)
    reach: arm (2,-1) -0.4-8.4 deg [selfoff foot 1]  grid 0.00-8.00, enclosure 0.00-8.00 deg
cell 46 (depth 5, victim half-widths 0.125/0.500/0.500u): split on the victim's rot axis (refused: reach envelope: arm (0,1): stopping event changes between cells (0,0,1)-(0,0,2): cross|a1|2:a1 vs cross|a1,r1|)
cell 47 (depth 5, victim half-widths 0.125/0.500/0.500u): centre [37.6039,-3.2612,1.8896,51.3037,11.0092,-0.8374]
    reach: arm (0,1) grid 18.67-38.33, enclosure - deg  REFUSED: arm (0,1): stopping event changes between cells (0,0,0)-(0,0,1): cross|a1|2:a1 vs cross|a1,r1|1:r0
    reach: arm (0,-1) grid 0.00-0.67, enclosure - deg  REFUSED: arm (0,-1): the stopping event's angle wraps a full turn inside the box (sub-box 0,6,0)
    reach: arm (1,1) grid 0.00-0.67, enclosure - deg  REFUSED: arm (1,1): the stopping event's angle wraps a full turn inside the box (sub-box 5,0,7)
    reach: arm (1,-1) 17.3-20.1 deg [cross a1 foot 0 at r1]  grid 17.67-19.67, enclosure 17.67-19.67 deg
    reach: arm (2,1) grid 0.00-3.33, enclosure - deg  REFUSED: arm (2,1): the stopping event's angle wraps a full turn inside the box (sub-box 1,0,7)
    reach: arm (2,-1) grid 0.00-3.67, enclosure - deg  REFUSED: arm (2,-1): the stopping event's angle wraps a full turn inside the box (sub-box 0,4,0)
cell 47 (depth 5, victim half-widths 0.125/0.500/0.500u): split on the victim's rot axis (refused: reach envelope: arm (0,1): stopping event changes between cells (0,0,0)-(0,0,1): cross|a1|2:a1 vs cross|a1,r1|)
cell 48 (depth 6, victim half-widths 0.125/0.500/0.250u): centre [37.6039,-3.2612,1.8896,49.5537,10.0092,-0.8915]
    reach: arm (0,1) 35.3-37.7 deg [cross r1 foot 1 at r0]  grid 35.67-37.33, enclosure 35.67-37.33 deg
    reach: arm (0,-1) 0.6-3.1 deg [selfoff foot 1]  grid 1.00-2.67, enclosure 1.00-2.67 deg
    reach: arm (1,1) 2.6-4.7 deg [selfoff a1 foot 0]  grid 3.00-4.33, enclosure 3.00-4.33 deg
    reach: arm (1,-1) 33.3-35.4 deg [cross r1 foot 0 at r0]  grid 33.67-35.00, enclosure 33.67-35.00 deg
    reach: arm (2,1) 18.6-28.7 deg [selfoff a1 foot 0]  grid 19.00-28.33, enclosure 19.00-28.33 deg
    reach: arm (2,-1) 6.9-22.1 deg [selfoff foot 1]  grid 7.33-21.67, enclosure 7.33-21.67 deg
    3/27: [37.604,-3.261,1.89,49.429,9.509,-0.881] dead W=0.89 accept=0.54  (8s)
    6/27: [37.604,-3.261,1.89,49.429,10.009,-0.891] dead W=0.84 accept=1.18  (10s)
    9/27: [37.604,-3.261,1.89,49.429,10.509,-0.881] dead W=0.84 accept=1.16  (12s)
    12/27: [37.604,-3.261,1.89,49.554,9.509,-0.881] dead W=0.82 accept=0.75  (13s)
    15/27: [37.604,-3.261,1.89,49.554,10.009,-0.881] dead W=0.89 accept=1.16  (15s)
    18/27: [37.604,-3.261,1.89,49.554,10.509,-0.891] dead W=0.82 accept=1.52  (17s)
    21/27: [37.604,-3.261,1.89,49.679,9.509,-0.881] dead W=0.88 accept=0.87  (19s)
    24/27: [37.604,-3.261,1.89,49.679,10.009,-0.881] dead W=0.93 accept=1.26  (19s)
    27/27: [37.604,-3.261,1.89,49.679,10.509,-0.881] dead W=0.95 accept=1.43  (21s)
    round 1: 50 pairs refused, 50 midpoints to certify (step 0.063u)
    6/50: [37.604,-3.261,1.89,49.429,9.509,-0.886] dead W=0.90 accept=0.66  (26s)
    12/50: [37.604,-3.261,1.89,49.429,10.259,-0.891] dead W=0.85 accept=1.06  (29s)
    18/50: [37.604,-3.261,1.89,49.491,10.509,-0.891] dead W=0.76 accept=1.49  (33s)
    24/50: [37.604,-3.261,1.89,49.616,9.509,-0.891] dead W=0.98 accept=1.02  (35s)
    30/50: [37.604,-3.261,1.89,49.554,10.259,-0.902] dead W=0.73 accept=1.78  (39s)
    36/50: [37.604,-3.261,1.89,49.616,10.509,-0.902] dead W=0.66 accept=1.84  (42s)
    42/50: [37.604,-3.261,1.89,49.679,9.509,-0.897] dead W=0.99 accept=1.27  (45s)
    48/50: [37.604,-3.261,1.89,49.679,10.009,-0.886] dead W=1.00 accept=1.26  (48s)
    round 2: 42 pairs refused, 42 midpoints to certify (step 0.125u)
    5/42: [37.604,-3.261,1.89,49.429,10.134,-0.902] dead W=1.01 accept=1.44  (56s)
    10/42: [37.604,-3.261,1.89,49.429,10.384,-0.891] dead W=0.77 accept=1.37  (58s)
    15/42: [37.604,-3.261,1.89,49.429,10.134,-0.881] dead W=0.82 accept=0.83  (61s)
    20/42: [37.604,-3.261,1.89,49.554,9.884,-0.891] dead W=0.84 accept=1.21  (63s)
    25/42: [37.604,-3.261,1.89,49.554,10.384,-0.902] dead W=0.65 accept=1.80  (67s)
    30/42: [37.604,-3.261,1.89,49.554,10.509,-0.894] dead W=0.76 accept=1.70  (69s)
    35/42: [37.604,-3.261,1.89,49.679,9.884,-0.881] dead W=0.93 accept=1.21  (72s)
    40/42: [37.604,-3.261,1.89,49.679,10.009,-0.889] dead W=0.96 accept=1.25  (74s)
    round 3: 27 pairs refused, 27 midpoints to certify (step 0.063u)
    3/27: [37.604,-3.261,1.89,49.429,9.572,-0.902] dead W=0.89 accept=1.16  (79s)
    6/27: [37.604,-3.261,1.89,49.429,9.947,-0.881] dead W=0.82 accept=0.90  (81s)
    9/27: [37.604,-3.261,1.89,49.429,10.322,-0.891] dead W=0.81 accept=1.35  (83s)
    12/27: [37.604,-3.261,1.89,49.554,9.697,-0.902] dead W=0.86 accept=1.38  (84s)
    15/27: [37.604,-3.261,1.89,49.554,9.822,-0.881] dead W=0.84 accept=1.01  (86s)
    18/27: [37.604,-3.261,1.89,49.554,10.322,-0.891] dead W=0.84 accept=1.44  (88s)
    21/27: [37.604,-3.261,1.89,49.679,9.572,-0.891] dead W=1.04 accept=1.27  (89s)
    24/27: [37.604,-3.261,1.89,49.679,10.072,-0.902] dead W=0.86 accept=1.81  (90s)
    27/27: [37.604,-3.261,1.89,49.679,10.197,-0.881] dead W=0.95 accept=1.19  (92s)
cell 48 (depth 6, victim half-widths 0.125/0.500/0.250u): dead (146 poses, 20148 gaps, 24 slivers, 41 probed gaps, min accepted 0.03u)
cell 49 (depth 6, victim half-widths 0.125/0.500/0.250u): centre [37.6039,-3.2612,1.8896,49.5537,10.0092,-0.8698]
    reach: arm (0,1) 34.6-37.1 deg [cross r1 foot 1 at r0]  grid 35.00-36.67, enclosure 35.00-36.67 deg
    reach: arm (0,-1) 0.9-3.4 deg [selfoff foot 1]  grid 1.33-3.00, enclosure 1.33-3.00 deg
    reach: arm (1,1) 2.3-4.4 deg [selfoff a1 foot 0]  grid 2.67-4.00, enclosure 2.67-4.00 deg
    reach: arm (1,-1) 33.9-36.1 deg [cross r1 foot 0 at r0]  grid 34.33-35.67, enclosure 34.33-35.67 deg
    reach: arm (2,1) 16.6-27.4 deg [selfoff a1 foot 0]  grid 17.00-27.00, enclosure 17.00-27.00 deg
    reach: arm (2,-1) 9.9-25.1 deg [selfoff foot 1]  grid 10.33-24.67, enclosure 10.33-24.67 deg
    3/27: [37.604,-3.261,1.89,49.429,9.509,-0.881] dead W=0.91 accept=0.58  (8s)
    6/27: [37.604,-3.261,1.89,49.429,10.509,-0.881] dead W=0.85 accept=1.07  (10s)
    9/27: [37.604,-3.261,1.89,49.429,10.509,-0.87] dead W=0.82 accept=0.84  (12s)
    12/27: [37.604,-3.261,1.89,49.554,10.009,-0.881] dead W=0.89 accept=0.98  (14s)
    15/27: [37.604,-3.261,1.89,49.554,10.009,-0.859] dead W=0.83 accept=0.41  (16s)
    18/27: [37.604,-3.261,1.89,49.554,10.509,-0.859] dead W=0.87 accept=0.49  (18s)
    20/27: [37.604,-3.261,1.89,49.679,9.509,-0.859] unresolved W=0.89 accept=0.89 reply (1,-1) 28.5-28.9deg: no single arc certifies the gap (best min margin 1.48u) even at the engin  (19s)
    21/27: [37.604,-3.261,1.89,49.679,9.509,-0.87] dead W=0.91 accept=0.64  (19s)
    24/27: [37.604,-3.261,1.89,49.679,10.009,-0.859] dead W=0.86 accept=0.59  (21s)
    27/27: [37.604,-3.261,1.89,49.679,10.509,-0.859] dead W=0.89 accept=0.82  (22s)
cell 49 (depth 6, victim half-widths 0.125/0.500/0.250u): split on the victim's y axis (unresolved: grid pose [37.6039,-3.2612,1.8896,49.6787,9.5092,-0.859] is unresolved: reply (1,-1) 28.5-28.9deg: no single a)
cell 50 (depth 6, victim half-widths 0.125/0.500/0.250u): centre [37.6039,-3.2612,1.8896,50.0537,10.0092,-0.8698]
    reach: arm (0,1) grid 16.33-37.00, enclosure - deg  REFUSED: arm (0,1): stopping event changes between cells (0,2,0)-(0,3,0): cross|a1|1:r1 vs cross|r1|1:r0
    reach: arm (0,-1) 0.3-2.7 deg [selfoff foot 1]  grid 0.67-2.33, enclosure 0.67-2.33 deg
    reach: arm (1,1) 1.3-3.7 deg [selfoff foot 0]  grid 1.67-3.33, enclosure 1.67-3.33 deg
    reach: arm (1,-1) grid 16.00-35.33, enclosure - deg  REFUSED: arm (1,-1): stopping event changes between cells (0,2,0)-(0,3,0): cross|a1|0:r1 vs cross|r1|0:r0
    reach: arm (2,1) grid 11.67-17.00, enclosure 11.33-17.33 deg  REFUSED: arm (2,1): foot 0 meets two lines 0.3427 deg apart inside the box (circles 3 and 4), within one 0.333-degree substep: the sampling phase, not the geometry, decides whether the swing stops there
    reach: arm (2,-1) 4.9-15.4 deg [selfoff foot 1]  grid 5.33-15.00, enclosure 5.33-15.00 deg
cell 50 (depth 6, victim half-widths 0.125/0.500/0.250u): split on the victim's y axis (refused: reach envelope: arm (0,1): stopping event changes between cells (0,2,0)-(0,3,0): cross|a1|1:r1 vs cross|r1|1:r)
cell 51 (depth 6, victim half-widths 0.125/0.500/0.250u): centre [37.6039,-3.2612,1.8896,50.0537,11.0092,-0.8698]
    reach: arm (0,1) grid 17.33-38.00, enclosure - deg  REFUSED: arm (0,1): stopping event changes between cells (0,0,1)-(1,0,1): cross|r1|1:r0 vs cross|a1|1:r1
    reach: arm (0,-1) -0.4-2.1 deg [selfoff foot 1]  grid 0.00-1.67, enclosure 0.00-1.67 deg
    reach: arm (1,1) 1.6-3.7 deg [selfoff foot 0]  grid 2.00-3.33, enclosure 2.00-3.33 deg
    reach: arm (1,-1) grid 16.00-35.67, enclosure - deg  REFUSED: arm (1,-1): stopping event changes between cells (0,0,1)-(1,0,1): cross|r1|0:r0 vs cross|a1|0:r1
    reach: arm (2,1) grid 11.33-16.33, enclosure 11.00-16.67 deg  REFUSED: arm (2,1): foot 0 meets two lines 0.3631 deg apart inside the box (circles 3 and 4), within one 0.333-degree substep: the sampling phase, not the geometry, decides whether the swing stops there
    reach: arm (2,-1) 0.6-10.7 deg [selfoff foot 1]  grid 1.00-10.33, enclosure 1.00-10.33 deg
cell 51 (depth 6, victim half-widths 0.125/0.500/0.250u): refused -- reach envelope: arm (0,1): stopping event changes between cells (0,0,1)-(1,0,1): cross|r1|1:r0 vs cross|a1|1:r1; arm (1,-1): stopping event changes between cell
cell 52 (depth 6, victim half-widths 0.125/0.250/0.500u): centre [37.6039,-3.2612,1.8896,50.0537,9.7592,-0.8374]
    reach: arm (0,1) 14.9-17.7 deg [cross a1 foot 1 at r1]  grid 15.33-17.33, enclosure 15.33-17.33 deg
    reach: arm (0,-1) 0.9-4.1 deg [selfoff foot 1]  grid 1.33-3.67, enclosure 1.33-3.67 deg
    reach: arm (1,1) 0.3-3.1 deg [selfoff foot 0]  grid 0.67-2.67, enclosure 0.67-2.67 deg
    reach: arm (1,-1) 15.6-18.4 deg [cross a1 foot 0 at r1]  grid 16.00-18.00, enclosure 16.00-18.00 deg
    reach: arm (2,1) grid 6.67-14.67, enclosure 6.33-15.33 deg  REFUSED: arm (2,1): foot 0 meets two lines 0.3471 deg apart inside the box (circles 3 and 4), within one 0.333-degree substep: the sampling phase, not the geometry, decides whether the swing stops there
    reach: arm (2,-1) 9.3-19.4 deg [selfoff foot 1]  grid 9.67-19.00, enclosure 9.67-19.00 deg
cell 52 (depth 6, victim half-widths 0.125/0.250/0.500u): split on the victim's rot axis (refused: reach envelope: arm (2,1): foot 0 meets two lines 0.3471 deg apart inside the box (circles 3 and 4), within on)
cell 53 (depth 6, victim half-widths 0.125/0.250/0.500u): centre [37.6039,-3.2612,1.8896,50.0537,10.2592,-0.8374]
    reach: arm (0,1) 15.3-18.1 deg [cross a1 foot 1 at r1]  grid 15.67-17.67, enclosure 15.67-17.67 deg
    reach: arm (0,-1) 0.6-3.7 deg [selfoff foot 1]  grid 1.00-3.33, enclosure 1.00-3.33 deg
    reach: arm (1,1) 0.3-3.1 deg [selfoff foot 0]  grid 0.67-2.67, enclosure 0.67-2.67 deg
    reach: arm (1,-1) 15.6-18.4 deg [cross a1 foot 0 at r1]  grid 16.00-18.00, enclosure 16.00-18.00 deg
    reach: arm (2,1) grid 7.00-14.67, enclosure 6.67-15.00 deg  REFUSED: arm (2,1): foot 0 meets two lines 0.2400 deg apart inside the box (circles 3 and 4), within one 0.333-degree substep: the sampling phase, not the geometry, decides whether the swing stops there
    reach: arm (2,-1) 7.3-17.4 deg [selfoff foot 1]  grid 7.67-17.00, enclosure 7.67-17.00 deg
cell 53 (depth 6, victim half-widths 0.125/0.250/0.500u): split on the victim's rot axis (refused: reach envelope: arm (2,1): foot 0 meets two lines 0.2400 deg apart inside the box (circles 3 and 4), within on)
cell 54 (depth 6, victim half-widths 0.125/0.250/0.500u): centre [37.6039,-3.2612,1.8896,50.0537,10.7592,-0.8374]
    reach: arm (0,1) 15.6-18.4 deg [cross a1 foot 1 at r1]  grid 16.00-18.00, enclosure 16.00-18.00 deg
    reach: arm (0,-1) 0.3-3.1 deg [selfoff foot 1]  grid 0.67-2.67, enclosure 0.67-2.67 deg
    reach: arm (1,1) 0.6-3.1 deg [selfoff foot 0]  grid 1.00-2.67, enclosure 1.00-2.67 deg
    reach: arm (1,-1) 15.6-18.4 deg [cross a1 foot 0 at r1]  grid 16.00-18.00, enclosure 16.00-18.00 deg
    reach: arm (2,1) grid 7.00-14.33, enclosure 6.67-14.67 deg  REFUSED: arm (2,1): foot 0 meets two lines 0.3105 deg apart inside the box (circles 3 and 4), within one 0.333-degree substep: the sampling phase, not the geometry, decides whether the swing stops there
    reach: arm (2,-1) 5.3-15.4 deg [selfoff foot 1]  grid 5.67-15.00, enclosure 5.67-15.00 deg
cell 54 (depth 6, victim half-widths 0.125/0.250/0.500u): split on the victim's rot axis (refused: reach envelope: arm (2,1): foot 0 meets two lines 0.3105 deg apart inside the box (circles 3 and 4), within on)
cell 55 (depth 6, victim half-widths 0.125/0.250/0.500u): centre [37.6039,-3.2612,1.8896,50.0537,11.2592,-0.8374]
    reach: arm (0,1) grid 16.67-37.33, enclosure - deg  REFUSED: arm (0,1): stopping event changes between cells (0,0,0)-(0,1,0): cross|a1|1:r1 vs cross|r1|1:r0
    reach: arm (0,-1) -0.1-2.7 deg [selfoff foot 1]  grid 0.33-2.33, enclosure 0.33-2.33 deg
    reach: arm (1,1) 0.6-3.4 deg [selfoff foot 0]  grid 1.00-3.00, enclosure 1.00-3.00 deg
    reach: arm (1,-1) grid 16.33-35.67, enclosure - deg  REFUSED: arm (1,-1): stopping event changes between cells (0,0,0)-(0,1,0): cross|a1|0:r1 vs cross|r1|0:r0
    reach: arm (2,1) grid 7.00-14.00, enclosure 6.67-14.33 deg  REFUSED: arm (2,1): foot 0 meets two lines 0.2735 deg apart inside the box (circles 3 and 4), within one 0.333-degree substep: the sampling phase, not the geometry, decides whether the swing stops there
    reach: arm (2,-1) 2.9-13.4 deg [selfoff foot 1]  grid 3.33-13.00, enclosure 3.33-13.00 deg
cell 55 (depth 6, victim half-widths 0.125/0.250/0.500u): split on the victim's y axis (refused: reach envelope: arm (0,1): stopping event changes between cells (0,0,0)-(0,1,0): cross|a1|1:r1 vs cross|r1|1:r)
cell 56 (depth 6, victim half-widths 0.125/0.250/0.500u): centre [37.6039,-3.2612,1.8896,50.3037,9.7592,-0.8806]
    reach: arm (0,1) 16.3-19.1 deg [cross a1 foot 1 at r1]  grid 16.67-18.67, enclosure 16.67-18.67 deg
    reach: arm (0,-1) -0.4-2.7 deg [selfoff foot 1]  grid 0.00-2.33, enclosure 0.00-2.33 deg
    reach: arm (1,1) 0.9-3.7 deg [selfoff foot 0]  grid 1.33-3.33, enclosure 1.33-3.33 deg
    reach: arm (1,-1) 14.9-17.7 deg [cross a1 foot 0 at r1]  grid 15.33-17.33, enclosure 15.33-17.33 deg
    reach: arm (2,1) grid 9.00-16.00, enclosure 8.67-16.33 deg  REFUSED: arm (2,1): foot 0 meets two lines 0.3595 deg apart inside the box (circles 3 and 4), within one 0.333-degree substep: the sampling phase, not the geometry, decides whether the swing stops there
    reach: arm (2,-1) 1.9-12.7 deg [selfoff foot 1]  grid 2.33-12.33, enclosure 2.33-12.33 deg
cell 56 (depth 6, victim half-widths 0.125/0.250/0.500u): split on the victim's rot axis (refused: reach envelope: arm (2,1): foot 0 meets two lines 0.3595 deg apart inside the box (circles 3 and 4), within on)
cell 57 (depth 6, victim half-widths 0.125/0.250/0.500u): centre [37.6039,-3.2612,1.8896,50.3037,10.2592,-0.8806]
    reach: arm (0,1) 16.6-19.4 deg [cross a1 foot 1 at r1]  grid 17.00-19.00, enclosure 17.00-19.00 deg
    reach: arm (0,-1) -0.4-2.4 deg [selfoff foot 1]  grid 0.00-2.00, enclosure 0.00-2.00 deg
    reach: arm (1,1) 0.9-3.7 deg [selfoff foot 0]  grid 1.33-3.33, enclosure 1.33-3.33 deg
    reach: arm (1,-1) 14.9-17.7 deg [cross a1 foot 0 at r1]  grid 15.33-17.33, enclosure 15.33-17.33 deg
    reach: arm (2,1) grid 9.33-15.67, enclosure 9.00-16.00 deg  REFUSED: arm (2,1): foot 0 meets two lines 0.2701 deg apart inside the box (circles 3 and 4), within one 0.333-degree substep: the sampling phase, not the geometry, decides whether the swing stops there
    reach: arm (2,-1) -0.1-10.4 deg [selfoff foot 1]  grid 0.33-10.00, enclosure 0.33-10.00 deg
cell 57 (depth 6, victim half-widths 0.125/0.250/0.500u): split on the victim's rot axis (refused: reach envelope: arm (2,1): foot 0 meets two lines 0.2701 deg apart inside the box (circles 3 and 4), within on)
cell 58 (depth 6, victim half-widths 0.125/0.250/0.500u): centre [37.6039,-3.2612,1.8896,50.3037,9.7592,-0.8374]
    reach: arm (0,1) 15.3-18.1 deg [cross a1 foot 1 at r1]  grid 15.67-17.67, enclosure 15.67-17.67 deg
    reach: arm (0,-1) 0.6-3.7 deg [selfoff foot 1]  grid 1.00-3.33, enclosure 1.00-3.33 deg
    reach: arm (1,1) -0.1-2.7 deg [selfoff foot 0]  grid 0.33-2.33, enclosure 0.33-2.33 deg
    reach: arm (1,-1) 15.9-18.7 deg [cross a1 foot 0 at r1]  grid 16.33-18.33, enclosure 16.33-18.33 deg
    reach: arm (2,1) grid 4.33-11.67, enclosure 4.00-12.00 deg  REFUSED: arm (2,1): foot 0 meets two lines 0.3590 deg apart inside the box (circles 3 and 4), within one 0.333-degree substep: the sampling phase, not the geometry, decides whether the swing stops there
    reach: arm (2,-1) 6.9-16.7 deg [selfoff foot 1]  grid 7.33-16.33, enclosure 7.33-16.33 deg
cell 58 (depth 6, victim half-widths 0.125/0.250/0.500u): split on the victim's rot axis (refused: reach envelope: arm (2,1): foot 0 meets two lines 0.3590 deg apart inside the box (circles 3 and 4), within on)
cell 59 (depth 6, victim half-widths 0.125/0.250/0.500u): centre [37.6039,-3.2612,1.8896,50.3037,10.2592,-0.8374]
    reach: arm (0,1) 15.6-18.4 deg [cross a1 foot 1 at r1]  grid 16.00-18.00, enclosure 16.00-18.00 deg
    reach: arm (0,-1) 0.3-3.4 deg [selfoff foot 1]  grid 0.67-3.00, enclosure 0.67-3.00 deg
    reach: arm (1,1) -0.1-2.7 deg [selfoff foot 0]  grid 0.33-2.33, enclosure 0.33-2.33 deg
    reach: arm (1,-1) 15.9-18.7 deg [cross a1 foot 0 at r1]  grid 16.33-18.33, enclosure 16.33-18.33 deg
    reach: arm (2,1) grid 4.67-11.67, enclosure 4.33-12.00 deg  REFUSED: arm (2,1): foot 0 meets two lines 0.3151 deg apart inside the box (circles 3 and 4), within one 0.333-degree substep: the sampling phase, not the geometry, decides whether the swing stops there
    reach: arm (2,-1) 4.9-14.7 deg [selfoff foot 1]  grid 5.33-14.33, enclosure 5.33-14.33 deg
cell 59 (depth 6, victim half-widths 0.125/0.250/0.500u): split on the victim's rot axis (refused: reach envelope: arm (2,1): foot 0 meets two lines 0.3151 deg apart inside the box (circles 3 and 4), within on)
cell 60 (depth 6, victim half-widths 0.125/0.125/1.000u): centre [37.6039,-3.2612,1.8896,50.3037,10.6342,-0.859]
    reach: arm (0,1) grid 16.33-38.00, enclosure - deg  REFUSED: arm (0,1): stopping event changes between cells (0,0,0)-(0,1,0): cross|a1|1:r1 vs cross|r1|1:r0
    reach: arm (0,-1) -0.4-3.1 deg [selfoff foot 1]  grid 0.00-2.67, enclosure 0.00-2.67 deg
    reach: arm (1,1) -0.1-4.1 deg [selfoff foot 0]  grid 0.33-3.67, enclosure 0.33-3.67 deg
    reach: arm (1,-1) grid 15.67-35.00, enclosure - deg  REFUSED: arm (1,-1): stopping event changes between cells (0,0,0)-(0,1,0): cross|a1|0:r1 vs cross|r1|0:r0
    reach: arm (2,1) grid 4.67-15.33, enclosure 4.33-16.00 deg  REFUSED: arm (2,1): foot 0 meets two lines 0.3120 deg apart inside the box (circles 3 and 4), within one 0.333-degree substep: the sampling phase, not the geometry, decides whether the swing stops there
    reach: arm (2,-1) -0.4-13.4 deg [selfoff foot 1]  grid 0.00-13.00, enclosure 0.00-13.00 deg
cell 60 (depth 6, victim half-widths 0.125/0.125/1.000u): refused -- reach envelope: arm (0,1): stopping event changes between cells (0,0,0)-(0,1,0): cross|a1|1:r1 vs cross|r1|1:r0; arm (1,-1): stopping event changes between cell
cell 61 (depth 6, victim half-widths 0.125/0.125/1.000u): centre [37.6039,-3.2612,1.8896,50.3037,10.8842,-0.859]
    reach: arm (0,1) grid 16.67-38.33, enclosure - deg  REFUSED: arm (0,1): stopping event changes between cells (0,0,0)-(1,0,0): cross|r1|1:r0 vs cross|a1|1:r1
    reach: arm (0,-1) -0.4-3.1 deg [selfoff foot 1]  grid 0.00-2.67, enclosure 0.00-2.67 deg
    reach: arm (1,1) -0.1-4.1 deg [selfoff foot 0]  grid 0.33-3.67, enclosure 0.33-3.67 deg
    reach: arm (1,-1) grid 15.67-35.00, enclosure - deg  REFUSED: arm (1,-1): stopping event changes between cells (0,0,0)-(1,0,0): cross|r1|0:r0 vs cross|a1|0:r1
    reach: arm (2,1) grid 4.67-15.33, enclosure 4.33-16.00 deg  REFUSED: arm (2,1): foot 0 meets two lines 0.3376 deg apart inside the box (circles 3 and 4), within one 0.333-degree substep: the sampling phase, not the geometry, decides whether the swing stops there
    reach: arm (2,-1) -0.4-12.4 deg [selfoff foot 1]  grid 0.00-12.00, enclosure 0.00-12.00 deg
cell 61 (depth 6, victim half-widths 0.125/0.125/1.000u): refused -- reach envelope: arm (0,1): stopping event changes between cells (0,0,0)-(1,0,0): cross|r1|1:r0 vs cross|a1|1:r1; arm (1,-1): stopping event changes between cell
cell 62 (depth 6, victim half-widths 0.125/0.250/0.500u): centre [37.6039,-3.2612,1.8896,50.3037,11.2592,-0.8806]
    reach: arm (0,1) grid 18.00-38.33, enclosure - deg  REFUSED: arm (0,1): stopping event changes between cells (0,0,0)-(0,0,1): cross|r1|1:r0 vs cross|a1|1:r1
    reach: arm (0,-1) grid 0.00-1.00, enclosure - deg  REFUSED: arm (0,-1): the stopping event's angle wraps a full turn inside the box (sub-box 3,7,0)
    reach: arm (1,1) 1.3-4.1 deg [selfoff foot 0]  grid 1.67-3.67, enclosure 1.67-3.67 deg
    reach: arm (1,-1) grid 15.67-35.33, enclosure - deg  REFUSED: arm (1,-1): stopping event changes between cells (0,0,0)-(0,0,1): cross|r1|0:r0 vs cross|a1|0:r1
    reach: arm (2,1) grid 9.33-15.33, enclosure 9.00-15.67 deg  REFUSED: arm (2,1): foot 0 meets two lines 0.3664 deg apart inside the box (circles 3 and 4), within one 0.333-degree substep: the sampling phase, not the geometry, decides whether the swing stops there
    reach: arm (2,-1) grid 0.00-5.67, enclosure - deg  REFUSED: arm (2,-1): the stopping event's angle wraps a full turn inside the box (sub-box 0,6,0)
cell 62 (depth 6, victim half-widths 0.125/0.250/0.500u): split on the victim's rot axis (refused: reach envelope: arm (0,1): stopping event changes between cells (0,0,0)-(0,0,1): cross|r1|1:r0 vs cross|a1|1:r)
cell 63 (depth 6, victim half-widths 0.125/0.250/0.500u): centre [37.6039,-3.2612,1.8896,50.3037,11.2592,-0.8374]
    reach: arm (0,1) 16.3-19.1 deg [cross a1 foot 1 at r1]  grid 16.67-18.67, enclosure 16.67-18.67 deg
    reach: arm (0,-1) -0.4-2.4 deg [selfoff foot 1]  grid 0.00-2.00, enclosure 0.00-2.00 deg
    reach: arm (1,1) 0.3-3.1 deg [selfoff foot 0]  grid 0.67-2.67, enclosure 0.67-2.67 deg
    reach: arm (1,-1) 15.9-18.7 deg [cross a1 foot 0 at r1]  grid 16.33-18.33, enclosure 16.33-18.33 deg
    reach: arm (2,1) grid 5.00-11.67, enclosure 4.67-12.00 deg  REFUSED: arm (2,1): foot 0 meets two lines 0.1769 deg apart inside the box (circles 4 and 3), within one 0.333-degree substep: the sampling phase, not the geometry, decides whether the swing stops there
    reach: arm (2,-1) 1.3-11.1 deg [selfoff foot 1]  grid 1.67-10.67, enclosure 1.67-10.67 deg
cell 63 (depth 6, victim half-widths 0.125/0.250/0.500u): split on the victim's rot axis (refused: reach envelope: arm (2,1): foot 0 meets two lines 0.1769 deg apart inside the box (circles 4 and 3), within on)
cell 64 (depth 6, victim half-widths 0.125/0.250/0.500u): centre [37.6039,-3.2612,1.8896,50.8037,9.7592,-0.8806]
    reach: arm (0,1) 16.9-19.7 deg [cross a1 foot 1 at r1]  grid 17.33-19.33, enclosure 17.33-19.33 deg
    reach: arm (0,-1) -0.4-2.1 deg [selfoff foot 1]  grid 0.00-1.67, enclosure 0.00-1.67 deg
    reach: arm (1,1) 0.3-3.1 deg [selfoff foot 0]  grid 0.67-2.67, enclosure 0.67-2.67 deg
    reach: arm (1,-1) 15.6-18.4 deg [cross a1 foot 0 at r1]  grid 16.00-18.00, enclosure 16.00-18.00 deg
    reach: arm (2,1) grid 4.67-11.00, enclosure 4.33-11.33 deg  REFUSED: arm (2,1): foot 0 meets two lines 0.3592 deg apart inside the box (circles 3 and 4), within one 0.333-degree substep: the sampling phase, not the geometry, decides whether the swing stops there
    reach: arm (2,-1) -0.4-8.1 deg [selfoff foot 1]  grid 0.00-7.67, enclosure 0.00-7.67 deg
cell 64 (depth 6, victim half-widths 0.125/0.250/0.500u): split on the victim's rot axis (refused: reach envelope: arm (2,1): foot 0 meets two lines 0.3592 deg apart inside the box (circles 3 and 4), within on)
cell 65 (depth 6, victim half-widths 0.125/0.250/0.500u): centre [37.6039,-3.2612,1.8896,50.8037,10.2592,-0.8806]
    reach: arm (0,1) 17.3-20.1 deg [cross a1 foot 1 at r1]  grid 17.67-19.67, enclosure 17.67-19.67 deg
    reach: arm (0,-1) grid 0.00-1.00, enclosure - deg  REFUSED: arm (0,-1): the stopping event's angle wraps a full turn inside the box (sub-box 5,7,0)
    reach: arm (1,1) 0.3-3.1 deg [selfoff foot 0]  grid 0.67-2.67, enclosure 0.67-2.67 deg
    reach: arm (1,-1) 15.6-18.4 deg [cross a1 foot 0 at r1]  grid 16.00-18.00, enclosure 16.00-18.00 deg
    reach: arm (2,1) grid 5.00-11.00, enclosure 4.67-11.33 deg  REFUSED: arm (2,1): foot 0 meets two lines 0.3636 deg apart inside the box (circles 3 and 4), within one 0.333-degree substep: the sampling phase, not the geometry, decides whether the swing stops there
    reach: arm (2,-1) grid 0.00-5.67, enclosure - deg  REFUSED: arm (2,-1): the stopping event's angle wraps a full turn inside the box (sub-box 1,7,0)
cell 65 (depth 6, victim half-widths 0.125/0.250/0.500u): split on the victim's rot axis (refused: reach envelope: arm (0,-1): the stopping event's angle wraps a full turn inside the box (sub-box 5,7,0); arm ()
cell 66 (depth 6, victim half-widths 0.125/0.250/0.500u): centre [37.6039,-3.2612,1.8896,50.8037,10.7592,-0.8806]
    reach: arm (0,1) 17.6-20.4 deg [cross a1 foot 1 at r1]  grid 18.00-20.00, enclosure 18.00-20.00 deg
    reach: arm (0,-1) grid 0.00-0.67, enclosure - deg  REFUSED: arm (0,-1): the stopping event's angle wraps a full turn inside the box (sub-box 0,3,0)
    reach: arm (1,1) 0.3-3.1 deg [selfoff foot 0]  grid 0.67-2.67, enclosure 0.67-2.67 deg
    reach: arm (1,-1) 15.6-18.4 deg [cross a1 foot 0 at r1]  grid 16.00-18.00, enclosure 16.00-18.00 deg
    reach: arm (2,1) grid 5.33-10.33, enclosure 5.00-11.33 deg  REFUSED: arm (2,1): foot 0 meets two lines 0.3581 deg apart inside the box (circles 3 and 4), within one 0.333-degree substep: the sampling phase, not the geometry, decides whether the swing stops there
    reach: arm (2,-1) grid 0.00-3.67, enclosure - deg  REFUSED: arm (2,-1): the stopping event's angle wraps a full turn inside the box (sub-box 0,0,0)
cell 66 (depth 6, victim half-widths 0.125/0.250/0.500u): split on the victim's rot axis (refused: reach envelope: arm (0,-1): the stopping event's angle wraps a full turn inside the box (sub-box 0,3,0); arm ()
cell 67 (depth 6, victim half-widths 0.125/0.250/0.500u): centre [37.6039,-3.2612,1.8896,50.8037,11.2592,-0.8806]
    reach: arm (0,1) 17.9-20.7 deg [cross a1 foot 1 at r1]  grid 18.33-20.33, enclosure 18.33-20.33 deg
    reach: arm (0,-1) grid 0.00-0.33, enclosure - deg  REFUSED: arm (0,-1): the stopping event's angle wraps a full turn inside the box (sub-box 0,0,0)
    reach: arm (1,1) 0.6-3.1 deg [selfoff foot 0]  grid 1.00-2.67, enclosure 1.00-2.67 deg
    reach: arm (1,-1) 15.3-18.1 deg [cross a1 foot 0 at r1]  grid 15.67-17.67, enclosure 15.67-17.67 deg
    reach: arm (2,1) grid 5.33-8.33, enclosure 5.00-11.33 deg  REFUSED: arm (2,1): foot 0 meets two lines 0.3441 deg apart inside the box (circles 3 and 4), within one 0.333-degree substep: the sampling phase, not the geometry, decides whether the swing stops there
    reach: arm (2,-1) grid 0.00-2.00, enclosure - deg  REFUSED: arm (2,-1): the stopping event's angle wraps a full turn inside the box (sub-box 0,0,0)
cell 67 (depth 6, victim half-widths 0.125/0.250/0.500u): split on the victim's rot axis (refused: reach envelope: arm (0,-1): the stopping event's angle wraps a full turn inside the box (sub-box 0,0,0); arm ()
cell 68 (depth 6, victim half-widths 0.125/0.500/0.250u): centre [37.6039,-3.2612,1.8896,50.8037,10.0092,-0.8265]
    reach: arm (0,1) grid 16.33-37.33, enclosure - deg  REFUSED: arm (0,1): stopping event changes between cells (0,0,3)-(0,0,4): cross|a1|2:a1 vs cross|a1,r1|1:r0
    reach: arm (0,-1) 0.3-2.7 deg [selfoff foot 1]  grid 0.67-2.33, enclosure 0.67-2.33 deg
    reach: arm (1,1) -0.4-1.4 deg [selfoff foot 0]  grid 0.00-1.00, enclosure 0.00-1.00 deg
    reach: arm (1,-1) 17.3-19.4 deg [cross a1 foot 0 at r1]  grid 17.67-19.00, enclosure 17.67-19.00 deg
    reach: arm (2,1) -0.4-5.7 deg [selfoff foot 0]  grid 0.00-5.33, enclosure 0.00-5.33 deg
    reach: arm (2,-1) 3.9-12.1 deg [selfoff foot 1]  grid 4.33-11.67, enclosure 4.33-11.67 deg
cell 68 (depth 6, victim half-widths 0.125/0.500/0.250u): split on the victim's rot axis (refused: reach envelope: arm (0,1): stopping event changes between cells (0,0,3)-(0,0,4): cross|a1|2:a1 vs cross|a1,r1|)
cell 69 (depth 6, victim half-widths 0.125/0.500/0.250u): centre [37.6039,-3.2612,1.8896,50.8037,11.0092,-0.8265]
    reach: arm (0,1) grid 17.33-38.00, enclosure - deg  REFUSED: arm (0,1): stopping event changes between cells (0,0,2)-(1,0,2): cross|a1|2:a1 vs cross|a1,r1|1:r0
    reach: arm (0,-1) -0.4-2.1 deg [selfoff foot 1]  grid 0.00-1.67, enclosure 0.00-1.67 deg
    reach: arm (1,1) -0.4-1.7 deg [selfoff foot 0]  grid 0.00-1.33, enclosure 0.00-1.33 deg
    reach: arm (1,-1) 17.3-19.4 deg [cross a1 foot 0 at r1]  grid 17.67-19.00, enclosure 17.67-19.00 deg
    reach: arm (2,1) -0.1-6.1 deg [selfoff foot 0]  grid 0.33-5.67, enclosure 0.33-5.67 deg
    reach: arm (2,-1) 0.3-8.7 deg [selfoff foot 1]  grid 0.67-8.33, enclosure 0.67-8.33 deg
cell 69 (depth 6, victim half-widths 0.125/0.500/0.250u): refused -- reach envelope: arm (0,1): stopping event changes between cells (0,0,2)-(1,0,2): cross|a1|2:a1 vs cross|a1,r1|1:r0
cell 70 (depth 6, victim half-widths 0.125/0.250/0.500u): centre [37.6039,-3.2612,1.8896,51.0537,9.7592,-0.8806]
    reach: arm (0,1) 17.3-20.1 deg [cross a1 foot 1 at r1]  grid 17.67-19.67, enclosure 17.67-19.67 deg
    reach: arm (0,-1) grid 0.00-1.00, enclosure - deg  REFUSED: arm (0,-1): the stopping event's angle wraps a full turn inside the box (sub-box 5,7,0)
    reach: arm (1,1) -0.1-2.7 deg [selfoff foot 0]  grid 0.33-2.33, enclosure 0.33-2.33 deg
    reach: arm (1,-1) 15.9-18.7 deg [cross a1 foot 0 at r1]  grid 16.33-18.33, enclosure 16.33-18.33 deg
    reach: arm (2,1) 2.3-9.7 deg [selfoff foot 0]  grid 2.67-9.33, enclosure 2.67-9.33 deg
    reach: arm (2,-1) grid 0.00-5.33, enclosure - deg  REFUSED: arm (2,-1): the stopping event's angle wraps a full turn inside the box (sub-box 1,7,0)
cell 70 (depth 6, victim half-widths 0.125/0.250/0.500u): split on the victim's rot axis (refused: reach envelope: arm (0,-1): the stopping event's angle wraps a full turn inside the box (sub-box 5,7,0); arm ()
cell 71 (depth 6, victim half-widths 0.125/0.250/0.500u): centre [37.6039,-3.2612,1.8896,51.0537,10.2592,-0.8806]
    reach: arm (0,1) 17.6-20.4 deg [cross a1 foot 1 at r1]  grid 18.00-20.00, enclosure 18.00-20.00 deg
    reach: arm (0,-1) grid 0.00-0.67, enclosure - deg  REFUSED: arm (0,-1): the stopping event's angle wraps a full turn inside the box (sub-box 0,4,0)
    reach: arm (1,1) -0.1-2.7 deg [selfoff foot 0]  grid 0.33-2.33, enclosure 0.33-2.33 deg
    reach: arm (1,-1) 15.9-18.7 deg [cross a1 foot 0 at r1]  grid 16.33-18.33, enclosure 16.33-18.33 deg
    reach: arm (2,1) 2.6-10.1 deg [selfoff foot 0]  grid 3.00-9.67, enclosure 3.00-9.67 deg
    reach: arm (2,-1) grid 0.00-3.67, enclosure - deg  REFUSED: arm (2,-1): the stopping event's angle wraps a full turn inside the box (sub-box 0,0,0)
cell 71 (depth 6, victim half-widths 0.125/0.250/0.500u): split on the victim's rot axis (refused: reach envelope: arm (0,-1): the stopping event's angle wraps a full turn inside the box (sub-box 0,4,0); arm ()
cell 72 (depth 6, victim half-widths 0.125/0.250/0.500u): centre [37.6039,-3.2612,1.8896,51.0537,10.7592,-0.8806]
    reach: arm (0,1) 17.9-20.7 deg [cross a1 foot 1 at r1]  grid 18.33-20.33, enclosure 18.33-20.33 deg
    reach: arm (0,-1) grid 0.00-0.33, enclosure - deg  REFUSED: arm (0,-1): the stopping event's angle wraps a full turn inside the box (sub-box 0,0,0)
    reach: arm (1,1) -0.1-2.7 deg [selfoff foot 0]  grid 0.33-2.33, enclosure 0.33-2.33 deg
    reach: arm (1,-1) 15.9-18.7 deg [cross a1 foot 0 at r1]  grid 16.33-18.33, enclosure 16.33-18.33 deg
    reach: arm (2,1) 2.6-10.1 deg [selfoff foot 0]  grid 3.00-9.67, enclosure 3.00-9.67 deg
    reach: arm (2,-1) grid 0.00-2.00, enclosure - deg  REFUSED: arm (2,-1): the stopping event's angle wraps a full turn inside the box (sub-box 0,0,0)
cell 72 (depth 6, victim half-widths 0.125/0.250/0.500u): split on the victim's rot axis (refused: reach envelope: arm (0,-1): the stopping event's angle wraps a full turn inside the box (sub-box 0,0,0); arm ()
cell 73 (depth 6, victim half-widths 0.125/0.250/0.500u): centre [37.6039,-3.2612,1.8896,51.0537,11.2592,-0.8806]
    reach: arm (0,1) 18.3-21.1 deg [cross a1 foot 1 at r1]  grid 18.67-20.67, enclosure 18.67-20.67 deg
    reach: arm (0,-1) grid 0.00-0.00, enclosure - deg  REFUSED: arm (0,-1): the stopping event's angle wraps a full turn inside the box (sub-box 0,0,0)
    reach: arm (1,1) -0.1-2.7 deg [selfoff foot 0]  grid 0.33-2.33, enclosure 0.33-2.33 deg
    reach: arm (1,-1) 15.9-18.7 deg [cross a1 foot 0 at r1]  grid 16.33-18.33, enclosure 16.33-18.33 deg
    reach: arm (2,1) 2.9-10.1 deg [selfoff foot 0]  grid 3.33-9.67, enclosure 3.33-9.67 deg
    reach: arm (2,-1) grid 0.00-0.33, enclosure - deg  REFUSED: arm (2,-1): the stopping event's angle wraps a full turn inside the box (sub-box 0,0,0)
cell 73 (depth 6, victim half-widths 0.125/0.250/0.500u): split on the victim's rot axis (refused: reach envelope: arm (0,-1): the stopping event's angle wraps a full turn inside the box (sub-box 0,0,0); arm ()
cell 74 (depth 6, victim half-widths 0.125/1.000/0.125u): centre [37.6039,-3.2612,1.8896,51.0537,10.5092,-0.8319]
    reach: arm (0,1) grid 17.00-38.33, enclosure - deg  REFUSED: arm (0,1): stopping event changes between cells (0,0,1)-(0,1,1): cross|a1|2:a1 vs cross|a1,r1|1:r0
    reach: arm (0,-1) -0.4-2.4 deg [selfoff foot 1]  grid 0.00-2.00, enclosure 0.00-2.00 deg
    reach: arm (1,1) -0.4-1.4 deg [selfoff foot 0]  grid 0.00-1.00, enclosure 0.00-1.00 deg
    reach: arm (1,-1) 17.6-19.7 deg [cross a1 foot 0 at r1]  grid 18.00-19.33, enclosure 18.00-19.33 deg
    reach: arm (2,1) -0.4-4.4 deg [selfoff foot 0]  grid 0.00-4.00, enclosure 0.00-4.00 deg
    reach: arm (2,-1) -0.4-9.1 deg [selfoff foot 1]  grid 0.00-8.67, enclosure 0.00-8.67 deg
cell 74 (depth 6, victim half-widths 0.125/1.000/0.125u): split on the victim's y axis (refused: reach envelope: arm (0,1): stopping event changes between cells (0,0,1)-(0,1,1): cross|a1|2:a1 vs cross|a1,r1|)
cell 75 (depth 6, victim half-widths 0.125/1.000/0.125u): centre [37.6039,-3.2612,1.8896,51.0537,10.5092,-0.8211]
    reach: arm (0,1) 35.6-38.7 deg [cross a1,r1 foot 1 at r0]  grid 36.00-38.33, enclosure 36.00-38.33 deg
    reach: arm (0,-1) -0.4-2.4 deg [selfoff foot 1]  grid 0.00-2.00, enclosure 0.00-2.00 deg
    reach: arm (1,1) grid 0.00-0.33, enclosure - deg  REFUSED: arm (1,1): the stopping event's angle wraps a full turn inside the box (sub-box 7,0,6)
    reach: arm (1,-1) 17.6-20.1 deg [cross a1 foot 0 at r1]  grid 18.00-19.67, enclosure 18.00-19.67 deg
    reach: arm (2,1) grid 0.00-2.33, enclosure - deg  REFUSED: arm (2,1): the stopping event's angle wraps a full turn inside the box (sub-box 4,0,6)
    reach: arm (2,-1) -0.1-10.1 deg [selfoff foot 1]  grid 0.33-9.67, enclosure 0.33-9.67 deg
cell 75 (depth 6, victim half-widths 0.125/1.000/0.125u): split on the victim's y axis (refused: reach envelope: arm (1,1): the stopping event's angle wraps a full turn inside the box (sub-box 7,0,6); arm (2)
cell 76 (depth 6, victim half-widths 0.125/0.500/0.250u): centre [37.6039,-3.2612,1.8896,51.3037,10.0092,-0.8482]
    reach: arm (0,1) grid 17.67-38.33, enclosure - deg  REFUSED: arm (0,1): stopping event changes between cells (0,0,2)-(0,0,3): cross|a1|2:a1 vs cross|a1,r1|1:r0
    reach: arm (0,-1) -0.4-1.7 deg [selfoff foot 1]  grid 0.00-1.33, enclosure 0.00-1.33 deg
    reach: arm (1,1) -0.4-1.1 deg [selfoff foot 0]  grid 0.00-0.67, enclosure 0.00-0.67 deg
    reach: arm (1,-1) 17.6-19.7 deg [cross a1 foot 0 at r1]  grid 18.00-19.33, enclosure 18.00-19.33 deg
    reach: arm (2,1) grid 0.00-3.33, enclosure - deg  REFUSED: arm (2,1): the stopping event's angle wraps a full turn inside the box (sub-box 6,0,7)
    reach: arm (2,-1) -0.4-6.4 deg [selfoff foot 1]  grid 0.00-6.00, enclosure 0.00-6.00 deg
cell 76 (depth 6, victim half-widths 0.125/0.500/0.250u): split on the victim's rot axis (refused: reach envelope: arm (0,1): stopping event changes between cells (0,0,2)-(0,0,3): cross|a1|2:a1 vs cross|a1,r1|)
cell 77 (depth 6, victim half-widths 0.125/0.500/0.250u): centre [37.6039,-3.2612,1.8896,51.3037,10.0092,-0.8265]
    reach: arm (0,1) 35.9-38.4 deg [cross a1,r1 foot 1 at r0]  grid 36.33-38.00, enclosure 36.33-38.00 deg
    reach: arm (0,-1) -0.4-2.1 deg [selfoff foot 1]  grid 0.00-1.67, enclosure 0.00-1.67 deg
    reach: arm (1,1) grid 0.00-0.00, enclosure - deg  REFUSED: arm (1,1): the stopping event's angle wraps a full turn inside the box (sub-box 0,0,6)
    reach: arm (1,-1) 17.9-20.4 deg [cross a1 foot 0 at r1]  grid 18.33-20.00, enclosure 18.33-20.00 deg
    reach: arm (2,1) grid 0.00-1.33, enclosure - deg  REFUSED: arm (2,1): the stopping event's angle wraps a full turn inside the box (sub-box 0,0,4)
    reach: arm (2,-1) 0.6-8.4 deg [selfoff foot 1]  grid 1.00-8.00, enclosure 1.00-8.00 deg
cell 77 (depth 6, victim half-widths 0.125/0.500/0.250u): split on the victim's y axis (refused: reach envelope: arm (1,1): the stopping event's angle wraps a full turn inside the box (sub-box 0,0,6); arm (2)
cell 78 (depth 6, victim half-widths 0.125/0.500/0.250u): centre [37.6039,-3.2612,1.8896,51.3037,11.0092,-0.8482]
    reach: arm (0,1) grid 18.67-38.33, enclosure - deg  REFUSED: arm (0,1): stopping event changes between cells (0,0,1)-(1,0,1): cross|a1|2:a1 vs cross|a1,r1|1:r0
    reach: arm (0,-1) grid 0.00-0.33, enclosure - deg  REFUSED: arm (0,-1): the stopping event's angle wraps a full turn inside the box (sub-box 0,4,0)
    reach: arm (1,1) -0.4-1.4 deg [selfoff foot 0]  grid 0.00-1.00, enclosure 0.00-1.00 deg
    reach: arm (1,-1) 17.3-19.4 deg [cross a1 foot 0 at r1]  grid 17.67-19.00, enclosure 17.67-19.00 deg
    reach: arm (2,1) -0.4-4.4 deg [selfoff foot 0]  grid 0.00-4.00, enclosure 0.00-4.00 deg
    reach: arm (2,-1) grid 0.00-2.67, enclosure - deg  REFUSED: arm (2,-1): the stopping event's angle wraps a full turn inside the box (sub-box 0,3,0)
cell 78 (depth 6, victim half-widths 0.125/0.500/0.250u): refused -- reach envelope: arm (0,1): stopping event changes between cells (0,0,1)-(1,0,1): cross|a1|2:a1 vs cross|a1,r1|1:r0; arm (0,-1): the stopping event's angle wraps
cell 79 (depth 6, victim half-widths 0.125/0.500/0.250u): centre [37.6039,-3.2612,1.8896,51.3037,11.0092,-0.8265]
    reach: arm (0,1) 36.6-39.4 deg [cross a1,r1 foot 1 at r0]  grid 37.00-39.00, enclosure 37.00-39.00 deg
    reach: arm (0,-1) grid 0.00-0.67, enclosure - deg  REFUSED: arm (0,-1): the stopping event's angle wraps a full turn inside the box (sub-box 5,7,0)
    reach: arm (1,1) grid 0.00-0.33, enclosure - deg  REFUSED: arm (1,1): the stopping event's angle wraps a full turn inside the box (sub-box 2,0,7)
    reach: arm (1,-1) 17.9-20.1 deg [cross a1 foot 0 at r1]  grid 18.33-19.67, enclosure 18.33-19.67 deg
    reach: arm (2,1) grid 0.00-1.67, enclosure - deg  REFUSED: arm (2,1): the stopping event's angle wraps a full turn inside the box (sub-box 0,0,6)
    reach: arm (2,-1) grid 0.00-3.67, enclosure - deg  REFUSED: arm (2,-1): the stopping event's angle wraps a full turn inside the box (sub-box 2,7,0)
cell 79 (depth 6, victim half-widths 0.125/0.500/0.250u): split on the victim's y axis (refused: reach envelope: arm (0,-1): the stopping event's angle wraps a full turn inside the box (sub-box 5,7,0); arm ()
cell 80 (depth 7, victim half-widths 0.125/0.250/0.250u): centre [37.6039,-3.2612,1.8896,49.5537,9.7592,-0.8698]
    reach: arm (0,1) 34.6-36.7 deg [cross r1 foot 1 at r0]  grid 35.00-36.33, enclosure 35.00-36.33 deg
    reach: arm (0,-1) 1.3-3.4 deg [selfoff foot 1]  grid 1.67-3.00, enclosure 1.67-3.00 deg
    reach: arm (1,1) 2.3-4.4 deg [selfoff a1 foot 0]  grid 2.67-4.00, enclosure 2.67-4.00 deg
    reach: arm (1,-1) 33.9-36.1 deg [cross r1 foot 0 at r0]  grid 34.33-35.67, enclosure 34.33-35.67 deg
    reach: arm (2,1) 17.3-27.4 deg [selfoff a1 foot 0]  grid 17.67-27.00, enclosure 17.67-27.00 deg
    reach: arm (2,-1) 12.6-25.1 deg [selfoff foot 1]  grid 13.00-24.67, enclosure 13.00-24.67 deg
    3/27: [37.604,-3.261,1.89,49.429,9.759,-0.881] dead W=0.83 accept=0.77  (8s)
    6/27: [37.604,-3.261,1.89,49.429,10.009,-0.881] dead W=0.83 accept=0.89  (11s)
    9/27: [37.604,-3.261,1.89,49.554,9.509,-0.881] dead W=0.82 accept=0.52  (13s)
    12/27: [37.604,-3.261,1.89,49.554,9.759,-0.881] dead W=0.83 accept=0.96  (15s)
    15/27: [37.604,-3.261,1.89,49.554,10.009,-0.881] dead W=0.89 accept=0.98  (17s)
    18/27: [37.604,-3.261,1.89,49.554,10.009,-0.859] dead W=0.83 accept=0.41  (19s)
    21/27: [37.604,-3.261,1.89,49.679,9.759,-0.881] dead W=0.93 accept=0.86  (21s)
    22/27: [37.604,-3.261,1.89,49.679,9.509,-0.859] unresolved W=0.89 accept=0.89 reply (1,-1) 28.5-28.9deg: no single arc certifies the gap (best min margin 1.48u) even at the engin  (21s)
    24/27: [37.604,-3.261,1.89,49.679,9.759,-0.859] dead W=0.82 accept=0.41  (23s)
    27/27: [37.604,-3.261,1.89,49.679,10.009,-0.859] dead W=0.86 accept=0.59  (23s)
cell 80 (depth 7, victim half-widths 0.125/0.250/0.250u): split on the victim's rot axis (unresolved: grid pose [37.6039,-3.2612,1.8896,49.6787,9.5092,-0.859] is unresolved: reply (1,-1) 28.5-28.9deg: no single a)
cell 81 (depth 7, victim half-widths 0.125/0.250/0.250u): centre [37.6039,-3.2612,1.8896,49.5537,10.2592,-0.8698]
    reach: arm (0,1) 34.9-37.1 deg [cross r1 foot 1 at r0]  grid 35.33-36.67, enclosure 35.33-36.67 deg
    reach: arm (0,-1) 0.9-3.1 deg [selfoff foot 1]  grid 1.33-2.67, enclosure 1.33-2.67 deg
    reach: arm (1,1) 2.3-4.4 deg [selfoff a1 foot 0]  grid 2.67-4.00, enclosure 2.67-4.00 deg
    reach: arm (1,-1) 33.9-35.7 deg [cross r1 foot 0 at r0]  grid 34.33-35.33, enclosure 34.33-35.33 deg
    reach: arm (2,1) 16.6-25.4 deg [selfoff a1 foot 0]  grid 17.00-25.00, enclosure 17.00-25.00 deg
    reach: arm (2,-1) 9.9-20.7 deg [selfoff foot 1]  grid 10.33-20.33, enclosure 10.33-20.33 deg
    3/27: [37.604,-3.261,1.89,49.429,10.009,-0.87] dead W=0.92 accept=0.49  (9s)
    6/27: [37.604,-3.261,1.89,49.429,10.509,-0.881] dead W=0.87 accept=1.18  (11s)
    9/27: [37.604,-3.261,1.89,49.429,10.509,-0.859] dead W=0.92 accept=0.40  (13s)
    12/27: [37.604,-3.261,1.89,49.554,10.009,-0.859] dead W=0.83 accept=0.38  (14s)
    15/27: [37.604,-3.261,1.89,49.554,10.259,-0.859] dead W=0.86 accept=0.52  (15s)
    18/27: [37.604,-3.261,1.89,49.554,10.509,-0.859] dead W=0.87 accept=0.71  (17s)
    21/27: [37.604,-3.261,1.89,49.679,10.259,-0.87] dead W=0.85 accept=1.23  (19s)
    24/27: [37.604,-3.261,1.89,49.679,10.259,-0.859] dead W=0.88 accept=0.62  (20s)
    27/27: [37.604,-3.261,1.89,49.679,10.509,-0.859] dead W=0.97 accept=0.83  (21s)
    round 1: 47 pairs refused, 47 midpoints to certify (step 0.063u)
    5/47: [37.604,-3.261,1.89,49.429,10.134,-0.87] dead W=0.97 accept=0.79  (25s)
    10/47: [37.604,-3.261,1.89,49.429,10.384,-0.881] dead W=0.81 accept=1.08  (27s)
    15/47: [37.604,-3.261,1.89,49.491,10.259,-0.859] dead W=0.89 accept=0.44  (31s)
    20/47: [37.604,-3.261,1.89,49.491,10.509,-0.859] dead W=0.82 accept=0.58  (33s)
    25/47: [37.604,-3.261,1.89,49.554,10.134,-0.87] dead W=0.99 accept=0.78  (35s)
    30/47: [37.604,-3.261,1.89,49.554,10.259,-0.875] dead W=0.86 accept=0.81  (37s)
    35/47: [37.604,-3.261,1.89,49.554,10.384,-0.859] dead W=0.87 accept=0.61  (41s)
    40/47: [37.604,-3.261,1.89,49.679,10.134,-0.87] dead W=0.84 accept=0.87  (43s)
    45/47: [37.604,-3.261,1.89,49.679,10.384,-0.859] dead W=0.96 accept=0.79  (45s)
    round 2: 30 pairs refused, 30 midpoints to certify (step 0.063u)
    3/30: [37.604,-3.261,1.89,49.429,10.197,-0.881] dead W=0.85 accept=0.94  (51s)
    6/30: [37.604,-3.261,1.89,49.429,10.072,-0.859] dead W=0.78 accept=0.18  (53s)
    9/30: [37.604,-3.261,1.89,49.429,10.322,-0.859] dead W=0.85 accept=0.27  (55s)
    12/30: [37.604,-3.261,1.89,49.429,10.509,-0.867] dead W=0.94 accept=0.72  (55s)
    15/30: [37.604,-3.261,1.89,49.554,10.447,-0.881] dead W=0.85 accept=1.15  (57s)
    18/30: [37.604,-3.261,1.89,49.554,10.322,-0.859] dead W=0.86 accept=0.61  (59s)
    21/30: [37.604,-3.261,1.89,49.554,10.509,-0.867] dead W=0.81 accept=0.89  (61s)
    24/30: [37.604,-3.261,1.89,49.679,10.197,-0.881] dead W=0.96 accept=1.21  (61s)
    27/30: [37.604,-3.261,1.89,49.679,10.259,-0.862] dead W=0.91 accept=0.81  (63s)
    30/30: [37.604,-3.261,1.89,49.679,10.509,-0.867] dead W=0.83 accept=1.25  (65s)
cell 81 (depth 7, victim half-widths 0.125/0.250/0.250u): dead (104 poses, 13728 gaps, 18 slivers, 30 probed gaps, min accepted 0.03u)
cell 82 (depth 7, victim half-widths 0.125/0.250/0.250u): centre [37.6039,-3.2612,1.8896,50.0537,9.7592,-0.8698]
    reach: arm (0,1) 15.9-18.1 deg [cross a1 foot 1 at r1]  grid 16.33-17.67, enclosure 16.33-17.67 deg
    reach: arm (0,-1) 0.6-2.7 deg [selfoff foot 1]  grid 1.00-2.33, enclosure 1.00-2.33 deg
    reach: arm (1,1) 1.3-3.4 deg [selfoff foot 0]  grid 1.67-3.00, enclosure 1.67-3.00 deg
    reach: arm (1,-1) 15.3-17.4 deg [cross a1 foot 0 at r1]  grid 15.67-17.00, enclosure 15.67-17.00 deg
    reach: arm (2,1) grid 11.67-17.00, enclosure 11.33-17.33 deg  REFUSED: arm (2,1): foot 0 meets two lines 0.3427 deg apart inside the box (circles 3 and 4), within one 0.333-degree substep: the sampling phase, not the geometry, decides whether the swing stops there
    reach: arm (2,-1) 6.9-15.4 deg [selfoff foot 1]  grid 7.33-15.00, enclosure 7.33-15.00 deg
cell 82 (depth 7, victim half-widths 0.125/0.250/0.250u): split on the victim's y axis (refused: reach envelope: arm (2,1): foot 0 meets two lines 0.3427 deg apart inside the box (circles 3 and 4), within on)
cell 83 (depth 7, victim half-widths 0.125/0.250/0.250u): centre [37.6039,-3.2612,1.8896,50.0537,10.2592,-0.8698]
    reach: arm (0,1) grid 17.00-37.00, enclosure - deg  REFUSED: arm (0,1): stopping event changes between cells (0,0,0)-(0,1,0): cross|a1|1:r1 vs cross|r1|1:r0
    reach: arm (0,-1) 0.3-2.4 deg [selfoff foot 1]  grid 0.67-2.00, enclosure 0.67-2.00 deg
    reach: arm (1,1) 1.6-3.4 deg [selfoff foot 0]  grid 2.00-3.00, enclosure 2.00-3.00 deg
    reach: arm (1,-1) grid 16.00-35.33, enclosure - deg  REFUSED: arm (1,-1): stopping event changes between cells (0,0,0)-(0,1,0): cross|a1|0:r1 vs cross|r1|0:r0
    reach: arm (2,1) grid 11.67-16.67, enclosure 11.33-17.00 deg  REFUSED: arm (2,1): foot 0 meets two lines 0.3500 deg apart inside the box (circles 3 and 4), within one 0.333-degree substep: the sampling phase, not the geometry, decides whether the swing stops there
    reach: arm (2,-1) 4.9-13.1 deg [selfoff foot 1]  grid 5.33-12.67, enclosure 5.33-12.67 deg
cell 83 (depth 7, victim half-widths 0.125/0.250/0.250u): split on the victim's y axis (refused: reach envelope: arm (0,1): stopping event changes between cells (0,0,0)-(0,1,0): cross|a1|1:r1 vs cross|r1|1:r)
cell 84 (depth 7, victim half-widths 0.125/0.250/0.250u): centre [37.6039,-3.2612,1.8896,50.0537,9.7592,-0.8482]
    reach: arm (0,1) 15.6-17.7 deg [cross a1 foot 1 at r1]  grid 16.00-17.33, enclosure 16.00-17.33 deg
    reach: arm (0,-1) 1.3-3.4 deg [selfoff foot 1]  grid 1.67-3.00, enclosure 1.67-3.00 deg
    reach: arm (1,1) 0.9-3.1 deg [selfoff foot 0]  grid 1.33-2.67, enclosure 1.33-2.67 deg
    reach: arm (1,-1) 15.9-18.1 deg [cross a1 foot 0 at r1]  grid 16.33-17.67, enclosure 16.33-17.67 deg
    reach: arm (2,1) grid 9.33-14.67, enclosure 9.00-15.00 deg  REFUSED: arm (2,1): foot 0 meets two lines 0.3471 deg apart inside the box (circles 3 and 4), within one 0.333-degree substep: the sampling phase, not the geometry, decides whether the swing stops there
    reach: arm (2,-1) 9.3-17.4 deg [selfoff foot 1]  grid 9.67-17.00, enclosure 9.67-17.00 deg
cell 84 (depth 7, victim half-widths 0.125/0.250/0.250u): split on the victim's y axis (refused: reach envelope: arm (2,1): foot 0 meets two lines 0.3471 deg apart inside the box (circles 3 and 4), within on)
cell 85 (depth 7, victim half-widths 0.125/0.250/0.250u): centre [37.6039,-3.2612,1.8896,50.0537,9.7592,-0.8265]
    reach: arm (0,1) 14.9-17.1 deg [cross a1 foot 1 at r1]  grid 15.33-16.67, enclosure 15.33-16.67 deg
    reach: arm (0,-1) 1.6-3.7 deg [selfoff foot 1]  grid 2.00-3.33, enclosure 2.00-3.33 deg
    reach: arm (1,1) 0.6-2.4 deg [selfoff foot 0]  grid 1.00-2.00, enclosure 1.00-2.00 deg
    reach: arm (1,-1) 16.3-18.4 deg [cross a1 foot 0 at r1]  grid 16.67-18.00, enclosure 16.67-18.00 deg
    reach: arm (2,1) grid 6.67-12.33, enclosure 6.67-12.67 deg  REFUSED: arm (2,1): foot 0 meets two lines 0.3279 deg apart inside the box (circles 3 and 4), within one 0.333-degree substep: the sampling phase, not the geometry, decides whether the swing stops there
    reach: arm (2,-1) 11.6-19.4 deg [selfoff foot 1]  grid 12.00-19.00, enclosure 12.00-19.00 deg
cell 85 (depth 7, victim half-widths 0.125/0.250/0.250u): split on the victim's y axis (refused: reach envelope: arm (2,1): foot 0 meets two lines 0.3279 deg apart inside the box (circles 3 and 4), within on)
cell 86 (depth 7, victim half-widths 0.125/0.250/0.250u): centre [37.6039,-3.2612,1.8896,50.0537,10.2592,-0.8482]
    reach: arm (0,1) 15.9-18.1 deg [cross a1 foot 1 at r1]  grid 16.33-17.67, enclosure 16.33-17.67 deg
    reach: arm (0,-1) 0.9-3.1 deg [selfoff foot 1]  grid 1.33-2.67, enclosure 1.33-2.67 deg
    reach: arm (1,1) 0.9-3.1 deg [selfoff foot 0]  grid 1.33-2.67, enclosure 1.33-2.67 deg
    reach: arm (1,-1) 15.6-17.7 deg [cross a1 foot 0 at r1]  grid 16.00-17.33, enclosure 16.00-17.33 deg
    reach: arm (2,1) grid 9.33-14.67, enclosure 9.33-14.67 deg  REFUSED: arm (2,1): foot 0 meets two lines 0.3097 deg apart inside the box (circles 3 and 4), within one 0.333-degree substep: the sampling phase, not the geometry, decides whether the swing stops there
    reach: arm (2,-1) 7.3-15.4 deg [selfoff foot 1]  grid 7.67-15.00, enclosure 7.67-15.00 deg
cell 86 (depth 7, victim half-widths 0.125/0.250/0.250u): split on the victim's y axis (refused: reach envelope: arm (2,1): foot 0 meets two lines 0.3097 deg apart inside the box (circles 3 and 4), within on)
cell 87 (depth 7, victim half-widths 0.125/0.250/0.250u): centre [37.6039,-3.2612,1.8896,50.0537,10.2592,-0.8265]
    reach: arm (0,1) 15.3-17.4 deg [cross a1 foot 1 at r1]  grid 15.67-17.00, enclosure 15.67-17.00 deg
    reach: arm (0,-1) 1.3-3.4 deg [selfoff foot 1]  grid 1.67-3.00, enclosure 1.67-3.00 deg
    reach: arm (1,1) 0.6-2.4 deg [selfoff foot 0]  grid 1.00-2.00, enclosure 1.00-2.00 deg
    reach: arm (1,-1) 16.3-18.4 deg [cross a1 foot 0 at r1]  grid 16.67-18.00, enclosure 16.67-18.00 deg
    reach: arm (2,1) grid 7.00-12.33, enclosure 6.67-12.67 deg  REFUSED: arm (2,1): foot 0 meets two lines 0.2374 deg apart inside the box (circles 4 and 3), within one 0.333-degree substep: the sampling phase, not the geometry, decides whether the swing stops there
    reach: arm (2,-1) 9.6-17.4 deg [selfoff foot 1]  grid 10.00-17.00, enclosure 10.00-17.00 deg
cell 87 (depth 7, victim half-widths 0.125/0.250/0.250u): split on the victim's y axis (refused: reach envelope: arm (2,1): foot 0 meets two lines 0.2374 deg apart inside the box (circles 4 and 3), within on)
cell 88 (depth 7, victim half-widths 0.125/0.250/0.250u): centre [37.6039,-3.2612,1.8896,50.0537,10.7592,-0.8482]
    reach: arm (0,1) 16.3-18.4 deg [cross a1 foot 1 at r1]  grid 16.67-18.00, enclosure 16.67-18.00 deg
    reach: arm (0,-1) 0.3-2.7 deg [selfoff foot 1]  grid 0.67-2.33, enclosure 0.67-2.33 deg
    reach: arm (1,1) 0.9-3.1 deg [selfoff foot 0]  grid 1.33-2.67, enclosure 1.33-2.67 deg
    reach: arm (1,-1) 15.6-17.7 deg [cross a1 foot 0 at r1]  grid 16.00-17.33, enclosure 16.00-17.33 deg
    reach: arm (2,1) grid 9.33-14.33, enclosure 9.33-14.67 deg  REFUSED: arm (2,1): foot 0 meets two lines 0.3644 deg apart inside the box (circles 3 and 4), within one 0.333-degree substep: the sampling phase, not the geometry, decides whether the swing stops there
    reach: arm (2,-1) 5.3-13.1 deg [selfoff foot 1]  grid 5.67-12.67, enclosure 5.67-12.67 deg
cell 88 (depth 7, victim half-widths 0.125/0.250/0.250u): split on the victim's y axis (refused: reach envelope: arm (2,1): foot 0 meets two lines 0.3644 deg apart inside the box (circles 3 and 4), within on)
cell 89 (depth 7, victim half-widths 0.125/0.250/0.250u): centre [37.6039,-3.2612,1.8896,50.0537,10.7592,-0.8265]
    reach: arm (0,1) 15.6-17.7 deg [cross a1 foot 1 at r1]  grid 16.00-17.33, enclosure 16.00-17.33 deg
    reach: arm (0,-1) 0.9-3.1 deg [selfoff foot 1]  grid 1.33-2.67, enclosure 1.33-2.67 deg
    reach: arm (1,1) 0.6-2.7 deg [selfoff foot 0]  grid 1.00-2.33, enclosure 1.00-2.33 deg
    reach: arm (1,-1) 16.3-18.1 deg [cross a1 foot 0 at r1]  grid 16.67-17.67, enclosure 16.67-17.67 deg
    reach: arm (2,1) grid 7.00-12.00, enclosure 7.00-12.33 deg  REFUSED: arm (2,1): foot 0 meets two lines 0.3105 deg apart inside the box (circles 3 and 4), within one 0.333-degree substep: the sampling phase, not the geometry, decides whether the swing stops there
    reach: arm (2,-1) 7.6-15.4 deg [selfoff foot 1]  grid 8.00-15.00, enclosure 8.00-15.00 deg
cell 89 (depth 7, victim half-widths 0.125/0.250/0.250u): split on the victim's y axis (refused: reach envelope: arm (2,1): foot 0 meets two lines 0.3105 deg apart inside the box (circles 3 and 4), within on)
cell 90 (depth 7, victim half-widths 0.125/0.125/0.500u): centre [37.6039,-3.2612,1.8896,50.0537,11.1342,-0.8374]
    reach: arm (0,1) grid 16.67-37.00, enclosure - deg  REFUSED: arm (0,1): stopping event changes between cells (0,1,0)-(0,2,0): cross|a1|1:r1 vs cross|r1|1:r0
    reach: arm (0,-1) 0.3-2.7 deg [selfoff foot 1]  grid 0.67-2.33, enclosure 0.67-2.33 deg
    reach: arm (1,1) 0.6-3.4 deg [selfoff foot 0]  grid 1.00-3.00, enclosure 1.00-3.00 deg
    reach: arm (1,-1) grid 16.00-35.67, enclosure - deg  REFUSED: arm (1,-1): stopping event changes between cells (0,1,0)-(0,2,0): cross|a1|0:r1 vs cross|r1|0:r0
    reach: arm (2,1) grid 7.00-14.00, enclosure 7.00-14.33 deg  REFUSED: arm (2,1): foot 0 meets two lines 0.2735 deg apart inside the box (circles 3 and 4), within one 0.333-degree substep: the sampling phase, not the geometry, decides whether the swing stops there
    reach: arm (2,-1) 4.3-13.4 deg [selfoff foot 1]  grid 4.67-13.00, enclosure 4.67-13.00 deg
cell 90 (depth 7, victim half-widths 0.125/0.125/0.500u): refused -- reach envelope: arm (0,1): stopping event changes between cells (0,1,0)-(0,2,0): cross|a1|1:r1 vs cross|r1|1:r0; arm (1,-1): stopping event changes between cell
cell 91 (depth 7, victim half-widths 0.125/0.125/0.500u): centre [37.6039,-3.2612,1.8896,50.0537,11.3842,-0.8374]
    reach: arm (0,1) grid 16.67-37.33, enclosure - deg  REFUSED: arm (0,1): stopping event changes between cells (0,0,0)-(1,0,0): cross|r1|1:r0 vs cross|a1|1:r1
    reach: arm (0,-1) -0.1-2.7 deg [selfoff foot 1]  grid 0.33-2.33, enclosure 0.33-2.33 deg
    reach: arm (1,1) 0.6-3.4 deg [selfoff foot 0]  grid 1.00-3.00, enclosure 1.00-3.00 deg
    reach: arm (1,-1) grid 16.33-35.67, enclosure - deg  REFUSED: arm (1,-1): stopping event changes between cells (0,0,0)-(1,0,0): cross|r1|0:r0 vs cross|a1|0:r1
    reach: arm (2,1) grid 7.33-14.00, enclosure 7.00-14.33 deg  REFUSED: arm (2,1): foot 0 meets two lines 0.3402 deg apart inside the box (circles 3 and 4), within one 0.333-degree substep: the sampling phase, not the geometry, decides whether the swing stops there
    reach: arm (2,-1) 2.9-12.4 deg [selfoff foot 1]  grid 3.33-12.00, enclosure 3.33-12.00 deg
cell 91 (depth 7, victim half-widths 0.125/0.125/0.500u): refused -- reach envelope: arm (0,1): stopping event changes between cells (0,0,0)-(1,0,0): cross|r1|1:r0 vs cross|a1|1:r1; arm (1,-1): stopping event changes between cell
cell 92 (depth 7, victim half-widths 0.125/0.250/0.250u): centre [37.6039,-3.2612,1.8896,50.3037,9.7592,-0.8915]
    reach: arm (0,1) 16.9-19.1 deg [cross a1 foot 1 at r1]  grid 17.33-18.67, enclosure 17.33-18.67 deg
    reach: arm (0,-1) -0.1-2.1 deg [selfoff foot 1]  grid 0.33-1.67, enclosure 0.33-1.67 deg
    reach: arm (1,1) 1.6-3.7 deg [selfoff foot 0]  grid 2.00-3.33, enclosure 2.00-3.33 deg
    reach: arm (1,-1) 15.3-17.1 deg [cross a1 foot 0 at r1]  grid 15.67-16.67, enclosure 15.67-16.67 deg
    reach: arm (2,1) grid 11.33-16.00, enclosure 11.00-16.00 deg  REFUSED: arm (2,1): foot 0 meets two lines 0.3595 deg apart inside the box (circles 3 and 4), within one 0.333-degree substep: the sampling phase, not the geometry, decides whether the swing stops there
    reach: arm (2,-1) 2.3-10.1 deg [selfoff foot 1]  grid 2.67-9.67, enclosure 2.67-9.67 deg
cell 92 (depth 7, victim half-widths 0.125/0.250/0.250u): split on the victim's y axis (refused: reach envelope: arm (2,1): foot 0 meets two lines 0.3595 deg apart inside the box (circles 3 and 4), within on)
cell 93 (depth 7, victim half-widths 0.125/0.250/0.250u): centre [37.6039,-3.2612,1.8896,50.3037,9.7592,-0.8698]
    reach: arm (0,1) 16.3-18.4 deg [cross a1 foot 1 at r1]  grid 16.67-18.00, enclosure 16.67-18.00 deg
    reach: arm (0,-1) 0.3-2.4 deg [selfoff foot 1]  grid 0.67-2.00, enclosure 0.67-2.00 deg
    reach: arm (1,1) 0.9-3.1 deg [selfoff foot 0]  grid 1.33-2.67, enclosure 1.33-2.67 deg
    reach: arm (1,-1) 15.6-17.7 deg [cross a1 foot 0 at r1]  grid 16.00-17.33, enclosure 16.00-17.33 deg
    reach: arm (2,1) grid 9.00-14.00, enclosure 9.00-14.00 deg  REFUSED: arm (2,1): foot 0 meets two lines 0.2345 deg apart inside the box (circles 4 and 3), within one 0.333-degree substep: the sampling phase, not the geometry, decides whether the swing stops there
    reach: arm (2,-1) 4.6-12.4 deg [selfoff foot 1]  grid 5.00-12.00, enclosure 5.00-12.00 deg
cell 93 (depth 7, victim half-widths 0.125/0.250/0.250u): split on the victim's y axis (refused: reach envelope: arm (2,1): foot 0 meets two lines 0.2345 deg apart inside the box (circles 4 and 3), within on)
cell 94 (depth 7, victim half-widths 0.125/0.250/0.250u): centre [37.6039,-3.2612,1.8896,50.3037,10.2592,-0.8915]
    reach: arm (0,1) 17.3-19.4 deg [cross a1 foot 1 at r1]  grid 17.67-19.00, enclosure 17.67-19.00 deg
    reach: arm (0,-1) -0.4-1.7 deg [selfoff foot 1]  grid 0.00-1.33, enclosure 0.00-1.33 deg
    reach: arm (1,1) 1.6-3.7 deg [selfoff foot 0]  grid 2.00-3.33, enclosure 2.00-3.33 deg
    reach: arm (1,-1) 14.9-17.1 deg [cross a1 foot 0 at r1]  grid 15.33-16.67, enclosure 15.33-16.67 deg
    reach: arm (2,1) grid 11.33-15.67, enclosure 11.00-16.00 deg  REFUSED: arm (2,1): foot 0 meets two lines 0.3324 deg apart inside the box (circles 3 and 4), within one 0.333-degree substep: the sampling phase, not the geometry, decides whether the swing stops there
    reach: arm (2,-1) 0.3-8.1 deg [selfoff foot 1]  grid 0.67-7.67, enclosure 0.67-7.67 deg
cell 94 (depth 7, victim half-widths 0.125/0.250/0.250u): split on the victim's y axis (refused: reach envelope: arm (2,1): foot 0 meets two lines 0.3324 deg apart inside the box (circles 3 and 4), within on)
cell 95 (depth 7, victim half-widths 0.125/0.250/0.250u): centre [37.6039,-3.2612,1.8896,50.3037,10.2592,-0.8698]
    reach: arm (0,1) 16.6-18.7 deg [cross a1 foot 1 at r1]  grid 17.00-18.33, enclosure 17.00-18.33 deg
    reach: arm (0,-1) -0.1-2.1 deg [selfoff foot 1]  grid 0.33-1.67, enclosure 0.33-1.67 deg
    reach: arm (1,1) 1.3-3.1 deg [selfoff foot 0]  grid 1.67-2.67, enclosure 1.67-2.67 deg
    reach: arm (1,-1) 15.6-17.7 deg [cross a1 foot 0 at r1]  grid 16.00-17.33, enclosure 16.00-17.33 deg
    reach: arm (2,1) grid 9.33-13.67, enclosure 9.00-14.00 deg  REFUSED: arm (2,1): foot 0 meets two lines 0.2701 deg apart inside the box (circles 3 and 4), within one 0.333-degree substep: the sampling phase, not the geometry, decides whether the swing stops there
    reach: arm (2,-1) 2.6-10.4 deg [selfoff foot 1]  grid 3.00-10.00, enclosure 3.00-10.00 deg
cell 95 (depth 7, victim half-widths 0.125/0.250/0.250u): split on the victim's y axis (refused: reach envelope: arm (2,1): foot 0 meets two lines 0.2701 deg apart inside the box (circles 3 and 4), within on)
cell 96 (depth 7, victim half-widths 0.125/0.250/0.250u): centre [37.6039,-3.2612,1.8896,50.3037,9.7592,-0.8482]
    reach: arm (0,1) 15.6-18.1 deg [cross a1 foot 1 at r1]  grid 16.00-17.67, enclosure 16.00-17.67 deg
    reach: arm (0,-1) 0.9-3.1 deg [selfoff foot 1]  grid 1.33-2.67, enclosure 1.33-2.67 deg
    reach: arm (1,1) 0.6-2.7 deg [selfoff foot 0]  grid 1.00-2.33, enclosure 1.00-2.33 deg
    reach: arm (1,-1) 16.3-18.4 deg [cross a1 foot 0 at r1]  grid 16.67-18.00, enclosure 16.67-18.00 deg
    reach: arm (2,1) grid 6.67-11.67, enclosure 6.67-12.00 deg  REFUSED: arm (2,1): foot 0 meets two lines 0.3590 deg apart inside the box (circles 3 and 4), within one 0.333-degree substep: the sampling phase, not the geometry, decides whether the swing stops there
    reach: arm (2,-1) 7.3-14.7 deg [selfoff foot 1]  grid 7.67-14.33, enclosure 7.67-14.33 deg
cell 96 (depth 7, victim half-widths 0.125/0.250/0.250u): split on the victim's y axis (refused: reach envelope: arm (2,1): foot 0 meets two lines 0.3590 deg apart inside the box (circles 3 and 4), within on)
cell 97 (depth 7, victim half-widths 0.125/0.250/0.250u): centre [37.6039,-3.2612,1.8896,50.3037,9.7592,-0.8265]
    reach: arm (0,1) 15.3-17.4 deg [cross a1 foot 1 at r1]  grid 15.67-17.00, enclosure 15.67-17.00 deg
    reach: arm (0,-1) 1.3-3.4 deg [selfoff foot 1]  grid 1.67-3.00, enclosure 1.67-3.00 deg
    reach: arm (1,1) -0.1-2.1 deg [selfoff foot 0]  grid 0.33-1.67, enclosure 0.33-1.67 deg
    reach: arm (1,-1) 16.6-18.7 deg [cross a1 foot 0 at r1]  grid 17.00-18.33, enclosure 17.00-18.33 deg
    reach: arm (2,1) grid 4.33-9.33, enclosure 4.00-9.67 deg  REFUSED: arm (2,1): foot 0 meets two lines 0.3590 deg apart inside the box (circles 3 and 4), within one 0.333-degree substep: the sampling phase, not the geometry, decides whether the swing stops there
    reach: arm (2,-1) 9.3-16.4 deg [selfoff foot 1]  grid 9.67-16.00, enclosure 9.67-16.00 deg
cell 97 (depth 7, victim half-widths 0.125/0.250/0.250u): split on the victim's y axis (refused: reach envelope: arm (2,1): foot 0 meets two lines 0.3590 deg apart inside the box (circles 3 and 4), within on)
cell 98 (depth 7, victim half-widths 0.125/0.250/0.250u): centre [37.6039,-3.2612,1.8896,50.3037,10.2592,-0.8482]
    reach: arm (0,1) 16.3-18.4 deg [cross a1 foot 1 at r1]  grid 16.67-18.00, enclosure 16.67-18.00 deg
    reach: arm (0,-1) 0.6-2.7 deg [selfoff foot 1]  grid 1.00-2.33, enclosure 1.00-2.33 deg
    reach: arm (1,1) 0.6-2.7 deg [selfoff foot 0]  grid 1.00-2.33, enclosure 1.00-2.33 deg
    reach: arm (1,-1) 15.9-18.1 deg [cross a1 foot 0 at r1]  grid 16.33-17.67, enclosure 16.33-17.67 deg
    reach: arm (2,1) grid 7.00-11.67, enclosure 6.67-12.00 deg  REFUSED: arm (2,1): foot 0 meets two lines 0.3364 deg apart inside the box (circles 3 and 4), within one 0.333-degree substep: the sampling phase, not the geometry, decides whether the swing stops there
    reach: arm (2,-1) 5.3-12.7 deg [selfoff foot 1]  grid 5.67-12.33, enclosure 5.67-12.33 deg
cell 98 (depth 7, victim half-widths 0.125/0.250/0.250u): split on the victim's y axis (refused: reach envelope: arm (2,1): foot 0 meets two lines 0.3364 deg apart inside the box (circles 3 and 4), within on)
cell 99 (depth 7, victim half-widths 0.125/0.250/0.250u): centre [37.6039,-3.2612,1.8896,50.3037,10.2592,-0.8265]
    reach: arm (0,1) 15.6-17.7 deg [cross a1 foot 1 at r1]  grid 16.00-17.33, enclosure 16.00-17.33 deg
    reach: arm (0,-1) 0.9-3.1 deg [selfoff foot 1]  grid 1.33-2.67, enclosure 1.33-2.67 deg
    reach: arm (1,1) 0.3-2.1 deg [selfoff foot 0]  grid 0.67-1.67, enclosure 0.67-1.67 deg
    reach: arm (1,-1) 16.6-18.7 deg [cross a1 foot 0 at r1]  grid 17.00-18.33, enclosure 17.00-18.33 deg
    reach: arm (2,1) grid 4.67-9.33, enclosure 4.33-9.67 deg  REFUSED: arm (2,1): foot 0 meets two lines 0.3492 deg apart inside the box (circles 3 and 4), within one 0.333-degree substep: the sampling phase, not the geometry, decides whether the swing stops there
    reach: arm (2,-1) 7.6-14.7 deg [selfoff foot 1]  grid 8.00-14.33, enclosure 8.00-14.33 deg
cell 99 (depth 7, victim half-widths 0.125/0.250/0.250u): split on the victim's y axis (refused: reach envelope: arm (2,1): foot 0 meets two lines 0.3492 deg apart inside the box (circles 3 and 4), within on)
cell 100 (depth 7, victim half-widths 0.125/0.250/0.250u): centre [37.6039,-3.2612,1.8896,50.3037,11.2592,-0.8915]
    reach: arm (0,1) grid 18.33-38.33, enclosure - deg  REFUSED: arm (0,1): stopping event changes between cells (0,0,1)-(1,0,1): cross|r1|1:r0 vs cross|a1|1:r1
    reach: arm (0,-1) grid 0.00-0.33, enclosure - deg  REFUSED: arm (0,-1): the stopping event's angle wraps a full turn inside the box (sub-box 0,6,0)
    reach: arm (1,1) 1.9-3.7 deg [selfoff a1 foot 0]  grid 2.33-3.33, enclosure 2.33-3.33 deg
    reach: arm (1,-1) grid 15.67-35.33, enclosure - deg  REFUSED: arm (1,-1): stopping event changes between cells (0,0,1)-(1,0,1): cross|r1|0:r0 vs cross|a1|0:r1
    reach: arm (2,1) grid 11.33-15.33, enclosure 11.00-15.67 deg  REFUSED: arm (2,1): foot 0 meets two lines 0.3455 deg apart inside the box (circles 3 and 4), within one 0.333-degree substep: the sampling phase, not the geometry, decides whether the swing stops there
    reach: arm (2,-1) grid 0.00-3.33, enclosure - deg  REFUSED: arm (2,-1): the stopping event's angle wraps a full turn inside the box (sub-box 0,4,0)
cell 100 (depth 7, victim half-widths 0.125/0.250/0.250u): refused -- reach envelope: arm (0,1): stopping event changes between cells (0,0,1)-(1,0,1): cross|r1|1:r0 vs cross|a1|1:r1; arm (0,-1): the stopping event's angle wraps a 
cell 101 (depth 7, victim half-widths 0.125/0.250/0.250u): centre [37.6039,-3.2612,1.8896,50.3037,11.2592,-0.8698]
    reach: arm (0,1) grid 18.00-38.00, enclosure - deg  REFUSED: arm (0,1): stopping event changes between cells (0,3,0)-(0,4,0): cross|a1|1:r1 vs cross|r1|1:r0
    reach: arm (0,-1) -0.4-1.4 deg [selfoff foot 1]  grid 0.00-1.00, enclosure 0.00-1.00 deg
    reach: arm (1,1) 1.3-3.4 deg [selfoff foot 0]  grid 1.67-3.00, enclosure 1.67-3.00 deg
    reach: arm (1,-1) grid 16.00-35.33, enclosure - deg  REFUSED: arm (1,-1): stopping event changes between cells (0,3,0)-(0,4,0): cross|a1|0:r1 vs cross|r1|0:r0
    reach: arm (2,1) grid 9.33-13.33, enclosure 9.00-13.67 deg  REFUSED: arm (2,1): foot 0 meets two lines 0.3664 deg apart inside the box (circles 3 and 4), within one 0.333-degree substep: the sampling phase, not the geometry, decides whether the swing stops there
    reach: arm (2,-1) -0.4-6.4 deg [selfoff foot 1]  grid 0.00-6.00, enclosure 0.00-6.00 deg
cell 101 (depth 7, victim half-widths 0.125/0.250/0.250u): split on the victim's y axis (refused: reach envelope: arm (0,1): stopping event changes between cells (0,3,0)-(0,4,0): cross|a1|1:r1 vs cross|r1|1:r)
cell 102 (depth 7, victim half-widths 0.125/0.250/0.250u): centre [37.6039,-3.2612,1.8896,50.3037,11.2592,-0.8482]
    reach: arm (0,1) 16.9-19.1 deg [cross a1 foot 1 at r1]  grid 17.33-18.67, enclosure 17.33-18.67 deg
    reach: arm (0,-1) -0.4-2.1 deg [selfoff foot 1]  grid 0.00-1.67, enclosure 0.00-1.67 deg
    reach: arm (1,1) 0.9-2.7 deg [selfoff foot 0]  grid 1.33-2.33, enclosure 1.33-2.33 deg
    reach: arm (1,-1) 15.9-18.1 deg [cross a1 foot 0 at r1]  grid 16.33-17.67, enclosure 16.33-17.67 deg
    reach: arm (2,1) grid 7.33-11.67, enclosure 7.00-11.67 deg  REFUSED: arm (2,1): foot 0 meets two lines 0.1769 deg apart inside the box (circles 4 and 3), within one 0.333-degree substep: the sampling phase, not the geometry, decides whether the swing stops there
    reach: arm (2,-1) 1.3-8.7 deg [selfoff foot 1]  grid 1.67-8.33, enclosure 1.67-8.33 deg
cell 102 (depth 7, victim half-widths 0.125/0.250/0.250u): split on the victim's y axis (refused: reach envelope: arm (2,1): foot 0 meets two lines 0.1769 deg apart inside the box (circles 4 and 3), within on)
cell 103 (depth 7, victim half-widths 0.125/0.250/0.250u): centre [37.6039,-3.2612,1.8896,50.3037,11.2592,-0.8265]
    reach: arm (0,1) 16.3-18.4 deg [cross a1 foot 1 at r1]  grid 16.67-18.00, enclosure 16.67-18.00 deg
    reach: arm (0,-1) 0.3-2.4 deg [selfoff foot 1]  grid 0.67-2.00, enclosure 0.67-2.00 deg
    reach: arm (1,1) 0.3-2.4 deg [selfoff foot 0]  grid 0.67-2.00, enclosure 0.67-2.00 deg
    reach: arm (1,-1) 16.6-18.4 deg [cross a1 foot 0 at r1]  grid 17.00-18.00, enclosure 17.00-18.00 deg
    reach: arm (2,1) grid 5.00-9.33, enclosure 4.67-9.67 deg  REFUSED: arm (2,1): foot 0 meets two lines 0.3531 deg apart inside the box (circles 3 and 4), within one 0.333-degree substep: the sampling phase, not the geometry, decides whether the swing stops there
    reach: arm (2,-1) 3.6-11.1 deg [selfoff foot 1]  grid 4.00-10.67, enclosure 4.00-10.67 deg
cell 103 (depth 7, victim half-widths 0.125/0.250/0.250u): split on the victim's y axis (refused: reach envelope: arm (2,1): foot 0 meets two lines 0.3531 deg apart inside the box (circles 3 and 4), within on)
cell 104 (depth 7, victim half-widths 0.125/0.250/0.250u): centre [37.6039,-3.2612,1.8896,50.8037,9.7592,-0.8915]
    reach: arm (0,1) 17.6-19.7 deg [cross a1 foot 1 at r1]  grid 18.00-19.33, enclosure 18.00-19.33 deg
    reach: arm (0,-1) -0.4-1.4 deg [selfoff foot 1]  grid 0.00-1.00, enclosure 0.00-1.00 deg
    reach: arm (1,1) 0.9-2.7 deg [selfoff foot 0]  grid 1.33-2.33, enclosure 1.33-2.33 deg
    reach: arm (1,-1) 15.9-17.7 deg [cross a1 foot 0 at r1]  grid 16.33-17.33, enclosure 16.33-17.33 deg
    reach: arm (2,1) grid 7.00-11.00, enclosure 6.67-11.33 deg  REFUSED: arm (2,1): foot 0 meets two lines 0.3592 deg apart inside the box (circles 3 and 4), within one 0.333-degree substep: the sampling phase, not the geometry, decides whether the swing stops there
    reach: arm (2,-1) grid 0.00-5.00, enclosure - deg  REFUSED: arm (2,-1): the stopping event's angle wraps a full turn inside the box (sub-box 7,7,0)
cell 104 (depth 7, victim half-widths 0.125/0.250/0.250u): split on the victim's y axis (refused: reach envelope: arm (2,1): foot 0 meets two lines 0.3592 deg apart inside the box (circles 3 and 4), within on)
cell 105 (depth 7, victim half-widths 0.125/0.250/0.250u): centre [37.6039,-3.2612,1.8896,50.8037,9.7592,-0.8698]
    reach: arm (0,1) 16.9-19.1 deg [cross a1 foot 1 at r1]  grid 17.33-18.67, enclosure 17.33-18.67 deg
    reach: arm (0,-1) -0.4-1.7 deg [selfoff foot 1]  grid 0.00-1.33, enclosure 0.00-1.33 deg
    reach: arm (1,1) 0.3-2.4 deg [selfoff foot 0]  grid 0.67-2.00, enclosure 0.67-2.00 deg
    reach: arm (1,-1) 16.3-18.4 deg [cross a1 foot 0 at r1]  grid 16.67-18.00, enclosure 16.67-18.00 deg
    reach: arm (2,1) grid 4.67-9.00, enclosure 4.67-9.33 deg  REFUSED: arm (2,1): foot 0 meets two lines 0.3041 deg apart inside the box (circles 4 and 3), within one 0.333-degree substep: the sampling phase, not the geometry, decides whether the swing stops there
    reach: arm (2,-1) 0.9-8.1 deg [selfoff foot 1]  grid 1.33-7.67, enclosure 1.33-7.67 deg
cell 105 (depth 7, victim half-widths 0.125/0.250/0.250u): split on the victim's y axis (refused: reach envelope: arm (2,1): foot 0 meets two lines 0.3041 deg apart inside the box (circles 4 and 3), within on)
cell 106 (depth 7, victim half-widths 0.125/0.250/0.250u): centre [37.6039,-3.2612,1.8896,50.8037,10.2592,-0.8915]
    reach: arm (0,1) 17.9-20.1 deg [cross a1 foot 1 at r1]  grid 18.33-19.67, enclosure 18.33-19.67 deg
    reach: arm (0,-1) grid 0.00-0.33, enclosure - deg  REFUSED: arm (0,-1): the stopping event's angle wraps a full turn inside the box (sub-box 1,7,0)
    reach: arm (1,1) 0.9-3.1 deg [selfoff foot 0]  grid 1.33-2.67, enclosure 1.33-2.67 deg
    reach: arm (1,-1) 15.6-17.7 deg [cross a1 foot 0 at r1]  grid 16.00-17.33, enclosure 16.00-17.33 deg
    reach: arm (2,1) grid 7.00-11.00, enclosure 7.00-11.33 deg  REFUSED: arm (2,1): foot 0 meets two lines 0.3636 deg apart inside the box (circles 3 and 4), within one 0.333-degree substep: the sampling phase, not the geometry, decides whether the swing stops there
    reach: arm (2,-1) grid 0.00-3.33, enclosure - deg  REFUSED: arm (2,-1): the stopping event's angle wraps a full turn inside the box (sub-box 0,6,0)
cell 106 (depth 7, victim half-widths 0.125/0.250/0.250u): split on the victim's y axis (refused: reach envelope: arm (0,-1): the stopping event's angle wraps a full turn inside the box (sub-box 1,7,0); arm ()
cell 107 (depth 7, victim half-widths 0.125/0.250/0.250u): centre [37.6039,-3.2612,1.8896,50.8037,10.2592,-0.8698]
    reach: arm (0,1) 17.3-19.4 deg [cross a1 foot 1 at r1]  grid 17.67-19.00, enclosure 17.67-19.00 deg
    reach: arm (0,-1) -0.4-1.4 deg [selfoff foot 1]  grid 0.00-1.00, enclosure 0.00-1.00 deg
    reach: arm (1,1) 0.3-2.4 deg [selfoff foot 0]  grid 0.67-2.00, enclosure 0.67-2.00 deg
    reach: arm (1,-1) 16.3-18.4 deg [cross a1 foot 0 at r1]  grid 16.67-18.00, enclosure 16.67-18.00 deg
    reach: arm (2,1) grid 5.00-9.33, enclosure 4.67-9.33 deg  REFUSED: arm (2,1): foot 0 meets two lines 0.0251 deg apart inside the box (circles 4 and 3), within one 0.333-degree substep: the sampling phase, not the geometry, decides whether the swing stops there
    reach: arm (2,-1) -0.4-6.1 deg [selfoff foot 1]  grid 0.00-5.67, enclosure 0.00-5.67 deg
cell 107 (depth 7, victim half-widths 0.125/0.250/0.250u): split on the victim's y axis (refused: reach envelope: arm (2,1): foot 0 meets two lines 0.0251 deg apart inside the box (circles 4 and 3), within on)
cell 108 (depth 7, victim half-widths 0.125/0.250/0.250u): centre [37.6039,-3.2612,1.8896,50.8037,10.7592,-0.8915]
    reach: arm (0,1) 18.3-20.4 deg [cross a1 foot 1 at r1]  grid 18.67-20.00, enclosure 18.67-20.00 deg
    reach: arm (0,-1) grid 0.00-0.00, enclosure - deg  REFUSED: arm (0,-1): the stopping event's angle wraps a full turn inside the box (sub-box 0,0,0)
    reach: arm (1,1) 0.9-3.1 deg [selfoff foot 0]  grid 1.33-2.67, enclosure 1.33-2.67 deg
    reach: arm (1,-1) 15.6-17.7 deg [cross a1 foot 0 at r1]  grid 16.00-17.33, enclosure 16.00-17.33 deg
    reach: arm (2,1) grid 7.67-10.33, enclosure 7.00-11.33 deg  REFUSED: arm (2,1): foot 0 meets two lines 0.3602 deg apart inside the box (circles 3 and 4), within one 0.333-degree substep: the sampling phase, not the geometry, decides whether the swing stops there
    reach: arm (2,-1) grid 0.00-1.33, enclosure - deg  REFUSED: arm (2,-1): the stopping event's angle wraps a full turn inside the box (sub-box 0,0,0)
cell 108 (depth 7, victim half-widths 0.125/0.250/0.250u): split on the victim's y axis (refused: reach envelope: arm (0,-1): the stopping event's angle wraps a full turn inside the box (sub-box 0,0,0); arm ()
cell 109 (depth 7, victim half-widths 0.125/0.250/0.250u): centre [37.6039,-3.2612,1.8896,50.8037,10.7592,-0.8698]
    reach: arm (0,1) 17.6-19.7 deg [cross a1 foot 1 at r1]  grid 18.00-19.33, enclosure 18.00-19.33 deg
    reach: arm (0,-1) grid 0.00-0.67, enclosure - deg  REFUSED: arm (0,-1): the stopping event's angle wraps a full turn inside the box (sub-box 4,7,0)
    reach: arm (1,1) 0.6-2.4 deg [selfoff foot 0]  grid 1.00-2.00, enclosure 1.00-2.00 deg
    reach: arm (1,-1) 16.3-18.1 deg [cross a1 foot 0 at r1]  grid 16.67-17.67, enclosure 16.67-17.67 deg
    reach: arm (2,1) grid 5.33-9.33, enclosure 5.00-9.33 deg  REFUSED: arm (2,1): foot 0 meets two lines 0.3581 deg apart inside the box (circles 3 and 4), within one 0.333-degree substep: the sampling phase, not the geometry, decides whether the swing stops there
    reach: arm (2,-1) grid 0.00-3.67, enclosure - deg  REFUSED: arm (2,-1): the stopping event's angle wraps a full turn inside the box (sub-box 2,7,0)
cell 109 (depth 7, victim half-widths 0.125/0.250/0.250u): split on the victim's y axis (refused: reach envelope: arm (0,-1): the stopping event's angle wraps a full turn inside the box (sub-box 4,7,0); arm ()
cell 110 (depth 7, victim half-widths 0.125/0.250/0.250u): centre [37.6039,-3.2612,1.8896,50.8037,11.2592,-0.8915]
cell 110 (depth 7, victim half-widths 0.125/0.250/0.250u): offboard -- every grid pose has a victim foot over the rim at the start
cell 111 (depth 7, victim half-widths 0.125/0.250/0.250u): centre [37.6039,-3.2612,1.8896,50.8037,11.2592,-0.8698]
    reach: arm (0,1) 17.9-20.1 deg [cross a1 foot 1 at r1]  grid 18.33-19.67, enclosure 18.33-19.67 deg
    reach: arm (0,-1) grid 0.00-0.33, enclosure - deg  REFUSED: arm (0,-1): the stopping event's angle wraps a full turn inside the box (sub-box 0,3,0)
    reach: arm (1,1) 0.6-2.7 deg [selfoff foot 0]  grid 1.00-2.33, enclosure 1.00-2.33 deg
    reach: arm (1,-1) 15.9-18.1 deg [cross a1 foot 0 at r1]  grid 16.33-17.67, enclosure 16.33-17.67 deg
    reach: arm (2,1) grid 5.33-8.67, enclosure 5.33-9.67 deg  REFUSED: arm (2,1): foot 0 meets two lines 0.3441 deg apart inside the box (circles 3 and 4), within one 0.333-degree substep: the sampling phase, not the geometry, decides whether the swing stops there
    reach: arm (2,-1) grid 0.00-2.00, enclosure - deg  REFUSED: arm (2,-1): the stopping event's angle wraps a full turn inside the box (sub-box 0,1,0)
cell 111 (depth 7, victim half-widths 0.125/0.250/0.250u): split on the victim's y axis (refused: reach envelope: arm (0,-1): the stopping event's angle wraps a full turn inside the box (sub-box 0,3,0); arm ()
cell 112 (depth 7, victim half-widths 0.125/0.500/0.125u): centre [37.6039,-3.2612,1.8896,50.8037,10.0092,-0.8319]
    reach: arm (0,1) grid 16.67-37.33, enclosure - deg  REFUSED: arm (0,1): stopping event changes between cells (0,4,4)-(1,4,4): cross|a1|2:a1 vs cross|a1,r1|1:r0
    reach: arm (0,-1) 0.3-2.7 deg [selfoff foot 1]  grid 0.67-2.33, enclosure 0.67-2.33 deg
    reach: arm (1,1) -0.4-1.4 deg [selfoff foot 0]  grid 0.00-1.00, enclosure 0.00-1.00 deg
    reach: arm (1,-1) 17.3-19.1 deg [cross a1 foot 0 at r1]  grid 17.67-18.67, enclosure 17.67-18.67 deg
    reach: arm (2,1) 0.6-5.7 deg [selfoff foot 0]  grid 1.00-5.33, enclosure 1.00-5.33 deg
    reach: arm (2,-1) 3.9-11.1 deg [selfoff foot 1]  grid 4.33-10.67, enclosure 4.33-10.67 deg
cell 112 (depth 7, victim half-widths 0.125/0.500/0.125u): refused -- reach envelope: arm (0,1): stopping event changes between cells (0,4,4)-(1,4,4): cross|a1|2:a1 vs cross|a1,r1|1:r0
cell 113 (depth 7, victim half-widths 0.125/0.500/0.125u): centre [37.6039,-3.2612,1.8896,50.8037,10.0092,-0.8211]
    reach: arm (0,1) grid 16.33-37.00, enclosure - deg  REFUSED: arm (0,1): stopping event changes between cells (0,0,2)-(0,0,3): cross|a1|2:a1 vs cross|a1,r1|1:r0
    reach: arm (0,-1) 0.6-2.7 deg [selfoff foot 1]  grid 1.00-2.33, enclosure 1.00-2.33 deg
    reach: arm (1,1) -0.4-1.1 deg [selfoff foot 0]  grid 0.00-0.67, enclosure 0.00-0.67 deg
    reach: arm (1,-1) 17.6-19.4 deg [cross a1 foot 0 at r1]  grid 18.00-19.00, enclosure 18.00-19.00 deg
    reach: arm (2,1) -0.4-4.4 deg [selfoff foot 0]  grid 0.00-4.00, enclosure 0.00-4.00 deg
    reach: arm (2,-1) 4.9-12.1 deg [selfoff foot 1]  grid 5.33-11.67, enclosure 5.33-11.67 deg
cell 113 (depth 7, victim half-widths 0.125/0.500/0.125u): refused -- reach envelope: arm (0,1): stopping event changes between cells (0,0,2)-(0,0,3): cross|a1|2:a1 vs cross|a1,r1|1:r0
cell 114 (depth 7, victim half-widths 0.125/0.250/0.250u): centre [37.6039,-3.2612,1.8896,51.0537,9.7592,-0.8915]
    reach: arm (0,1) 17.6-20.1 deg [cross a1 foot 1 at r1]  grid 18.00-19.67, enclosure 18.00-19.67 deg
    reach: arm (0,-1) grid 0.00-0.67, enclosure - deg  REFUSED: arm (0,-1): the stopping event's angle wraps a full turn inside the box (sub-box 2,7,0)
    reach: arm (1,1) 0.6-2.4 deg [selfoff foot 0]  grid 1.00-2.00, enclosure 1.00-2.00 deg
    reach: arm (1,-1) 16.3-18.4 deg [cross a1 foot 0 at r1]  grid 16.67-18.00, enclosure 16.67-18.00 deg
    reach: arm (2,1) 4.6-9.7 deg [selfoff foot 0]  grid 5.00-9.33, enclosure 5.00-9.33 deg
    reach: arm (2,-1) grid 0.00-3.33, enclosure - deg  REFUSED: arm (2,-1): the stopping event's angle wraps a full turn inside the box (sub-box 0,6,0)
cell 114 (depth 7, victim half-widths 0.125/0.250/0.250u): split on the victim's y axis (refused: reach envelope: arm (0,-1): the stopping event's angle wraps a full turn inside the box (sub-box 2,7,0); arm ()
cell 115 (depth 7, victim half-widths 0.125/0.250/0.250u): centre [37.6039,-3.2612,1.8896,51.0537,9.7592,-0.8698]
    reach: arm (0,1) 17.3-19.4 deg [cross a1 foot 1 at r1]  grid 17.67-19.00, enclosure 17.67-19.00 deg
    reach: arm (0,-1) -0.4-1.4 deg [selfoff foot 1]  grid 0.00-1.00, enclosure 0.00-1.00 deg
    reach: arm (1,1) -0.1-2.1 deg [selfoff foot 0]  grid 0.33-1.67, enclosure 0.33-1.67 deg
    reach: arm (1,-1) 16.6-18.7 deg [cross a1 foot 0 at r1]  grid 17.00-18.33, enclosure 17.00-18.33 deg
    reach: arm (2,1) 2.3-7.7 deg [selfoff foot 0]  grid 2.67-7.33, enclosure 2.67-7.33 deg
    reach: arm (2,-1) -0.4-6.1 deg [selfoff foot 1]  grid 0.00-5.67, enclosure 0.00-5.67 deg
    3/27: [37.604,-3.261,1.89,50.929,9.759,-0.881] dead W=1.04 accept=2.03  (3s)
    6/27: [37.604,-3.261,1.89,50.929,9.759,-0.87] dead W=0.87 accept=1.78  (4s)
    9/27: [37.604,-3.261,1.89,50.929,10.009,-0.859] dead W=0.86 accept=2.30  (5s)
    12/27: [37.604,-3.261,1.89,51.054,9.509,-0.859] dead W=0.81 accept=2.02  (5s)
    15/27: [37.604,-3.261,1.89,51.054,10.009,-0.881] dead W=1.14 accept=2.15  (6s)
    18/27: [37.604,-3.261,1.89,51.054,10.009,-0.859] dead W=0.90 accept=2.23  (7s)
    21/27: [37.604,-3.261,1.89,51.179,9.509,-0.859] dead W=0.88 accept=1.97  (7s)
    22/27: [37.604,-3.261,1.89,51.179,10.009,-0.881] offboard a victim foot is over the rim at the start: not a position  (7s)
    24/27: [37.604,-3.261,1.89,51.179,9.759,-0.87] dead W=0.99 accept=2.05  (7s)
    27/27: [37.604,-3.261,1.89,51.179,10.009,-0.859] dead W=0.95 accept=1.59  (8s)
    round 1: 34 pairs refused, 34 midpoints to certify (step 0.063u)
    4/34: [37.604,-3.261,1.89,50.991,9.509,-0.87] dead W=0.83 accept=2.03  (9s)
    8/34: [37.604,-3.261,1.89,50.929,9.759,-0.864] dead W=0.88 accept=2.06  (10s)
    12/34: [37.604,-3.261,1.89,50.991,10.009,-0.87] dead W=0.99 accept=2.23  (11s)
    16/34: [37.604,-3.261,1.89,51.116,9.509,-0.87] dead W=0.91 accept=1.95  (12s)
    20/34: [37.604,-3.261,1.89,51.116,9.759,-0.881] dead W=1.13 accept=2.02  (12s)
    24/34: [37.604,-3.261,1.89,51.054,9.759,-0.864] dead W=0.89 accept=2.16  (13s)
    28/34: [37.604,-3.261,1.89,51.179,9.634,-0.87] dead W=1.02 accept=2.02  (14s)
    32/34: [37.604,-3.261,1.89,51.179,9.759,-0.864] dead W=0.97 accept=2.09  (15s)
    round 2: 26 pairs refused, 26 midpoints to certify (step 0.063u)
    3/26: [37.604,-3.261,1.89,50.929,9.509,-0.873] dead W=0.82 accept=1.93  (17s)
    6/26: [37.604,-3.261,1.89,51.054,9.697,-0.881] dead W=1.09 accept=2.03  (18s)
    9/26: [37.604,-3.261,1.89,51.054,9.759,-0.878] dead W=1.08 accept=1.99  (19s)
    12/26: [37.604,-3.261,1.89,51.054,9.509,-0.862] dead W=0.85 accept=1.99  (19s)
    15/26: [37.604,-3.261,1.89,51.054,9.759,-0.862] dead W=0.84 accept=2.19  (20s)
    18/26: [37.604,-3.261,1.89,51.054,10.009,-0.862] dead W=0.94 accept=2.23  (21s)
    21/26: [37.604,-3.261,1.89,51.179,9.759,-0.873] dead W=1.02 accept=2.02  (21s)
    24/26: [37.604,-3.261,1.89,51.179,9.759,-0.867] dead W=0.94 accept=2.08  (21s)
cell 115 (depth 7, victim half-widths 0.125/0.250/0.250u): dead (86 poses, 4980 gaps, 0 slivers, 40 probed gaps, 3 rim pairs, 100% of the leaf on the board, min accepted 0.03u)
cell 116 (depth 7, victim half-widths 0.125/0.250/0.250u): centre [37.6039,-3.2612,1.8896,51.0537,10.2592,-0.8915]
    reach: arm (0,1) 18.3-20.4 deg [cross a1 foot 1 at r1]  grid 18.67-20.00, enclosure 18.67-20.00 deg
    reach: arm (0,-1) grid 0.00-0.00, enclosure - deg  REFUSED: arm (0,-1): the stopping event's angle wraps a full turn inside the box (sub-box 0,0,0)
    reach: arm (1,1) 0.6-2.7 deg [selfoff foot 0]  grid 1.00-2.33, enclosure 1.00-2.33 deg
    reach: arm (1,-1) 15.9-18.1 deg [cross a1 foot 0 at r1]  grid 16.33-17.67, enclosure 16.33-17.67 deg
    reach: arm (2,1) 4.6-9.7 deg [selfoff foot 0]  grid 5.00-9.33, enclosure 5.00-9.33 deg
    reach: arm (2,-1) grid 0.00-1.33, enclosure - deg  REFUSED: arm (2,-1): the stopping event's angle wraps a full turn inside the box (sub-box 0,0,0)
cell 116 (depth 7, victim half-widths 0.125/0.250/0.250u): split on the victim's y axis (refused: reach envelope: arm (0,-1): the stopping event's angle wraps a full turn inside the box (sub-box 0,0,0); arm ()
cell 117 (depth 7, victim half-widths 0.125/0.250/0.250u): centre [37.6039,-3.2612,1.8896,51.0537,10.2592,-0.8698]
    reach: arm (0,1) 17.6-19.7 deg [cross a1 foot 1 at r1]  grid 18.00-19.33, enclosure 18.00-19.33 deg
    reach: arm (0,-1) grid 0.00-0.67, enclosure - deg  REFUSED: arm (0,-1): the stopping event's angle wraps a full turn inside the box (sub-box 5,7,0)
    reach: arm (1,1) -0.1-2.1 deg [selfoff foot 0]  grid 0.33-1.67, enclosure 0.33-1.67 deg
    reach: arm (1,-1) 16.6-18.7 deg [cross a1 foot 0 at r1]  grid 17.00-18.33, enclosure 17.00-18.33 deg
    reach: arm (2,1) 2.6-7.7 deg [selfoff foot 0]  grid 3.00-7.33, enclosure 3.00-7.33 deg
    reach: arm (2,-1) grid 0.00-3.67, enclosure - deg  REFUSED: arm (2,-1): the stopping event's angle wraps a full turn inside the box (sub-box 3,7,0)
cell 117 (depth 7, victim half-widths 0.125/0.250/0.250u): split on the victim's y axis (refused: reach envelope: arm (0,-1): the stopping event's angle wraps a full turn inside the box (sub-box 5,7,0); arm ()
cell 118 (depth 7, victim half-widths 0.125/0.250/0.250u): centre [37.6039,-3.2612,1.8896,51.0537,10.7592,-0.8915]
cell 118 (depth 7, victim half-widths 0.125/0.250/0.250u): offboard -- every grid pose has a victim foot over the rim at the start
cell 119 (depth 7, victim half-widths 0.125/0.250/0.250u): centre [37.6039,-3.2612,1.8896,51.0537,10.7592,-0.8698]
    reach: arm (0,1) 17.9-20.1 deg [cross a1 foot 1 at r1]  grid 18.33-19.67, enclosure 18.33-19.67 deg
    reach: arm (0,-1) grid 0.00-0.33, enclosure - deg  REFUSED: arm (0,-1): the stopping event's angle wraps a full turn inside the box (sub-box 0,3,0)
    reach: arm (1,1) -0.1-2.1 deg [selfoff foot 0]  grid 0.33-1.67, enclosure 0.33-1.67 deg
    reach: arm (1,-1) 16.6-18.7 deg [cross a1 foot 0 at r1]  grid 17.00-18.33, enclosure 17.00-18.33 deg
    reach: arm (2,1) 2.9-8.1 deg [selfoff foot 0]  grid 3.33-7.67, enclosure 3.33-7.67 deg
    reach: arm (2,-1) grid 0.00-2.00, enclosure - deg  REFUSED: arm (2,-1): the stopping event's angle wraps a full turn inside the box (sub-box 0,1,0)
cell 119 (depth 7, victim half-widths 0.125/0.250/0.250u): split on the victim's y axis (refused: reach envelope: arm (0,-1): the stopping event's angle wraps a full turn inside the box (sub-box 0,3,0); arm ()
cell 120 (depth 7, victim half-widths 0.125/0.250/0.250u): centre [37.6039,-3.2612,1.8896,51.0537,11.2592,-0.8915]
cell 120 (depth 7, victim half-widths 0.125/0.250/0.250u): offboard -- every grid pose has a victim foot over the rim at the start
cell 121 (depth 7, victim half-widths 0.125/0.250/0.250u): centre [37.6039,-3.2612,1.8896,51.0537,11.2592,-0.8698]
    reach: arm (0,1) 18.3-20.4 deg [cross a1 foot 1 at r1]  grid 18.67-20.00, enclosure 18.67-20.00 deg
    reach: arm (0,-1) grid 0.00-0.00, enclosure - deg  REFUSED: arm (0,-1): the stopping event's angle wraps a full turn inside the box (sub-box 0,0,0)
    reach: arm (1,1) 0.3-2.1 deg [selfoff foot 0]  grid 0.67-1.67, enclosure 0.67-1.67 deg
    reach: arm (1,-1) 16.3-18.4 deg [cross a1 foot 0 at r1]  grid 16.67-18.00, enclosure 16.67-18.00 deg
    reach: arm (2,1) 2.9-8.1 deg [selfoff foot 0]  grid 3.33-7.67, enclosure 3.33-7.67 deg
    reach: arm (2,-1) grid 0.00-0.33, enclosure - deg  REFUSED: arm (2,-1): the stopping event's angle wraps a full turn inside the box (sub-box 0,0,0)
cell 121 (depth 7, victim half-widths 0.125/0.250/0.250u): split on the victim's y axis (refused: reach envelope: arm (0,-1): the stopping event's angle wraps a full turn inside the box (sub-box 0,0,0); arm ()
cell 122 (depth 7, victim half-widths 0.125/0.500/0.125u): centre [37.6039,-3.2612,1.8896,51.0537,10.0092,-0.8319]
    reach: arm (0,1) grid 17.00-37.67, enclosure - deg  REFUSED: arm (0,1): stopping event changes between cells (0,0,1)-(0,0,2): cross|a1|2:a1 vs cross|a1,r1|1:r0
    reach: arm (0,-1) -0.1-2.4 deg [selfoff foot 1]  grid 0.33-2.00, enclosure 0.33-2.00 deg
    reach: arm (1,1) -0.4-1.1 deg [selfoff foot 0]  grid 0.00-0.67, enclosure 0.00-0.67 deg
    reach: arm (1,-1) 17.6-19.7 deg [cross a1 foot 0 at r1]  grid 18.00-19.33, enclosure 18.00-19.33 deg
    reach: arm (2,1) -0.4-3.7 deg [selfoff foot 0]  grid 0.00-3.33, enclosure 0.00-3.33 deg
    reach: arm (2,-1) 2.3-9.1 deg [selfoff foot 1]  grid 2.67-8.67, enclosure 2.67-8.67 deg
cell 122 (depth 7, victim half-widths 0.125/0.500/0.125u): refused -- reach envelope: arm (0,1): stopping event changes between cells (0,0,1)-(0,0,2): cross|a1|2:a1 vs cross|a1,r1|1:r0
cell 123 (depth 7, victim half-widths 0.125/0.500/0.125u): centre [37.6039,-3.2612,1.8896,51.0537,11.0092,-0.8319]
    reach: arm (0,1) grid 18.00-38.33, enclosure - deg  REFUSED: arm (0,1): stopping event changes between cells (0,0,0)-(1,0,0): cross|a1|2:a1 vs cross|a1,r1|1:r0
    reach: arm (0,-1) -0.4-1.4 deg [selfoff foot 1]  grid 0.00-1.00, enclosure 0.00-1.00 deg
    reach: arm (1,1) -0.4-1.1 deg [selfoff foot 0]  grid 0.00-0.67, enclosure 0.00-0.67 deg
    reach: arm (1,-1) 17.6-19.4 deg [cross a1 foot 0 at r1]  grid 18.00-19.00, enclosure 18.00-19.00 deg
    reach: arm (2,1) -0.4-4.1 deg [selfoff foot 0]  grid 0.00-3.67, enclosure 0.00-3.67 deg
    reach: arm (2,-1) -0.4-5.7 deg [selfoff foot 1]  grid 0.00-5.33, enclosure 0.00-5.33 deg
cell 123 (depth 7, victim half-widths 0.125/0.500/0.125u): refused -- reach envelope: arm (0,1): stopping event changes between cells (0,0,0)-(1,0,0): cross|a1|2:a1 vs cross|a1,r1|1:r0
cell 124 (depth 7, victim half-widths 0.125/0.500/0.125u): centre [37.6039,-3.2612,1.8896,51.0537,10.0092,-0.8211]
    reach: arm (0,1) 35.6-38.1 deg [cross a1,r1 foot 1 at r0]  grid 36.00-37.67, enclosure 36.00-37.67 deg
    reach: arm (0,-1) 0.3-2.4 deg [selfoff foot 1]  grid 0.67-2.00, enclosure 0.67-2.00 deg
    reach: arm (1,1) grid 0.00-0.33, enclosure - deg  REFUSED: arm (1,1): the stopping event's angle wraps a full turn inside the box (sub-box 5,0,6)
    reach: arm (1,-1) 17.9-19.7 deg [cross a1 foot 0 at r1]  grid 18.33-19.33, enclosure 18.33-19.33 deg
    reach: arm (2,1) grid 0.00-2.00, enclosure - deg  REFUSED: arm (2,1): the stopping event's angle wraps a full turn inside the box (sub-box 3,0,6)
    reach: arm (2,-1) 3.3-10.1 deg [selfoff foot 1]  grid 3.67-9.67, enclosure 3.67-9.67 deg
cell 124 (depth 7, victim half-widths 0.125/0.500/0.125u): split on the victim's y axis (refused: reach envelope: arm (1,1): the stopping event's angle wraps a full turn inside the box (sub-box 5,0,6); arm (2)
cell 125 (depth 7, victim half-widths 0.125/0.500/0.125u): centre [37.6039,-3.2612,1.8896,51.0537,11.0092,-0.8211]
    reach: arm (0,1) 36.3-38.7 deg [cross a1,r1 foot 1 at r0]  grid 36.67-38.33, enclosure 36.67-38.33 deg
    reach: arm (0,-1) -0.4-1.7 deg [selfoff foot 1]  grid 0.00-1.33, enclosure 0.00-1.33 deg
    reach: arm (1,1) -0.4-1.1 deg [selfoff foot 0]  grid 0.00-0.67, enclosure 0.00-0.67 deg
    reach: arm (1,-1) 17.9-19.7 deg [cross a1 foot 0 at r1]  grid 18.33-19.33, enclosure 18.33-19.33 deg
    reach: arm (2,1) grid 0.00-2.33, enclosure - deg  REFUSED: arm (2,1): the stopping event's angle wraps a full turn inside the box (sub-box 6,0,7)
    reach: arm (2,-1) -0.1-6.7 deg [selfoff foot 1]  grid 0.33-6.33, enclosure 0.33-6.33 deg
cell 125 (depth 7, victim half-widths 0.125/0.500/0.125u): split on the victim's y axis (refused: reach envelope: arm (2,1): the stopping event's angle wraps a full turn inside the box (sub-box 6,0,7))
cell 126 (depth 7, victim half-widths 0.125/0.500/0.125u): centre [37.6039,-3.2612,1.8896,51.3037,10.0092,-0.8536]
    reach: arm (0,1) grid 17.67-38.33, enclosure - deg  REFUSED: arm (0,1): stopping event changes between cells (0,1,4)-(1,1,4): cross|a1|2:a1 vs cross|a1,r1|1:r0
    reach: arm (0,-1) -0.4-1.4 deg [selfoff foot 1]  grid 0.00-1.00, enclosure 0.00-1.00 deg
    reach: arm (1,1) -0.4-1.1 deg [selfoff foot 0]  grid 0.00-0.67, enclosure 0.00-0.67 deg
    reach: arm (1,-1) 17.6-19.4 deg [cross a1 foot 0 at r1]  grid 18.00-19.00, enclosure 18.00-19.00 deg
    reach: arm (2,1) -0.4-4.1 deg [selfoff foot 0]  grid 0.00-3.67, enclosure 0.00-3.67 deg
    reach: arm (2,-1) grid 0.00-4.67, enclosure - deg  REFUSED: arm (2,-1): the stopping event's angle wraps a full turn inside the box (sub-box 7,7,0)
cell 126 (depth 7, victim half-widths 0.125/0.500/0.125u): refused -- reach envelope: arm (0,1): stopping event changes between cells (0,1,4)-(1,1,4): cross|a1|2:a1 vs cross|a1,r1|1:r0; arm (2,-1): the stopping event's angle wraps
cell 127 (depth 7, victim half-widths 0.125/0.500/0.125u): centre [37.6039,-3.2612,1.8896,51.3037,10.0092,-0.8428]
    reach: arm (0,1) grid 17.67-38.33, enclosure - deg  REFUSED: arm (0,1): stopping event changes between cells (0,0,1)-(1,0,1): cross|a1|2:a1 vs cross|a1,r1|1:r0
    reach: arm (0,-1) -0.4-1.7 deg [selfoff foot 1]  grid 0.00-1.33, enclosure 0.00-1.33 deg
    reach: arm (1,1) grid 0.00-0.33, enclosure - deg  REFUSED: arm (1,1): the stopping event's angle wraps a full turn inside the box (sub-box 7,0,7)
    reach: arm (1,-1) 17.9-19.7 deg [cross a1 foot 0 at r1]  grid 18.33-19.33, enclosure 18.33-19.33 deg
    reach: arm (2,1) grid 0.00-2.33, enclosure - deg  REFUSED: arm (2,1): the stopping event's angle wraps a full turn inside the box (sub-box 5,0,7)
    reach: arm (2,-1) -0.4-6.4 deg [selfoff foot 1]  grid 0.00-6.00, enclosure 0.00-6.00 deg
cell 127 (depth 7, victim half-widths 0.125/0.500/0.125u): refused -- reach envelope: arm (0,1): stopping event changes between cells (0,0,1)-(1,0,1): cross|a1|2:a1 vs cross|a1,r1|1:r0; arm (1,1): the stopping event's angle wraps 
cell 128 (depth 7, victim half-widths 0.125/0.250/0.250u): centre [37.6039,-3.2612,1.8896,51.3037,9.7592,-0.8265]
    reach: arm (0,1) 35.9-38.1 deg [cross a1,r1 foot 1 at r0]  grid 36.33-37.67, enclosure 36.33-37.67 deg
    reach: arm (0,-1) -0.1-2.1 deg [selfoff foot 1]  grid 0.33-1.67, enclosure 0.33-1.67 deg
    reach: arm (1,1) grid 0.00-0.00, enclosure - deg  REFUSED: arm (1,1): the stopping event's angle wraps a full turn inside the box (sub-box 0,0,5)
    reach: arm (1,-1) 18.3-20.1 deg [cross a1 foot 0 at r1]  grid 18.67-19.67, enclosure 18.67-19.67 deg
    reach: arm (2,1) grid 0.00-1.00, enclosure - deg  REFUSED: arm (2,1): the stopping event's angle wraps a full turn inside the box (sub-box 0,0,3)
    reach: arm (2,-1) 2.3-8.4 deg [selfoff foot 1]  grid 2.67-8.00, enclosure 2.67-8.00 deg
cell 128 (depth 7, victim half-widths 0.125/0.250/0.250u): split on the victim's y axis (refused: reach envelope: arm (1,1): the stopping event's angle wraps a full turn inside the box (sub-box 0,0,5); arm (2)
cell 129 (depth 7, victim half-widths 0.125/0.250/0.250u): centre [37.6039,-3.2612,1.8896,51.3037,10.2592,-0.8265]
    reach: arm (0,1) 36.3-38.4 deg [cross a1,r1 foot 1 at r0]  grid 36.67-38.00, enclosure 36.67-38.00 deg
    reach: arm (0,-1) -0.4-1.7 deg [selfoff foot 1]  grid 0.00-1.33, enclosure 0.00-1.33 deg
    reach: arm (1,1) grid 0.00-0.00, enclosure - deg  REFUSED: arm (1,1): the stopping event's angle wraps a full turn inside the box (sub-box 0,0,6)
    reach: arm (1,-1) 17.9-20.1 deg [cross a1 foot 0 at r1]  grid 18.33-19.67, enclosure 18.33-19.67 deg
    reach: arm (2,1) grid 0.00-1.33, enclosure - deg  REFUSED: arm (2,1): the stopping event's angle wraps a full turn inside the box (sub-box 0,0,5)
    reach: arm (2,-1) 0.6-6.7 deg [selfoff foot 1]  grid 1.00-6.33, enclosure 1.00-6.33 deg
cell 129 (depth 7, victim half-widths 0.125/0.250/0.250u): split on the victim's y axis (refused: reach envelope: arm (1,1): the stopping event's angle wraps a full turn inside the box (sub-box 0,0,6); arm (2)
cell 130 (depth 7, victim half-widths 0.125/0.250/0.250u): centre [37.6039,-3.2612,1.8896,51.3037,10.7592,-0.8265]
    reach: arm (0,1) 36.6-39.1 deg [cross a1,r1 foot 1 at r0]  grid 37.00-38.67, enclosure 37.00-38.67 deg
    reach: arm (0,-1) -0.4-1.4 deg [selfoff foot 1]  grid 0.00-1.00, enclosure 0.00-1.00 deg
    reach: arm (1,1) grid 0.00-0.33, enclosure - deg  REFUSED: arm (1,1): the stopping event's angle wraps a full turn inside the box (sub-box 1,0,7)
    reach: arm (1,-1) 17.9-20.1 deg [cross a1 foot 0 at r1]  grid 18.33-19.67, enclosure 18.33-19.67 deg
    reach: arm (2,1) grid 0.00-1.33, enclosure - deg  REFUSED: arm (2,1): the stopping event's angle wraps a full turn inside the box (sub-box 0,0,6)
    reach: arm (2,-1) -0.4-5.4 deg [selfoff foot 1]  grid 0.00-5.00, enclosure 0.00-5.00 deg
cell 130 (depth 7, victim half-widths 0.125/0.250/0.250u): split on the victim's y axis (refused: reach envelope: arm (1,1): the stopping event's angle wraps a full turn inside the box (sub-box 1,0,7); arm (2)
cell 131 (depth 7, victim half-widths 0.125/0.250/0.250u): centre [37.6039,-3.2612,1.8896,51.3037,11.2592,-0.8265]
    reach: arm (0,1) 36.9-39.4 deg [cross a1,r1 foot 1 at r0]  grid 37.33-39.00, enclosure 37.33-39.00 deg
    reach: arm (0,-1) grid 0.00-0.33, enclosure - deg  REFUSED: arm (0,-1): the stopping event's angle wraps a full turn inside the box (sub-box 3,7,0)
    reach: arm (1,1) grid 0.00-0.33, enclosure - deg  REFUSED: arm (1,1): the stopping event's angle wraps a full turn inside the box (sub-box 2,0,7)
    reach: arm (1,-1) 17.9-20.1 deg [cross a1 foot 0 at r1]  grid 18.33-19.67, enclosure 18.33-19.67 deg
    reach: arm (2,1) grid 0.00-1.67, enclosure - deg  REFUSED: arm (2,1): the stopping event's angle wraps a full turn inside the box (sub-box 0,0,7)
    reach: arm (2,-1) grid 0.00-2.33, enclosure - deg  REFUSED: arm (2,-1): the stopping event's angle wraps a full turn inside the box (sub-box 1,7,0)
cell 131 (depth 7, victim half-widths 0.125/0.250/0.250u): split on the victim's y axis (refused: reach envelope: arm (0,-1): the stopping event's angle wraps a full turn inside the box (sub-box 3,7,0); arm ()
cell 132 (depth 8, victim half-widths 0.125/0.250/0.125u): centre [37.6039,-3.2612,1.8896,49.5537,9.7592,-0.8752]
    reach: arm (0,1) 34.9-36.7 deg [cross r1 foot 1 at r0]  grid 35.33-36.33, enclosure 35.33-36.33 deg
    reach: arm (0,-1) 1.3-3.4 deg [selfoff foot 1]  grid 1.67-3.00, enclosure 1.67-3.00 deg
    reach: arm (1,1) 2.6-4.1 deg [selfoff a1 foot 0]  grid 3.00-3.67, enclosure 3.00-3.67 deg
    reach: arm (1,-1) 33.9-35.7 deg [cross r1 foot 0 at r0]  grid 34.33-35.33, enclosure 34.33-35.33 deg
    reach: arm (2,1) 18.3-27.1 deg [selfoff a1 foot 0]  grid 18.67-26.67, enclosure 18.67-26.67 deg
    reach: arm (2,-1) 12.6-23.4 deg [selfoff foot 1]  grid 13.00-23.00, enclosure 13.00-23.00 deg
    3/27: [37.604,-3.261,1.89,49.429,9.509,-0.875] dead W=0.84 accept=0.36  (8s)
    6/27: [37.604,-3.261,1.89,49.429,10.009,-0.881] dead W=0.83 accept=0.65  (10s)
    9/27: [37.604,-3.261,1.89,49.554,9.509,-0.881] dead W=0.82 accept=0.50  (13s)
    12/27: [37.604,-3.261,1.89,49.554,9.509,-0.87] dead W=0.73 accept=0.37  (15s)
    15/27: [37.604,-3.261,1.89,49.554,9.759,-0.87] dead W=0.85 accept=0.48  (15s)
    18/27: [37.604,-3.261,1.89,49.554,10.009,-0.87] dead W=0.97 accept=0.54  (17s)
    21/27: [37.604,-3.261,1.89,49.679,9.509,-0.87] dead W=0.84 accept=0.60  (19s)
    24/27: [37.604,-3.261,1.89,49.679,9.759,-0.87] dead W=0.81 accept=0.86  (21s)
    27/27: [37.604,-3.261,1.89,49.679,10.009,-0.87] dead W=0.82 accept=0.89  (21s)
    round 1: 38 pairs refused, 38 midpoints to certify (step 0.063u)
    4/38: [37.604,-3.261,1.89,49.429,9.634,-0.881] dead W=0.80 accept=0.55  (24s)
    8/38: [37.604,-3.261,1.89,49.429,9.634,-0.87] dead W=0.82 accept=0.82  (28s)
    12/38: [37.604,-3.261,1.89,49.491,9.759,-0.87] dead W=0.84 accept=0.33  (30s)
    16/38: [37.604,-3.261,1.89,49.491,10.009,-0.875] dead W=0.82 accept=0.73  (32s)
    20/38: [37.604,-3.261,1.89,49.616,9.509,-0.875] dead W=0.82 accept=0.61  (34s)
    24/38: [37.604,-3.261,1.89,49.616,9.759,-0.881] dead W=0.88 accept=1.01  (36s)
    28/38: [37.604,-3.261,1.89,49.616,10.009,-0.881] dead W=0.90 accept=1.25  (38s)
    32/38: [37.604,-3.261,1.89,49.616,10.009,-0.87] dead W=1.01 accept=0.86  (40s)
    36/38: [37.604,-3.261,1.89,49.679,9.634,-0.87] dead W=0.91 accept=0.63  (42s)
    round 2: 15 pairs refused, 15 midpoints to certify (step 0.063u)
    1/15: [37.604,-3.261,1.89,49.429,9.697,-0.875] dead W=0.86 accept=0.39  (47s)
    2/15: [37.604,-3.261,1.89,49.429,9.572,-0.875] dead W=0.85 accept=0.34  (47s)
    3/15: [37.604,-3.261,1.89,49.429,9.697,-0.881] dead W=0.81 accept=0.74  (47s)
    4/15: [37.604,-3.261,1.89,49.429,9.947,-0.881] dead W=0.83 accept=0.70  (49s)
    5/15: [37.604,-3.261,1.89,49.429,9.572,-0.87] dead W=0.71 accept=1.23  (49s)
    6/15: [37.604,-3.261,1.89,49.554,9.572,-0.881] dead W=0.84 accept=0.79  (49s)
    7/15: [37.604,-3.261,1.89,49.429,9.822,-0.87] dead W=0.82 accept=0.50  (49s)
    8/15: [37.604,-3.261,1.89,49.554,9.697,-0.875] dead W=0.97 accept=0.50  (51s)
    9/15: [37.604,-3.261,1.89,49.554,9.697,-0.87] dead W=0.81 accept=0.44  (51s)
    10/15: [37.604,-3.261,1.89,49.554,9.822,-0.881] dead W=0.85 accept=0.81  (51s)
    11/15: [37.604,-3.261,1.89,49.554,9.947,-0.875] dead W=0.80 accept=1.00  (51s)
    12/15: [37.604,-3.261,1.89,49.679,9.572,-0.875] dead W=0.83 accept=0.89  (53s)
    13/15: [37.604,-3.261,1.89,49.679,9.697,-0.87] dead W=0.92 accept=0.59  (53s)
    14/15: [37.604,-3.261,1.89,49.679,9.822,-0.881] dead W=0.93 accept=1.20  (53s)
    15/15: [37.604,-3.261,1.89,49.679,9.947,-0.875] dead W=0.88 accept=0.99  (53s)
cell 132 (depth 8, victim half-widths 0.125/0.250/0.125u): dead (80 poses, 10880 gaps, 26 slivers, 17 probed gaps, min accepted 0.03u)
cell 133 (depth 8, victim half-widths 0.125/0.250/0.125u): centre [37.6039,-3.2612,1.8896,49.5537,9.7592,-0.8644]
    reach: arm (0,1) 34.6-36.4 deg [cross r1 foot 1 at r0]  grid 35.00-36.00, enclosure 35.00-36.00 deg
    reach: arm (0,-1) 1.6-3.4 deg [selfoff foot 1]  grid 2.00-3.00, enclosure 2.00-3.00 deg
    reach: arm (1,1) 2.3-4.1 deg [selfoff a1 foot 0]  grid 2.67-3.67, enclosure 2.67-3.67 deg
    reach: arm (1,-1) 34.3-36.1 deg [cross r1 foot 0 at r0]  grid 34.67-35.67, enclosure 34.67-35.67 deg
    reach: arm (2,1) 17.3-26.4 deg [selfoff a1 foot 0]  grid 17.67-26.00, enclosure 17.67-26.00 deg
    reach: arm (2,-1) 13.9-24.7 deg [selfoff foot 1]  grid 14.33-24.33, enclosure 14.33-24.33 deg
    3/27: [37.604,-3.261,1.89,49.429,9.509,-0.864] dead W=0.56 accept=1.10  (10s)
    6/27: [37.604,-3.261,1.89,49.429,10.009,-0.87] dead W=0.92 accept=0.51  (12s)
    9/27: [37.604,-3.261,1.89,49.554,9.509,-0.87] dead W=0.75 accept=0.29  (15s)
    12/27: [37.604,-3.261,1.89,49.554,9.759,-0.87] dead W=0.84 accept=0.52  (17s)
    15/27: [37.604,-3.261,1.89,49.554,10.009,-0.87] dead W=0.97 accept=0.57  (19s)
    18/27: [37.604,-3.261,1.89,49.554,10.009,-0.859] dead W=0.83 accept=0.41  (20s)
    21/27: [37.604,-3.261,1.89,49.679,9.509,-0.859] unresolved W=0.89 accept=0.89 reply (1,-1) 28.5-28.9deg: no single arc certifies the gap (best min margin 1.48u) even at the engin  (22s)
    24/27: [37.604,-3.261,1.89,49.679,9.759,-0.859] dead W=0.82 accept=0.41  (23s)
    27/27: [37.604,-3.261,1.89,49.679,10.009,-0.859] dead W=0.86 accept=0.59  (25s)
cell 133 (depth 8, victim half-widths 0.125/0.250/0.125u): split on the victim's y axis (unresolved: grid pose [37.6039,-3.2612,1.8896,49.6787,9.5092,-0.859] is unresolved: reply (1,-1) 28.5-28.9deg: no single a)
cell 134 (depth 8, victim half-widths 0.125/0.125/0.250u): centre [37.6039,-3.2612,1.8896,50.0537,9.6342,-0.8698]
    reach: arm (0,1) 15.9-18.1 deg [cross a1 foot 1 at r1]  grid 16.33-17.67, enclosure 16.33-17.67 deg
    reach: arm (0,-1) 0.9-2.7 deg [selfoff foot 1]  grid 1.33-2.33, enclosure 1.33-2.33 deg
    reach: arm (1,1) 1.6-3.4 deg [selfoff foot 0]  grid 2.00-3.00, enclosure 2.00-3.00 deg
    reach: arm (1,-1) 15.3-17.4 deg [cross a1 foot 0 at r1]  grid 15.67-17.00, enclosure 15.67-17.00 deg
    reach: arm (2,1) grid 11.67-17.00, enclosure 11.67-17.00 deg  REFUSED: arm (2,1): foot 0 meets two lines 0.3427 deg apart inside the box (circles 3 and 4), within one 0.333-degree substep: the sampling phase, not the geometry, decides whether the swing stops there
    reach: arm (2,-1) 7.9-15.4 deg [selfoff foot 1]  grid 8.33-15.00, enclosure 8.33-15.00 deg
cell 134 (depth 8, victim half-widths 0.125/0.125/0.250u): split on the victim's rot axis (refused: reach envelope: arm (2,1): foot 0 meets two lines 0.3427 deg apart inside the box (circles 3 and 4), within on)
cell 135 (depth 8, victim half-widths 0.125/0.125/0.250u): centre [37.6039,-3.2612,1.8896,50.0537,9.8842,-0.8698]
    reach: arm (0,1) 16.3-18.1 deg [cross a1 foot 1 at r1]  grid 16.67-17.67, enclosure 16.67-17.67 deg
    reach: arm (0,-1) 0.6-2.7 deg [selfoff foot 1]  grid 1.00-2.33, enclosure 1.00-2.33 deg
    reach: arm (1,1) 1.6-3.4 deg [selfoff foot 0]  grid 2.00-3.00, enclosure 2.00-3.00 deg
    reach: arm (1,-1) 15.3-17.4 deg [cross a1 foot 0 at r1]  grid 15.67-17.00, enclosure 15.67-17.00 deg
    reach: arm (2,1) grid 11.67-16.67, enclosure 11.67-17.00 deg  REFUSED: arm (2,1): foot 0 meets two lines 0.3330 deg apart inside the box (circles 3 and 4), within one 0.333-degree substep: the sampling phase, not the geometry, decides whether the swing stops there
    reach: arm (2,-1) 6.9-14.1 deg [selfoff foot 1]  grid 7.33-13.67, enclosure 7.33-13.67 deg
cell 135 (depth 8, victim half-widths 0.125/0.125/0.250u): split on the victim's rot axis (refused: reach envelope: arm (2,1): foot 0 meets two lines 0.3330 deg apart inside the box (circles 3 and 4), within on)
cell 136 (depth 8, victim half-widths 0.125/0.125/0.250u): centre [37.6039,-3.2612,1.8896,50.0537,10.1342,-0.8698]
    reach: arm (0,1) grid 17.00-37.00, enclosure - deg  REFUSED: arm (0,1): stopping event changes between cells (0,0,0)-(0,1,0): cross|a1|1:r1 vs cross|r1|1:r0
    reach: arm (0,-1) 0.6-2.4 deg [selfoff foot 1]  grid 1.00-2.00, enclosure 1.00-2.00 deg
    reach: arm (1,1) 1.6-3.4 deg [selfoff foot 0]  grid 2.00-3.00, enclosure 2.00-3.00 deg
    reach: arm (1,-1) grid 16.00-35.33, enclosure - deg  REFUSED: arm (1,-1): stopping event changes between cells (0,0,0)-(0,1,0): cross|a1|0:r1 vs cross|r1|0:r0
    reach: arm (2,1) grid 11.67-16.67, enclosure 11.33-16.67 deg  REFUSED: arm (2,1): foot 0 meets two lines 0.3500 deg apart inside the box (circles 3 and 4), within one 0.333-degree substep: the sampling phase, not the geometry, decides whether the swing stops there
    reach: arm (2,-1) 5.9-13.1 deg [selfoff foot 1]  grid 6.33-12.67, enclosure 6.33-12.67 deg
cell 136 (depth 8, victim half-widths 0.125/0.125/0.250u): refused -- reach envelope: arm (0,1): stopping event changes between cells (0,0,0)-(0,1,0): cross|a1|1:r1 vs cross|r1|1:r0; arm (1,-1): stopping event changes between cell
cell 137 (depth 8, victim half-widths 0.125/0.125/0.250u): centre [37.6039,-3.2612,1.8896,50.0537,10.3842,-0.8698]
    reach: arm (0,1) grid 17.00-37.00, enclosure - deg  REFUSED: arm (0,1): stopping event changes between cells (0,0,0)-(1,0,0): cross|r1|1:r0 vs cross|a1|1:r1
    reach: arm (0,-1) 0.3-2.4 deg [selfoff foot 1]  grid 0.67-2.00, enclosure 0.67-2.00 deg
    reach: arm (1,1) 1.6-3.4 deg [selfoff foot 0]  grid 2.00-3.00, enclosure 2.00-3.00 deg
    reach: arm (1,-1) grid 16.00-35.33, enclosure - deg  REFUSED: arm (1,-1): stopping event changes between cells (0,0,0)-(1,0,0): cross|r1|0:r0 vs cross|a1|0:r1
    reach: arm (2,1) grid 11.67-16.33, enclosure 11.33-16.67 deg  REFUSED: arm (2,1): foot 0 meets two lines 0.3047 deg apart inside the box (circles 3 and 4), within one 0.333-degree substep: the sampling phase, not the geometry, decides whether the swing stops there
    reach: arm (2,-1) 4.9-12.1 deg [selfoff foot 1]  grid 5.33-11.67, enclosure 5.33-11.67 deg
cell 137 (depth 8, victim half-widths 0.125/0.125/0.250u): refused -- reach envelope: arm (0,1): stopping event changes between cells (0,0,0)-(1,0,0): cross|r1|1:r0 vs cross|a1|1:r1; arm (1,-1): stopping event changes between cell
cell 138 (depth 8, victim half-widths 0.125/0.125/0.250u): centre [37.6039,-3.2612,1.8896,50.0537,9.6342,-0.8482]
    reach: arm (0,1) 15.6-17.4 deg [cross a1 foot 1 at r1]  grid 16.00-17.00, enclosure 16.00-17.00 deg
    reach: arm (0,-1) 1.3-3.4 deg [selfoff foot 1]  grid 1.67-3.00, enclosure 1.67-3.00 deg
    reach: arm (1,1) 0.9-3.1 deg [selfoff foot 0]  grid 1.33-2.67, enclosure 1.33-2.67 deg
    reach: arm (1,-1) 15.9-17.7 deg [cross a1 foot 0 at r1]  grid 16.33-17.33, enclosure 16.33-17.33 deg
    reach: arm (2,1) grid 9.33-14.67, enclosure 9.33-15.00 deg  REFUSED: arm (2,1): foot 0 meets two lines 0.3471 deg apart inside the box (circles 3 and 4), within one 0.333-degree substep: the sampling phase, not the geometry, decides whether the swing stops there
    reach: arm (2,-1) 10.3-17.4 deg [selfoff foot 1]  grid 10.67-17.00, enclosure 10.67-17.00 deg
cell 138 (depth 8, victim half-widths 0.125/0.125/0.250u): split on the victim's rot axis (refused: reach envelope: arm (2,1): foot 0 meets two lines 0.3471 deg apart inside the box (circles 3 and 4), within on)
cell 139 (depth 8, victim half-widths 0.125/0.125/0.250u): centre [37.6039,-3.2612,1.8896,50.0537,9.8842,-0.8482]
    reach: arm (0,1) 15.6-17.7 deg [cross a1 foot 1 at r1]  grid 16.00-17.33, enclosure 16.00-17.33 deg
    reach: arm (0,-1) 1.3-3.1 deg [selfoff foot 1]  grid 1.67-2.67, enclosure 1.67-2.67 deg
    reach: arm (1,1) 0.9-3.1 deg [selfoff foot 0]  grid 1.33-2.67, enclosure 1.33-2.67 deg
    reach: arm (1,-1) 15.9-17.7 deg [cross a1 foot 0 at r1]  grid 16.33-17.33, enclosure 16.33-17.33 deg
    reach: arm (2,1) grid 9.33-14.67, enclosure 9.33-15.00 deg  REFUSED: arm (2,1): foot 0 meets two lines 0.3579 deg apart inside the box (circles 3 and 4), within one 0.333-degree substep: the sampling phase, not the geometry, decides whether the swing stops there
    reach: arm (2,-1) 9.3-16.4 deg [selfoff foot 1]  grid 9.67-16.00, enclosure 9.67-16.00 deg
cell 139 (depth 8, victim half-widths 0.125/0.125/0.250u): split on the victim's rot axis (refused: reach envelope: arm (2,1): foot 0 meets two lines 0.3579 deg apart inside the box (circles 3 and 4), within on)
cell 140 (depth 8, victim half-widths 0.125/0.125/0.250u): centre [37.6039,-3.2612,1.8896,50.0537,9.6342,-0.8265]
    reach: arm (0,1) 14.9-17.1 deg [cross a1 foot 1 at r1]  grid 15.33-16.67, enclosure 15.33-16.67 deg
    reach: arm (0,-1) 1.9-3.7 deg [selfoff foot 1]  grid 2.33-3.33, enclosure 2.33-3.33 deg
    reach: arm (1,1) 0.6-2.4 deg [selfoff foot 0]  grid 1.00-2.00, enclosure 1.00-2.00 deg
    reach: arm (1,-1) 16.6-18.4 deg [cross a1 foot 0 at r1]  grid 17.00-18.00, enclosure 17.00-18.00 deg
    reach: arm (2,1) grid 6.67-12.33, enclosure 6.67-12.67 deg  REFUSED: arm (2,1): foot 0 meets two lines 0.3279 deg apart inside the box (circles 3 and 4), within one 0.333-degree substep: the sampling phase, not the geometry, decides whether the swing stops there
    reach: arm (2,-1) 12.6-19.4 deg [selfoff foot 1]  grid 13.00-19.00, enclosure 13.00-19.00 deg
cell 140 (depth 8, victim half-widths 0.125/0.125/0.250u): split on the victim's rot axis (refused: reach envelope: arm (2,1): foot 0 meets two lines 0.3279 deg apart inside the box (circles 3 and 4), within on)
cell 141 (depth 8, victim half-widths 0.125/0.125/0.250u): centre [37.6039,-3.2612,1.8896,50.0537,9.8842,-0.8265]
    reach: arm (0,1) 14.9-17.1 deg [cross a1 foot 1 at r1]  grid 15.33-16.67, enclosure 15.33-16.67 deg
    reach: arm (0,-1) 1.6-3.7 deg [selfoff foot 1]  grid 2.00-3.33, enclosure 2.00-3.33 deg
    reach: arm (1,1) 0.6-2.4 deg [selfoff foot 0]  grid 1.00-2.00, enclosure 1.00-2.00 deg
    reach: arm (1,-1) 16.3-18.4 deg [cross a1 foot 0 at r1]  grid 16.67-18.00, enclosure 16.67-18.00 deg
    reach: arm (2,1) grid 7.00-12.33, enclosure 6.67-12.67 deg  REFUSED: arm (2,1): foot 0 meets two lines 0.3566 deg apart inside the box (circles 3 and 4), within one 0.333-degree substep: the sampling phase, not the geometry, decides whether the swing stops there
    reach: arm (2,-1) 11.6-18.4 deg [selfoff foot 1]  grid 12.00-18.00, enclosure 12.00-18.00 deg
cell 141 (depth 8, victim half-widths 0.125/0.125/0.250u): split on the victim's rot axis (refused: reach envelope: arm (2,1): foot 0 meets two lines 0.3566 deg apart inside the box (circles 3 and 4), within on)
cell 142 (depth 8, victim half-widths 0.125/0.125/0.250u): centre [37.6039,-3.2612,1.8896,50.0537,10.1342,-0.8482]
    reach: arm (0,1) 15.9-17.7 deg [cross a1 foot 1 at r1]  grid 16.33-17.33, enclosure 16.33-17.33 deg
    reach: arm (0,-1) 0.9-3.1 deg [selfoff foot 1]  grid 1.33-2.67, enclosure 1.33-2.67 deg
    reach: arm (1,1) 0.9-3.1 deg [selfoff foot 0]  grid 1.33-2.67, enclosure 1.33-2.67 deg
    reach: arm (1,-1) 15.9-17.7 deg [cross a1 foot 0 at r1]  grid 16.33-17.33, enclosure 16.33-17.33 deg
    reach: arm (2,1) grid 9.33-14.67, enclosure 9.33-14.67 deg  REFUSED: arm (2,1): foot 0 meets two lines 0.3097 deg apart inside the box (circles 3 and 4), within one 0.333-degree substep: the sampling phase, not the geometry, decides whether the swing stops there
    reach: arm (2,-1) 8.3-15.4 deg [selfoff foot 1]  grid 8.67-15.00, enclosure 8.67-15.00 deg
cell 142 (depth 8, victim half-widths 0.125/0.125/0.250u): split on the victim's rot axis (refused: reach envelope: arm (2,1): foot 0 meets two lines 0.3097 deg apart inside the box (circles 3 and 4), within on)
cell 143 (depth 8, victim half-widths 0.125/0.125/0.250u): centre [37.6039,-3.2612,1.8896,50.0537,10.3842,-0.8482]
    reach: arm (0,1) 15.9-18.1 deg [cross a1 foot 1 at r1]  grid 16.33-17.67, enclosure 16.33-17.67 deg
    reach: arm (0,-1) 0.9-2.7 deg [selfoff foot 1]  grid 1.33-2.33, enclosure 1.33-2.33 deg
    reach: arm (1,1) 0.9-3.1 deg [selfoff foot 0]  grid 1.33-2.67, enclosure 1.33-2.67 deg
    reach: arm (1,-1) 15.6-17.7 deg [cross a1 foot 0 at r1]  grid 16.00-17.33, enclosure 16.00-17.33 deg
    reach: arm (2,1) grid 9.33-14.33, enclosure 9.33-14.67 deg  REFUSED: arm (2,1): foot 0 meets two lines 0.3408 deg apart inside the box (circles 3 and 4), within one 0.333-degree substep: the sampling phase, not the geometry, decides whether the swing stops there
    reach: arm (2,-1) 7.3-14.4 deg [selfoff foot 1]  grid 7.67-14.00, enclosure 7.67-14.00 deg
cell 143 (depth 8, victim half-widths 0.125/0.125/0.250u): split on the victim's rot axis (refused: reach envelope: arm (2,1): foot 0 meets two lines 0.3408 deg apart inside the box (circles 3 and 4), within on)
cell 144 (depth 8, victim half-widths 0.125/0.125/0.250u): centre [37.6039,-3.2612,1.8896,50.0537,10.1342,-0.8265]
    reach: arm (0,1) 15.3-17.4 deg [cross a1 foot 1 at r1]  grid 15.67-17.00, enclosure 15.67-17.00 deg
    reach: arm (0,-1) 1.6-3.4 deg [selfoff foot 1]  grid 2.00-3.00, enclosure 2.00-3.00 deg
    reach: arm (1,1) 0.6-2.4 deg [selfoff foot 0]  grid 1.00-2.00, enclosure 1.00-2.00 deg
    reach: arm (1,-1) 16.3-18.4 deg [cross a1 foot 0 at r1]  grid 16.67-18.00, enclosure 16.67-18.00 deg
    reach: arm (2,1) grid 7.00-12.33, enclosure 6.67-12.33 deg  REFUSED: arm (2,1): foot 0 meets two lines 0.2374 deg apart inside the box (circles 4 and 3), within one 0.333-degree substep: the sampling phase, not the geometry, decides whether the swing stops there
    reach: arm (2,-1) 10.6-17.4 deg [selfoff foot 1]  grid 11.00-17.00, enclosure 11.00-17.00 deg
cell 144 (depth 8, victim half-widths 0.125/0.125/0.250u): split on the victim's rot axis (refused: reach envelope: arm (2,1): foot 0 meets two lines 0.2374 deg apart inside the box (circles 4 and 3), within on)
cell 145 (depth 8, victim half-widths 0.125/0.125/0.250u): centre [37.6039,-3.2612,1.8896,50.0537,10.3842,-0.8265]
    reach: arm (0,1) 15.6-17.4 deg [cross a1 foot 1 at r1]  grid 16.00-17.00, enclosure 16.00-17.00 deg
    reach: arm (0,-1) 1.3-3.4 deg [selfoff foot 1]  grid 1.67-3.00, enclosure 1.67-3.00 deg
    reach: arm (1,1) 0.6-2.4 deg [selfoff foot 0]  grid 1.00-2.00, enclosure 1.00-2.00 deg
    reach: arm (1,-1) 16.3-18.4 deg [cross a1 foot 0 at r1]  grid 16.67-18.00, enclosure 16.67-18.00 deg
    reach: arm (2,1) grid 7.00-12.33, enclosure 7.00-12.33 deg  REFUSED: arm (2,1): foot 0 meets two lines 0.0115 deg apart inside the box (circles 4 and 3), within one 0.333-degree substep: the sampling phase, not the geometry, decides whether the swing stops there
    reach: arm (2,-1) 9.6-16.4 deg [selfoff foot 1]  grid 10.00-16.00, enclosure 10.00-16.00 deg
cell 145 (depth 8, victim half-widths 0.125/0.125/0.250u): split on the victim's rot axis (refused: reach envelope: arm (2,1): foot 0 meets two lines 0.0115 deg apart inside the box (circles 4 and 3), within on)
cell 146 (depth 8, victim half-widths 0.125/0.125/0.250u): centre [37.6039,-3.2612,1.8896,50.0537,10.6342,-0.8482]
    reach: arm (0,1) 16.3-18.1 deg [cross a1 foot 1 at r1]  grid 16.67-17.67, enclosure 16.67-17.67 deg
    reach: arm (0,-1) 0.6-2.7 deg [selfoff foot 1]  grid 1.00-2.33, enclosure 1.00-2.33 deg
    reach: arm (1,1) 1.3-3.1 deg [selfoff foot 0]  grid 1.67-2.67, enclosure 1.67-2.67 deg
    reach: arm (1,-1) 15.6-17.7 deg [cross a1 foot 0 at r1]  grid 16.00-17.33, enclosure 16.00-17.33 deg
    reach: arm (2,1) grid 9.33-14.33, enclosure 9.33-14.67 deg  REFUSED: arm (2,1): foot 0 meets two lines 0.3644 deg apart inside the box (circles 3 and 4), within one 0.333-degree substep: the sampling phase, not the geometry, decides whether the swing stops there
    reach: arm (2,-1) 6.3-13.1 deg [selfoff foot 1]  grid 6.67-12.67, enclosure 6.67-12.67 deg
cell 146 (depth 8, victim half-widths 0.125/0.125/0.250u): split on the victim's rot axis (refused: reach envelope: arm (2,1): foot 0 meets two lines 0.3644 deg apart inside the box (circles 3 and 4), within on)
cell 147 (depth 8, victim half-widths 0.125/0.125/0.250u): centre [37.6039,-3.2612,1.8896,50.0537,10.8842,-0.8482]
    reach: arm (0,1) 16.3-18.4 deg [cross a1 foot 1 at r1]  grid 16.67-18.00, enclosure 16.67-18.00 deg
    reach: arm (0,-1) 0.3-2.4 deg [selfoff foot 1]  grid 0.67-2.00, enclosure 0.67-2.00 deg
    reach: arm (1,1) 1.3-3.1 deg [selfoff foot 0]  grid 1.67-2.67, enclosure 1.67-2.67 deg
    reach: arm (1,-1) 15.6-17.7 deg [cross a1 foot 0 at r1]  grid 16.00-17.33, enclosure 16.00-17.33 deg
    reach: arm (2,1) grid 9.33-14.33, enclosure 9.33-14.33 deg  REFUSED: arm (2,1): foot 0 meets two lines 0.3012 deg apart inside the box (circles 3 and 4), within one 0.333-degree substep: the sampling phase, not the geometry, decides whether the swing stops there
    reach: arm (2,-1) 5.3-12.1 deg [selfoff foot 1]  grid 5.67-11.67, enclosure 5.67-11.67 deg
cell 147 (depth 8, victim half-widths 0.125/0.125/0.250u): split on the victim's rot axis (refused: reach envelope: arm (2,1): foot 0 meets two lines 0.3012 deg apart inside the box (circles 3 and 4), within on)
cell 148 (depth 8, victim half-widths 0.125/0.125/0.250u): centre [37.6039,-3.2612,1.8896,50.0537,10.6342,-0.8265]
    reach: arm (0,1) 15.6-17.7 deg [cross a1 foot 1 at r1]  grid 16.00-17.33, enclosure 16.00-17.33 deg
    reach: arm (0,-1) 1.3-3.1 deg [selfoff foot 1]  grid 1.67-2.67, enclosure 1.67-2.67 deg
    reach: arm (1,1) 0.6-2.7 deg [selfoff foot 0]  grid 1.00-2.33, enclosure 1.00-2.33 deg
    reach: arm (1,-1) 16.3-18.1 deg [cross a1 foot 0 at r1]  grid 16.67-17.67, enclosure 16.67-17.67 deg
    reach: arm (2,1) grid 7.00-12.00, enclosure 7.00-12.33 deg  REFUSED: arm (2,1): foot 0 meets two lines 0.3105 deg apart inside the box (circles 3 and 4), within one 0.333-degree substep: the sampling phase, not the geometry, decides whether the swing stops there
    reach: arm (2,-1) 8.6-15.4 deg [selfoff foot 1]  grid 9.00-15.00, enclosure 9.00-15.00 deg
cell 148 (depth 8, victim half-widths 0.125/0.125/0.250u): split on the victim's rot axis (refused: reach envelope: arm (2,1): foot 0 meets two lines 0.3105 deg apart inside the box (circles 3 and 4), within on)
cell 149 (depth 8, victim half-widths 0.125/0.125/0.250u): centre [37.6039,-3.2612,1.8896,50.0537,10.8842,-0.8265]
    reach: arm (0,1) 15.9-17.7 deg [cross a1 foot 1 at r1]  grid 16.33-17.33, enclosure 16.33-17.33 deg
    reach: arm (0,-1) 0.9-3.1 deg [selfoff foot 1]  grid 1.33-2.67, enclosure 1.33-2.67 deg
    reach: arm (1,1) 0.6-2.7 deg [selfoff foot 0]  grid 1.00-2.33, enclosure 1.00-2.33 deg
    reach: arm (1,-1) 16.3-18.1 deg [cross a1 foot 0 at r1]  grid 16.67-17.67, enclosure 16.67-17.67 deg
    reach: arm (2,1) grid 7.00-12.00, enclosure 7.00-12.33 deg  REFUSED: arm (2,1): foot 0 meets two lines 0.3603 deg apart inside the box (circles 3 and 4), within one 0.333-degree substep: the sampling phase, not the geometry, decides whether the swing stops there
    reach: arm (2,-1) 7.6-14.4 deg [selfoff foot 1]  grid 8.00-14.00, enclosure 8.00-14.00 deg
cell 149 (depth 8, victim half-widths 0.125/0.125/0.250u): split on the victim's rot axis (refused: reach envelope: arm (2,1): foot 0 meets two lines 0.3603 deg apart inside the box (circles 3 and 4), within on)
cell 150 (depth 8, victim half-widths 0.125/0.125/0.250u): centre [37.6039,-3.2612,1.8896,50.3037,9.6342,-0.8915]
    reach: arm (0,1) 16.9-18.7 deg [cross a1 foot 1 at r1]  grid 17.33-18.33, enclosure 17.33-18.33 deg
    reach: arm (0,-1) -0.1-2.1 deg [selfoff foot 1]  grid 0.33-1.67, enclosure 0.33-1.67 deg
    reach: arm (1,1) 1.6-3.4 deg [selfoff foot 0]  grid 2.00-3.00, enclosure 2.00-3.00 deg
    reach: arm (1,-1) 15.3-17.1 deg [cross a1 foot 0 at r1]  grid 15.67-16.67, enclosure 15.67-16.67 deg
    reach: arm (2,1) grid 11.33-16.00, enclosure 11.00-16.00 deg  REFUSED: arm (2,1): foot 0 meets two lines 0.3595 deg apart inside the box (circles 3 and 4), within one 0.333-degree substep: the sampling phase, not the geometry, decides whether the swing stops there
    reach: arm (2,-1) 3.3-10.1 deg [selfoff foot 1]  grid 3.67-9.67, enclosure 3.67-9.67 deg
cell 150 (depth 8, victim half-widths 0.125/0.125/0.250u): split on the victim's rot axis (refused: reach envelope: arm (2,1): foot 0 meets two lines 0.3595 deg apart inside the box (circles 3 and 4), within on)
cell 151 (depth 8, victim half-widths 0.125/0.125/0.250u): centre [37.6039,-3.2612,1.8896,50.3037,9.8842,-0.8915]
    reach: arm (0,1) 16.9-19.1 deg [cross a1 foot 1 at r1]  grid 17.33-18.67, enclosure 17.33-18.67 deg
    reach: arm (0,-1) -0.1-1.7 deg [selfoff foot 1]  grid 0.33-1.33, enclosure 0.33-1.33 deg
    reach: arm (1,1) 1.6-3.7 deg [selfoff foot 0]  grid 2.00-3.33, enclosure 2.00-3.33 deg
    reach: arm (1,-1) 15.3-17.1 deg [cross a1 foot 0 at r1]  grid 15.67-16.67, enclosure 15.67-16.67 deg
    reach: arm (2,1) grid 11.33-15.67, enclosure 11.00-16.00 deg  REFUSED: arm (2,1): foot 0 meets two lines 0.3146 deg apart inside the box (circles 3 and 4), within one 0.333-degree substep: the sampling phase, not the geometry, decides whether the swing stops there
    reach: arm (2,-1) 2.3-9.1 deg [selfoff foot 1]  grid 2.67-8.67, enclosure 2.67-8.67 deg
cell 151 (depth 8, victim half-widths 0.125/0.125/0.250u): split on the victim's rot axis (refused: reach envelope: arm (2,1): foot 0 meets two lines 0.3146 deg apart inside the box (circles 3 and 4), within on)
cell 152 (depth 8, victim half-widths 0.125/0.125/0.250u): centre [37.6039,-3.2612,1.8896,50.3037,9.6342,-0.8698]
    reach: arm (0,1) 16.3-18.4 deg [cross a1 foot 1 at r1]  grid 16.67-18.00, enclosure 16.67-18.00 deg
    reach: arm (0,-1) 0.6-2.4 deg [selfoff foot 1]  grid 1.00-2.00, enclosure 1.00-2.00 deg
    reach: arm (1,1) 0.9-3.1 deg [selfoff foot 0]  grid 1.33-2.67, enclosure 1.33-2.67 deg
    reach: arm (1,-1) 15.6-17.7 deg [cross a1 foot 0 at r1]  grid 16.00-17.33, enclosure 16.00-17.33 deg
    reach: arm (2,1) grid 9.00-14.00, enclosure 9.00-14.00 deg  REFUSED: arm (2,1): foot 0 meets two lines 0.2345 deg apart inside the box (circles 4 and 3), within one 0.333-degree substep: the sampling phase, not the geometry, decides whether the swing stops there
    reach: arm (2,-1) 5.6-12.4 deg [selfoff foot 1]  grid 6.00-12.00, enclosure 6.00-12.00 deg
cell 152 (depth 8, victim half-widths 0.125/0.125/0.250u): split on the victim's rot axis (refused: reach envelope: arm (2,1): foot 0 meets two lines 0.2345 deg apart inside the box (circles 4 and 3), within on)
cell 153 (depth 8, victim half-widths 0.125/0.125/0.250u): centre [37.6039,-3.2612,1.8896,50.3037,9.8842,-0.8698]
    reach: arm (0,1) 16.6-18.4 deg [cross a1 foot 1 at r1]  grid 17.00-18.00, enclosure 17.00-18.00 deg
    reach: arm (0,-1) 0.3-2.4 deg [selfoff foot 1]  grid 0.67-2.00, enclosure 0.67-2.00 deg
    reach: arm (1,1) 1.3-3.1 deg [selfoff foot 0]  grid 1.67-2.67, enclosure 1.67-2.67 deg
    reach: arm (1,-1) 15.6-17.7 deg [cross a1 foot 0 at r1]  grid 16.00-17.33, enclosure 16.00-17.33 deg
    reach: arm (2,1) grid 9.33-14.00, enclosure 9.00-14.00 deg  REFUSED: arm (2,1): foot 0 meets two lines 0.2345 deg apart inside the box (circles 4 and 3), within one 0.333-degree substep: the sampling phase, not the geometry, decides whether the swing stops there
    reach: arm (2,-1) 4.6-11.4 deg [selfoff foot 1]  grid 5.00-11.00, enclosure 5.00-11.00 deg
cell 153 (depth 8, victim half-widths 0.125/0.125/0.250u): split on the victim's rot axis (refused: reach envelope: arm (2,1): foot 0 meets two lines 0.2345 deg apart inside the box (circles 4 and 3), within on)
cell 154 (depth 8, victim half-widths 0.125/0.125/0.250u): centre [37.6039,-3.2612,1.8896,50.3037,10.1342,-0.8915]
    reach: arm (0,1) 17.3-19.1 deg [cross a1 foot 1 at r1]  grid 17.67-18.67, enclosure 17.67-18.67 deg
    reach: arm (0,-1) -0.4-1.7 deg [selfoff foot 1]  grid 0.00-1.33, enclosure 0.00-1.33 deg
    reach: arm (1,1) 1.6-3.7 deg [selfoff foot 0]  grid 2.00-3.33, enclosure 2.00-3.33 deg
    reach: arm (1,-1) 14.9-17.1 deg [cross a1 foot 0 at r1]  grid 15.33-16.67, enclosure 15.33-16.67 deg
    reach: arm (2,1) grid 11.33-15.67, enclosure 11.00-16.00 deg  REFUSED: arm (2,1): foot 0 meets two lines 0.3324 deg apart inside the box (circles 3 and 4), within one 0.333-degree substep: the sampling phase, not the geometry, decides whether the swing stops there
    reach: arm (2,-1) 1.3-8.1 deg [selfoff foot 1]  grid 1.67-7.67, enclosure 1.67-7.67 deg
cell 154 (depth 8, victim half-widths 0.125/0.125/0.250u): split on the victim's rot axis (refused: reach envelope: arm (2,1): foot 0 meets two lines 0.3324 deg apart inside the box (circles 3 and 4), within on)
cell 155 (depth 8, victim half-widths 0.125/0.125/0.250u): centre [37.6039,-3.2612,1.8896,50.3037,10.3842,-0.8915]
    reach: arm (0,1) 17.3-19.4 deg [cross a1 foot 1 at r1]  grid 17.67-19.00, enclosure 17.67-19.00 deg
    reach: arm (0,-1) -0.4-1.4 deg [selfoff foot 1]  grid 0.00-1.00, enclosure 0.00-1.00 deg
    reach: arm (1,1) 1.6-3.7 deg [selfoff foot 0]  grid 2.00-3.33, enclosure 2.00-3.33 deg
    reach: arm (1,-1) 14.9-17.1 deg [cross a1 foot 0 at r1]  grid 15.33-16.67, enclosure 15.33-16.67 deg
    reach: arm (2,1) grid 11.33-15.67, enclosure 11.00-15.67 deg  REFUSED: arm (2,1): foot 0 meets two lines 0.3243 deg apart inside the box (circles 3 and 4), within one 0.333-degree substep: the sampling phase, not the geometry, decides whether the swing stops there
    reach: arm (2,-1) 0.3-6.7 deg [selfoff foot 1]  grid 0.67-6.33, enclosure 0.67-6.33 deg
cell 155 (depth 8, victim half-widths 0.125/0.125/0.250u): split on the victim's rot axis (refused: reach envelope: arm (2,1): foot 0 meets two lines 0.3243 deg apart inside the box (circles 3 and 4), within on)
cell 156 (depth 8, victim half-widths 0.125/0.125/0.250u): centre [37.6039,-3.2612,1.8896,50.3037,10.1342,-0.8698]
    reach: arm (0,1) 16.6-18.7 deg [cross a1 foot 1 at r1]  grid 17.00-18.33, enclosure 17.00-18.33 deg
    reach: arm (0,-1) 0.3-2.1 deg [selfoff foot 1]  grid 0.67-1.67, enclosure 0.67-1.67 deg
    reach: arm (1,1) 1.3-3.1 deg [selfoff foot 0]  grid 1.67-2.67, enclosure 1.67-2.67 deg
    reach: arm (1,-1) 15.6-17.7 deg [cross a1 foot 0 at r1]  grid 16.00-17.33, enclosure 16.00-17.33 deg
    reach: arm (2,1) grid 9.33-13.67, enclosure 9.00-14.00 deg  REFUSED: arm (2,1): foot 0 meets two lines 0.2701 deg apart inside the box (circles 3 and 4), within one 0.333-degree substep: the sampling phase, not the geometry, decides whether the swing stops there
    reach: arm (2,-1) 3.6-10.4 deg [selfoff foot 1]  grid 4.00-10.00, enclosure 4.00-10.00 deg
cell 156 (depth 8, victim half-widths 0.125/0.125/0.250u): split on the victim's rot axis (refused: reach envelope: arm (2,1): foot 0 meets two lines 0.2701 deg apart inside the box (circles 3 and 4), within on)
cell 157 (depth 8, victim half-widths 0.125/0.125/0.250u): centre [37.6039,-3.2612,1.8896,50.3037,10.3842,-0.8698]
    reach: arm (0,1) 16.9-18.7 deg [cross a1 foot 1 at r1]  grid 17.33-18.33, enclosure 17.33-18.33 deg
    reach: arm (0,-1) -0.1-2.1 deg [selfoff foot 1]  grid 0.33-1.67, enclosure 0.33-1.67 deg
    reach: arm (1,1) 1.3-3.1 deg [selfoff foot 0]  grid 1.67-2.67, enclosure 1.67-2.67 deg
    reach: arm (1,-1) 15.6-17.4 deg [cross a1 foot 0 at r1]  grid 16.00-17.00, enclosure 16.00-17.00 deg
    reach: arm (2,1) grid 9.33-13.67, enclosure 9.00-14.00 deg  REFUSED: arm (2,1): foot 0 meets two lines 0.3532 deg apart inside the box (circles 3 and 4), within one 0.333-degree substep: the sampling phase, not the geometry, decides whether the swing stops there
    reach: arm (2,-1) 2.6-9.4 deg [selfoff foot 1]  grid 3.00-9.00, enclosure 3.00-9.00 deg
cell 157 (depth 8, victim half-widths 0.125/0.125/0.250u): split on the victim's rot axis (refused: reach envelope: arm (2,1): foot 0 meets two lines 0.3532 deg apart inside the box (circles 3 and 4), within on)
cell 158 (depth 8, victim half-widths 0.125/0.125/0.250u): centre [37.6039,-3.2612,1.8896,50.3037,9.6342,-0.8482]
    reach: arm (0,1) 15.6-17.7 deg [cross a1 foot 1 at r1]  grid 16.00-17.33, enclosure 16.00-17.33 deg
    reach: arm (0,-1) 0.9-3.1 deg [selfoff foot 1]  grid 1.33-2.67, enclosure 1.33-2.67 deg
    reach: arm (1,1) 0.6-2.4 deg [selfoff foot 0]  grid 1.00-2.00, enclosure 1.00-2.00 deg
    reach: arm (1,-1) 16.3-18.4 deg [cross a1 foot 0 at r1]  grid 16.67-18.00, enclosure 16.67-18.00 deg
    reach: arm (2,1) grid 6.67-11.67, enclosure 6.67-12.00 deg  REFUSED: arm (2,1): foot 0 meets two lines 0.3590 deg apart inside the box (circles 3 and 4), within one 0.333-degree substep: the sampling phase, not the geometry, decides whether the swing stops there
    reach: arm (2,-1) 7.9-14.7 deg [selfoff foot 1]  grid 8.33-14.33, enclosure 8.33-14.33 deg
cell 158 (depth 8, victim half-widths 0.125/0.125/0.250u): split on the victim's rot axis (refused: reach envelope: arm (2,1): foot 0 meets two lines 0.3590 deg apart inside the box (circles 3 and 4), within on)
cell 159 (depth 8, victim half-widths 0.125/0.125/0.250u): centre [37.6039,-3.2612,1.8896,50.3037,9.8842,-0.8482]
    reach: arm (0,1) 15.9-18.1 deg [cross a1 foot 1 at r1]  grid 16.33-17.67, enclosure 16.33-17.67 deg
    reach: arm (0,-1) 0.9-2.7 deg [selfoff foot 1]  grid 1.33-2.33, enclosure 1.33-2.33 deg
    reach: arm (1,1) 0.6-2.7 deg [selfoff foot 0]  grid 1.00-2.33, enclosure 1.00-2.33 deg
    reach: arm (1,-1) 16.3-18.1 deg [cross a1 foot 0 at r1]  grid 16.67-17.67, enclosure 16.67-17.67 deg
    reach: arm (2,1) grid 7.00-11.67, enclosure 6.67-12.00 deg  REFUSED: arm (2,1): foot 0 meets two lines 0.3385 deg apart inside the box (circles 3 and 4), within one 0.333-degree substep: the sampling phase, not the geometry, decides whether the swing stops there
    reach: arm (2,-1) 7.3-13.7 deg [selfoff foot 1]  grid 7.67-13.33, enclosure 7.67-13.33 deg
cell 159 (depth 8, victim half-widths 0.125/0.125/0.250u): split on the victim's rot axis (refused: reach envelope: arm (2,1): foot 0 meets two lines 0.3385 deg apart inside the box (circles 3 and 4), within on)
cell 160 (depth 8, victim half-widths 0.125/0.125/0.250u): centre [37.6039,-3.2612,1.8896,50.3037,9.6342,-0.8265]
    reach: arm (0,1) 15.3-17.4 deg [cross a1 foot 1 at r1]  grid 15.67-17.00, enclosure 15.67-17.00 deg
    reach: arm (0,-1) 1.6-3.4 deg [selfoff foot 1]  grid 2.00-3.00, enclosure 2.00-3.00 deg
    reach: arm (1,1) -0.1-2.1 deg [selfoff foot 0]  grid 0.33-1.67, enclosure 0.33-1.67 deg
    reach: arm (1,-1) 16.9-18.7 deg [cross a1 foot 0 at r1]  grid 17.33-18.33, enclosure 17.33-18.33 deg
    reach: arm (2,1) grid 4.33-9.33, enclosure 4.00-9.67 deg  REFUSED: arm (2,1): foot 0 meets two lines 0.3590 deg apart inside the box (circles 3 and 4), within one 0.333-degree substep: the sampling phase, not the geometry, decides whether the swing stops there
    reach: arm (2,-1) 10.3-16.4 deg [selfoff foot 1]  grid 10.67-16.00, enclosure 10.67-16.00 deg
cell 160 (depth 8, victim half-widths 0.125/0.125/0.250u): split on the victim's rot axis (refused: reach envelope: arm (2,1): foot 0 meets two lines 0.3590 deg apart inside the box (circles 3 and 4), within on)
cell 161 (depth 8, victim half-widths 0.125/0.125/0.250u): centre [37.6039,-3.2612,1.8896,50.3037,9.8842,-0.8265]
    reach: arm (0,1) 15.3-17.4 deg [cross a1 foot 1 at r1]  grid 15.67-17.00, enclosure 15.67-17.00 deg
    reach: arm (0,-1) 1.3-3.4 deg [selfoff foot 1]  grid 1.67-3.00, enclosure 1.67-3.00 deg
    reach: arm (1,1) 0.3-2.1 deg [selfoff foot 0]  grid 0.67-1.67, enclosure 0.67-1.67 deg
    reach: arm (1,-1) 16.6-18.7 deg [cross a1 foot 0 at r1]  grid 17.00-18.33, enclosure 17.00-18.33 deg
    reach: arm (2,1) grid 4.33-9.33, enclosure 4.33-9.67 deg  REFUSED: arm (2,1): foot 0 meets two lines 0.3364 deg apart inside the box (circles 3 and 4), within one 0.333-degree substep: the sampling phase, not the geometry, decides whether the swing stops there
    reach: arm (2,-1) 9.3-15.7 deg [selfoff foot 1]  grid 9.67-15.33, enclosure 9.67-15.33 deg
cell 161 (depth 8, victim half-widths 0.125/0.125/0.250u): split on the victim's rot axis (refused: reach envelope: arm (2,1): foot 0 meets two lines 0.3364 deg apart inside the box (circles 3 and 4), within on)
cell 162 (depth 8, victim half-widths 0.125/0.125/0.250u): centre [37.6039,-3.2612,1.8896,50.3037,10.1342,-0.8482]
    reach: arm (0,1) 16.3-18.1 deg [cross a1 foot 1 at r1]  grid 16.67-17.67, enclosure 16.67-17.67 deg
    reach: arm (0,-1) 0.6-2.7 deg [selfoff foot 1]  grid 1.00-2.33, enclosure 1.00-2.33 deg
    reach: arm (1,1) 0.6-2.7 deg [selfoff foot 0]  grid 1.00-2.33, enclosure 1.00-2.33 deg
    reach: arm (1,-1) 16.3-18.1 deg [cross a1 foot 0 at r1]  grid 16.67-17.67, enclosure 16.67-17.67 deg
    reach: arm (2,1) grid 7.00-11.67, enclosure 6.67-12.00 deg  REFUSED: arm (2,1): foot 0 meets two lines 0.3364 deg apart inside the box (circles 3 and 4), within one 0.333-degree substep: the sampling phase, not the geometry, decides whether the swing stops there
    reach: arm (2,-1) 6.3-12.7 deg [selfoff foot 1]  grid 6.67-12.33, enclosure 6.67-12.33 deg
cell 162 (depth 8, victim half-widths 0.125/0.125/0.250u): split on the victim's rot axis (refused: reach envelope: arm (2,1): foot 0 meets two lines 0.3364 deg apart inside the box (circles 3 and 4), within on)
cell 163 (depth 8, victim half-widths 0.125/0.125/0.250u): centre [37.6039,-3.2612,1.8896,50.3037,10.3842,-0.8482]
    reach: arm (0,1) 16.3-18.4 deg [cross a1 foot 1 at r1]  grid 16.67-18.00, enclosure 16.67-18.00 deg
    reach: arm (0,-1) 0.6-2.4 deg [selfoff foot 1]  grid 1.00-2.00, enclosure 1.00-2.00 deg
    reach: arm (1,1) 0.6-2.7 deg [selfoff foot 0]  grid 1.00-2.33, enclosure 1.00-2.33 deg
    reach: arm (1,-1) 16.3-18.1 deg [cross a1 foot 0 at r1]  grid 16.67-17.67, enclosure 16.67-17.67 deg
    reach: arm (2,1) grid 7.00-11.67, enclosure 7.00-12.00 deg  REFUSED: arm (2,1): foot 0 meets two lines 0.3666 deg apart inside the box (circles 3 and 4), within one 0.333-degree substep: the sampling phase, not the geometry, decides whether the swing stops there
    reach: arm (2,-1) 5.3-11.7 deg [selfoff foot 1]  grid 5.67-11.33, enclosure 5.67-11.33 deg
cell 163 (depth 8, victim half-widths 0.125/0.125/0.250u): split on the victim's rot axis (refused: reach envelope: arm (2,1): foot 0 meets two lines 0.3666 deg apart inside the box (circles 3 and 4), within on)
cell 164 (depth 8, victim half-widths 0.125/0.125/0.250u): centre [37.6039,-3.2612,1.8896,50.3037,10.1342,-0.8265]
    reach: arm (0,1) 15.6-17.7 deg [cross a1 foot 1 at r1]  grid 16.00-17.33, enclosure 16.00-17.33 deg
    reach: arm (0,-1) 1.3-3.1 deg [selfoff foot 1]  grid 1.67-2.67, enclosure 1.67-2.67 deg
    reach: arm (1,1) 0.3-2.1 deg [selfoff foot 0]  grid 0.67-1.67, enclosure 0.67-1.67 deg
    reach: arm (1,-1) 16.6-18.7 deg [cross a1 foot 0 at r1]  grid 17.00-18.33, enclosure 17.00-18.33 deg
    reach: arm (2,1) grid 4.67-9.33, enclosure 4.33-9.67 deg  REFUSED: arm (2,1): foot 0 meets two lines 0.3492 deg apart inside the box (circles 3 and 4), within one 0.333-degree substep: the sampling phase, not the geometry, decides whether the swing stops there
    reach: arm (2,-1) 8.3-14.7 deg [selfoff foot 1]  grid 8.67-14.33, enclosure 8.67-14.33 deg
cell 164 (depth 8, victim half-widths 0.125/0.125/0.250u): split on the victim's rot axis (refused: reach envelope: arm (2,1): foot 0 meets two lines 0.3492 deg apart inside the box (circles 3 and 4), within on)
cell 165 (depth 8, victim half-widths 0.125/0.125/0.250u): centre [37.6039,-3.2612,1.8896,50.3037,10.3842,-0.8265]
    reach: arm (0,1) 15.9-17.7 deg [cross a1 foot 1 at r1]  grid 16.33-17.33, enclosure 16.33-17.33 deg
    reach: arm (0,-1) 0.9-3.1 deg [selfoff foot 1]  grid 1.33-2.67, enclosure 1.33-2.67 deg
    reach: arm (1,1) 0.3-2.1 deg [selfoff foot 0]  grid 0.67-1.67, enclosure 0.67-1.67 deg
    reach: arm (1,-1) 16.6-18.7 deg [cross a1 foot 0 at r1]  grid 17.00-18.33, enclosure 17.00-18.33 deg
    reach: arm (2,1) grid 4.67-9.33, enclosure 4.33-9.67 deg  REFUSED: arm (2,1): foot 0 meets two lines 0.3623 deg apart inside the box (circles 3 and 4), within one 0.333-degree substep: the sampling phase, not the geometry, decides whether the swing stops there
    reach: arm (2,-1) 7.6-13.7 deg [selfoff foot 1]  grid 8.00-13.33, enclosure 8.00-13.33 deg
cell 165 (depth 8, victim half-widths 0.125/0.125/0.250u): split on the victim's rot axis (refused: reach envelope: arm (2,1): foot 0 meets two lines 0.3623 deg apart inside the box (circles 3 and 4), within on)
cell 166 (depth 8, victim half-widths 0.125/0.125/0.250u): centre [37.6039,-3.2612,1.8896,50.3037,11.1342,-0.8698]
    reach: arm (0,1) 17.3-19.4 deg [cross a1 foot 1 at r1]  grid 17.67-19.00, enclosure 17.67-19.00 deg
    reach: arm (0,-1) -0.4-1.4 deg [selfoff foot 1]  grid 0.00-1.00, enclosure 0.00-1.00 deg
    reach: arm (1,1) 1.3-3.4 deg [selfoff foot 0]  grid 1.67-3.00, enclosure 1.67-3.00 deg
    reach: arm (1,-1) 15.3-17.4 deg [cross a1 foot 0 at r1]  grid 15.67-17.00, enclosure 15.67-17.00 deg
    reach: arm (2,1) grid 9.33-13.33, enclosure 9.00-13.67 deg  REFUSED: arm (2,1): foot 0 meets two lines 0.3664 deg apart inside the box (circles 3 and 4), within one 0.333-degree substep: the sampling phase, not the geometry, decides whether the swing stops there
    reach: arm (2,-1) -0.4-6.4 deg [selfoff foot 1]  grid 0.00-6.00, enclosure 0.00-6.00 deg
cell 166 (depth 8, victim half-widths 0.125/0.125/0.250u): split on the victim's rot axis (refused: reach envelope: arm (2,1): foot 0 meets two lines 0.3664 deg apart inside the box (circles 3 and 4), within on)
cell 167 (depth 8, victim half-widths 0.125/0.125/0.250u): centre [37.6039,-3.2612,1.8896,50.3037,11.3842,-0.8698]
    reach: arm (0,1) grid 18.00-38.00, enclosure - deg  REFUSED: arm (0,1): stopping event changes between cells (0,3,0)-(0,4,0): cross|a1|1:r1 vs cross|r1|1:r0
    reach: arm (0,-1) -0.4-1.4 deg [selfoff foot 1]  grid 0.00-1.00, enclosure 0.00-1.00 deg
    reach: arm (1,1) 1.3-3.4 deg [selfoff foot 0]  grid 1.67-3.00, enclosure 1.67-3.00 deg
    reach: arm (1,-1) grid 16.00-35.33, enclosure - deg  REFUSED: arm (1,-1): stopping event changes between cells (0,3,0)-(0,4,0): cross|a1|0:r1 vs cross|r1|0:r0
    reach: arm (2,1) grid 9.33-13.33, enclosure 9.00-13.67 deg  REFUSED: arm (2,1): foot 0 meets two lines 0.3527 deg apart inside the box (circles 3 and 4), within one 0.333-degree substep: the sampling phase, not the geometry, decides whether the swing stops there
    reach: arm (2,-1) -0.4-5.4 deg [selfoff foot 1]  grid 0.00-5.00, enclosure 0.00-5.00 deg
cell 167 (depth 8, victim half-widths 0.125/0.125/0.250u): refused -- reach envelope: arm (0,1): stopping event changes between cells (0,3,0)-(0,4,0): cross|a1|1:r1 vs cross|r1|1:r0; arm (1,-1): stopping event changes between cell
cell 168 (depth 8, victim half-widths 0.125/0.125/0.250u): centre [37.6039,-3.2612,1.8896,50.3037,11.1342,-0.8482]
    reach: arm (0,1) 16.9-18.7 deg [cross a1 foot 1 at r1]  grid 17.33-18.33, enclosure 17.33-18.33 deg
    reach: arm (0,-1) -0.1-2.1 deg [selfoff foot 1]  grid 0.33-1.67, enclosure 0.33-1.67 deg
    reach: arm (1,1) 0.9-2.7 deg [selfoff foot 0]  grid 1.33-2.33, enclosure 1.33-2.33 deg
    reach: arm (1,-1) 15.9-18.1 deg [cross a1 foot 0 at r1]  grid 16.33-17.67, enclosure 16.33-17.67 deg
    reach: arm (2,1) grid 7.33-11.67, enclosure 7.00-11.67 deg  REFUSED: arm (2,1): foot 0 meets two lines 0.1769 deg apart inside the box (circles 4 and 3), within one 0.333-degree substep: the sampling phase, not the geometry, decides whether the swing stops there
    reach: arm (2,-1) 2.3-8.7 deg [selfoff foot 1]  grid 2.67-8.33, enclosure 2.67-8.33 deg
cell 168 (depth 8, victim half-widths 0.125/0.125/0.250u): split on the victim's rot axis (refused: reach envelope: arm (2,1): foot 0 meets two lines 0.1769 deg apart inside the box (circles 4 and 3), within on)
cell 169 (depth 8, victim half-widths 0.125/0.125/0.250u): centre [37.6039,-3.2612,1.8896,50.3037,11.3842,-0.8482]
    reach: arm (0,1) 16.9-19.1 deg [cross a1 foot 1 at r1]  grid 17.33-18.67, enclosure 17.33-18.67 deg
    reach: arm (0,-1) -0.4-1.7 deg [selfoff foot 1]  grid 0.00-1.33, enclosure 0.00-1.33 deg
    reach: arm (1,1) 0.9-2.7 deg [selfoff foot 0]  grid 1.33-2.33, enclosure 1.33-2.33 deg
    reach: arm (1,-1) 15.9-17.7 deg [cross a1 foot 0 at r1]  grid 16.33-17.33, enclosure 16.33-17.33 deg
    reach: arm (2,1) grid 7.33-11.33, enclosure 7.00-11.67 deg  REFUSED: arm (2,1): foot 0 meets two lines 0.3287 deg apart inside the box (circles 3 and 4), within one 0.333-degree substep: the sampling phase, not the geometry, decides whether the swing stops there
    reach: arm (2,-1) 1.3-7.7 deg [selfoff foot 1]  grid 1.67-7.33, enclosure 1.67-7.33 deg
cell 169 (depth 8, victim half-widths 0.125/0.125/0.250u): split on the victim's rot axis (refused: reach envelope: arm (2,1): foot 0 meets two lines 0.3287 deg apart inside the box (circles 3 and 4), within on)
cell 170 (depth 8, victim half-widths 0.125/0.125/0.250u): centre [37.6039,-3.2612,1.8896,50.3037,11.1342,-0.8265]
    reach: arm (0,1) 16.3-18.4 deg [cross a1 foot 1 at r1]  grid 16.67-18.00, enclosure 16.67-18.00 deg
    reach: arm (0,-1) 0.3-2.4 deg [selfoff foot 1]  grid 0.67-2.00, enclosure 0.67-2.00 deg
    reach: arm (1,1) 0.3-2.4 deg [selfoff foot 0]  grid 0.67-2.00, enclosure 0.67-2.00 deg
    reach: arm (1,-1) 16.6-18.4 deg [cross a1 foot 0 at r1]  grid 17.00-18.00, enclosure 17.00-18.00 deg
    reach: arm (2,1) grid 5.00-9.33, enclosure 4.67-9.67 deg  REFUSED: arm (2,1): foot 0 meets two lines 0.3531 deg apart inside the box (circles 3 and 4), within one 0.333-degree substep: the sampling phase, not the geometry, decides whether the swing stops there
    reach: arm (2,-1) 4.6-11.1 deg [selfoff foot 1]  grid 5.00-10.67, enclosure 5.00-10.67 deg
cell 170 (depth 8, victim half-widths 0.125/0.125/0.250u): split on the victim's rot axis (refused: reach envelope: arm (2,1): foot 0 meets two lines 0.3531 deg apart inside the box (circles 3 and 4), within on)
cell 171 (depth 8, victim half-widths 0.125/0.125/0.250u): centre [37.6039,-3.2612,1.8896,50.3037,11.3842,-0.8265]
    reach: arm (0,1) 16.6-18.4 deg [cross a1 foot 1 at r1]  grid 17.00-18.00, enclosure 17.00-18.00 deg
    reach: arm (0,-1) 0.3-2.1 deg [selfoff foot 1]  grid 0.67-1.67, enclosure 0.67-1.67 deg
    reach: arm (1,1) 0.3-2.4 deg [selfoff foot 0]  grid 0.67-2.00, enclosure 0.67-2.00 deg
    reach: arm (1,-1) 16.6-18.4 deg [cross a1 foot 0 at r1]  grid 17.00-18.00, enclosure 17.00-18.00 deg
    reach: arm (2,1) grid 5.00-9.33, enclosure 4.67-9.67 deg  REFUSED: arm (2,1): foot 0 meets two lines 0.3624 deg apart inside the box (circles 3 and 4), within one 0.333-degree substep: the sampling phase, not the geometry, decides whether the swing stops there
    reach: arm (2,-1) 3.6-10.1 deg [selfoff foot 1]  grid 4.00-9.67, enclosure 4.00-9.67 deg
cell 171 (depth 8, victim half-widths 0.125/0.125/0.250u): split on the victim's rot axis (refused: reach envelope: arm (2,1): foot 0 meets two lines 0.3624 deg apart inside the box (circles 3 and 4), within on)
cell 172 (depth 8, victim half-widths 0.125/0.125/0.250u): centre [37.6039,-3.2612,1.8896,50.8037,9.6342,-0.8915]
    reach: arm (0,1) 17.6-19.4 deg [cross a1 foot 1 at r1]  grid 18.00-19.00, enclosure 18.00-19.00 deg
    reach: arm (0,-1) -0.4-1.4 deg [selfoff foot 1]  grid 0.00-1.00, enclosure 0.00-1.00 deg
    reach: arm (1,1) 0.9-2.7 deg [selfoff foot 0]  grid 1.33-2.33, enclosure 1.33-2.33 deg
    reach: arm (1,-1) 15.9-17.7 deg [cross a1 foot 0 at r1]  grid 16.33-17.33, enclosure 16.33-17.33 deg
    reach: arm (2,1) grid 7.00-11.00, enclosure 6.67-11.33 deg  REFUSED: arm (2,1): foot 0 meets two lines 0.3592 deg apart inside the box (circles 3 and 4), within one 0.333-degree substep: the sampling phase, not the geometry, decides whether the swing stops there
    reach: arm (2,-1) -0.4-5.7 deg [selfoff foot 1]  grid 0.00-5.33, enclosure 0.00-5.33 deg
cell 172 (depth 8, victim half-widths 0.125/0.125/0.250u): split on the victim's rot axis (refused: reach envelope: arm (2,1): foot 0 meets two lines 0.3592 deg apart inside the box (circles 3 and 4), within on)
cell 173 (depth 8, victim half-widths 0.125/0.125/0.250u): centre [37.6039,-3.2612,1.8896,50.8037,9.8842,-0.8915]
    reach: arm (0,1) 17.6-19.7 deg [cross a1 foot 1 at r1]  grid 18.00-19.33, enclosure 18.00-19.33 deg
    reach: arm (0,-1) -0.4-1.1 deg [selfoff foot 1]  grid 0.00-0.67, enclosure 0.00-0.67 deg
    reach: arm (1,1) 0.9-2.7 deg [selfoff foot 0]  grid 1.33-2.33, enclosure 1.33-2.33 deg
    reach: arm (1,-1) 15.9-17.7 deg [cross a1 foot 0 at r1]  grid 16.33-17.33, enclosure 16.33-17.33 deg
    reach: arm (2,1) grid 7.00-11.00, enclosure 7.00-11.33 deg  REFUSED: arm (2,1): foot 0 meets two lines 0.3628 deg apart inside the box (circles 3 and 4), within one 0.333-degree substep: the sampling phase, not the geometry, decides whether the swing stops there
    reach: arm (2,-1) grid 0.00-4.00, enclosure - deg  REFUSED: arm (2,-1): the stopping event's angle wraps a full turn inside the box (sub-box 7,6,0)
cell 173 (depth 8, victim half-widths 0.125/0.125/0.250u): split on the victim's rot axis (refused: reach envelope: arm (2,1): foot 0 meets two lines 0.3628 deg apart inside the box (circles 3 and 4), within on)
cell 174 (depth 8, victim half-widths 0.125/0.125/0.250u): centre [37.6039,-3.2612,1.8896,50.8037,9.6342,-0.8698]
    reach: arm (0,1) 16.9-19.1 deg [cross a1 foot 1 at r1]  grid 17.33-18.67, enclosure 17.33-18.67 deg
    reach: arm (0,-1) -0.1-1.7 deg [selfoff foot 1]  grid 0.33-1.33, enclosure 0.33-1.33 deg
    reach: arm (1,1) 0.3-2.4 deg [selfoff foot 0]  grid 0.67-2.00, enclosure 0.67-2.00 deg
    reach: arm (1,-1) 16.6-18.4 deg [cross a1 foot 0 at r1]  grid 17.00-18.00, enclosure 17.00-18.00 deg
    reach: arm (2,1) grid 4.67-9.00, enclosure 4.67-9.33 deg  REFUSED: arm (2,1): foot 0 meets two lines 0.3041 deg apart inside the box (circles 4 and 3), within one 0.333-degree substep: the sampling phase, not the geometry, decides whether the swing stops there
    reach: arm (2,-1) 1.9-8.1 deg [selfoff foot 1]  grid 2.33-7.67, enclosure 2.33-7.67 deg
cell 174 (depth 8, victim half-widths 0.125/0.125/0.250u): split on the victim's rot axis (refused: reach envelope: arm (2,1): foot 0 meets two lines 0.3041 deg apart inside the box (circles 4 and 3), within on)
cell 175 (depth 8, victim half-widths 0.125/0.125/0.250u): centre [37.6039,-3.2612,1.8896,50.8037,9.8842,-0.8698]
    reach: arm (0,1) 16.9-19.1 deg [cross a1 foot 1 at r1]  grid 17.33-18.67, enclosure 17.33-18.67 deg
    reach: arm (0,-1) -0.4-1.7 deg [selfoff foot 1]  grid 0.00-1.33, enclosure 0.00-1.33 deg
    reach: arm (1,1) 0.3-2.4 deg [selfoff foot 0]  grid 0.67-2.00, enclosure 0.67-2.00 deg
    reach: arm (1,-1) 16.3-18.4 deg [cross a1 foot 0 at r1]  grid 16.67-18.00, enclosure 16.67-18.00 deg
    reach: arm (2,1) grid 5.00-9.00, enclosure 4.67-9.33 deg  REFUSED: arm (2,1): foot 0 meets two lines 0.3041 deg apart inside the box (circles 4 and 3), within one 0.333-degree substep: the sampling phase, not the geometry, decides whether the swing stops there
    reach: arm (2,-1) 0.9-7.1 deg [selfoff foot 1]  grid 1.33-6.67, enclosure 1.33-6.67 deg
cell 175 (depth 8, victim half-widths 0.125/0.125/0.250u): split on the victim's rot axis (refused: reach envelope: arm (2,1): foot 0 meets two lines 0.3041 deg apart inside the box (circles 4 and 3), within on)
cell 176 (depth 8, victim half-widths 0.125/0.125/0.250u): centre [37.6039,-3.2612,1.8896,50.8037,10.1342,-0.8915]
    reach: arm (0,1) 17.9-19.7 deg [cross a1 foot 1 at r1]  grid 18.33-19.33, enclosure 18.33-19.33 deg
    reach: arm (0,-1) grid 0.00-0.33, enclosure - deg  REFUSED: arm (0,-1): the stopping event's angle wraps a full turn inside the box (sub-box 5,6,0)
    reach: arm (1,1) 0.9-2.7 deg [selfoff foot 0]  grid 1.33-2.33, enclosure 1.33-2.33 deg
    reach: arm (1,-1) 15.9-17.7 deg [cross a1 foot 0 at r1]  grid 16.33-17.33, enclosure 16.33-17.33 deg
    reach: arm (2,1) grid 7.00-11.00, enclosure 7.00-11.33 deg  REFUSED: arm (2,1): foot 0 meets two lines 0.3636 deg apart inside the box (circles 3 and 4), within one 0.333-degree substep: the sampling phase, not the geometry, decides whether the swing stops there
    reach: arm (2,-1) grid 0.00-3.33, enclosure - deg  REFUSED: arm (2,-1): the stopping event's angle wraps a full turn inside the box (sub-box 3,6,0)
cell 176 (depth 8, victim half-widths 0.125/0.125/0.250u): split on the victim's rot axis (refused: reach envelope: arm (0,-1): the stopping event's angle wraps a full turn inside the box (sub-box 5,6,0); arm ()
cell 177 (depth 8, victim half-widths 0.125/0.125/0.250u): centre [37.6039,-3.2612,1.8896,50.8037,10.3842,-0.8915]
    reach: arm (0,1) 17.9-20.1 deg [cross a1 foot 1 at r1]  grid 18.33-19.67, enclosure 18.33-19.67 deg
    reach: arm (0,-1) grid 0.00-0.33, enclosure - deg  REFUSED: arm (0,-1): the stopping event's angle wraps a full turn inside the box (sub-box 0,7,0)
    reach: arm (1,1) 0.9-3.1 deg [selfoff foot 0]  grid 1.33-2.67, enclosure 1.33-2.67 deg
    reach: arm (1,-1) 15.6-17.7 deg [cross a1 foot 0 at r1]  grid 16.00-17.33, enclosure 16.00-17.33 deg
    reach: arm (2,1) grid 7.33-10.67, enclosure 7.00-11.33 deg  REFUSED: arm (2,1): foot 0 meets two lines 0.3620 deg apart inside the box (circles 3 and 4), within one 0.333-degree substep: the sampling phase, not the geometry, decides whether the swing stops there
    reach: arm (2,-1) grid 0.00-2.33, enclosure - deg  REFUSED: arm (2,-1): the stopping event's angle wraps a full turn inside the box (sub-box 0,3,0)
cell 177 (depth 8, victim half-widths 0.125/0.125/0.250u): split on the victim's rot axis (refused: reach envelope: arm (0,-1): the stopping event's angle wraps a full turn inside the box (sub-box 0,7,0); arm ()
cell 178 (depth 8, victim half-widths 0.125/0.125/0.250u): centre [37.6039,-3.2612,1.8896,50.8037,10.1342,-0.8698]
    reach: arm (0,1) 17.3-19.4 deg [cross a1 foot 1 at r1]  grid 17.67-19.00, enclosure 17.67-19.00 deg
    reach: arm (0,-1) -0.4-1.4 deg [selfoff foot 1]  grid 0.00-1.00, enclosure 0.00-1.00 deg
    reach: arm (1,1) 0.3-2.4 deg [selfoff foot 0]  grid 0.67-2.00, enclosure 0.67-2.00 deg
    reach: arm (1,-1) 16.3-18.4 deg [cross a1 foot 0 at r1]  grid 16.67-18.00, enclosure 16.67-18.00 deg
    reach: arm (2,1) grid 5.00-9.33, enclosure 5.00-9.33 deg  REFUSED: arm (2,1): foot 0 meets two lines 0.0251 deg apart inside the box (circles 4 and 3), within one 0.333-degree substep: the sampling phase, not the geometry, decides whether the swing stops there
    reach: arm (2,-1) -0.1-6.1 deg [selfoff foot 1]  grid 0.33-5.67, enclosure 0.33-5.67 deg
cell 178 (depth 8, victim half-widths 0.125/0.125/0.250u): split on the victim's rot axis (refused: reach envelope: arm (2,1): foot 0 meets two lines 0.0251 deg apart inside the box (circles 4 and 3), within on)
cell 179 (depth 8, victim half-widths 0.125/0.125/0.250u): centre [37.6039,-3.2612,1.8896,50.8037,10.3842,-0.8698]
    reach: arm (0,1) 17.6-19.4 deg [cross a1 foot 1 at r1]  grid 18.00-19.00, enclosure 18.00-19.00 deg
    reach: arm (0,-1) -0.4-1.4 deg [selfoff foot 1]  grid 0.00-1.00, enclosure 0.00-1.00 deg
    reach: arm (1,1) 0.6-2.4 deg [selfoff foot 0]  grid 1.00-2.00, enclosure 1.00-2.00 deg
    reach: arm (1,-1) 16.3-18.4 deg [cross a1 foot 0 at r1]  grid 16.67-18.00, enclosure 16.67-18.00 deg
    reach: arm (2,1) grid 5.00-9.33, enclosure 5.00-9.33 deg  REFUSED: arm (2,1): foot 0 meets two lines 0.2425 deg apart inside the box (circles 3 and 4), within one 0.333-degree substep: the sampling phase, not the geometry, decides whether the swing stops there
    reach: arm (2,-1) -0.4-5.1 deg [selfoff foot 1]  grid 0.00-4.67, enclosure 0.00-4.67 deg
cell 179 (depth 8, victim half-widths 0.125/0.125/0.250u): split on the victim's rot axis (refused: reach envelope: arm (2,1): foot 0 meets two lines 0.2425 deg apart inside the box (circles 3 and 4), within on)
cell 180 (depth 8, victim half-widths 0.125/0.125/0.250u): centre [37.6039,-3.2612,1.8896,50.8037,10.6342,-0.8915]
    reach: arm (0,1) 18.3-20.1 deg [cross a1 foot 1 at r1]  grid 18.67-19.67, enclosure 18.67-19.67 deg
    reach: arm (0,-1) grid 0.00-0.00, enclosure - deg  REFUSED: arm (0,-1): the stopping event's angle wraps a full turn inside the box (sub-box 0,0,0)
    reach: arm (1,1) 0.9-3.1 deg [selfoff foot 0]  grid 1.33-2.67, enclosure 1.33-2.67 deg
    reach: arm (1,-1) 15.6-17.7 deg [cross a1 foot 0 at r1]  grid 16.00-17.33, enclosure 16.00-17.33 deg
    reach: arm (2,1) grid 7.67-10.33, enclosure 7.00-11.33 deg  REFUSED: arm (2,1): foot 0 meets two lines 0.3602 deg apart inside the box (circles 3 and 4), within one 0.333-degree substep: the sampling phase, not the geometry, decides whether the swing stops there
    reach: arm (2,-1) grid 0.00-1.33, enclosure - deg  REFUSED: arm (2,-1): the stopping event's angle wraps a full turn inside the box (sub-box 0,0,0)
cell 180 (depth 8, victim half-widths 0.125/0.125/0.250u): split on the victim's rot axis (refused: reach envelope: arm (0,-1): the stopping event's angle wraps a full turn inside the box (sub-box 0,0,0); arm ()
cell 181 (depth 8, victim half-widths 0.125/0.125/0.250u): centre [37.6039,-3.2612,1.8896,50.8037,10.8842,-0.8915]
    reach: arm (0,1) 18.3-20.4 deg [cross a1 foot 1 at r1]  grid 18.67-20.00, enclosure 18.67-20.00 deg
    reach: arm (0,-1) grid 0.00-0.00, enclosure - deg  REFUSED: arm (0,-1): the stopping event's angle wraps a full turn inside the box (sub-box 0,0,0)
    reach: arm (1,1) 0.9-3.1 deg [selfoff foot 0]  grid 1.33-2.67, enclosure 1.33-2.67 deg
    reach: arm (1,-1) 15.6-17.7 deg [cross a1 foot 0 at r1]  grid 16.00-17.33, enclosure 16.00-17.33 deg
    reach: arm (2,1) 6.9-11.7 deg [selfoff foot 0]  grid 7.33-11.33, enclosure 7.33-11.33 deg
    reach: arm (2,-1) grid 0.00-0.33, enclosure - deg  REFUSED: arm (2,-1): the stopping event's angle wraps a full turn inside the box (sub-box 0,0,0)
cell 181 (depth 8, victim half-widths 0.125/0.125/0.250u): split on the victim's rot axis (refused: reach envelope: arm (0,-1): the stopping event's angle wraps a full turn inside the box (sub-box 0,0,0); arm ()
cell 182 (depth 8, victim half-widths 0.125/0.125/0.250u): centre [37.6039,-3.2612,1.8896,50.8037,10.6342,-0.8698]
    reach: arm (0,1) 17.6-19.7 deg [cross a1 foot 1 at r1]  grid 18.00-19.33, enclosure 18.00-19.33 deg
    reach: arm (0,-1) -0.4-1.1 deg [selfoff foot 1]  grid 0.00-0.67, enclosure 0.00-0.67 deg
    reach: arm (1,1) 0.6-2.4 deg [selfoff foot 0]  grid 1.00-2.00, enclosure 1.00-2.00 deg
    reach: arm (1,-1) 16.3-18.1 deg [cross a1 foot 0 at r1]  grid 16.67-17.67, enclosure 16.67-17.67 deg
    reach: arm (2,1) grid 5.33-9.33, enclosure 5.00-9.33 deg  REFUSED: arm (2,1): foot 0 meets two lines 0.3581 deg apart inside the box (circles 3 and 4), within one 0.333-degree substep: the sampling phase, not the geometry, decides whether the swing stops there
    reach: arm (2,-1) grid 0.00-3.67, enclosure - deg  REFUSED: arm (2,-1): the stopping event's angle wraps a full turn inside the box (sub-box 6,6,0)
cell 182 (depth 8, victim half-widths 0.125/0.125/0.250u): split on the victim's rot axis (refused: reach envelope: arm (2,1): foot 0 meets two lines 0.3581 deg apart inside the box (circles 3 and 4), within on)
cell 183 (depth 8, victim half-widths 0.125/0.125/0.250u): centre [37.6039,-3.2612,1.8896,50.8037,10.8842,-0.8698]
    reach: arm (0,1) 17.9-19.7 deg [cross a1 foot 1 at r1]  grid 18.33-19.33, enclosure 18.33-19.33 deg
    reach: arm (0,-1) grid 0.00-0.33, enclosure - deg  REFUSED: arm (0,-1): the stopping event's angle wraps a full turn inside the box (sub-box 3,7,0)
    reach: arm (1,1) 0.6-2.4 deg [selfoff foot 0]  grid 1.00-2.00, enclosure 1.00-2.00 deg
    reach: arm (1,-1) 16.3-18.1 deg [cross a1 foot 0 at r1]  grid 16.67-17.67, enclosure 16.67-17.67 deg
    reach: arm (2,1) grid 5.33-9.33, enclosure 5.00-9.33 deg  REFUSED: arm (2,1): foot 0 meets two lines 0.3521 deg apart inside the box (circles 3 and 4), within one 0.333-degree substep: the sampling phase, not the geometry, decides whether the swing stops there
    reach: arm (2,-1) grid 0.00-3.00, enclosure - deg  REFUSED: arm (2,-1): the stopping event's angle wraps a full turn inside the box (sub-box 1,7,0)
cell 183 (depth 8, victim half-widths 0.125/0.125/0.250u): split on the victim's rot axis (refused: reach envelope: arm (0,-1): the stopping event's angle wraps a full turn inside the box (sub-box 3,7,0); arm ()
cell 184 (depth 8, victim half-widths 0.125/0.125/0.250u): centre [37.6039,-3.2612,1.8896,50.8037,11.1342,-0.8698]
    reach: arm (0,1) 17.9-20.1 deg [cross a1 foot 1 at r1]  grid 18.33-19.67, enclosure 18.33-19.67 deg
    reach: arm (0,-1) grid 0.00-0.33, enclosure - deg  REFUSED: arm (0,-1): the stopping event's angle wraps a full turn inside the box (sub-box 0,5,0)
    reach: arm (1,1) 0.6-2.4 deg [selfoff foot 0]  grid 1.00-2.00, enclosure 1.00-2.00 deg
    reach: arm (1,-1) 16.3-18.1 deg [cross a1 foot 0 at r1]  grid 16.67-17.67, enclosure 16.67-17.67 deg
    reach: arm (2,1) grid 5.33-8.67, enclosure 5.33-9.33 deg  REFUSED: arm (2,1): foot 0 meets two lines 0.3441 deg apart inside the box (circles 3 and 4), within one 0.333-degree substep: the sampling phase, not the geometry, decides whether the swing stops there
    reach: arm (2,-1) grid 0.00-2.00, enclosure - deg  REFUSED: arm (2,-1): the stopping event's angle wraps a full turn inside the box (sub-box 0,1,0)
cell 184 (depth 8, victim half-widths 0.125/0.125/0.250u): split on the victim's rot axis (refused: reach envelope: arm (0,-1): the stopping event's angle wraps a full turn inside the box (sub-box 0,5,0); arm ()
cell 185 (depth 8, victim half-widths 0.125/0.125/0.250u): centre [37.6039,-3.2612,1.8896,50.8037,11.3842,-0.8698]
    reach: arm (0,1) 18.3-20.1 deg [cross a1 foot 1 at r1]  grid 18.67-19.67, enclosure 18.67-19.67 deg
    reach: arm (0,-1) grid 0.00-0.00, enclosure - deg  REFUSED: arm (0,-1): the stopping event's angle wraps a full turn inside the box (sub-box 0,0,0)
    reach: arm (1,1) 0.6-2.4 deg [selfoff foot 0]  grid 1.00-2.00, enclosure 1.00-2.00 deg
    reach: arm (1,-1) 15.9-18.1 deg [cross a1 foot 0 at r1]  grid 16.33-17.67, enclosure 16.33-17.67 deg
    reach: arm (2,1) grid 6.33-7.67, enclosure 5.33-9.33 deg  REFUSED: arm (2,1): foot 0 meets two lines 0.3582 deg apart inside the box (circles 3 and 4), within one 0.333-degree substep: the sampling phase, not the geometry, decides whether the swing stops there
    reach: arm (2,-1) grid 0.00-1.00, enclosure - deg  REFUSED: arm (2,-1): the stopping event's angle wraps a full turn inside the box (sub-box 0,0,0)
cell 185 (depth 8, victim half-widths 0.125/0.125/0.250u): split on the victim's rot axis (refused: reach envelope: arm (0,-1): the stopping event's angle wraps a full turn inside the box (sub-box 0,0,0); arm ()
cell 186 (depth 8, victim half-widths 0.125/0.125/0.250u): centre [37.6039,-3.2612,1.8896,51.0537,9.6342,-0.8915]
    reach: arm (0,1) 17.6-19.7 deg [cross a1 foot 1 at r1]  grid 18.00-19.33, enclosure 18.00-19.33 deg
    reach: arm (0,-1) grid 0.00-0.67, enclosure - deg  REFUSED: arm (0,-1): the stopping event's angle wraps a full turn inside the box (sub-box 5,7,0)
    reach: arm (1,1) 0.6-2.4 deg [selfoff foot 0]  grid 1.00-2.00, enclosure 1.00-2.00 deg
    reach: arm (1,-1) 16.3-18.1 deg [cross a1 foot 0 at r1]  grid 16.67-17.67, enclosure 16.67-17.67 deg
    reach: arm (2,1) 4.6-9.7 deg [selfoff foot 0]  grid 5.00-9.33, enclosure 5.00-9.33 deg
    reach: arm (2,-1) grid 0.00-3.33, enclosure - deg  REFUSED: arm (2,-1): the stopping event's angle wraps a full turn inside the box (sub-box 3,7,0)
cell 186 (depth 8, victim half-widths 0.125/0.125/0.250u): split on the victim's rot axis (refused: reach envelope: arm (0,-1): the stopping event's angle wraps a full turn inside the box (sub-box 5,7,0); arm ()
cell 187 (depth 8, victim half-widths 0.125/0.125/0.250u): centre [37.6039,-3.2612,1.8896,51.0537,9.8842,-0.8915]
    reach: arm (0,1) 17.9-20.1 deg [cross a1 foot 1 at r1]  grid 18.33-19.67, enclosure 18.33-19.67 deg
    reach: arm (0,-1) grid 0.00-0.33, enclosure - deg  REFUSED: arm (0,-1): the stopping event's angle wraps a full turn inside the box (sub-box 1,6,0)
    reach: arm (1,1) 0.6-2.4 deg [selfoff foot 0]  grid 1.00-2.00, enclosure 1.00-2.00 deg
    reach: arm (1,-1) 16.3-18.1 deg [cross a1 foot 0 at r1]  grid 16.67-17.67, enclosure 16.67-17.67 deg
    reach: arm (2,1) 4.6-9.7 deg [selfoff foot 0]  grid 5.00-9.33, enclosure 5.00-9.33 deg
    reach: arm (2,-1) grid 0.00-2.33, enclosure - deg  REFUSED: arm (2,-1): the stopping event's angle wraps a full turn inside the box (sub-box 0,4,0)
cell 187 (depth 8, victim half-widths 0.125/0.125/0.250u): split on the victim's rot axis (refused: reach envelope: arm (0,-1): the stopping event's angle wraps a full turn inside the box (sub-box 1,6,0); arm ()
cell 188 (depth 8, victim half-widths 0.125/0.125/0.250u): centre [37.6039,-3.2612,1.8896,51.0537,10.1342,-0.8915]
    reach: arm (0,1) 18.3-20.1 deg [cross a1 foot 1 at r1]  grid 18.67-19.67, enclosure 18.67-19.67 deg
    reach: arm (0,-1) grid 0.00-0.00, enclosure - deg  REFUSED: arm (0,-1): the stopping event's angle wraps a full turn inside the box (sub-box 0,0,0)
    reach: arm (1,1) 0.6-2.4 deg [selfoff foot 0]  grid 1.00-2.00, enclosure 1.00-2.00 deg
    reach: arm (1,-1) 16.3-18.1 deg [cross a1 foot 0 at r1]  grid 16.67-17.67, enclosure 16.67-17.67 deg
    reach: arm (2,1) 4.6-9.7 deg [selfoff foot 0]  grid 5.00-9.33, enclosure 5.00-9.33 deg
    reach: arm (2,-1) grid 0.00-1.33, enclosure - deg  REFUSED: arm (2,-1): the stopping event's angle wraps a full turn inside the box (sub-box 0,0,0)
cell 188 (depth 8, victim half-widths 0.125/0.125/0.250u): split on the victim's rot axis (refused: reach envelope: arm (0,-1): the stopping event's angle wraps a full turn inside the box (sub-box 0,0,0); arm ()
cell 189 (depth 8, victim half-widths 0.125/0.125/0.250u): centre [37.6039,-3.2612,1.8896,51.0537,10.3842,-0.8915]
    reach: arm (0,1) 18.3-20.4 deg [cross a1 foot 1 at r1]  grid 18.67-20.00, enclosure 18.67-20.00 deg
    reach: arm (0,-1) grid 0.00-0.00, enclosure - deg  REFUSED: arm (0,-1): the stopping event's angle wraps a full turn inside the box (sub-box 0,0,0)
    reach: arm (1,1) 0.6-2.4 deg [selfoff foot 0]  grid 1.00-2.00, enclosure 1.00-2.00 deg
    reach: arm (1,-1) 15.9-18.1 deg [cross a1 foot 0 at r1]  grid 16.33-17.67, enclosure 16.33-17.67 deg
    reach: arm (2,1) 4.9-9.7 deg [selfoff foot 0]  grid 5.33-9.33, enclosure 5.33-9.33 deg
    reach: arm (2,-1) grid 0.00-0.67, enclosure - deg  REFUSED: arm (2,-1): the stopping event's angle wraps a full turn inside the box (sub-box 0,0,0)
cell 189 (depth 8, victim half-widths 0.125/0.125/0.250u): split on the victim's rot axis (refused: reach envelope: arm (0,-1): the stopping event's angle wraps a full turn inside the box (sub-box 0,0,0); arm ()
cell 190 (depth 8, victim half-widths 0.125/0.125/0.250u): centre [37.6039,-3.2612,1.8896,51.0537,10.1342,-0.8698]
    reach: arm (0,1) 17.6-19.7 deg [cross a1 foot 1 at r1]  grid 18.00-19.33, enclosure 18.00-19.33 deg
    reach: arm (0,-1) -0.4-1.1 deg [selfoff foot 1]  grid 0.00-0.67, enclosure 0.00-0.67 deg
    reach: arm (1,1) -0.1-2.1 deg [selfoff foot 0]  grid 0.33-1.67, enclosure 0.33-1.67 deg
    reach: arm (1,-1) 16.6-18.7 deg [cross a1 foot 0 at r1]  grid 17.00-18.33, enclosure 17.00-18.33 deg
    reach: arm (2,1) 2.6-7.7 deg [selfoff foot 0]  grid 3.00-7.33, enclosure 3.00-7.33 deg
    reach: arm (2,-1) grid 0.00-3.67, enclosure - deg  REFUSED: arm (2,-1): the stopping event's angle wraps a full turn inside the box (sub-box 6,7,0)
cell 190 (depth 8, victim half-widths 0.125/0.125/0.250u): split on the victim's rot axis (refused: reach envelope: arm (2,-1): the stopping event's angle wraps a full turn inside the box (sub-box 6,7,0))
cell 191 (depth 8, victim half-widths 0.125/0.125/0.250u): centre [37.6039,-3.2612,1.8896,51.0537,10.3842,-0.8698]
    reach: arm (0,1) 17.9-19.7 deg [cross a1 foot 1 at r1]  grid 18.33-19.33, enclosure 18.33-19.33 deg
    reach: arm (0,-1) grid 0.00-0.33, enclosure - deg  REFUSED: arm (0,-1): the stopping event's angle wraps a full turn inside the box (sub-box 4,7,0)
    reach: arm (1,1) -0.1-2.1 deg [selfoff foot 0]  grid 0.33-1.67, enclosure 0.33-1.67 deg
    reach: arm (1,-1) 16.6-18.7 deg [cross a1 foot 0 at r1]  grid 17.00-18.33, enclosure 17.00-18.33 deg
    reach: arm (2,1) 2.6-7.7 deg [selfoff foot 0]  grid 3.00-7.33, enclosure 3.00-7.33 deg
    reach: arm (2,-1) grid 0.00-3.00, enclosure - deg  REFUSED: arm (2,-1): the stopping event's angle wraps a full turn inside the box (sub-box 2,7,0)
cell 191 (depth 8, victim half-widths 0.125/0.125/0.250u): split on the victim's rot axis (refused: reach envelope: arm (0,-1): the stopping event's angle wraps a full turn inside the box (sub-box 4,7,0); arm ()
cell 192 (depth 8, victim half-widths 0.125/0.125/0.250u): centre [37.6039,-3.2612,1.8896,51.0537,10.6342,-0.8698]
    reach: arm (0,1) 17.9-20.1 deg [cross a1 foot 1 at r1]  grid 18.33-19.67, enclosure 18.33-19.67 deg
    reach: arm (0,-1) grid 0.00-0.33, enclosure - deg  REFUSED: arm (0,-1): the stopping event's angle wraps a full turn inside the box (sub-box 0,6,0)
    reach: arm (1,1) 0.3-2.1 deg [selfoff foot 0]  grid 0.67-1.67, enclosure 0.67-1.67 deg
    reach: arm (1,-1) 16.6-18.4 deg [cross a1 foot 0 at r1]  grid 17.00-18.00, enclosure 17.00-18.00 deg
    reach: arm (2,1) 2.9-7.7 deg [selfoff foot 0]  grid 3.33-7.33, enclosure 3.33-7.33 deg
    reach: arm (2,-1) grid 0.00-2.00, enclosure - deg  REFUSED: arm (2,-1): the stopping event's angle wraps a full turn inside the box (sub-box 0,2,0)
cell 192 (depth 8, victim half-widths 0.125/0.125/0.250u): split on the victim's rot axis (refused: reach envelope: arm (0,-1): the stopping event's angle wraps a full turn inside the box (sub-box 0,6,0); arm ()
cell 193 (depth 8, victim half-widths 0.125/0.125/0.250u): centre [37.6039,-3.2612,1.8896,51.0537,10.8842,-0.8698]
    reach: arm (0,1) 18.3-20.1 deg [cross a1 foot 1 at r1]  grid 18.67-19.67, enclosure 18.67-19.67 deg
    reach: arm (0,-1) grid 0.00-0.00, enclosure - deg  REFUSED: arm (0,-1): the stopping event's angle wraps a full turn inside the box (sub-box 0,0,0)
    reach: arm (1,1) 0.3-2.1 deg [selfoff foot 0]  grid 0.67-1.67, enclosure 0.67-1.67 deg
    reach: arm (1,-1) 16.6-18.4 deg [cross a1 foot 0 at r1]  grid 17.00-18.00, enclosure 17.00-18.00 deg
    reach: arm (2,1) 2.9-8.1 deg [selfoff foot 0]  grid 3.33-7.67, enclosure 3.33-7.67 deg
    reach: arm (2,-1) grid 0.00-1.33, enclosure - deg  REFUSED: arm (2,-1): the stopping event's angle wraps a full turn inside the box (sub-box 0,0,0)
cell 193 (depth 8, victim half-widths 0.125/0.125/0.250u): split on the victim's rot axis (refused: reach envelope: arm (0,-1): the stopping event's angle wraps a full turn inside the box (sub-box 0,0,0); arm ()
cell 194 (depth 8, victim half-widths 0.125/0.125/0.250u): centre [37.6039,-3.2612,1.8896,51.0537,11.1342,-0.8698]
    reach: arm (0,1) 18.3-20.4 deg [cross a1 foot 1 at r1]  grid 18.67-20.00, enclosure 18.67-20.00 deg
    reach: arm (0,-1) grid 0.00-0.00, enclosure - deg  REFUSED: arm (0,-1): the stopping event's angle wraps a full turn inside the box (sub-box 0,0,0)
    reach: arm (1,1) 0.3-2.1 deg [selfoff foot 0]  grid 0.67-1.67, enclosure 0.67-1.67 deg
    reach: arm (1,-1) 16.6-18.4 deg [cross a1 foot 0 at r1]  grid 17.00-18.00, enclosure 17.00-18.00 deg
    reach: arm (2,1) 2.9-8.1 deg [selfoff foot 0]  grid 3.33-7.67, enclosure 3.33-7.67 deg
    reach: arm (2,-1) grid 0.00-0.33, enclosure - deg  REFUSED: arm (2,-1): the stopping event's angle wraps a full turn inside the box (sub-box 0,0,0)
cell 194 (depth 8, victim half-widths 0.125/0.125/0.250u): split on the victim's rot axis (refused: reach envelope: arm (0,-1): the stopping event's angle wraps a full turn inside the box (sub-box 0,0,0); arm ()
cell 195 (depth 8, victim half-widths 0.125/0.125/0.250u): centre [37.6039,-3.2612,1.8896,51.0537,11.3842,-0.8698]
cell 195 (depth 8, victim half-widths 0.125/0.125/0.250u): offboard -- every grid pose has a victim foot over the rim at the start
cell 196 (depth 8, victim half-widths 0.125/0.250/0.125u): centre [37.6039,-3.2612,1.8896,51.0537,9.7592,-0.8211]
    reach: arm (0,1) 35.6-37.4 deg [cross a1,r1 foot 1 at r0]  grid 36.00-37.00, enclosure 36.00-37.00 deg
    reach: arm (0,-1) 0.6-2.4 deg [selfoff foot 1]  grid 1.00-2.00, enclosure 1.00-2.00 deg
    reach: arm (1,1) grid 0.00-0.33, enclosure - deg  REFUSED: arm (1,1): the stopping event's angle wraps a full turn inside the box (sub-box 4,0,6)
    reach: arm (1,-1) 18.3-19.7 deg [cross a1 foot 0 at r1]  grid 18.67-19.33, enclosure 18.67-19.33 deg
    reach: arm (2,1) grid 0.00-1.67, enclosure - deg  REFUSED: arm (2,1): the stopping event's angle wraps a full turn inside the box (sub-box 2,0,7)
    reach: arm (2,-1) 4.9-10.1 deg [selfoff foot 1]  grid 5.33-9.67, enclosure 5.33-9.67 deg
cell 196 (depth 8, victim half-widths 0.125/0.250/0.125u): split on the victim's y axis (refused: reach envelope: arm (1,1): the stopping event's angle wraps a full turn inside the box (sub-box 4,0,6); arm (2)
cell 197 (depth 8, victim half-widths 0.125/0.250/0.125u): centre [37.6039,-3.2612,1.8896,51.0537,10.2592,-0.8211]
    reach: arm (0,1) 35.9-38.1 deg [cross a1,r1 foot 1 at r0]  grid 36.33-37.67, enclosure 36.33-37.67 deg
    reach: arm (0,-1) 0.3-2.1 deg [selfoff foot 1]  grid 0.67-1.67, enclosure 0.67-1.67 deg
    reach: arm (1,1) grid 0.00-0.33, enclosure - deg  REFUSED: arm (1,1): the stopping event's angle wraps a full turn inside the box (sub-box 5,0,7)
    reach: arm (1,-1) 17.9-19.7 deg [cross a1 foot 0 at r1]  grid 18.33-19.33, enclosure 18.33-19.33 deg
    reach: arm (2,1) grid 0.00-2.00, enclosure - deg  REFUSED: arm (2,1): the stopping event's angle wraps a full turn inside the box (sub-box 4,0,7)
    reach: arm (2,-1) 3.3-8.4 deg [selfoff foot 1]  grid 3.67-8.00, enclosure 3.67-8.00 deg
cell 197 (depth 8, victim half-widths 0.125/0.250/0.125u): split on the victim's y axis (refused: reach envelope: arm (1,1): the stopping event's angle wraps a full turn inside the box (sub-box 5,0,7); arm (2)
cell 198 (depth 8, victim half-widths 0.125/0.250/0.125u): centre [37.6039,-3.2612,1.8896,51.0537,10.7592,-0.8211]
    reach: arm (0,1) 36.3-38.4 deg [cross a1,r1 foot 1 at r0]  grid 36.67-38.00, enclosure 36.67-38.00 deg
    reach: arm (0,-1) -0.1-1.7 deg [selfoff foot 1]  grid 0.33-1.33, enclosure 0.33-1.33 deg
    reach: arm (1,1) grid 0.00-0.33, enclosure - deg  REFUSED: arm (1,1): the stopping event's angle wraps a full turn inside the box (sub-box 7,0,7)
    reach: arm (1,-1) 17.9-19.7 deg [cross a1 foot 0 at r1]  grid 18.33-19.33, enclosure 18.33-19.33 deg
    reach: arm (2,1) grid 0.00-2.00, enclosure - deg  REFUSED: arm (2,1): the stopping event's angle wraps a full turn inside the box (sub-box 5,0,7)
    reach: arm (2,-1) 1.6-6.7 deg [selfoff foot 1]  grid 2.00-6.33, enclosure 2.00-6.33 deg
cell 198 (depth 8, victim half-widths 0.125/0.250/0.125u): split on the victim's y axis (refused: reach envelope: arm (1,1): the stopping event's angle wraps a full turn inside the box (sub-box 7,0,7); arm (2)
cell 199 (depth 8, victim half-widths 0.125/0.250/0.125u): centre [37.6039,-3.2612,1.8896,51.0537,11.2592,-0.8211]
    reach: arm (0,1) 36.9-38.7 deg [cross a1,r1 foot 1 at r0]  grid 37.33-38.33, enclosure 37.33-38.33 deg
    reach: arm (0,-1) -0.4-1.4 deg [selfoff foot 1]  grid 0.00-1.00, enclosure 0.00-1.00 deg
    reach: arm (1,1) -0.4-0.7 deg [selfoff foot 0]  grid 0.00-0.33, enclosure 0.00-0.33 deg
    reach: arm (1,-1) 17.9-19.4 deg [cross a1 foot 0 at r1]  grid 18.33-19.00, enclosure 18.33-19.00 deg
    reach: arm (2,1) grid 0.00-2.33, enclosure - deg  REFUSED: arm (2,1): the stopping event's angle wraps a full turn inside the box (sub-box 7,0,7)
    reach: arm (2,-1) -0.1-5.4 deg [selfoff foot 1]  grid 0.33-5.00, enclosure 0.33-5.00 deg
cell 199 (depth 8, victim half-widths 0.125/0.250/0.125u): split on the victim's y axis (refused: reach envelope: arm (2,1): the stopping event's angle wraps a full turn inside the box (sub-box 7,0,7))
cell 200 (depth 8, victim half-widths 0.125/0.125/0.250u): centre [37.6039,-3.2612,1.8896,51.3037,9.6342,-0.8265]
    reach: arm (0,1) 35.9-38.1 deg [cross a1,r1 foot 1 at r0]  grid 36.33-37.67, enclosure 36.33-37.67 deg
    reach: arm (0,-1) 0.3-2.1 deg [selfoff foot 1]  grid 0.67-1.67, enclosure 0.67-1.67 deg
    reach: arm (1,1) grid 0.00-0.00, enclosure - deg  REFUSED: arm (1,1): the stopping event's angle wraps a full turn inside the box (sub-box 0,0,5)
    reach: arm (1,-1) 18.3-20.1 deg [cross a1 foot 0 at r1]  grid 18.67-19.67, enclosure 18.67-19.67 deg
    reach: arm (2,1) grid 0.00-0.67, enclosure - deg  REFUSED: arm (2,1): the stopping event's angle wraps a full turn inside the box (sub-box 0,0,3)
    reach: arm (2,-1) 2.9-8.4 deg [selfoff foot 1]  grid 3.33-8.00, enclosure 3.33-8.00 deg
cell 200 (depth 8, victim half-widths 0.125/0.125/0.250u): split on the victim's rot axis (refused: reach envelope: arm (1,1): the stopping event's angle wraps a full turn inside the box (sub-box 0,0,5); arm (2)
cell 201 (depth 8, victim half-widths 0.125/0.125/0.250u): centre [37.6039,-3.2612,1.8896,51.3037,9.8842,-0.8265]
    reach: arm (0,1) 36.3-38.1 deg [cross a1,r1 foot 1 at r0]  grid 36.67-37.67, enclosure 36.67-37.67 deg
    reach: arm (0,-1) -0.1-2.1 deg [selfoff foot 1]  grid 0.33-1.67, enclosure 0.33-1.67 deg
    reach: arm (1,1) grid 0.00-0.00, enclosure - deg  REFUSED: arm (1,1): the stopping event's angle wraps a full turn inside the box (sub-box 0,0,5)
    reach: arm (1,-1) 18.3-20.1 deg [cross a1 foot 0 at r1]  grid 18.67-19.67, enclosure 18.67-19.67 deg
    reach: arm (2,1) grid 0.00-1.00, enclosure - deg  REFUSED: arm (2,1): the stopping event's angle wraps a full turn inside the box (sub-box 0,0,4)
    reach: arm (2,-1) 2.3-7.7 deg [selfoff foot 1]  grid 2.67-7.33, enclosure 2.67-7.33 deg
cell 201 (depth 8, victim half-widths 0.125/0.125/0.250u): split on the victim's rot axis (refused: reach envelope: arm (1,1): the stopping event's angle wraps a full turn inside the box (sub-box 0,0,5); arm (2)
cell 202 (depth 8, victim half-widths 0.125/0.125/0.250u): centre [37.6039,-3.2612,1.8896,51.3037,10.1342,-0.8265]
    reach: arm (0,1) 36.3-38.4 deg [cross a1,r1 foot 1 at r0]  grid 36.67-38.00, enclosure 36.67-38.00 deg
    reach: arm (0,-1) -0.1-1.7 deg [selfoff foot 1]  grid 0.33-1.33, enclosure 0.33-1.33 deg
    reach: arm (1,1) grid 0.00-0.00, enclosure - deg  REFUSED: arm (1,1): the stopping event's angle wraps a full turn inside the box (sub-box 0,0,6)
    reach: arm (1,-1) 18.3-20.1 deg [cross a1 foot 0 at r1]  grid 18.67-19.67, enclosure 18.67-19.67 deg
    reach: arm (2,1) grid 0.00-1.00, enclosure - deg  REFUSED: arm (2,1): the stopping event's angle wraps a full turn inside the box (sub-box 0,0,4)
    reach: arm (2,-1) 1.6-6.7 deg [selfoff foot 1]  grid 2.00-6.33, enclosure 2.00-6.33 deg
cell 202 (depth 8, victim half-widths 0.125/0.125/0.250u): split on the victim's rot axis (refused: reach envelope: arm (1,1): the stopping event's angle wraps a full turn inside the box (sub-box 0,0,6); arm (2)
cell 203 (depth 8, victim half-widths 0.125/0.125/0.250u): centre [37.6039,-3.2612,1.8896,51.3037,10.3842,-0.8265]
    reach: arm (0,1) 36.6-38.4 deg [cross a1,r1 foot 1 at r0]  grid 37.00-38.00, enclosure 37.00-38.00 deg
    reach: arm (0,-1) -0.4-1.7 deg [selfoff foot 1]  grid 0.00-1.33, enclosure 0.00-1.33 deg
    reach: arm (1,1) grid 0.00-0.00, enclosure - deg  REFUSED: arm (1,1): the stopping event's angle wraps a full turn inside the box (sub-box 0,0,7)
    reach: arm (1,-1) 17.9-20.1 deg [cross a1 foot 0 at r1]  grid 18.33-19.67, enclosure 18.33-19.67 deg
    reach: arm (2,1) grid 0.00-1.33, enclosure - deg  REFUSED: arm (2,1): the stopping event's angle wraps a full turn inside the box (sub-box 0,0,5)
    reach: arm (2,-1) 0.6-6.1 deg [selfoff foot 1]  grid 1.00-5.67, enclosure 1.00-5.67 deg
cell 203 (depth 8, victim half-widths 0.125/0.125/0.250u): split on the victim's rot axis (refused: reach envelope: arm (1,1): the stopping event's angle wraps a full turn inside the box (sub-box 0,0,7); arm (2)
cell 204 (depth 8, victim half-widths 0.125/0.125/0.250u): centre [37.6039,-3.2612,1.8896,51.3037,10.6342,-0.8265]
    reach: arm (0,1) 36.6-38.7 deg [cross a1,r1 foot 1 at r0]  grid 37.00-38.33, enclosure 37.00-38.33 deg
    reach: arm (0,-1) -0.4-1.4 deg [selfoff foot 1]  grid 0.00-1.00, enclosure 0.00-1.00 deg
    reach: arm (1,1) grid 0.00-0.00, enclosure - deg  REFUSED: arm (1,1): the stopping event's angle wraps a full turn inside the box (sub-box 0,0,7)
    reach: arm (1,-1) 17.9-20.1 deg [cross a1 foot 0 at r1]  grid 18.33-19.67, enclosure 18.33-19.67 deg
    reach: arm (2,1) grid 0.00-1.33, enclosure - deg  REFUSED: arm (2,1): the stopping event's angle wraps a full turn inside the box (sub-box 0,0,6)
    reach: arm (2,-1) -0.1-5.4 deg [selfoff foot 1]  grid 0.33-5.00, enclosure 0.33-5.00 deg
cell 204 (depth 8, victim half-widths 0.125/0.125/0.250u): split on the victim's rot axis (refused: reach envelope: arm (1,1): the stopping event's angle wraps a full turn inside the box (sub-box 0,0,7); arm (2)
cell 205 (depth 8, victim half-widths 0.125/0.125/0.250u): centre [37.6039,-3.2612,1.8896,51.3037,10.8842,-0.8265]
    reach: arm (0,1) 36.9-38.7 deg [cross a1,r1 foot 1 at r0]  grid 37.33-38.33, enclosure 37.33-38.33 deg
    reach: arm (0,-1) -0.4-1.4 deg [selfoff foot 1]  grid 0.00-1.00, enclosure 0.00-1.00 deg
    reach: arm (1,1) grid 0.00-0.33, enclosure - deg  REFUSED: arm (1,1): the stopping event's angle wraps a full turn inside the box (sub-box 1,0,7)
    reach: arm (1,-1) 17.9-20.1 deg [cross a1 foot 0 at r1]  grid 18.33-19.67, enclosure 18.33-19.67 deg
    reach: arm (2,1) grid 0.00-1.33, enclosure - deg  REFUSED: arm (2,1): the stopping event's angle wraps a full turn inside the box (sub-box 0,0,6)
    reach: arm (2,-1) -0.4-4.4 deg [selfoff foot 1]  grid 0.00-4.00, enclosure 0.00-4.00 deg
cell 205 (depth 8, victim half-widths 0.125/0.125/0.250u): split on the victim's rot axis (refused: reach envelope: arm (1,1): the stopping event's angle wraps a full turn inside the box (sub-box 1,0,7); arm (2)
cell 206 (depth 8, victim half-widths 0.125/0.125/0.250u): centre [37.6039,-3.2612,1.8896,51.3037,11.1342,-0.8265]
    reach: arm (0,1) 36.9-39.1 deg [cross a1,r1 foot 1 at r0]  grid 37.33-38.67, enclosure 37.33-38.67 deg
    reach: arm (0,-1) grid 0.00-0.33, enclosure - deg  REFUSED: arm (0,-1): the stopping event's angle wraps a full turn inside the box (sub-box 7,7,0)
    reach: arm (1,1) grid 0.00-0.33, enclosure - deg  REFUSED: arm (1,1): the stopping event's angle wraps a full turn inside the box (sub-box 2,0,7)
    reach: arm (1,-1) 17.9-19.7 deg [cross a1 foot 0 at r1]  grid 18.33-19.33, enclosure 18.33-19.33 deg
    reach: arm (2,1) grid 0.00-1.67, enclosure - deg  REFUSED: arm (2,1): the stopping event's angle wraps a full turn inside the box (sub-box 0,0,7)
    reach: arm (2,-1) grid 0.00-2.33, enclosure - deg  REFUSED: arm (2,-1): the stopping event's angle wraps a full turn inside the box (sub-box 5,7,0)
cell 206 (depth 8, victim half-widths 0.125/0.125/0.250u): split on the victim's rot axis (refused: reach envelope: arm (0,-1): the stopping event's angle wraps a full turn inside the box (sub-box 7,7,0); arm ()
cell 207 (depth 8, victim half-widths 0.125/0.125/0.250u): centre [37.6039,-3.2612,1.8896,51.3037,11.3842,-0.8265]
    reach: arm (0,1) 37.3-39.4 deg [cross a1,r1 foot 1 at r0]  grid 37.67-39.00, enclosure 37.67-39.00 deg
    reach: arm (0,-1) grid 0.00-0.33, enclosure - deg  REFUSED: arm (0,-1): the stopping event's angle wraps a full turn inside the box (sub-box 3,6,0)
    reach: arm (1,1) grid 0.00-0.33, enclosure - deg  REFUSED: arm (1,1): the stopping event's angle wraps a full turn inside the box (sub-box 2,0,7)
    reach: arm (1,-1) 17.9-19.7 deg [cross a1 foot 0 at r1]  grid 18.33-19.33, enclosure 18.33-19.33 deg
    reach: arm (2,1) grid 0.00-1.67, enclosure - deg  REFUSED: arm (2,1): the stopping event's angle wraps a full turn inside the box (sub-box 0,0,7)
    reach: arm (2,-1) grid 0.00-2.00, enclosure - deg  REFUSED: arm (2,-1): the stopping event's angle wraps a full turn inside the box (sub-box 1,6,0)
cell 207 (depth 8, victim half-widths 0.125/0.125/0.250u): split on the victim's rot axis (refused: reach envelope: arm (0,-1): the stopping event's angle wraps a full turn inside the box (sub-box 3,6,0); arm ()
cell 208 (depth 9, victim half-widths 0.125/0.125/0.125u): centre [37.6039,-3.2612,1.8896,49.5537,9.6342,-0.8644]
    reach: arm (0,1) 34.6-36.4 deg [cross r1 foot 1 at r0]  grid 35.00-36.00, enclosure 35.00-36.00 deg
    reach: arm (0,-1) 1.9-3.4 deg [selfoff foot 1]  grid 2.33-3.00, enclosure 2.33-3.00 deg
    reach: arm (1,1) 2.3-3.7 deg [selfoff a1 foot 0]  grid 2.67-3.33, enclosure 2.67-3.33 deg
    reach: arm (1,-1) 34.3-35.7 deg [cross r1 foot 0 at r0]  grid 34.67-35.33, enclosure 34.67-35.33 deg
    reach: arm (2,1) 17.6-26.4 deg [selfoff a1 foot 0]  grid 18.00-26.00, enclosure 18.00-26.00 deg
    reach: arm (2,-1) 15.3-24.7 deg [selfoff foot 1]  grid 15.67-24.33, enclosure 15.67-24.33 deg
    3/27: [37.604,-3.261,1.89,49.429,9.509,-0.87] dead W=0.77 accept=1.21  (10s)
    6/27: [37.604,-3.261,1.89,49.429,9.634,-0.864] dead W=0.62 accept=1.21  (12s)
    9/27: [37.604,-3.261,1.89,49.429,9.759,-0.859] dead W=0.65 accept=0.85  (14s)
    12/27: [37.604,-3.261,1.89,49.554,9.634,-0.864] dead W=0.73 accept=0.25  (16s)
    15/27: [37.604,-3.261,1.89,49.554,9.759,-0.87] dead W=0.85 accept=0.48  (19s)
    18/27: [37.604,-3.261,1.89,49.679,9.509,-0.87] dead W=0.84 accept=0.60  (21s)
    21/27: [37.604,-3.261,1.89,49.679,9.634,-0.87] dead W=0.91 accept=0.63  (23s)
    24/27: [37.604,-3.261,1.89,49.679,9.759,-0.87] dead W=0.82 accept=0.86  (25s)
    27/27: [37.604,-3.261,1.89,49.679,9.759,-0.859] dead W=0.82 accept=0.39  (26s)
    round 1: 24 pairs refused, 24 midpoints to certify (step 0.063u)
    3/24: [37.604,-3.261,1.89,49.491,9.634,-0.87] dead W=0.73 accept=0.88  (30s)
    6/24: [37.604,-3.261,1.89,49.491,9.634,-0.859] dead W=0.59 accept=1.13  (34s)
    9/24: [37.604,-3.261,1.89,49.491,9.759,-0.864] dead W=0.76 accept=0.36  (35s)
    12/24: [37.604,-3.261,1.89,49.616,9.634,-0.87] dead W=0.85 accept=0.59  (37s)
    15/24: [37.604,-3.261,1.89,49.554,9.697,-0.87] dead W=0.81 accept=0.44  (39s)
    18/24: [37.604,-3.261,1.89,49.554,9.759,-0.867] dead W=0.85 accept=0.38  (41s)
    21/24: [37.604,-3.261,1.89,49.679,9.509,-0.862] dead W=0.81 accept=0.35  (42s)
    24/24: [37.604,-3.261,1.89,49.679,9.572,-0.859] dead W=0.88 accept=0.88  (44s)
cell 208 (depth 9, victim half-widths 0.125/0.125/0.125u): dead (51 poses, 6936 gaps, 22 slivers, 2 probed gaps, min accepted 0.03u)
cell 209 (depth 9, victim half-widths 0.125/0.125/0.125u): centre [37.6039,-3.2612,1.8896,49.5537,9.8842,-0.8644]
    reach: arm (0,1) 34.9-36.4 deg [cross r1 foot 1 at r0]  grid 35.33-36.00, enclosure 35.33-36.00 deg
    reach: arm (0,-1) 1.6-3.4 deg [selfoff foot 1]  grid 2.00-3.00, enclosure 2.00-3.00 deg
    reach: arm (1,1) 2.3-4.1 deg [selfoff a1 foot 0]  grid 2.67-3.67, enclosure 2.67-3.67 deg
    reach: arm (1,-1) 34.3-35.7 deg [cross r1 foot 0 at r0]  grid 34.67-35.33, enclosure 34.67-35.33 deg
    reach: arm (2,1) 17.3-25.1 deg [selfoff a1 foot 0]  grid 17.67-24.67, enclosure 17.67-24.67 deg
    reach: arm (2,-1) 13.9-22.7 deg [selfoff foot 1]  grid 14.33-22.33, enclosure 14.33-22.33 deg
    3/27: [37.604,-3.261,1.89,49.429,9.759,-0.87] dead W=0.79 accept=0.31  (9s)
    6/27: [37.604,-3.261,1.89,49.429,10.009,-0.87] dead W=0.92 accept=0.49  (11s)
    9/27: [37.604,-3.261,1.89,49.554,9.759,-0.864] dead W=0.78 accept=0.46  (14s)
    12/27: [37.604,-3.261,1.89,49.554,9.884,-0.87] dead W=0.95 accept=0.55  (16s)
    15/27: [37.604,-3.261,1.89,49.554,9.884,-0.859] dead W=0.74 accept=0.17  (17s)
    18/27: [37.604,-3.261,1.89,49.554,10.009,-0.859] dead W=0.83 accept=0.38  (19s)
    21/27: [37.604,-3.261,1.89,49.679,9.759,-0.859] dead W=0.82 accept=0.39  (21s)
    24/27: [37.604,-3.261,1.89,49.679,9.884,-0.859] dead W=0.84 accept=0.38  (22s)
    27/27: [37.604,-3.261,1.89,49.679,10.009,-0.859] dead W=0.86 accept=0.57  (23s)
    round 1: 30 pairs refused, 30 midpoints to certify (step 0.063u)
    3/30: [37.604,-3.261,1.89,49.429,9.822,-0.87] dead W=0.82 accept=0.50  (25s)
    6/30: [37.604,-3.261,1.89,49.491,9.884,-0.87] dead W=0.89 accept=0.50  (27s)
    9/30: [37.604,-3.261,1.89,49.491,10.009,-0.864] dead W=0.84 accept=0.43  (29s)
    12/30: [37.604,-3.261,1.89,49.429,10.009,-0.862] dead W=0.80 accept=0.20  (31s)
    15/30: [37.604,-3.261,1.89,49.554,9.759,-0.867] dead W=0.85 accept=0.38  (33s)
    18/30: [37.604,-3.261,1.89,49.616,9.759,-0.859] dead W=0.78 accept=0.28  (35s)
    21/30: [37.604,-3.261,1.89,49.554,9.884,-0.862] dead W=0.81 accept=0.37  (37s)
    24/30: [37.604,-3.261,1.89,49.616,9.884,-0.859] dead W=0.80 accept=0.26  (38s)
    27/30: [37.604,-3.261,1.89,49.616,10.009,-0.859] dead W=0.84 accept=0.54  (40s)
    30/30: [37.604,-3.261,1.89,49.679,9.947,-0.859] dead W=0.85 accept=0.59  (42s)
cell 209 (depth 9, victim half-widths 0.125/0.125/0.125u): dead (57 poses, 7638 gaps, 30 slivers, 3 probed gaps, min accepted 0.03u)
cell 210 (depth 9, victim half-widths 0.125/0.125/0.125u): centre [37.6039,-3.2612,1.8896,50.0537,9.6342,-0.8752]
    reach: arm (0,1) 16.3-18.1 deg [cross a1 foot 1 at r1]  grid 16.67-17.67, enclosure 16.67-17.67 deg
    reach: arm (0,-1) 0.9-2.4 deg [selfoff foot 1]  grid 1.33-2.00, enclosure 1.33-2.00 deg
    reach: arm (1,1) 1.6-3.4 deg [selfoff foot 0]  grid 2.00-3.00, enclosure 2.00-3.00 deg
    reach: arm (1,-1) 15.3-17.1 deg [cross a1 foot 0 at r1]  grid 15.67-16.67, enclosure 15.67-16.67 deg
    reach: arm (2,1) grid 12.67-17.00, enclosure 12.67-17.00 deg  REFUSED: arm (2,1): foot 0 meets two lines 0.3547 deg apart inside the box (circles 3 and 4), within one 0.333-degree substep: the sampling phase, not the geometry, decides whether the swing stops there
    reach: arm (2,-1) 7.9-14.1 deg [selfoff foot 1]  grid 8.33-13.67, enclosure 8.33-13.67 deg
cell 210 (depth 9, victim half-widths 0.125/0.125/0.125u): refused -- reach envelope: arm (2,1): foot 0 meets two lines 0.3547 deg apart inside the box (circles 3 and 4), within one 0.333-degree substep: the sampling phase, not th
cell 211 (depth 9, victim half-widths 0.125/0.125/0.125u): centre [37.6039,-3.2612,1.8896,50.0537,9.6342,-0.8644]
    reach: arm (0,1) 15.9-17.7 deg [cross a1 foot 1 at r1]  grid 16.33-17.33, enclosure 16.33-17.33 deg
    reach: arm (0,-1) 1.3-2.7 deg [selfoff foot 1]  grid 1.67-2.33, enclosure 1.67-2.33 deg
    reach: arm (1,1) 1.6-3.1 deg [selfoff foot 0]  grid 2.00-2.67, enclosure 2.00-2.67 deg
    reach: arm (1,-1) 15.6-17.4 deg [cross a1 foot 0 at r1]  grid 16.00-17.00, enclosure 16.00-17.00 deg
    reach: arm (2,1) grid 11.67-16.00, enclosure 11.67-16.00 deg  REFUSED: arm (2,1): foot 0 meets two lines 0.3427 deg apart inside the box (circles 3 and 4), within one 0.333-degree substep: the sampling phase, not the geometry, decides whether the swing stops there
    reach: arm (2,-1) 9.3-15.4 deg [selfoff foot 1]  grid 9.67-15.00, enclosure 9.67-15.00 deg
cell 211 (depth 9, victim half-widths 0.125/0.125/0.125u): refused -- reach envelope: arm (2,1): foot 0 meets two lines 0.3427 deg apart inside the box (circles 3 and 4), within one 0.333-degree substep: the sampling phase, not th
cell 212 (depth 9, victim half-widths 0.125/0.125/0.125u): centre [37.6039,-3.2612,1.8896,50.0537,9.8842,-0.8752]
    reach: arm (0,1) 16.6-18.1 deg [cross a1 foot 1 at r1]  grid 17.00-17.67, enclosure 17.00-17.67 deg
    reach: arm (0,-1) 0.6-2.4 deg [selfoff foot 1]  grid 1.00-2.00, enclosure 1.00-2.00 deg
    reach: arm (1,1) 1.9-3.4 deg [selfoff foot 0]  grid 2.33-3.00, enclosure 2.33-3.00 deg
    reach: arm (1,-1) 15.3-17.1 deg [cross a1 foot 0 at r1]  grid 15.67-16.67, enclosure 15.67-16.67 deg
    reach: arm (2,1) grid 12.67-16.67, enclosure 12.67-17.00 deg  REFUSED: arm (2,1): foot 0 meets two lines 0.3625 deg apart inside the box (circles 3 and 4), within one 0.333-degree substep: the sampling phase, not the geometry, decides whether the swing stops there
    reach: arm (2,-1) 6.9-13.1 deg [selfoff foot 1]  grid 7.33-12.67, enclosure 7.33-12.67 deg
cell 212 (depth 9, victim half-widths 0.125/0.125/0.125u): refused -- reach envelope: arm (2,1): foot 0 meets two lines 0.3625 deg apart inside the box (circles 3 and 4), within one 0.333-degree substep: the sampling phase, not th
cell 213 (depth 9, victim half-widths 0.125/0.125/0.125u): centre [37.6039,-3.2612,1.8896,50.0537,9.8842,-0.8644]
    reach: arm (0,1) 16.3-17.7 deg [cross a1 foot 1 at r1]  grid 16.67-17.33, enclosure 16.67-17.33 deg
    reach: arm (0,-1) 0.9-2.7 deg [selfoff foot 1]  grid 1.33-2.33, enclosure 1.33-2.33 deg
    reach: arm (1,1) 1.6-3.1 deg [selfoff foot 0]  grid 2.00-2.67, enclosure 2.00-2.67 deg
    reach: arm (1,-1) 15.6-17.4 deg [cross a1 foot 0 at r1]  grid 16.00-17.00, enclosure 16.00-17.00 deg
    reach: arm (2,1) grid 11.67-15.67, enclosure 11.67-16.00 deg  REFUSED: arm (2,1): foot 0 meets two lines 0.3653 deg apart inside the box (circles 3 and 4), within one 0.333-degree substep: the sampling phase, not the geometry, decides whether the swing stops there
    reach: arm (2,-1) 8.3-14.1 deg [selfoff foot 1]  grid 8.67-13.67, enclosure 8.67-13.67 deg
cell 213 (depth 9, victim half-widths 0.125/0.125/0.125u): refused -- reach envelope: arm (2,1): foot 0 meets two lines 0.3653 deg apart inside the box (circles 3 and 4), within one 0.333-degree substep: the sampling phase, not th
cell 214 (depth 9, victim half-widths 0.125/0.125/0.125u): centre [37.6039,-3.2612,1.8896,50.0537,9.6342,-0.8536]
    reach: arm (0,1) 15.6-17.4 deg [cross a1 foot 1 at r1]  grid 16.00-17.00, enclosure 16.00-17.00 deg
    reach: arm (0,-1) 1.3-3.1 deg [selfoff foot 1]  grid 1.67-2.67, enclosure 1.67-2.67 deg
    reach: arm (1,1) 1.3-2.7 deg [selfoff foot 0]  grid 1.67-2.33, enclosure 1.67-2.33 deg
    reach: arm (1,-1) 15.9-17.7 deg [cross a1 foot 0 at r1]  grid 16.33-17.33, enclosure 16.33-17.33 deg
    reach: arm (2,1) grid 10.67-14.67, enclosure 10.33-15.00 deg  REFUSED: arm (2,1): foot 0 meets two lines 0.3471 deg apart inside the box (circles 3 and 4), within one 0.333-degree substep: the sampling phase, not the geometry, decides whether the swing stops there
    reach: arm (2,-1) 10.3-16.4 deg [selfoff foot 1]  grid 10.67-16.00, enclosure 10.67-16.00 deg
cell 214 (depth 9, victim half-widths 0.125/0.125/0.125u): refused -- reach envelope: arm (2,1): foot 0 meets two lines 0.3471 deg apart inside the box (circles 3 and 4), within one 0.333-degree substep: the sampling phase, not th
cell 215 (depth 9, victim half-widths 0.125/0.125/0.125u): centre [37.6039,-3.2612,1.8896,50.0537,9.6342,-0.8428]
    reach: arm (0,1) 15.6-17.1 deg [cross a1 foot 1 at r1]  grid 16.00-16.67, enclosure 16.00-16.67 deg
    reach: arm (0,-1) 1.6-3.4 deg [selfoff foot 1]  grid 2.00-3.00, enclosure 2.00-3.00 deg
    reach: arm (1,1) 0.9-2.7 deg [selfoff foot 0]  grid 1.33-2.33, enclosure 1.33-2.33 deg
    reach: arm (1,-1) 16.3-17.7 deg [cross a1 foot 0 at r1]  grid 16.67-17.33, enclosure 16.67-17.33 deg
    reach: arm (2,1) grid 9.33-13.67, enclosure 9.33-13.67 deg  REFUSED: arm (2,1): foot 0 meets two lines 0.0723 deg apart inside the box (circles 3 and 4), within one 0.333-degree substep: the sampling phase, not the geometry, decides whether the swing stops there
    reach: arm (2,-1) 11.6-17.4 deg [selfoff foot 1]  grid 12.00-17.00, enclosure 12.00-17.00 deg
cell 215 (depth 9, victim half-widths 0.125/0.125/0.125u): refused -- reach envelope: arm (2,1): foot 0 meets two lines 0.0723 deg apart inside the box (circles 3 and 4), within one 0.333-degree substep: the sampling phase, not th
cell 216 (depth 9, victim half-widths 0.125/0.125/0.125u): centre [37.6039,-3.2612,1.8896,50.0537,9.8842,-0.8536]
    reach: arm (0,1) 15.9-17.7 deg [cross a1 foot 1 at r1]  grid 16.33-17.33, enclosure 16.33-17.33 deg
    reach: arm (0,-1) 1.3-2.7 deg [selfoff foot 1]  grid 1.67-2.33, enclosure 1.67-2.33 deg
    reach: arm (1,1) 1.3-3.1 deg [selfoff foot 0]  grid 1.67-2.67, enclosure 1.67-2.67 deg
    reach: arm (1,-1) 15.9-17.4 deg [cross a1 foot 0 at r1]  grid 16.33-17.00, enclosure 16.33-17.00 deg
    reach: arm (2,1) grid 10.67-14.67, enclosure 10.33-14.67 deg  REFUSED: arm (2,1): foot 0 meets two lines 0.3526 deg apart inside the box (circles 3 and 4), within one 0.333-degree substep: the sampling phase, not the geometry, decides whether the swing stops there
    reach: arm (2,-1) 9.3-15.4 deg [selfoff foot 1]  grid 9.67-15.00, enclosure 9.67-15.00 deg
cell 216 (depth 9, victim half-widths 0.125/0.125/0.125u): refused -- reach envelope: arm (2,1): foot 0 meets two lines 0.3526 deg apart inside the box (circles 3 and 4), within one 0.333-degree substep: the sampling phase, not th
cell 217 (depth 9, victim half-widths 0.125/0.125/0.125u): centre [37.6039,-3.2612,1.8896,50.0537,9.8842,-0.8428]
    reach: arm (0,1) 15.6-17.4 deg [cross a1 foot 1 at r1]  grid 16.00-17.00, enclosure 16.00-17.00 deg
    reach: arm (0,-1) 1.6-3.1 deg [selfoff foot 1]  grid 2.00-2.67, enclosure 2.00-2.67 deg
    reach: arm (1,1) 0.9-2.7 deg [selfoff foot 0]  grid 1.33-2.33, enclosure 1.33-2.33 deg
    reach: arm (1,-1) 16.3-17.7 deg [cross a1 foot 0 at r1]  grid 16.67-17.33, enclosure 16.67-17.33 deg
    reach: arm (2,1) grid 9.33-13.67, enclosure 9.33-13.67 deg  REFUSED: arm (2,1): foot 0 meets two lines 0.3579 deg apart inside the box (circles 3 and 4), within one 0.333-degree substep: the sampling phase, not the geometry, decides whether the swing stops there
    reach: arm (2,-1) 10.6-16.4 deg [selfoff foot 1]  grid 11.00-16.00, enclosure 11.00-16.00 deg
cell 217 (depth 9, victim half-widths 0.125/0.125/0.125u): refused -- reach envelope: arm (2,1): foot 0 meets two lines 0.3579 deg apart inside the box (circles 3 and 4), within one 0.333-degree substep: the sampling phase, not th
cell 218 (depth 9, victim half-widths 0.125/0.125/0.125u): centre [37.6039,-3.2612,1.8896,50.0537,9.6342,-0.8319]
    reach: arm (0,1) 15.3-16.7 deg [cross a1 foot 1 at r1]  grid 15.67-16.33, enclosure 15.67-16.33 deg
    reach: arm (0,-1) 1.9-3.4 deg [selfoff foot 1]  grid 2.33-3.00, enclosure 2.33-3.00 deg
    reach: arm (1,1) 0.6-2.4 deg [selfoff foot 0]  grid 1.00-2.00, enclosure 1.00-2.00 deg
    reach: arm (1,-1) 16.6-18.1 deg [cross a1 foot 0 at r1]  grid 17.00-17.67, enclosure 17.00-17.67 deg
    reach: arm (2,1) grid 8.00-12.33, enclosure 8.00-12.33 deg  REFUSED: arm (2,1): foot 0 meets two lines 0.3649 deg apart inside the box (circles 3 and 4), within one 0.333-degree substep: the sampling phase, not the geometry, decides whether the swing stops there
    reach: arm (2,-1) 12.6-18.4 deg [selfoff foot 1]  grid 13.00-18.00, enclosure 13.00-18.00 deg
cell 218 (depth 9, victim half-widths 0.125/0.125/0.125u): refused -- reach envelope: arm (2,1): foot 0 meets two lines 0.3649 deg apart inside the box (circles 3 and 4), within one 0.333-degree substep: the sampling phase, not th
cell 219 (depth 9, victim half-widths 0.125/0.125/0.125u): centre [37.6039,-3.2612,1.8896,50.0537,9.6342,-0.8211]
    reach: arm (0,1) 14.9-16.7 deg [cross a1 foot 1 at r1]  grid 15.33-16.33, enclosure 15.33-16.33 deg
    reach: arm (0,-1) 2.3-3.7 deg [selfoff foot 1]  grid 2.67-3.33, enclosure 2.67-3.33 deg
    reach: arm (1,1) 0.6-2.1 deg [selfoff foot 0]  grid 1.00-1.67, enclosure 1.00-1.67 deg
    reach: arm (1,-1) 16.6-18.4 deg [cross a1 foot 0 at r1]  grid 17.00-18.00, enclosure 17.00-18.00 deg
    reach: arm (2,1) grid 6.67-11.00, enclosure 6.67-11.33 deg  REFUSED: arm (2,1): foot 0 meets two lines 0.3474 deg apart inside the box (circles 3 and 4), within one 0.333-degree substep: the sampling phase, not the geometry, decides whether the swing stops there
    reach: arm (2,-1) 13.6-19.4 deg [selfoff foot 1]  grid 14.00-19.00, enclosure 14.00-19.00 deg
cell 219 (depth 9, victim half-widths 0.125/0.125/0.125u): refused -- reach envelope: arm (2,1): foot 0 meets two lines 0.3474 deg apart inside the box (circles 3 and 4), within one 0.333-degree substep: the sampling phase, not th
cell 220 (depth 9, victim half-widths 0.125/0.125/0.125u): centre [37.6039,-3.2612,1.8896,50.0537,9.8842,-0.8319]
    reach: arm (0,1) 15.3-17.1 deg [cross a1 foot 1 at r1]  grid 15.67-16.67, enclosure 15.67-16.67 deg
    reach: arm (0,-1) 1.6-3.4 deg [selfoff foot 1]  grid 2.00-3.00, enclosure 2.00-3.00 deg
    reach: arm (1,1) 0.9-2.4 deg [selfoff foot 0]  grid 1.33-2.00, enclosure 1.33-2.00 deg
    reach: arm (1,-1) 16.6-18.1 deg [cross a1 foot 0 at r1]  grid 17.00-17.67, enclosure 17.00-17.67 deg
    reach: arm (2,1) grid 8.00-12.33, enclosure 8.00-12.33 deg  REFUSED: arm (2,1): foot 0 meets two lines 0.3537 deg apart inside the box (circles 3 and 4), within one 0.333-degree substep: the sampling phase, not the geometry, decides whether the swing stops there
    reach: arm (2,-1) 11.6-17.4 deg [selfoff foot 1]  grid 12.00-17.00, enclosure 12.00-17.00 deg
cell 220 (depth 9, victim half-widths 0.125/0.125/0.125u): refused -- reach envelope: arm (2,1): foot 0 meets two lines 0.3537 deg apart inside the box (circles 3 and 4), within one 0.333-degree substep: the sampling phase, not th
cell 221 (depth 9, victim half-widths 0.125/0.125/0.125u): centre [37.6039,-3.2612,1.8896,50.0537,9.8842,-0.8211]
    reach: arm (0,1) 15.3-16.7 deg [cross a1 foot 1 at r1]  grid 15.67-16.33, enclosure 15.67-16.33 deg
    reach: arm (0,-1) 1.9-3.7 deg [selfoff foot 1]  grid 2.33-3.33, enclosure 2.33-3.33 deg
    reach: arm (1,1) 0.6-2.1 deg [selfoff foot 0]  grid 1.00-1.67, enclosure 1.00-1.67 deg
    reach: arm (1,-1) 16.6-18.4 deg [cross a1 foot 0 at r1]  grid 17.00-18.00, enclosure 17.00-18.00 deg
    reach: arm (2,1) grid 7.00-11.00, enclosure 6.67-11.33 deg  REFUSED: arm (2,1): foot 0 meets two lines 0.3566 deg apart inside the box (circles 3 and 4), within one 0.333-degree substep: the sampling phase, not the geometry, decides whether the swing stops there
    reach: arm (2,-1) 12.6-18.4 deg [selfoff foot 1]  grid 13.00-18.00, enclosure 13.00-18.00 deg
cell 221 (depth 9, victim half-widths 0.125/0.125/0.125u): refused -- reach envelope: arm (2,1): foot 0 meets two lines 0.3566 deg apart inside the box (circles 3 and 4), within one 0.333-degree substep: the sampling phase, not th
cell 222 (depth 9, victim half-widths 0.125/0.125/0.125u): centre [37.6039,-3.2612,1.8896,50.0537,10.1342,-0.8536]
    reach: arm (0,1) 16.3-17.7 deg [cross a1 foot 1 at r1]  grid 16.67-17.33, enclosure 16.67-17.33 deg
    reach: arm (0,-1) 0.9-2.7 deg [selfoff foot 1]  grid 1.33-2.33, enclosure 1.33-2.33 deg
    reach: arm (1,1) 1.3-3.1 deg [selfoff foot 0]  grid 1.67-2.67, enclosure 1.67-2.67 deg
    reach: arm (1,-1) 15.9-17.4 deg [cross a1 foot 0 at r1]  grid 16.33-17.00, enclosure 16.33-17.00 deg
    reach: arm (2,1) grid 10.67-14.67, enclosure 10.33-14.67 deg  REFUSED: arm (2,1): foot 0 meets two lines 0.3375 deg apart inside the box (circles 3 and 4), within one 0.333-degree substep: the sampling phase, not the geometry, decides whether the swing stops there
    reach: arm (2,-1) 8.3-14.1 deg [selfoff foot 1]  grid 8.67-13.67, enclosure 8.67-13.67 deg
cell 222 (depth 9, victim half-widths 0.125/0.125/0.125u): refused -- reach envelope: arm (2,1): foot 0 meets two lines 0.3375 deg apart inside the box (circles 3 and 4), within one 0.333-degree substep: the sampling phase, not th
cell 223 (depth 9, victim half-widths 0.125/0.125/0.125u): centre [37.6039,-3.2612,1.8896,50.0537,10.1342,-0.8428]
    reach: arm (0,1) 15.9-17.4 deg [cross a1 foot 1 at r1]  grid 16.33-17.00, enclosure 16.33-17.00 deg
    reach: arm (0,-1) 1.3-3.1 deg [selfoff foot 1]  grid 1.67-2.67, enclosure 1.67-2.67 deg
    reach: arm (1,1) 0.9-2.7 deg [selfoff foot 0]  grid 1.33-2.33, enclosure 1.33-2.33 deg
    reach: arm (1,-1) 16.3-17.7 deg [cross a1 foot 0 at r1]  grid 16.67-17.33, enclosure 16.67-17.33 deg
    reach: arm (2,1) grid 9.33-13.33, enclosure 9.33-13.67 deg  REFUSED: arm (2,1): foot 0 meets two lines 0.3446 deg apart inside the box (circles 3 and 4), within one 0.333-degree substep: the sampling phase, not the geometry, decides whether the swing stops there
    reach: arm (2,-1) 9.6-15.4 deg [selfoff foot 1]  grid 10.00-15.00, enclosure 10.00-15.00 deg
cell 223 (depth 9, victim half-widths 0.125/0.125/0.125u): refused -- reach envelope: arm (2,1): foot 0 meets two lines 0.3446 deg apart inside the box (circles 3 and 4), within one 0.333-degree substep: the sampling phase, not th
cell 224 (depth 9, victim half-widths 0.125/0.125/0.125u): centre [37.6039,-3.2612,1.8896,50.0537,10.3842,-0.8536]
    reach: arm (0,1) 16.3-18.1 deg [cross a1 foot 1 at r1]  grid 16.67-17.67, enclosure 16.67-17.67 deg
    reach: arm (0,-1) 0.9-2.4 deg [selfoff foot 1]  grid 1.33-2.00, enclosure 1.33-2.00 deg
    reach: arm (1,1) 1.3-3.1 deg [selfoff foot 0]  grid 1.67-2.67, enclosure 1.67-2.67 deg
    reach: arm (1,-1) 15.9-17.4 deg [cross a1 foot 0 at r1]  grid 16.33-17.00, enclosure 16.33-17.00 deg
    reach: arm (2,1) grid 10.67-14.33, enclosure 10.33-14.67 deg  REFUSED: arm (2,1): foot 0 meets two lines 0.3642 deg apart inside the box (circles 3 and 4), within one 0.333-degree substep: the sampling phase, not the geometry, decides whether the swing stops there
    reach: arm (2,-1) 7.3-13.1 deg [selfoff foot 1]  grid 7.67-12.67, enclosure 7.67-12.67 deg
cell 224 (depth 9, victim half-widths 0.125/0.125/0.125u): refused -- reach envelope: arm (2,1): foot 0 meets two lines 0.3642 deg apart inside the box (circles 3 and 4), within one 0.333-degree substep: the sampling phase, not th
cell 225 (depth 9, victim half-widths 0.125/0.125/0.125u): centre [37.6039,-3.2612,1.8896,50.0537,10.3842,-0.8428]
    reach: arm (0,1) 15.9-17.7 deg [cross a1 foot 1 at r1]  grid 16.33-17.33, enclosure 16.33-17.33 deg
    reach: arm (0,-1) 0.9-2.7 deg [selfoff foot 1]  grid 1.33-2.33, enclosure 1.33-2.33 deg
    reach: arm (1,1) 1.3-2.7 deg [selfoff foot 0]  grid 1.67-2.33, enclosure 1.67-2.33 deg
    reach: arm (1,-1) 15.9-17.7 deg [cross a1 foot 0 at r1]  grid 16.33-17.33, enclosure 16.33-17.33 deg
    reach: arm (2,1) grid 9.33-13.33, enclosure 9.33-13.33 deg  REFUSED: arm (2,1): foot 0 meets two lines 0.3408 deg apart inside the box (circles 3 and 4), within one 0.333-degree substep: the sampling phase, not the geometry, decides whether the swing stops there
    reach: arm (2,-1) 8.6-14.1 deg [selfoff foot 1]  grid 9.00-13.67, enclosure 9.00-13.67 deg
cell 225 (depth 9, victim half-widths 0.125/0.125/0.125u): refused -- reach envelope: arm (2,1): foot 0 meets two lines 0.3408 deg apart inside the box (circles 3 and 4), within one 0.333-degree substep: the sampling phase, not th
cell 226 (depth 9, victim half-widths 0.125/0.125/0.125u): centre [37.6039,-3.2612,1.8896,50.0537,10.1342,-0.8319]
    reach: arm (0,1) 15.6-17.4 deg [cross a1 foot 1 at r1]  grid 16.00-17.00, enclosure 16.00-17.00 deg
    reach: arm (0,-1) 1.6-3.1 deg [selfoff foot 1]  grid 2.00-2.67, enclosure 2.00-2.67 deg
    reach: arm (1,1) 0.9-2.4 deg [selfoff foot 0]  grid 1.33-2.00, enclosure 1.33-2.00 deg
    reach: arm (1,-1) 16.3-18.1 deg [cross a1 foot 0 at r1]  grid 16.67-17.67, enclosure 16.67-17.67 deg
    reach: arm (2,1) grid 8.33-12.33, enclosure 8.00-12.33 deg  REFUSED: arm (2,1): foot 0 meets two lines 0.2374 deg apart inside the box (circles 4 and 3), within one 0.333-degree substep: the sampling phase, not the geometry, decides whether the swing stops there
    reach: arm (2,-1) 10.6-16.4 deg [selfoff foot 1]  grid 11.00-16.00, enclosure 11.00-16.00 deg
cell 226 (depth 9, victim half-widths 0.125/0.125/0.125u): refused -- reach envelope: arm (2,1): foot 0 meets two lines 0.2374 deg apart inside the box (circles 4 and 3), within one 0.333-degree substep: the sampling phase, not th
cell 227 (depth 9, victim half-widths 0.125/0.125/0.125u): centre [37.6039,-3.2612,1.8896,50.0537,10.1342,-0.8211]
    reach: arm (0,1) 15.3-17.1 deg [cross a1 foot 1 at r1]  grid 15.67-16.67, enclosure 15.67-16.67 deg
    reach: arm (0,-1) 1.9-3.4 deg [selfoff foot 1]  grid 2.33-3.00, enclosure 2.33-3.00 deg
    reach: arm (1,1) 0.6-2.1 deg [selfoff foot 0]  grid 1.00-1.67, enclosure 1.00-1.67 deg
    reach: arm (1,-1) 16.6-18.4 deg [cross a1 foot 0 at r1]  grid 17.00-18.00, enclosure 17.00-18.00 deg
    reach: arm (2,1) grid 7.00-11.00, enclosure 7.00-11.00 deg  REFUSED: arm (2,1): foot 0 meets two lines 0.3508 deg apart inside the box (circles 3 and 4), within one 0.333-degree substep: the sampling phase, not the geometry, decides whether the swing stops there
    reach: arm (2,-1) 11.6-17.4 deg [selfoff foot 1]  grid 12.00-17.00, enclosure 12.00-17.00 deg
cell 227 (depth 9, victim half-widths 0.125/0.125/0.125u): refused -- reach envelope: arm (2,1): foot 0 meets two lines 0.3508 deg apart inside the box (circles 3 and 4), within one 0.333-degree substep: the sampling phase, not th
cell 228 (depth 9, victim half-widths 0.125/0.125/0.125u): centre [37.6039,-3.2612,1.8896,50.0537,10.3842,-0.8319]
    reach: arm (0,1) 15.9-17.4 deg [cross a1 foot 1 at r1]  grid 16.33-17.00, enclosure 16.33-17.00 deg
    reach: arm (0,-1) 1.3-3.1 deg [selfoff foot 1]  grid 1.67-2.67, enclosure 1.67-2.67 deg
    reach: arm (1,1) 0.9-2.4 deg [selfoff foot 0]  grid 1.33-2.00, enclosure 1.33-2.00 deg
    reach: arm (1,-1) 16.3-18.1 deg [cross a1 foot 0 at r1]  grid 16.67-17.67, enclosure 16.67-17.67 deg
    reach: arm (2,1) grid 8.33-12.33, enclosure 8.00-12.33 deg  REFUSED: arm (2,1): foot 0 meets two lines 0.0115 deg apart inside the box (circles 4 and 3), within one 0.333-degree substep: the sampling phase, not the geometry, decides whether the swing stops there
    reach: arm (2,-1) 9.6-15.4 deg [selfoff foot 1]  grid 10.00-15.00, enclosure 10.00-15.00 deg
cell 228 (depth 9, victim half-widths 0.125/0.125/0.125u): refused -- reach envelope: arm (2,1): foot 0 meets two lines 0.0115 deg apart inside the box (circles 4 and 3), within one 0.333-degree substep: the sampling phase, not th
cell 229 (depth 9, victim half-widths 0.125/0.125/0.125u): centre [37.6039,-3.2612,1.8896,50.0537,10.3842,-0.8211]
    reach: arm (0,1) 15.6-17.1 deg [cross a1 foot 1 at r1]  grid 16.00-16.67, enclosure 16.00-16.67 deg
    reach: arm (0,-1) 1.6-3.4 deg [selfoff foot 1]  grid 2.00-3.00, enclosure 2.00-3.00 deg
    reach: arm (1,1) 0.6-2.4 deg [selfoff foot 0]  grid 1.00-2.00, enclosure 1.00-2.00 deg
    reach: arm (1,-1) 16.6-18.1 deg [cross a1 foot 0 at r1]  grid 17.00-17.67, enclosure 17.00-17.67 deg
    reach: arm (2,1) grid 7.00-11.00, enclosure 7.00-11.00 deg  REFUSED: arm (2,1): foot 0 meets two lines 0.3546 deg apart inside the box (circles 3 and 4), within one 0.333-degree substep: the sampling phase, not the geometry, decides whether the swing stops there
    reach: arm (2,-1) 10.9-16.4 deg [selfoff foot 1]  grid 11.33-16.00, enclosure 11.33-16.00 deg
cell 229 (depth 9, victim half-widths 0.125/0.125/0.125u): refused -- reach envelope: arm (2,1): foot 0 meets two lines 0.3546 deg apart inside the box (circles 3 and 4), within one 0.333-degree substep: the sampling phase, not th
cell 230 (depth 9, victim half-widths 0.125/0.125/0.125u): centre [37.6039,-3.2612,1.8896,50.0537,10.6342,-0.8536]
    reach: arm (0,1) 16.6-18.1 deg [cross a1 foot 1 at r1]  grid 17.00-17.67, enclosure 17.00-17.67 deg
    reach: arm (0,-1) 0.6-2.4 deg [selfoff foot 1]  grid 1.00-2.00, enclosure 1.00-2.00 deg
    reach: arm (1,1) 1.3-3.1 deg [selfoff foot 0]  grid 1.67-2.67, enclosure 1.67-2.67 deg
    reach: arm (1,-1) 15.6-17.4 deg [cross a1 foot 0 at r1]  grid 16.00-17.00, enclosure 16.00-17.00 deg
    reach: arm (2,1) grid 10.67-14.33, enclosure 10.33-14.33 deg  REFUSED: arm (2,1): foot 0 meets two lines 0.3359 deg apart inside the box (circles 3 and 4), within one 0.333-degree substep: the sampling phase, not the geometry, decides whether the swing stops there
    reach: arm (2,-1) 6.3-12.1 deg [selfoff foot 1]  grid 6.67-11.67, enclosure 6.67-11.67 deg
cell 230 (depth 9, victim half-widths 0.125/0.125/0.125u): refused -- reach envelope: arm (2,1): foot 0 meets two lines 0.3359 deg apart inside the box (circles 3 and 4), within one 0.333-degree substep: the sampling phase, not th
cell 231 (depth 9, victim half-widths 0.125/0.125/0.125u): centre [37.6039,-3.2612,1.8896,50.0537,10.6342,-0.8428]
    reach: arm (0,1) 16.3-17.7 deg [cross a1 foot 1 at r1]  grid 16.67-17.33, enclosure 16.67-17.33 deg
    reach: arm (0,-1) 0.9-2.7 deg [selfoff foot 1]  grid 1.33-2.33, enclosure 1.33-2.33 deg
    reach: arm (1,1) 1.3-2.7 deg [selfoff foot 0]  grid 1.67-2.33, enclosure 1.67-2.33 deg
    reach: arm (1,-1) 15.9-17.7 deg [cross a1 foot 0 at r1]  grid 16.33-17.33, enclosure 16.33-17.33 deg
    reach: arm (2,1) grid 9.33-13.33, enclosure 9.33-13.33 deg  REFUSED: arm (2,1): foot 0 meets two lines 0.3644 deg apart inside the box (circles 3 and 4), within one 0.333-degree substep: the sampling phase, not the geometry, decides whether the swing stops there
    reach: arm (2,-1) 7.6-13.1 deg [selfoff foot 1]  grid 8.00-12.67, enclosure 8.00-12.67 deg
cell 231 (depth 9, victim half-widths 0.125/0.125/0.125u): refused -- reach envelope: arm (2,1): foot 0 meets two lines 0.3644 deg apart inside the box (circles 3 and 4), within one 0.333-degree substep: the sampling phase, not th
cell 232 (depth 9, victim half-widths 0.125/0.125/0.125u): centre [37.6039,-3.2612,1.8896,50.0537,10.8842,-0.8536]
    reach: arm (0,1) 16.6-18.4 deg [cross a1 foot 1 at r1]  grid 17.00-18.00, enclosure 17.00-18.00 deg
    reach: arm (0,-1) 0.6-2.1 deg [selfoff foot 1]  grid 1.00-1.67, enclosure 1.00-1.67 deg
    reach: arm (1,1) 1.6-3.1 deg [selfoff foot 0]  grid 2.00-2.67, enclosure 2.00-2.67 deg
    reach: arm (1,-1) 15.6-17.4 deg [cross a1 foot 0 at r1]  grid 16.00-17.00, enclosure 16.00-17.00 deg
    reach: arm (2,1) grid 10.67-14.33, enclosure 10.33-14.33 deg  REFUSED: arm (2,1): foot 0 meets two lines 0.3370 deg apart inside the box (circles 3 and 4), within one 0.333-degree substep: the sampling phase, not the geometry, decides whether the swing stops there
    reach: arm (2,-1) 5.3-10.7 deg [selfoff foot 1]  grid 5.67-10.33, enclosure 5.67-10.33 deg
cell 232 (depth 9, victim half-widths 0.125/0.125/0.125u): refused -- reach envelope: arm (2,1): foot 0 meets two lines 0.3370 deg apart inside the box (circles 3 and 4), within one 0.333-degree substep: the sampling phase, not th
cell 233 (depth 9, victim half-widths 0.125/0.125/0.125u): centre [37.6039,-3.2612,1.8896,50.0537,10.8842,-0.8428]
    reach: arm (0,1) 16.3-18.1 deg [cross a1 foot 1 at r1]  grid 16.67-17.67, enclosure 16.67-17.67 deg
    reach: arm (0,-1) 0.6-2.4 deg [selfoff foot 1]  grid 1.00-2.00, enclosure 1.00-2.00 deg
    reach: arm (1,1) 1.3-2.7 deg [selfoff foot 0]  grid 1.67-2.33, enclosure 1.67-2.33 deg
    reach: arm (1,-1) 15.9-17.7 deg [cross a1 foot 0 at r1]  grid 16.33-17.33, enclosure 16.33-17.33 deg
    reach: arm (2,1) grid 9.33-13.00, enclosure 9.33-13.33 deg  REFUSED: arm (2,1): foot 0 meets two lines 0.3365 deg apart inside the box (circles 3 and 4), within one 0.333-degree substep: the sampling phase, not the geometry, decides whether the swing stops there
    reach: arm (2,-1) 6.6-12.1 deg [selfoff foot 1]  grid 7.00-11.67, enclosure 7.00-11.67 deg
cell 233 (depth 9, victim half-widths 0.125/0.125/0.125u): refused -- reach envelope: arm (2,1): foot 0 meets two lines 0.3365 deg apart inside the box (circles 3 and 4), within one 0.333-degree substep: the sampling phase, not th
cell 234 (depth 9, victim half-widths 0.125/0.125/0.125u): centre [37.6039,-3.2612,1.8896,50.0537,10.6342,-0.8319]
    reach: arm (0,1) 15.9-17.7 deg [cross a1 foot 1 at r1]  grid 16.33-17.33, enclosure 16.33-17.33 deg
    reach: arm (0,-1) 1.3-2.7 deg [selfoff foot 1]  grid 1.67-2.33, enclosure 1.67-2.33 deg
    reach: arm (1,1) 0.9-2.4 deg [selfoff foot 0]  grid 1.33-2.00, enclosure 1.33-2.00 deg
    reach: arm (1,-1) 16.3-17.7 deg [cross a1 foot 0 at r1]  grid 16.67-17.33, enclosure 16.67-17.33 deg
    reach: arm (2,1) grid 8.33-12.00, enclosure 8.00-12.33 deg  REFUSED: arm (2,1): foot 0 meets two lines 0.3461 deg apart inside the box (circles 3 and 4), within one 0.333-degree substep: the sampling phase, not the geometry, decides whether the swing stops there
    reach: arm (2,-1) 8.6-14.1 deg [selfoff foot 1]  grid 9.00-13.67, enclosure 9.00-13.67 deg
cell 234 (depth 9, victim half-widths 0.125/0.125/0.125u): refused -- reach envelope: arm (2,1): foot 0 meets two lines 0.3461 deg apart inside the box (circles 3 and 4), within one 0.333-degree substep: the sampling phase, not th
cell 235 (depth 9, victim half-widths 0.125/0.125/0.125u): centre [37.6039,-3.2612,1.8896,50.0537,10.6342,-0.8211]
    reach: arm (0,1) 15.6-17.4 deg [cross a1 foot 1 at r1]  grid 16.00-17.00, enclosure 16.00-17.00 deg
    reach: arm (0,-1) 1.3-3.1 deg [selfoff foot 1]  grid 1.67-2.67, enclosure 1.67-2.67 deg
    reach: arm (1,1) 0.6-2.4 deg [selfoff foot 0]  grid 1.00-2.00, enclosure 1.00-2.00 deg
    reach: arm (1,-1) 16.6-18.1 deg [cross a1 foot 0 at r1]  grid 17.00-17.67, enclosure 17.00-17.67 deg
    reach: arm (2,1) grid 7.00-11.00, enclosure 7.00-11.00 deg  REFUSED: arm (2,1): foot 0 meets two lines 0.3593 deg apart inside the box (circles 3 and 4), within one 0.333-degree substep: the sampling phase, not the geometry, decides whether the swing stops there
    reach: arm (2,-1) 9.9-15.4 deg [selfoff foot 1]  grid 10.33-15.00, enclosure 10.33-15.00 deg
cell 235 (depth 9, victim half-widths 0.125/0.125/0.125u): refused -- reach envelope: arm (2,1): foot 0 meets two lines 0.3593 deg apart inside the box (circles 3 and 4), within one 0.333-degree substep: the sampling phase, not th
cell 236 (depth 9, victim half-widths 0.125/0.125/0.125u): centre [37.6039,-3.2612,1.8896,50.0537,10.8842,-0.8319]
    reach: arm (0,1) 16.3-17.7 deg [cross a1 foot 1 at r1]  grid 16.67-17.33, enclosure 16.67-17.33 deg
    reach: arm (0,-1) 0.9-2.7 deg [selfoff foot 1]  grid 1.33-2.33, enclosure 1.33-2.33 deg
    reach: arm (1,1) 0.9-2.4 deg [selfoff foot 0]  grid 1.33-2.00, enclosure 1.33-2.00 deg
    reach: arm (1,-1) 16.3-17.7 deg [cross a1 foot 0 at r1]  grid 16.67-17.33, enclosure 16.67-17.33 deg
    reach: arm (2,1) grid 8.33-12.00, enclosure 8.33-12.33 deg  REFUSED: arm (2,1): foot 0 meets two lines 0.3603 deg apart inside the box (circles 3 and 4), within one 0.333-degree substep: the sampling phase, not the geometry, decides whether the swing stops there
    reach: arm (2,-1) 7.6-13.1 deg [selfoff foot 1]  grid 8.00-12.67, enclosure 8.00-12.67 deg
cell 236 (depth 9, victim half-widths 0.125/0.125/0.125u): refused -- reach envelope: arm (2,1): foot 0 meets two lines 0.3603 deg apart inside the box (circles 3 and 4), within one 0.333-degree substep: the sampling phase, not th
cell 237 (depth 9, victim half-widths 0.125/0.125/0.125u): centre [37.6039,-3.2612,1.8896,50.0537,10.8842,-0.8211]
    reach: arm (0,1) 15.9-17.4 deg [cross a1 foot 1 at r1]  grid 16.33-17.00, enclosure 16.33-17.00 deg
    reach: arm (0,-1) 1.3-2.7 deg [selfoff foot 1]  grid 1.67-2.33, enclosure 1.67-2.33 deg
    reach: arm (1,1) 0.6-2.4 deg [selfoff foot 0]  grid 1.00-2.00, enclosure 1.00-2.00 deg
    reach: arm (1,-1) 16.6-18.1 deg [cross a1 foot 0 at r1]  grid 17.00-17.67, enclosure 17.00-17.67 deg
    reach: arm (2,1) grid 7.00-11.00, enclosure 7.00-11.00 deg  REFUSED: arm (2,1): foot 0 meets two lines 0.2640 deg apart inside the box (circles 4 and 3), within one 0.333-degree substep: the sampling phase, not the geometry, decides whether the swing stops there
    reach: arm (2,-1) 8.9-14.1 deg [selfoff foot 1]  grid 9.33-13.67, enclosure 9.33-13.67 deg
cell 237 (depth 9, victim half-widths 0.125/0.125/0.125u): refused -- reach envelope: arm (2,1): foot 0 meets two lines 0.2640 deg apart inside the box (circles 4 and 3), within one 0.333-degree substep: the sampling phase, not th
cell 238 (depth 9, victim half-widths 0.125/0.125/0.125u): centre [37.6039,-3.2612,1.8896,50.3037,9.6342,-0.8969]
    reach: arm (0,1) 17.3-18.7 deg [cross a1 foot 1 at r1]  grid 17.67-18.33, enclosure 17.67-18.33 deg
    reach: arm (0,-1) -0.1-1.7 deg [selfoff foot 1]  grid 0.33-1.33, enclosure 0.33-1.33 deg
    reach: arm (1,1) 1.9-3.4 deg [selfoff foot 0]  grid 2.33-3.00, enclosure 2.33-3.00 deg
    reach: arm (1,-1) 15.3-16.7 deg [cross a1 foot 0 at r1]  grid 15.67-16.33, enclosure 15.67-16.33 deg
    reach: arm (2,1) grid 12.33-16.00, enclosure 12.33-16.00 deg  REFUSED: arm (2,1): foot 0 meets two lines 0.3523 deg apart inside the box (circles 3 and 4), within one 0.333-degree substep: the sampling phase, not the geometry, decides whether the swing stops there
    reach: arm (2,-1) 3.3-8.7 deg [selfoff foot 1]  grid 3.67-8.33, enclosure 3.67-8.33 deg
cell 238 (depth 9, victim half-widths 0.125/0.125/0.125u): refused -- reach envelope: arm (2,1): foot 0 meets two lines 0.3523 deg apart inside the box (circles 3 and 4), within one 0.333-degree substep: the sampling phase, not th
cell 239 (depth 9, victim half-widths 0.125/0.125/0.125u): centre [37.6039,-3.2612,1.8896,50.3037,9.6342,-0.8861]
    reach: arm (0,1) 16.9-18.4 deg [cross a1 foot 1 at r1]  grid 17.33-18.00, enclosure 17.33-18.00 deg
    reach: arm (0,-1) 0.3-2.1 deg [selfoff foot 1]  grid 0.67-1.67, enclosure 0.67-1.67 deg
    reach: arm (1,1) 1.6-3.4 deg [selfoff foot 0]  grid 2.00-3.00, enclosure 2.00-3.00 deg
    reach: arm (1,-1) 15.6-17.1 deg [cross a1 foot 0 at r1]  grid 16.00-16.67, enclosure 16.00-16.67 deg
    reach: arm (2,1) grid 11.33-15.00, enclosure 11.33-15.00 deg  REFUSED: arm (2,1): foot 0 meets two lines 0.3595 deg apart inside the box (circles 3 and 4), within one 0.333-degree substep: the sampling phase, not the geometry, decides whether the swing stops there
    reach: arm (2,-1) 4.6-10.1 deg [selfoff foot 1]  grid 5.00-9.67, enclosure 5.00-9.67 deg
cell 239 (depth 9, victim half-widths 0.125/0.125/0.125u): refused -- reach envelope: arm (2,1): foot 0 meets two lines 0.3595 deg apart inside the box (circles 3 and 4), within one 0.333-degree substep: the sampling phase, not th
cell 240 (depth 9, victim half-widths 0.125/0.125/0.125u): centre [37.6039,-3.2612,1.8896,50.3037,9.8842,-0.8969]
    reach: arm (0,1) 17.3-19.1 deg [cross a1 foot 1 at r1]  grid 17.67-18.67, enclosure 17.67-18.67 deg
    reach: arm (0,-1) -0.1-1.4 deg [selfoff foot 1]  grid 0.33-1.00, enclosure 0.33-1.00 deg
    reach: arm (1,1) 1.9-3.4 deg [selfoff foot 0]  grid 2.33-3.00, enclosure 2.33-3.00 deg
    reach: arm (1,-1) 15.3-16.7 deg [cross a1 foot 0 at r1]  grid 15.67-16.33, enclosure 15.67-16.33 deg
    reach: arm (2,1) grid 12.33-15.67, enclosure 12.33-16.00 deg  REFUSED: arm (2,1): foot 0 meets two lines 0.3433 deg apart inside the box (circles 3 and 4), within one 0.333-degree substep: the sampling phase, not the geometry, decides whether the swing stops there
    reach: arm (2,-1) 2.3-7.7 deg [selfoff foot 1]  grid 2.67-7.33, enclosure 2.67-7.33 deg
cell 240 (depth 9, victim half-widths 0.125/0.125/0.125u): refused -- reach envelope: arm (2,1): foot 0 meets two lines 0.3433 deg apart inside the box (circles 3 and 4), within one 0.333-degree substep: the sampling phase, not th
cell 241 (depth 9, victim half-widths 0.125/0.125/0.125u): centre [37.6039,-3.2612,1.8896,50.3037,9.8842,-0.8861]
    reach: arm (0,1) 16.9-18.7 deg [cross a1 foot 1 at r1]  grid 17.33-18.33, enclosure 17.33-18.33 deg
    reach: arm (0,-1) 0.3-1.7 deg [selfoff foot 1]  grid 0.67-1.33, enclosure 0.67-1.33 deg
    reach: arm (1,1) 1.6-3.4 deg [selfoff foot 0]  grid 2.00-3.00, enclosure 2.00-3.00 deg
    reach: arm (1,-1) 15.6-17.1 deg [cross a1 foot 0 at r1]  grid 16.00-16.67, enclosure 16.00-16.67 deg
    reach: arm (2,1) grid 11.33-14.67, enclosure 11.33-15.00 deg  REFUSED: arm (2,1): foot 0 meets two lines 0.3451 deg apart inside the box (circles 3 and 4), within one 0.333-degree substep: the sampling phase, not the geometry, decides whether the swing stops there
    reach: arm (2,-1) 3.6-9.1 deg [selfoff foot 1]  grid 4.00-8.67, enclosure 4.00-8.67 deg
cell 241 (depth 9, victim half-widths 0.125/0.125/0.125u): refused -- reach envelope: arm (2,1): foot 0 meets two lines 0.3451 deg apart inside the box (circles 3 and 4), within one 0.333-degree substep: the sampling phase, not th
cell 242 (depth 9, victim half-widths 0.125/0.125/0.125u): centre [37.6039,-3.2612,1.8896,50.3037,9.6342,-0.8752]
    reach: arm (0,1) 16.6-18.4 deg [cross a1 foot 1 at r1]  grid 17.00-18.00, enclosure 17.00-18.00 deg
    reach: arm (0,-1) 0.6-2.1 deg [selfoff foot 1]  grid 1.00-1.67, enclosure 1.00-1.67 deg
    reach: arm (1,1) 1.3-3.1 deg [selfoff foot 0]  grid 1.67-2.67, enclosure 1.67-2.67 deg
    reach: arm (1,-1) 15.9-17.4 deg [cross a1 foot 0 at r1]  grid 16.33-17.00, enclosure 16.33-17.00 deg
    reach: arm (2,1) grid 10.33-14.00, enclosure 10.00-14.00 deg  REFUSED: arm (2,1): foot 0 meets two lines 0.2345 deg apart inside the box (circles 4 and 3), within one 0.333-degree substep: the sampling phase, not the geometry, decides whether the swing stops there
    reach: arm (2,-1) 5.6-11.4 deg [selfoff foot 1]  grid 6.00-11.00, enclosure 6.00-11.00 deg
cell 242 (depth 9, victim half-widths 0.125/0.125/0.125u): refused -- reach envelope: arm (2,1): foot 0 meets two lines 0.2345 deg apart inside the box (circles 4 and 3), within one 0.333-degree substep: the sampling phase, not th
cell 243 (depth 9, victim half-widths 0.125/0.125/0.125u): centre [37.6039,-3.2612,1.8896,50.3037,9.6342,-0.8644]
    reach: arm (0,1) 16.3-18.1 deg [cross a1 foot 1 at r1]  grid 16.67-17.67, enclosure 16.67-17.67 deg
    reach: arm (0,-1) 0.9-2.4 deg [selfoff foot 1]  grid 1.33-2.00, enclosure 1.33-2.00 deg
    reach: arm (1,1) 1.3-2.7 deg [selfoff foot 0]  grid 1.67-2.33, enclosure 1.67-2.33 deg
    reach: arm (1,-1) 15.9-17.7 deg [cross a1 foot 0 at r1]  grid 16.33-17.33, enclosure 16.33-17.33 deg
    reach: arm (2,1) grid 9.00-13.00, enclosure 9.00-13.00 deg  REFUSED: arm (2,1): foot 0 meets two lines 0.3520 deg apart inside the box (circles 3 and 4), within one 0.333-degree substep: the sampling phase, not the geometry, decides whether the swing stops there
    reach: arm (2,-1) 6.9-12.4 deg [selfoff foot 1]  grid 7.33-12.00, enclosure 7.33-12.00 deg
cell 243 (depth 9, victim half-widths 0.125/0.125/0.125u): refused -- reach envelope: arm (2,1): foot 0 meets two lines 0.3520 deg apart inside the box (circles 3 and 4), within one 0.333-degree substep: the sampling phase, not th
cell 244 (depth 9, victim half-widths 0.125/0.125/0.125u): centre [37.6039,-3.2612,1.8896,50.3037,9.8842,-0.8752]
    reach: arm (0,1) 16.9-18.4 deg [cross a1 foot 1 at r1]  grid 17.33-18.00, enclosure 17.33-18.00 deg
    reach: arm (0,-1) 0.3-2.1 deg [selfoff foot 1]  grid 0.67-1.67, enclosure 0.67-1.67 deg
    reach: arm (1,1) 1.3-3.1 deg [selfoff foot 0]  grid 1.67-2.67, enclosure 1.67-2.67 deg
    reach: arm (1,-1) 15.6-17.4 deg [cross a1 foot 0 at r1]  grid 16.00-17.00, enclosure 16.00-17.00 deg
    reach: arm (2,1) grid 10.33-14.00, enclosure 10.00-14.00 deg  REFUSED: arm (2,1): foot 0 meets two lines 0.2345 deg apart inside the box (circles 4 and 3), within one 0.333-degree substep: the sampling phase, not the geometry, decides whether the swing stops there
    reach: arm (2,-1) 4.6-10.1 deg [selfoff foot 1]  grid 5.00-9.67, enclosure 5.00-9.67 deg
cell 244 (depth 9, victim half-widths 0.125/0.125/0.125u): refused -- reach envelope: arm (2,1): foot 0 meets two lines 0.2345 deg apart inside the box (circles 4 and 3), within one 0.333-degree substep: the sampling phase, not th
cell 245 (depth 9, victim half-widths 0.125/0.125/0.125u): centre [37.6039,-3.2612,1.8896,50.3037,9.8842,-0.8644]
    reach: arm (0,1) 16.6-18.1 deg [cross a1 foot 1 at r1]  grid 17.00-17.67, enclosure 17.00-17.67 deg
    reach: arm (0,-1) 0.6-2.4 deg [selfoff foot 1]  grid 1.00-2.00, enclosure 1.00-2.00 deg
    reach: arm (1,1) 1.3-2.7 deg [selfoff foot 0]  grid 1.67-2.33, enclosure 1.67-2.33 deg
    reach: arm (1,-1) 15.9-17.7 deg [cross a1 foot 0 at r1]  grid 16.33-17.33, enclosure 16.33-17.33 deg
    reach: arm (2,1) grid 9.33-12.67, enclosure 9.00-13.00 deg  REFUSED: arm (2,1): foot 0 meets two lines 0.3664 deg apart inside the box (circles 3 and 4), within one 0.333-degree substep: the sampling phase, not the geometry, decides whether the swing stops there
    reach: arm (2,-1) 5.9-11.4 deg [selfoff foot 1]  grid 6.33-11.00, enclosure 6.33-11.00 deg
cell 245 (depth 9, victim half-widths 0.125/0.125/0.125u): refused -- reach envelope: arm (2,1): foot 0 meets two lines 0.3664 deg apart inside the box (circles 3 and 4), within one 0.333-degree substep: the sampling phase, not th
cell 246 (depth 9, victim half-widths 0.125/0.125/0.125u): centre [37.6039,-3.2612,1.8896,50.3037,10.1342,-0.8969]
    reach: arm (0,1) 17.6-19.1 deg [cross a1 foot 1 at r1]  grid 18.00-18.67, enclosure 18.00-18.67 deg
    reach: arm (0,-1) -0.4-1.4 deg [selfoff foot 1]  grid 0.00-1.00, enclosure 0.00-1.00 deg
    reach: arm (1,1) 1.9-3.7 deg [selfoff foot 0]  grid 2.33-3.33, enclosure 2.33-3.33 deg
    reach: arm (1,-1) 15.3-16.7 deg [cross a1 foot 0 at r1]  grid 15.67-16.33, enclosure 15.67-16.33 deg
    reach: arm (2,1) grid 12.33-15.67, enclosure 12.33-15.67 deg  REFUSED: arm (2,1): foot 0 meets two lines 0.3509 deg apart inside the box (circles 3 and 4), within one 0.333-degree substep: the sampling phase, not the geometry, decides whether the swing stops there
    reach: arm (2,-1) 1.3-6.7 deg [selfoff foot 1]  grid 1.67-6.33, enclosure 1.67-6.33 deg
cell 246 (depth 9, victim half-widths 0.125/0.125/0.125u): refused -- reach envelope: arm (2,1): foot 0 meets two lines 0.3509 deg apart inside the box (circles 3 and 4), within one 0.333-degree substep: the sampling phase, not th
cell 247 (depth 9, victim half-widths 0.125/0.125/0.125u): centre [37.6039,-3.2612,1.8896,50.3037,10.1342,-0.8861]
    reach: arm (0,1) 17.3-18.7 deg [cross a1 foot 1 at r1]  grid 17.67-18.33, enclosure 17.67-18.33 deg
    reach: arm (0,-1) -0.1-1.7 deg [selfoff foot 1]  grid 0.33-1.33, enclosure 0.33-1.33 deg
    reach: arm (1,1) 1.6-3.4 deg [selfoff foot 0]  grid 2.00-3.00, enclosure 2.00-3.00 deg
    reach: arm (1,-1) 15.3-17.1 deg [cross a1 foot 0 at r1]  grid 15.67-16.67, enclosure 15.67-16.67 deg
    reach: arm (2,1) grid 11.33-14.67, enclosure 11.33-15.00 deg  REFUSED: arm (2,1): foot 0 meets two lines 0.3635 deg apart inside the box (circles 3 and 4), within one 0.333-degree substep: the sampling phase, not the geometry, decides whether the swing stops there
    reach: arm (2,-1) 2.6-8.1 deg [selfoff foot 1]  grid 3.00-7.67, enclosure 3.00-7.67 deg
cell 247 (depth 9, victim half-widths 0.125/0.125/0.125u): refused -- reach envelope: arm (2,1): foot 0 meets two lines 0.3635 deg apart inside the box (circles 3 and 4), within one 0.333-degree substep: the sampling phase, not th
cell 248 (depth 9, victim half-widths 0.125/0.125/0.125u): centre [37.6039,-3.2612,1.8896,50.3037,10.3842,-0.8969]
    reach: arm (0,1) 17.6-19.4 deg [cross a1 foot 1 at r1]  grid 18.00-19.00, enclosure 18.00-19.00 deg
    reach: arm (0,-1) -0.4-1.1 deg [selfoff foot 1]  grid 0.00-0.67, enclosure 0.00-0.67 deg
    reach: arm (1,1) 1.9-3.7 deg [selfoff foot 0]  grid 2.33-3.33, enclosure 2.33-3.33 deg
    reach: arm (1,-1) 14.9-16.7 deg [cross a1 foot 0 at r1]  grid 15.33-16.33, enclosure 15.33-16.33 deg
    reach: arm (2,1) grid 12.33-15.67, enclosure 12.00-15.67 deg  REFUSED: arm (2,1): foot 0 meets two lines 0.3444 deg apart inside the box (circles 3 and 4), within one 0.333-degree substep: the sampling phase, not the geometry, decides whether the swing stops there
    reach: arm (2,-1) 0.3-5.4 deg [selfoff foot 1]  grid 0.67-5.00, enclosure 0.67-5.00 deg
cell 248 (depth 9, victim half-widths 0.125/0.125/0.125u): refused -- reach envelope: arm (2,1): foot 0 meets two lines 0.3444 deg apart inside the box (circles 3 and 4), within one 0.333-degree substep: the sampling phase, not th
cell 249 (depth 9, victim half-widths 0.125/0.125/0.125u): centre [37.6039,-3.2612,1.8896,50.3037,10.3842,-0.8861]
    reach: arm (0,1) 17.3-19.1 deg [cross a1 foot 1 at r1]  grid 17.67-18.67, enclosure 17.67-18.67 deg
    reach: arm (0,-1) -0.4-1.4 deg [selfoff foot 1]  grid 0.00-1.00, enclosure 0.00-1.00 deg
    reach: arm (1,1) 1.6-3.4 deg [selfoff foot 0]  grid 2.00-3.00, enclosure 2.00-3.00 deg
    reach: arm (1,-1) 15.3-17.1 deg [cross a1 foot 0 at r1]  grid 15.67-16.67, enclosure 15.67-16.67 deg
    reach: arm (2,1) grid 11.33-14.67, enclosure 11.33-14.67 deg  REFUSED: arm (2,1): foot 0 meets two lines 0.3555 deg apart inside the box (circles 3 and 4), within one 0.333-degree substep: the sampling phase, not the geometry, decides whether the swing stops there
    reach: arm (2,-1) 1.6-6.7 deg [selfoff foot 1]  grid 2.00-6.33, enclosure 2.00-6.33 deg
cell 249 (depth 9, victim half-widths 0.125/0.125/0.125u): refused -- reach envelope: arm (2,1): foot 0 meets two lines 0.3555 deg apart inside the box (circles 3 and 4), within one 0.333-degree substep: the sampling phase, not th
cell 250 (depth 9, victim half-widths 0.125/0.125/0.125u): centre [37.6039,-3.2612,1.8896,50.3037,10.1342,-0.8752]
    reach: arm (0,1) 16.9-18.7 deg [cross a1 foot 1 at r1]  grid 17.33-18.33, enclosure 17.33-18.33 deg
    reach: arm (0,-1) 0.3-1.7 deg [selfoff foot 1]  grid 0.67-1.33, enclosure 0.67-1.33 deg
    reach: arm (1,1) 1.6-3.1 deg [selfoff foot 0]  grid 2.00-2.67, enclosure 2.00-2.67 deg
    reach: arm (1,-1) 15.6-17.4 deg [cross a1 foot 0 at r1]  grid 16.00-17.00, enclosure 16.00-17.00 deg
    reach: arm (2,1) grid 10.33-13.67, enclosure 10.33-14.00 deg  REFUSED: arm (2,1): foot 0 meets two lines 0.2701 deg apart inside the box (circles 3 and 4), within one 0.333-degree substep: the sampling phase, not the geometry, decides whether the swing stops there
    reach: arm (2,-1) 3.9-9.1 deg [selfoff foot 1]  grid 4.33-8.67, enclosure 4.33-8.67 deg
cell 250 (depth 9, victim half-widths 0.125/0.125/0.125u): refused -- reach envelope: arm (2,1): foot 0 meets two lines 0.2701 deg apart inside the box (circles 3 and 4), within one 0.333-degree substep: the sampling phase, not th
cell 251 (depth 9, victim half-widths 0.125/0.125/0.125u): centre [37.6039,-3.2612,1.8896,50.3037,10.1342,-0.8644]
    reach: arm (0,1) 16.6-18.4 deg [cross a1 foot 1 at r1]  grid 17.00-18.00, enclosure 17.00-18.00 deg
    reach: arm (0,-1) 0.6-2.1 deg [selfoff foot 1]  grid 1.00-1.67, enclosure 1.00-1.67 deg
    reach: arm (1,1) 1.3-2.7 deg [selfoff foot 0]  grid 1.67-2.33, enclosure 1.67-2.33 deg
    reach: arm (1,-1) 15.9-17.4 deg [cross a1 foot 0 at r1]  grid 16.33-17.00, enclosure 16.33-17.00 deg
    reach: arm (2,1) 8.6-13.4 deg [selfoff a1 foot 0]  grid 9.00-13.00, enclosure 9.00-13.00 deg
    reach: arm (2,-1) 4.9-10.4 deg [selfoff foot 1]  grid 5.33-10.00, enclosure 5.33-10.00 deg
    3/27: [37.604,-3.261,1.89,50.179,10.009,-0.87] dead W=0.81 accept=2.25  (4s)
    6/27: [37.604,-3.261,1.89,50.179,10.134,-0.859] dead W=0.96 accept=2.39  (5s)
    9/27: [37.604,-3.261,1.89,50.304,10.009,-0.87] dead W=0.84 accept=2.18  (6s)
    12/27: [37.604,-3.261,1.89,50.304,10.009,-0.859] dead W=0.99 accept=2.31  (6s)
    15/27: [37.604,-3.261,1.89,50.304,10.134,-0.859] dead W=1.01 accept=2.31  (7s)
    18/27: [37.604,-3.261,1.89,50.304,10.259,-0.864] dead W=0.81 accept=2.43  (8s)
    21/27: [37.604,-3.261,1.89,50.429,10.009,-0.859] dead W=1.01 accept=2.23  (9s)
    24/27: [37.604,-3.261,1.89,50.429,10.134,-0.859] dead W=0.80 accept=2.43  (9s)
    27/27: [37.604,-3.261,1.89,50.429,10.259,-0.859] dead W=0.83 accept=2.43  (10s)
    round 1: 24 pairs refused, 24 midpoints to certify (step 0.063u)
    3/24: [37.604,-3.261,1.89,50.241,10.009,-0.859] dead W=0.97 accept=2.24  (11s)
    6/24: [37.604,-3.261,1.89,50.241,10.134,-0.864] dead W=1.07 accept=2.38  (12s)
    9/24: [37.604,-3.261,1.89,50.179,10.134,-0.862] dead W=0.98 accept=2.35  (13s)
    12/24: [37.604,-3.261,1.89,50.179,10.259,-0.867] dead W=0.82 accept=2.47  (13s)
    15/24: [37.604,-3.261,1.89,50.304,10.009,-0.867] dead W=0.81 accept=2.21  (14s)
    18/24: [37.604,-3.261,1.89,50.366,10.009,-0.859] dead W=1.01 accept=2.36  (15s)
    21/24: [37.604,-3.261,1.89,50.304,10.197,-0.859] dead W=1.03 accept=2.51  (16s)
    24/24: [37.604,-3.261,1.89,50.429,10.259,-0.867] dead W=0.95 accept=2.32  (16s)
cell 251 (depth 9, victim half-widths 0.125/0.125/0.125u): dead (51 poses, 3672 gaps, 0 slivers, 29 probed gaps, min accepted 0.03u)
cell 252 (depth 9, victim half-widths 0.125/0.125/0.125u): centre [37.6039,-3.2612,1.8896,50.3037,10.3842,-0.8752]
    reach: arm (0,1) 17.3-18.7 deg [cross a1 foot 1 at r1]  grid 17.67-18.33, enclosure 17.67-18.33 deg
    reach: arm (0,-1) -0.1-1.7 deg [selfoff foot 1]  grid 0.33-1.33, enclosure 0.33-1.33 deg
    reach: arm (1,1) 1.6-3.1 deg [selfoff foot 0]  grid 2.00-2.67, enclosure 2.00-2.67 deg
    reach: arm (1,-1) 15.6-17.1 deg [cross a1 foot 0 at r1]  grid 16.00-16.67, enclosure 16.00-16.67 deg
    reach: arm (2,1) grid 10.33-13.67, enclosure 10.33-14.00 deg  REFUSED: arm (2,1): foot 0 meets two lines 0.3532 deg apart inside the box (circles 3 and 4), within one 0.333-degree substep: the sampling phase, not the geometry, decides whether the swing stops there
    reach: arm (2,-1) 2.9-8.1 deg [selfoff foot 1]  grid 3.33-7.67, enclosure 3.33-7.67 deg
cell 252 (depth 9, victim half-widths 0.125/0.125/0.125u): refused -- reach envelope: arm (2,1): foot 0 meets two lines 0.3532 deg apart inside the box (circles 3 and 4), within one 0.333-degree substep: the sampling phase, not th
cell 253 (depth 9, victim half-widths 0.125/0.125/0.125u): centre [37.6039,-3.2612,1.8896,50.3037,10.3842,-0.8644]
    reach: arm (0,1) 16.9-18.4 deg [cross a1 foot 1 at r1]  grid 17.33-18.00, enclosure 17.33-18.00 deg
    reach: arm (0,-1) 0.3-2.1 deg [selfoff foot 1]  grid 0.67-1.67, enclosure 0.67-1.67 deg
    reach: arm (1,1) 1.3-2.7 deg [selfoff foot 0]  grid 1.67-2.33, enclosure 1.67-2.33 deg
    reach: arm (1,-1) 15.9-17.4 deg [cross a1 foot 0 at r1]  grid 16.33-17.00, enclosure 16.33-17.00 deg
    reach: arm (2,1) grid 9.33-12.67, enclosure 9.00-13.00 deg  REFUSED: arm (2,1): foot 0 meets two lines 0.3443 deg apart inside the box (circles 4 and 3), within one 0.333-degree substep: the sampling phase, not the geometry, decides whether the swing stops there
    reach: arm (2,-1) 3.9-9.4 deg [selfoff foot 1]  grid 4.33-9.00, enclosure 4.33-9.00 deg
cell 253 (depth 9, victim half-widths 0.125/0.125/0.125u): refused -- reach envelope: arm (2,1): foot 0 meets two lines 0.3443 deg apart inside the box (circles 4 and 3), within one 0.333-degree substep: the sampling phase, not th
cell 254 (depth 9, victim half-widths 0.125/0.125/0.125u): centre [37.6039,-3.2612,1.8896,50.3037,9.6342,-0.8536]
    reach: arm (0,1) 15.9-17.7 deg [cross a1 foot 1 at r1]  grid 16.33-17.33, enclosure 16.33-17.33 deg
    reach: arm (0,-1) 0.9-2.7 deg [selfoff foot 1]  grid 1.33-2.33, enclosure 1.33-2.33 deg
    reach: arm (1,1) 0.9-2.4 deg [selfoff foot 0]  grid 1.33-2.00, enclosure 1.33-2.00 deg
    reach: arm (1,-1) 16.3-18.1 deg [cross a1 foot 0 at r1]  grid 16.67-17.67, enclosure 16.67-17.67 deg
    reach: arm (2,1) grid 8.00-11.67, enclosure 8.00-12.00 deg  REFUSED: arm (2,1): foot 0 meets two lines 0.3529 deg apart inside the box (circles 3 and 4), within one 0.333-degree substep: the sampling phase, not the geometry, decides whether the swing stops there
    reach: arm (2,-1) 8.3-13.4 deg [selfoff foot 1]  grid 8.67-13.00, enclosure 8.67-13.00 deg
cell 254 (depth 9, victim half-widths 0.125/0.125/0.125u): refused -- reach envelope: arm (2,1): foot 0 meets two lines 0.3529 deg apart inside the box (circles 3 and 4), within one 0.333-degree substep: the sampling phase, not th
cell 255 (depth 9, victim half-widths 0.125/0.125/0.125u): centre [37.6039,-3.2612,1.8896,50.3037,9.6342,-0.8428]
    reach: arm (0,1) 15.9-17.4 deg [cross a1 foot 1 at r1]  grid 16.33-17.00, enclosure 16.33-17.00 deg
    reach: arm (0,-1) 1.3-3.1 deg [selfoff foot 1]  grid 1.67-2.67, enclosure 1.67-2.67 deg
    reach: arm (1,1) 0.6-2.4 deg [selfoff foot 0]  grid 1.00-2.00, enclosure 1.00-2.00 deg
    reach: arm (1,-1) 16.6-18.1 deg [cross a1 foot 0 at r1]  grid 17.00-17.67, enclosure 17.00-17.67 deg
    reach: arm (2,1) grid 6.67-10.67, enclosure 6.67-10.67 deg  REFUSED: arm (2,1): foot 0 meets two lines 0.3590 deg apart inside the box (circles 3 and 4), within one 0.333-degree substep: the sampling phase, not the geometry, decides whether the swing stops there
    reach: arm (2,-1) 9.3-14.4 deg [selfoff foot 1]  grid 9.67-14.00, enclosure 9.67-14.00 deg
cell 255 (depth 9, victim half-widths 0.125/0.125/0.125u): refused -- reach envelope: arm (2,1): foot 0 meets two lines 0.3590 deg apart inside the box (circles 3 and 4), within one 0.333-degree substep: the sampling phase, not th
cell 256 (depth 9, victim half-widths 0.125/0.125/0.125u): centre [37.6039,-3.2612,1.8896,50.3037,9.8842,-0.8536]
    reach: arm (0,1) 16.3-18.1 deg [cross a1 foot 1 at r1]  grid 16.67-17.67, enclosure 16.67-17.67 deg
    reach: arm (0,-1) 0.9-2.4 deg [selfoff foot 1]  grid 1.33-2.00, enclosure 1.33-2.00 deg
    reach: arm (1,1) 0.9-2.4 deg [selfoff foot 0]  grid 1.33-2.00, enclosure 1.33-2.00 deg
    reach: arm (1,-1) 16.3-17.7 deg [cross a1 foot 0 at r1]  grid 16.67-17.33, enclosure 16.67-17.33 deg
    reach: arm (2,1) grid 8.00-11.67, enclosure 8.00-12.00 deg  REFUSED: arm (2,1): foot 0 meets two lines 0.3616 deg apart inside the box (circles 3 and 4), within one 0.333-degree substep: the sampling phase, not the geometry, decides whether the swing stops there
    reach: arm (2,-1) 7.3-12.4 deg [selfoff foot 1]  grid 7.67-12.00, enclosure 7.67-12.00 deg
cell 256 (depth 9, victim half-widths 0.125/0.125/0.125u): refused -- reach envelope: arm (2,1): foot 0 meets two lines 0.3616 deg apart inside the box (circles 3 and 4), within one 0.333-degree substep: the sampling phase, not th
cell 257 (depth 9, victim half-widths 0.125/0.125/0.125u): centre [37.6039,-3.2612,1.8896,50.3037,9.8842,-0.8428]
    reach: arm (0,1) 15.9-17.7 deg [cross a1 foot 1 at r1]  grid 16.33-17.33, enclosure 16.33-17.33 deg
    reach: arm (0,-1) 1.3-2.7 deg [selfoff foot 1]  grid 1.67-2.33, enclosure 1.67-2.33 deg
    reach: arm (1,1) 0.6-2.4 deg [selfoff foot 0]  grid 1.00-2.00, enclosure 1.00-2.00 deg
    reach: arm (1,-1) 16.6-18.1 deg [cross a1 foot 0 at r1]  grid 17.00-17.67, enclosure 17.00-17.67 deg
    reach: arm (2,1) grid 7.00-10.67, enclosure 6.67-10.67 deg  REFUSED: arm (2,1): foot 0 meets two lines 0.3550 deg apart inside the box (circles 3 and 4), within one 0.333-degree substep: the sampling phase, not the geometry, decides whether the swing stops there
    reach: arm (2,-1) 8.3-13.7 deg [selfoff foot 1]  grid 8.67-13.33, enclosure 8.67-13.33 deg
cell 257 (depth 9, victim half-widths 0.125/0.125/0.125u): refused -- reach envelope: arm (2,1): foot 0 meets two lines 0.3550 deg apart inside the box (circles 3 and 4), within one 0.333-degree substep: the sampling phase, not th
cell 258 (depth 9, victim half-widths 0.125/0.125/0.125u): centre [37.6039,-3.2612,1.8896,50.3037,9.6342,-0.8319]
    reach: arm (0,1) 15.6-17.1 deg [cross a1 foot 1 at r1]  grid 16.00-16.67, enclosure 16.00-16.67 deg
    reach: arm (0,-1) 1.6-3.1 deg [selfoff foot 1]  grid 2.00-2.67, enclosure 2.00-2.67 deg
    reach: arm (1,1) 0.3-2.1 deg [selfoff foot 0]  grid 0.67-1.67, enclosure 0.67-1.67 deg
    reach: arm (1,-1) 16.9-18.4 deg [cross a1 foot 0 at r1]  grid 17.33-18.00, enclosure 17.33-18.00 deg
    reach: arm (2,1) grid 5.67-9.33, enclosure 5.33-9.67 deg  REFUSED: arm (2,1): foot 0 meets two lines 0.3590 deg apart inside the box (circles 3 and 4), within one 0.333-degree substep: the sampling phase, not the geometry, decides whether the swing stops there
    reach: arm (2,-1) 10.3-15.4 deg [selfoff foot 1]  grid 10.67-15.00, enclosure 10.67-15.00 deg
cell 258 (depth 9, victim half-widths 0.125/0.125/0.125u): refused -- reach envelope: arm (2,1): foot 0 meets two lines 0.3590 deg apart inside the box (circles 3 and 4), within one 0.333-degree substep: the sampling phase, not th
cell 259 (depth 9, victim half-widths 0.125/0.125/0.125u): centre [37.6039,-3.2612,1.8896,50.3037,9.6342,-0.8211]
    reach: arm (0,1) 15.3-17.1 deg [cross a1 foot 1 at r1]  grid 15.67-16.67, enclosure 15.67-16.67 deg
    reach: arm (0,-1) 1.9-3.4 deg [selfoff foot 1]  grid 2.33-3.00, enclosure 2.33-3.00 deg
    reach: arm (1,1) 0.3-1.7 deg [selfoff foot 0]  grid 0.67-1.33, enclosure 0.67-1.33 deg
    reach: arm (1,-1) 17.3-18.7 deg [cross a1 foot 0 at r1]  grid 17.67-18.33, enclosure 17.67-18.33 deg
    reach: arm (2,1) grid 4.33-8.00, enclosure 4.00-8.33 deg  REFUSED: arm (2,1): foot 0 meets two lines 0.3623 deg apart inside the box (circles 4 and 3), within one 0.333-degree substep: the sampling phase, not the geometry, decides whether the swing stops there
    reach: arm (2,-1) 11.3-16.4 deg [selfoff foot 1]  grid 11.67-16.00, enclosure 11.67-16.00 deg
cell 259 (depth 9, victim half-widths 0.125/0.125/0.125u): refused -- reach envelope: arm (2,1): foot 0 meets two lines 0.3623 deg apart inside the box (circles 4 and 3), within one 0.333-degree substep: the sampling phase, not th
cell 260 (depth 9, victim half-widths 0.125/0.125/0.125u): centre [37.6039,-3.2612,1.8896,50.3037,9.8842,-0.8319]
    reach: arm (0,1) 15.6-17.4 deg [cross a1 foot 1 at r1]  grid 16.00-17.00, enclosure 16.00-17.00 deg
    reach: arm (0,-1) 1.3-3.1 deg [selfoff foot 1]  grid 1.67-2.67, enclosure 1.67-2.67 deg
    reach: arm (1,1) 0.3-2.1 deg [selfoff foot 0]  grid 0.67-1.67, enclosure 0.67-1.67 deg
    reach: arm (1,-1) 16.9-18.4 deg [cross a1 foot 0 at r1]  grid 17.33-18.00, enclosure 17.33-18.00 deg
    reach: arm (2,1) grid 5.67-9.33, enclosure 5.67-9.67 deg  REFUSED: arm (2,1): foot 0 meets two lines 0.3537 deg apart inside the box (circles 3 and 4), within one 0.333-degree substep: the sampling phase, not the geometry, decides whether the swing stops there
    reach: arm (2,-1) 9.3-14.7 deg [selfoff foot 1]  grid 9.67-14.33, enclosure 9.67-14.33 deg
cell 260 (depth 9, victim half-widths 0.125/0.125/0.125u): refused -- reach envelope: arm (2,1): foot 0 meets two lines 0.3537 deg apart inside the box (circles 3 and 4), within one 0.333-degree substep: the sampling phase, not th
cell 261 (depth 9, victim half-widths 0.125/0.125/0.125u): centre [37.6039,-3.2612,1.8896,50.3037,9.8842,-0.8211]
    reach: arm (0,1) 15.6-17.1 deg [cross a1 foot 1 at r1]  grid 16.00-16.67, enclosure 16.00-16.67 deg
    reach: arm (0,-1) 1.6-3.4 deg [selfoff foot 1]  grid 2.00-3.00, enclosure 2.00-3.00 deg
    reach: arm (1,1) 0.3-1.7 deg [selfoff foot 0]  grid 0.67-1.33, enclosure 0.67-1.33 deg
    reach: arm (1,-1) 16.9-18.7 deg [cross a1 foot 0 at r1]  grid 17.33-18.33, enclosure 17.33-18.33 deg
    reach: arm (2,1) grid 4.33-8.33, enclosure 4.33-8.33 deg  REFUSED: arm (2,1): foot 0 meets two lines 0.0502 deg apart inside the box (circles 4 and 3), within one 0.333-degree substep: the sampling phase, not the geometry, decides whether the swing stops there
    reach: arm (2,-1) 10.3-15.7 deg [selfoff foot 1]  grid 10.67-15.33, enclosure 10.67-15.33 deg
cell 261 (depth 9, victim half-widths 0.125/0.125/0.125u): refused -- reach envelope: arm (2,1): foot 0 meets two lines 0.0502 deg apart inside the box (circles 4 and 3), within one 0.333-degree substep: the sampling phase, not th
cell 262 (depth 9, victim half-widths 0.125/0.125/0.125u): centre [37.6039,-3.2612,1.8896,50.3037,10.1342,-0.8536]
    reach: arm (0,1) 16.6-18.1 deg [cross a1 foot 1 at r1]  grid 17.00-17.67, enclosure 17.00-17.67 deg
    reach: arm (0,-1) 0.6-2.4 deg [selfoff foot 1]  grid 1.00-2.00, enclosure 1.00-2.00 deg
    reach: arm (1,1) 0.9-2.7 deg [selfoff foot 0]  grid 1.33-2.33, enclosure 1.33-2.33 deg
    reach: arm (1,-1) 16.3-17.7 deg [cross a1 foot 0 at r1]  grid 16.67-17.33, enclosure 16.67-17.33 deg
    reach: arm (2,1) grid 8.00-11.67, enclosure 8.00-11.67 deg  REFUSED: arm (2,1): foot 0 meets two lines 0.3557 deg apart inside the box (circles 3 and 4), within one 0.333-degree substep: the sampling phase, not the geometry, decides whether the swing stops there
    reach: arm (2,-1) 6.3-11.4 deg [selfoff foot 1]  grid 6.67-11.00, enclosure 6.67-11.00 deg
cell 262 (depth 9, victim half-widths 0.125/0.125/0.125u): refused -- reach envelope: arm (2,1): foot 0 meets two lines 0.3557 deg apart inside the box (circles 3 and 4), within one 0.333-degree substep: the sampling phase, not th
cell 263 (depth 9, victim half-widths 0.125/0.125/0.125u): centre [37.6039,-3.2612,1.8896,50.3037,10.1342,-0.8428]
    reach: arm (0,1) 16.3-17.7 deg [cross a1 foot 1 at r1]  grid 16.67-17.33, enclosure 16.67-17.33 deg
    reach: arm (0,-1) 0.9-2.7 deg [selfoff foot 1]  grid 1.33-2.33, enclosure 1.33-2.33 deg
    reach: arm (1,1) 0.6-2.4 deg [selfoff foot 0]  grid 1.00-2.00, enclosure 1.00-2.00 deg
    reach: arm (1,-1) 16.6-18.1 deg [cross a1 foot 0 at r1]  grid 17.00-17.67, enclosure 17.00-17.67 deg
    reach: arm (2,1) grid 7.00-10.67, enclosure 7.00-10.67 deg  REFUSED: arm (2,1): foot 0 meets two lines 0.3519 deg apart inside the box (circles 3 and 4), within one 0.333-degree substep: the sampling phase, not the geometry, decides whether the swing stops there
    reach: arm (2,-1) 7.3-12.7 deg [selfoff foot 1]  grid 7.67-12.33, enclosure 7.67-12.33 deg
cell 263 (depth 9, victim half-widths 0.125/0.125/0.125u): refused -- reach envelope: arm (2,1): foot 0 meets two lines 0.3519 deg apart inside the box (circles 3 and 4), within one 0.333-degree substep: the sampling phase, not th
cell 264 (depth 9, victim half-widths 0.125/0.125/0.125u): centre [37.6039,-3.2612,1.8896,50.3037,10.3842,-0.8536]
    reach: arm (0,1) 16.6-18.4 deg [cross a1 foot 1 at r1]  grid 17.00-18.00, enclosure 17.00-18.00 deg
    reach: arm (0,-1) 0.6-2.1 deg [selfoff foot 1]  grid 1.00-1.67, enclosure 1.00-1.67 deg
    reach: arm (1,1) 0.9-2.7 deg [selfoff foot 0]  grid 1.33-2.33, enclosure 1.33-2.33 deg
    reach: arm (1,-1) 16.3-17.7 deg [cross a1 foot 0 at r1]  grid 16.67-17.33, enclosure 16.67-17.33 deg
    reach: arm (2,1) grid 8.33-11.67, enclosure 8.00-11.67 deg  REFUSED: arm (2,1): foot 0 meets two lines 0.3584 deg apart inside the box (circles 3 and 4), within one 0.333-degree substep: the sampling phase, not the geometry, decides whether the swing stops there
    reach: arm (2,-1) 5.3-10.4 deg [selfoff foot 1]  grid 5.67-10.00, enclosure 5.67-10.00 deg
cell 264 (depth 9, victim half-widths 0.125/0.125/0.125u): refused -- reach envelope: arm (2,1): foot 0 meets two lines 0.3584 deg apart inside the box (circles 3 and 4), within one 0.333-degree substep: the sampling phase, not th
cell 265 (depth 9, victim half-widths 0.125/0.125/0.125u): centre [37.6039,-3.2612,1.8896,50.3037,10.3842,-0.8428]
    reach: arm (0,1) 16.3-18.1 deg [cross a1 foot 1 at r1]  grid 16.67-17.67, enclosure 16.67-17.67 deg
    reach: arm (0,-1) 0.6-2.4 deg [selfoff foot 1]  grid 1.00-2.00, enclosure 1.00-2.00 deg
    reach: arm (1,1) 0.6-2.4 deg [selfoff foot 0]  grid 1.00-2.00, enclosure 1.00-2.00 deg
    reach: arm (1,-1) 16.3-18.1 deg [cross a1 foot 0 at r1]  grid 16.67-17.67, enclosure 16.67-17.67 deg
    reach: arm (2,1) grid 7.00-10.67, enclosure 7.00-10.67 deg  REFUSED: arm (2,1): foot 0 meets two lines 0.3666 deg apart inside the box (circles 3 and 4), within one 0.333-degree substep: the sampling phase, not the geometry, decides whether the swing stops there
    reach: arm (2,-1) 6.3-11.7 deg [selfoff foot 1]  grid 6.67-11.33, enclosure 6.67-11.33 deg
cell 265 (depth 9, victim half-widths 0.125/0.125/0.125u): refused -- reach envelope: arm (2,1): foot 0 meets two lines 0.3666 deg apart inside the box (circles 3 and 4), within one 0.333-degree substep: the sampling phase, not th
cell 266 (depth 9, victim half-widths 0.125/0.125/0.125u): centre [37.6039,-3.2612,1.8896,50.3037,10.1342,-0.8319]
    reach: arm (0,1) 15.9-17.4 deg [cross a1 foot 1 at r1]  grid 16.33-17.00, enclosure 16.33-17.00 deg
    reach: arm (0,-1) 1.3-2.7 deg [selfoff foot 1]  grid 1.67-2.33, enclosure 1.67-2.33 deg
    reach: arm (1,1) 0.6-2.1 deg [selfoff foot 0]  grid 1.00-1.67, enclosure 1.00-1.67 deg
    reach: arm (1,-1) 16.6-18.4 deg [cross a1 foot 0 at r1]  grid 17.00-18.00, enclosure 17.00-18.00 deg
    reach: arm (2,1) grid 5.67-9.33, enclosure 5.67-9.67 deg  REFUSED: arm (2,1): foot 0 meets two lines 0.3662 deg apart inside the box (circles 3 and 4), within one 0.333-degree substep: the sampling phase, not the geometry, decides whether the swing stops there
    reach: arm (2,-1) 8.6-13.7 deg [selfoff foot 1]  grid 9.00-13.33, enclosure 9.00-13.33 deg
cell 266 (depth 9, victim half-widths 0.125/0.125/0.125u): refused -- reach envelope: arm (2,1): foot 0 meets two lines 0.3662 deg apart inside the box (circles 3 and 4), within one 0.333-degree substep: the sampling phase, not th
cell 267 (depth 9, victim half-widths 0.125/0.125/0.125u): centre [37.6039,-3.2612,1.8896,50.3037,10.1342,-0.8211]
    reach: arm (0,1) 15.6-17.4 deg [cross a1 foot 1 at r1]  grid 16.00-17.00, enclosure 16.00-17.00 deg
    reach: arm (0,-1) 1.6-3.1 deg [selfoff foot 1]  grid 2.00-2.67, enclosure 2.00-2.67 deg
    reach: arm (1,1) 0.3-1.7 deg [selfoff foot 0]  grid 0.67-1.33, enclosure 0.67-1.33 deg
    reach: arm (1,-1) 16.9-18.7 deg [cross a1 foot 0 at r1]  grid 17.33-18.33, enclosure 17.33-18.33 deg
    reach: arm (2,1) grid 4.67-8.33, enclosure 4.33-8.33 deg  REFUSED: arm (2,1): foot 0 meets two lines 0.2465 deg apart inside the box (circles 3 and 4), within one 0.333-degree substep: the sampling phase, not the geometry, decides whether the swing stops there
    reach: arm (2,-1) 9.6-14.7 deg [selfoff foot 1]  grid 10.00-14.33, enclosure 10.00-14.33 deg
cell 267 (depth 9, victim half-widths 0.125/0.125/0.125u): refused -- reach envelope: arm (2,1): foot 0 meets two lines 0.2465 deg apart inside the box (circles 3 and 4), within one 0.333-degree substep: the sampling phase, not th
cell 268 (depth 9, victim half-widths 0.125/0.125/0.125u): centre [37.6039,-3.2612,1.8896,50.3037,10.3842,-0.8319]
    reach: arm (0,1) 15.9-17.7 deg [cross a1 foot 1 at r1]  grid 16.33-17.33, enclosure 16.33-17.33 deg
    reach: arm (0,-1) 0.9-2.7 deg [selfoff foot 1]  grid 1.33-2.33, enclosure 1.33-2.33 deg
    reach: arm (1,1) 0.6-2.1 deg [selfoff foot 0]  grid 1.00-1.67, enclosure 1.00-1.67 deg
    reach: arm (1,-1) 16.6-18.4 deg [cross a1 foot 0 at r1]  grid 17.00-18.00, enclosure 17.00-18.00 deg
    reach: arm (2,1) grid 6.00-9.33, enclosure 5.67-9.67 deg  REFUSED: arm (2,1): foot 0 meets two lines 0.3662 deg apart inside the box (circles 3 and 4), within one 0.333-degree substep: the sampling phase, not the geometry, decides whether the swing stops there
    reach: arm (2,-1) 7.6-12.7 deg [selfoff foot 1]  grid 8.00-12.33, enclosure 8.00-12.33 deg
cell 268 (depth 9, victim half-widths 0.125/0.125/0.125u): refused -- reach envelope: arm (2,1): foot 0 meets two lines 0.3662 deg apart inside the box (circles 3 and 4), within one 0.333-degree substep: the sampling phase, not th
cell 269 (depth 9, victim half-widths 0.125/0.125/0.125u): centre [37.6039,-3.2612,1.8896,50.3037,10.3842,-0.8211]
    reach: arm (0,1) 15.9-17.4 deg [cross a1 foot 1 at r1]  grid 16.33-17.00, enclosure 16.33-17.00 deg
    reach: arm (0,-1) 1.3-3.1 deg [selfoff foot 1]  grid 1.67-2.67, enclosure 1.67-2.67 deg
    reach: arm (1,1) 0.3-1.7 deg [selfoff foot 0]  grid 0.67-1.33, enclosure 0.67-1.33 deg
    reach: arm (1,-1) 16.9-18.4 deg [cross a1 foot 0 at r1]  grid 17.33-18.00, enclosure 17.33-18.00 deg
    reach: arm (2,1) grid 4.67-8.33, enclosure 4.67-8.33 deg  REFUSED: arm (2,1): foot 0 meets two lines 0.3623 deg apart inside the box (circles 3 and 4), within one 0.333-degree substep: the sampling phase, not the geometry, decides whether the swing stops there
    reach: arm (2,-1) 8.6-13.7 deg [selfoff foot 1]  grid 9.00-13.33, enclosure 9.00-13.33 deg
cell 269 (depth 9, victim half-widths 0.125/0.125/0.125u): refused -- reach envelope: arm (2,1): foot 0 meets two lines 0.3623 deg apart inside the box (circles 3 and 4), within one 0.333-degree substep: the sampling phase, not th
cell 270 (depth 9, victim half-widths 0.125/0.125/0.125u): centre [37.6039,-3.2612,1.8896,50.3037,11.1342,-0.8752]
    reach: arm (0,1) 17.6-19.4 deg [cross a1 foot 1 at r1]  grid 18.00-19.00, enclosure 18.00-19.00 deg
    reach: arm (0,-1) -0.4-1.1 deg [selfoff foot 1]  grid 0.00-0.67, enclosure 0.00-0.67 deg
    reach: arm (1,1) 1.6-3.1 deg [selfoff foot 0]  grid 2.00-2.67, enclosure 2.00-2.67 deg
    reach: arm (1,-1) 15.6-17.1 deg [cross a1 foot 0 at r1]  grid 16.00-16.67, enclosure 16.00-16.67 deg
    reach: arm (2,1) grid 10.33-13.33, enclosure 10.33-13.67 deg  REFUSED: arm (2,1): foot 0 meets two lines 0.3614 deg apart inside the box (circles 3 and 4), within one 0.333-degree substep: the sampling phase, not the geometry, decides whether the swing stops there
    reach: arm (2,-1) -0.1-5.1 deg [selfoff foot 1]  grid 0.33-4.67, enclosure 0.33-4.67 deg
cell 270 (depth 9, victim half-widths 0.125/0.125/0.125u): refused -- reach envelope: arm (2,1): foot 0 meets two lines 0.3614 deg apart inside the box (circles 3 and 4), within one 0.333-degree substep: the sampling phase, not th
cell 271 (depth 9, victim half-widths 0.125/0.125/0.125u): centre [37.6039,-3.2612,1.8896,50.3037,11.1342,-0.8644]
    reach: arm (0,1) 17.6-19.1 deg [cross a1 foot 1 at r1]  grid 18.00-18.67, enclosure 18.00-18.67 deg
    reach: arm (0,-1) -0.4-1.4 deg [selfoff foot 1]  grid 0.00-1.00, enclosure 0.00-1.00 deg
    reach: arm (1,1) 1.3-3.1 deg [selfoff foot 0]  grid 1.67-2.67, enclosure 1.67-2.67 deg
    reach: arm (1,-1) 15.6-17.4 deg [cross a1 foot 0 at r1]  grid 16.00-17.00, enclosure 16.00-17.00 deg
    reach: arm (2,1) grid 9.33-12.67, enclosure 9.33-12.67 deg  REFUSED: arm (2,1): foot 0 meets two lines 0.3664 deg apart inside the box (circles 3 and 4), within one 0.333-degree substep: the sampling phase, not the geometry, decides whether the swing stops there
    reach: arm (2,-1) 0.9-6.4 deg [selfoff foot 1]  grid 1.33-6.00, enclosure 1.33-6.00 deg
cell 271 (depth 9, victim half-widths 0.125/0.125/0.125u): refused -- reach envelope: arm (2,1): foot 0 meets two lines 0.3664 deg apart inside the box (circles 3 and 4), within one 0.333-degree substep: the sampling phase, not th
cell 272 (depth 9, victim half-widths 0.125/0.125/0.125u): centre [37.6039,-3.2612,1.8896,50.3037,11.1342,-0.8536]
    reach: arm (0,1) 17.3-18.7 deg [cross a1 foot 1 at r1]  grid 17.67-18.33, enclosure 17.67-18.33 deg
    reach: arm (0,-1) -0.1-1.7 deg [selfoff foot 1]  grid 0.33-1.33, enclosure 0.33-1.33 deg
    reach: arm (1,1) 1.3-2.7 deg [selfoff foot 0]  grid 1.67-2.33, enclosure 1.67-2.33 deg
    reach: arm (1,-1) 15.9-17.7 deg [cross a1 foot 0 at r1]  grid 16.33-17.33, enclosure 16.33-17.33 deg
    reach: arm (2,1) grid 8.33-11.67, enclosure 8.00-11.67 deg  REFUSED: arm (2,1): foot 0 meets two lines 0.1769 deg apart inside the box (circles 4 and 3), within one 0.333-degree substep: the sampling phase, not the geometry, decides whether the swing stops there
    reach: arm (2,-1) 2.3-7.4 deg [selfoff foot 1]  grid 2.67-7.00, enclosure 2.67-7.00 deg
cell 272 (depth 9, victim half-widths 0.125/0.125/0.125u): refused -- reach envelope: arm (2,1): foot 0 meets two lines 0.1769 deg apart inside the box (circles 4 and 3), within one 0.333-degree substep: the sampling phase, not th
cell 273 (depth 9, victim half-widths 0.125/0.125/0.125u): centre [37.6039,-3.2612,1.8896,50.3037,11.1342,-0.8428]
    reach: arm (0,1) 16.9-18.7 deg [cross a1 foot 1 at r1]  grid 17.33-18.33, enclosure 17.33-18.33 deg
    reach: arm (0,-1) 0.3-1.7 deg [selfoff foot 1]  grid 0.67-1.33, enclosure 0.67-1.33 deg
    reach: arm (1,1) 0.9-2.4 deg [selfoff foot 0]  grid 1.33-2.00, enclosure 1.33-2.00 deg
    reach: arm (1,-1) 16.3-17.7 deg [cross a1 foot 0 at r1]  grid 16.67-17.33, enclosure 16.67-17.33 deg
    reach: arm (2,1) grid 7.33-10.67, enclosure 7.00-10.67 deg  REFUSED: arm (2,1): foot 0 meets two lines 0.3612 deg apart inside the box (circles 3 and 4), within one 0.333-degree substep: the sampling phase, not the geometry, decides whether the swing stops there
    reach: arm (2,-1) 3.6-8.7 deg [selfoff foot 1]  grid 4.00-8.33, enclosure 4.00-8.33 deg
cell 273 (depth 9, victim half-widths 0.125/0.125/0.125u): refused -- reach envelope: arm (2,1): foot 0 meets two lines 0.3612 deg apart inside the box (circles 3 and 4), within one 0.333-degree substep: the sampling phase, not th
cell 274 (depth 9, victim half-widths 0.125/0.125/0.125u): centre [37.6039,-3.2612,1.8896,50.3037,11.3842,-0.8536]
    reach: arm (0,1) 17.3-19.1 deg [cross a1 foot 1 at r1]  grid 17.67-18.67, enclosure 17.67-18.67 deg
    reach: arm (0,-1) -0.4-1.4 deg [selfoff foot 1]  grid 0.00-1.00, enclosure 0.00-1.00 deg
    reach: arm (1,1) 1.3-2.7 deg [selfoff foot 0]  grid 1.67-2.33, enclosure 1.67-2.33 deg
    reach: arm (1,-1) 15.9-17.7 deg [cross a1 foot 0 at r1]  grid 16.33-17.33, enclosure 16.33-17.33 deg
    reach: arm (2,1) grid 8.33-11.33, enclosure 8.33-11.67 deg  REFUSED: arm (2,1): foot 0 meets two lines 0.3636 deg apart inside the box (circles 3 and 4), within one 0.333-degree substep: the sampling phase, not the geometry, decides whether the swing stops there
    reach: arm (2,-1) 1.3-6.4 deg [selfoff foot 1]  grid 1.67-6.00, enclosure 1.67-6.00 deg
cell 274 (depth 9, victim half-widths 0.125/0.125/0.125u): refused -- reach envelope: arm (2,1): foot 0 meets two lines 0.3636 deg apart inside the box (circles 3 and 4), within one 0.333-degree substep: the sampling phase, not th
cell 275 (depth 9, victim half-widths 0.125/0.125/0.125u): centre [37.6039,-3.2612,1.8896,50.3037,11.3842,-0.8428]
    reach: arm (0,1) 17.3-18.7 deg [cross a1 foot 1 at r1]  grid 17.67-18.33, enclosure 17.67-18.33 deg
    reach: arm (0,-1) -0.1-1.7 deg [selfoff foot 1]  grid 0.33-1.33, enclosure 0.33-1.33 deg
    reach: arm (1,1) 0.9-2.4 deg [selfoff foot 0]  grid 1.33-2.00, enclosure 1.33-2.00 deg
    reach: arm (1,-1) 16.3-17.7 deg [cross a1 foot 0 at r1]  grid 16.67-17.33, enclosure 16.67-17.33 deg
    reach: arm (2,1) 6.6-11.1 deg [selfoff a1 foot 0]  grid 7.00-10.67, enclosure 7.00-10.67 deg
    reach: arm (2,-1) 2.6-7.7 deg [selfoff foot 1]  grid 3.00-7.33, enclosure 3.00-7.33 deg
    3/27: [37.604,-3.261,1.89,50.179,11.259,-0.837] dead W=0.92 accept=2.49  (4s)
    6/27: [37.604,-3.261,1.89,50.179,11.384,-0.837] dead W=0.92 accept=2.56  (5s)
    9/27: [37.604,-3.261,1.89,50.304,11.259,-0.848] dead W=0.82 accept=2.59  (5s)
    12/27: [37.604,-3.261,1.89,50.304,11.259,-0.837] dead W=0.99 accept=2.72  (6s)
    15/27: [37.604,-3.261,1.89,50.304,11.384,-0.837] dead W=1.04 accept=2.75  (6s)
    18/27: [37.604,-3.261,1.89,50.429,11.259,-0.848] dead W=0.85 accept=2.57  (7s)
    21/27: [37.604,-3.261,1.89,50.429,11.259,-0.837] dead W=1.07 accept=2.69  (8s)
    24/27: [37.604,-3.261,1.89,50.429,11.384,-0.837] dead W=1.09 accept=2.71  (8s)
    27/27: [37.604,-3.261,1.89,50.429,11.509,-0.837] dead W=1.11 accept=2.76  (9s)
    round 1: 26 pairs refused, 26 midpoints to certify (step 0.063u)
    3/26: [37.604,-3.261,1.89,50.179,11.259,-0.845] dead W=0.96 accept=2.47  (9s)
    6/26: [37.604,-3.261,1.89,50.179,11.384,-0.845] dead W=0.92 accept=2.53  (10s)
    9/26: [37.604,-3.261,1.89,50.179,11.384,-0.84] dead W=0.96 accept=2.43  (11s)
    12/26: [37.604,-3.261,1.89,50.241,11.509,-0.843] dead W=0.99 accept=2.55  (11s)
    15/26: [37.604,-3.261,1.89,50.366,11.259,-0.848] dead W=0.81 accept=2.67  (12s)
    18/26: [37.604,-3.261,1.89,50.304,11.447,-0.848] dead W=0.84 accept=2.48  (13s)
    21/26: [37.604,-3.261,1.89,50.366,11.509,-0.843] dead W=0.83 accept=2.77  (13s)
    24/26: [37.604,-3.261,1.89,50.429,11.259,-0.845] dead W=0.82 accept=2.56  (13s)
cell 275 (depth 9, victim half-widths 0.125/0.125/0.125u): dead (53 poses, 3286 gaps, 0 slivers, 30 probed gaps, min accepted 0.03u)
cell 276 (depth 9, victim half-widths 0.125/0.125/0.125u): centre [37.6039,-3.2612,1.8896,50.3037,11.1342,-0.8319]
    reach: arm (0,1) 16.6-18.4 deg [cross a1 foot 1 at r1]  grid 17.00-18.00, enclosure 17.00-18.00 deg
    reach: arm (0,-1) 0.6-2.1 deg [selfoff foot 1]  grid 1.00-1.67, enclosure 1.00-1.67 deg
    reach: arm (1,1) 0.6-2.1 deg [selfoff foot 0]  grid 1.00-1.67, enclosure 1.00-1.67 deg
    reach: arm (1,-1) 16.6-18.1 deg [cross a1 foot 0 at r1]  grid 17.00-17.67, enclosure 17.00-17.67 deg
    reach: arm (2,1) grid 6.00-9.33, enclosure 6.00-9.67 deg  REFUSED: arm (2,1): foot 0 meets two lines 0.3564 deg apart inside the box (circles 3 and 4), within one 0.333-degree substep: the sampling phase, not the geometry, decides whether the swing stops there
    reach: arm (2,-1) 4.6-9.7 deg [selfoff foot 1]  grid 5.00-9.33, enclosure 5.00-9.33 deg
cell 276 (depth 9, victim half-widths 0.125/0.125/0.125u): refused -- reach envelope: arm (2,1): foot 0 meets two lines 0.3564 deg apart inside the box (circles 3 and 4), within one 0.333-degree substep: the sampling phase, not th
cell 277 (depth 9, victim half-widths 0.125/0.125/0.125u): centre [37.6039,-3.2612,1.8896,50.3037,11.1342,-0.8211]
    reach: arm (0,1) 16.3-18.1 deg [cross a1 foot 1 at r1]  grid 16.67-17.67, enclosure 16.67-17.67 deg
    reach: arm (0,-1) 0.6-2.4 deg [selfoff foot 1]  grid 1.00-2.00, enclosure 1.00-2.00 deg
    reach: arm (1,1) 0.3-2.1 deg [selfoff foot 0]  grid 0.67-1.67, enclosure 0.67-1.67 deg
    reach: arm (1,-1) 16.9-18.4 deg [cross a1 foot 0 at r1]  grid 17.33-18.00, enclosure 17.33-18.00 deg
    reach: arm (2,1) grid 5.00-8.33, enclosure 4.67-8.33 deg  REFUSED: arm (2,1): foot 0 meets two lines 0.3531 deg apart inside the box (circles 3 and 4), within one 0.333-degree substep: the sampling phase, not the geometry, decides whether the swing stops there
    reach: arm (2,-1) 5.9-10.7 deg [selfoff foot 1]  grid 6.33-10.33, enclosure 6.33-10.33 deg
cell 277 (depth 9, victim half-widths 0.125/0.125/0.125u): refused -- reach envelope: arm (2,1): foot 0 meets two lines 0.3531 deg apart inside the box (circles 3 and 4), within one 0.333-degree substep: the sampling phase, not th
cell 278 (depth 9, victim half-widths 0.125/0.125/0.125u): centre [37.6039,-3.2612,1.8896,50.3037,11.3842,-0.8319]
    reach: arm (0,1) 16.9-18.4 deg [cross a1 foot 1 at r1]  grid 17.33-18.00, enclosure 17.33-18.00 deg
    reach: arm (0,-1) 0.3-2.1 deg [selfoff foot 1]  grid 0.67-1.67, enclosure 0.67-1.67 deg
    reach: arm (1,1) 0.6-2.4 deg [selfoff foot 0]  grid 1.00-2.00, enclosure 1.00-2.00 deg
    reach: arm (1,-1) 16.6-18.1 deg [cross a1 foot 0 at r1]  grid 17.00-17.67, enclosure 17.00-17.67 deg
    reach: arm (2,1) grid 6.00-9.33, enclosure 6.00-9.67 deg  REFUSED: arm (2,1): foot 0 meets two lines 0.3607 deg apart inside the box (circles 3 and 4), within one 0.333-degree substep: the sampling phase, not the geometry, decides whether the swing stops there
    reach: arm (2,-1) 3.9-8.7 deg [selfoff foot 1]  grid 4.33-8.33, enclosure 4.33-8.33 deg
cell 278 (depth 9, victim half-widths 0.125/0.125/0.125u): refused -- reach envelope: arm (2,1): foot 0 meets two lines 0.3607 deg apart inside the box (circles 3 and 4), within one 0.333-degree substep: the sampling phase, not th
cell 279 (depth 9, victim half-widths 0.125/0.125/0.125u): centre [37.6039,-3.2612,1.8896,50.3037,11.3842,-0.8211]
    reach: arm (0,1) 16.6-18.4 deg [cross a1 foot 1 at r1]  grid 17.00-18.00, enclosure 17.00-18.00 deg
    reach: arm (0,-1) 0.6-2.1 deg [selfoff foot 1]  grid 1.00-1.67, enclosure 1.00-1.67 deg
    reach: arm (1,1) 0.3-2.1 deg [selfoff foot 0]  grid 0.67-1.67, enclosure 0.67-1.67 deg
    reach: arm (1,-1) 16.9-18.4 deg [cross a1 foot 0 at r1]  grid 17.33-18.00, enclosure 17.33-18.00 deg
    reach: arm (2,1) grid 5.00-8.33, enclosure 5.00-8.33 deg  REFUSED: arm (2,1): foot 0 meets two lines 0.3624 deg apart inside the box (circles 3 and 4), within one 0.333-degree substep: the sampling phase, not the geometry, decides whether the swing stops there
    reach: arm (2,-1) 4.9-9.7 deg [selfoff foot 1]  grid 5.33-9.33, enclosure 5.33-9.33 deg
cell 279 (depth 9, victim half-widths 0.125/0.125/0.125u): refused -- reach envelope: arm (2,1): foot 0 meets two lines 0.3624 deg apart inside the box (circles 3 and 4), within one 0.333-degree substep: the sampling phase, not th
cell 280 (depth 9, victim half-widths 0.125/0.125/0.125u): centre [37.6039,-3.2612,1.8896,50.8037,9.6342,-0.8969]
    reach: arm (0,1) 17.6-19.4 deg [cross a1 foot 1 at r1]  grid 18.00-19.00, enclosure 18.00-19.00 deg
    reach: arm (0,-1) -0.4-1.1 deg [selfoff foot 1]  grid 0.00-0.67, enclosure 0.00-0.67 deg
    reach: arm (1,1) 1.3-2.7 deg [selfoff foot 0]  grid 1.67-2.33, enclosure 1.67-2.33 deg
    reach: arm (1,-1) 15.9-17.4 deg [cross a1 foot 0 at r1]  grid 16.33-17.00, enclosure 16.33-17.00 deg
    reach: arm (2,1) grid 8.00-11.00, enclosure 8.00-11.33 deg  REFUSED: arm (2,1): foot 0 meets two lines 0.3592 deg apart inside the box (circles 3 and 4), within one 0.333-degree substep: the sampling phase, not the geometry, decides whether the swing stops there
    reach: arm (2,-1) -0.4-4.4 deg [selfoff foot 1]  grid 0.00-4.00, enclosure 0.00-4.00 deg
cell 280 (depth 9, victim half-widths 0.125/0.125/0.125u): refused -- reach envelope: arm (2,1): foot 0 meets two lines 0.3592 deg apart inside the box (circles 3 and 4), within one 0.333-degree substep: the sampling phase, not th
cell 281 (depth 9, victim half-widths 0.125/0.125/0.125u): centre [37.6039,-3.2612,1.8896,50.8037,9.6342,-0.8861]
    reach: arm (0,1) 17.6-19.1 deg [cross a1 foot 1 at r1]  grid 18.00-18.67, enclosure 18.00-18.67 deg
    reach: arm (0,-1) -0.4-1.4 deg [selfoff foot 1]  grid 0.00-1.00, enclosure 0.00-1.00 deg
    reach: arm (1,1) 0.9-2.4 deg [selfoff foot 0]  grid 1.33-2.00, enclosure 1.33-2.00 deg
    reach: arm (1,-1) 16.3-17.7 deg [cross a1 foot 0 at r1]  grid 16.67-17.33, enclosure 16.67-17.33 deg
    reach: arm (2,1) grid 7.00-10.00, enclosure 7.00-10.33 deg  REFUSED: arm (2,1): foot 0 meets two lines 0.0777 deg apart inside the box (circles 4 and 3), within one 0.333-degree substep: the sampling phase, not the geometry, decides whether the swing stops there
    reach: arm (2,-1) 0.6-5.4 deg [selfoff foot 1]  grid 1.00-5.00, enclosure 1.00-5.00 deg
cell 281 (depth 9, victim half-widths 0.125/0.125/0.125u): refused -- reach envelope: arm (2,1): foot 0 meets two lines 0.0777 deg apart inside the box (circles 4 and 3), within one 0.333-degree substep: the sampling phase, not th
cell 282 (depth 9, victim half-widths 0.125/0.125/0.125u): centre [37.6039,-3.2612,1.8896,50.8037,9.8842,-0.8969]
    reach: arm (0,1) 17.9-19.7 deg [cross a1 foot 1 at r1]  grid 18.33-19.33, enclosure 18.33-19.33 deg
    reach: arm (0,-1) grid 0.00-0.33, enclosure - deg  REFUSED: arm (0,-1): the stopping event's angle wraps a full turn inside the box (sub-box 7,7,0)
    reach: arm (1,1) 1.3-2.7 deg [selfoff foot 0]  grid 1.67-2.33, enclosure 1.67-2.33 deg
    reach: arm (1,-1) 15.9-17.4 deg [cross a1 foot 0 at r1]  grid 16.33-17.00, enclosure 16.33-17.00 deg
    reach: arm (2,1) grid 8.00-11.00, enclosure 8.00-11.33 deg  REFUSED: arm (2,1): foot 0 meets two lines 0.3628 deg apart inside the box (circles 3 and 4), within one 0.333-degree substep: the sampling phase, not the geometry, decides whether the swing stops there
    reach: arm (2,-1) grid 0.00-3.00, enclosure - deg  REFUSED: arm (2,-1): the stopping event's angle wraps a full turn inside the box (sub-box 6,6,0)
cell 282 (depth 9, victim half-widths 0.125/0.125/0.125u): refused -- reach envelope: arm (0,-1): the stopping event's angle wraps a full turn inside the box (sub-box 7,7,0); arm (2,1): foot 0 meets two lines 0.3628 deg apart insi
cell 283 (depth 9, victim half-widths 0.125/0.125/0.125u): centre [37.6039,-3.2612,1.8896,50.8037,9.8842,-0.8861]
    reach: arm (0,1) 17.6-19.4 deg [cross a1 foot 1 at r1]  grid 18.00-19.00, enclosure 18.00-19.00 deg
    reach: arm (0,-1) -0.4-1.1 deg [selfoff foot 1]  grid 0.00-0.67, enclosure 0.00-0.67 deg
    reach: arm (1,1) 0.9-2.4 deg [selfoff foot 0]  grid 1.33-2.00, enclosure 1.33-2.00 deg
    reach: arm (1,-1) 16.3-17.7 deg [cross a1 foot 0 at r1]  grid 16.67-17.33, enclosure 16.67-17.33 deg
    reach: arm (2,1) grid 7.00-10.00, enclosure 7.00-10.33 deg  REFUSED: arm (2,1): foot 0 meets two lines 0.1956 deg apart inside the box (circles 3 and 4), within one 0.333-degree substep: the sampling phase, not the geometry, decides whether the swing stops there
    reach: arm (2,-1) -0.4-4.7 deg [selfoff foot 1]  grid 0.00-4.33, enclosure 0.00-4.33 deg
cell 283 (depth 9, victim half-widths 0.125/0.125/0.125u): refused -- reach envelope: arm (2,1): foot 0 meets two lines 0.1956 deg apart inside the box (circles 3 and 4), within one 0.333-degree substep: the sampling phase, not th
cell 284 (depth 9, victim half-widths 0.125/0.125/0.125u): centre [37.6039,-3.2612,1.8896,50.8037,9.6342,-0.8752]
    reach: arm (0,1) 17.3-18.7 deg [cross a1 foot 1 at r1]  grid 17.67-18.33, enclosure 17.67-18.33 deg
    reach: arm (0,-1) -0.1-1.4 deg [selfoff foot 1]  grid 0.33-1.00, enclosure 0.33-1.00 deg
    reach: arm (1,1) 0.6-2.4 deg [selfoff foot 0]  grid 1.00-2.00, enclosure 1.00-2.00 deg
    reach: arm (1,-1) 16.6-18.1 deg [cross a1 foot 0 at r1]  grid 17.00-17.67, enclosure 17.00-17.67 deg
    reach: arm (2,1) grid 6.00-9.00, enclosure 5.67-9.33 deg  REFUSED: arm (2,1): foot 0 meets two lines 0.3041 deg apart inside the box (circles 4 and 3), within one 0.333-degree substep: the sampling phase, not the geometry, decides whether the swing stops there
    reach: arm (2,-1) 1.9-6.7 deg [selfoff foot 1]  grid 2.33-6.33, enclosure 2.33-6.33 deg
cell 284 (depth 9, victim half-widths 0.125/0.125/0.125u): refused -- reach envelope: arm (2,1): foot 0 meets two lines 0.3041 deg apart inside the box (circles 4 and 3), within one 0.333-degree substep: the sampling phase, not th
cell 285 (depth 9, victim half-widths 0.125/0.125/0.125u): centre [37.6039,-3.2612,1.8896,50.8037,9.6342,-0.8644]
    reach: arm (0,1) 16.9-18.7 deg [cross a1 foot 1 at r1]  grid 17.33-18.33, enclosure 17.33-18.33 deg
    reach: arm (0,-1) 0.3-1.7 deg [selfoff foot 1]  grid 0.67-1.33, enclosure 0.67-1.33 deg
    reach: arm (1,1) 0.3-2.1 deg [selfoff foot 0]  grid 0.67-1.67, enclosure 0.67-1.67 deg
    reach: arm (1,-1) 16.6-18.4 deg [cross a1 foot 0 at r1]  grid 17.00-18.00, enclosure 17.00-18.00 deg
    reach: arm (2,1) 4.3-8.4 deg [selfoff foot 0]  grid 4.67-8.00, enclosure 4.67-8.00 deg
    reach: arm (2,-1) 2.9-7.7 deg [selfoff foot 1]  grid 3.33-7.33, enclosure 3.33-7.33 deg
    3/27: [37.604,-3.261,1.89,50.679,9.509,-0.859] dead W=0.81 accept=1.92  (3s)
    6/27: [37.604,-3.261,1.89,50.679,9.759,-0.864] dead W=0.93 accept=2.20  (4s)
    9/27: [37.604,-3.261,1.89,50.804,9.509,-0.87] dead W=0.88 accept=2.05  (5s)
    12/27: [37.604,-3.261,1.89,50.804,9.509,-0.859] dead W=0.85 accept=1.89  (5s)
    15/27: [37.604,-3.261,1.89,50.804,9.634,-0.859] dead W=0.87 accept=2.19  (6s)
    18/27: [37.604,-3.261,1.89,50.804,9.759,-0.859] dead W=0.89 accept=2.19  (7s)
    21/27: [37.604,-3.261,1.89,50.929,9.634,-0.87] dead W=0.81 accept=1.98  (8s)
    24/27: [37.604,-3.261,1.89,50.929,9.634,-0.859] dead W=0.96 accept=2.12  (8s)
    27/27: [37.604,-3.261,1.89,50.929,9.759,-0.859] dead W=0.98 accept=2.12  (9s)
    round 1: 25 pairs refused, 25 midpoints to certify (step 0.063u)
    3/25: [37.604,-3.261,1.89,50.741,9.509,-0.864] dead W=0.88 accept=2.04  (9s)
    6/25: [37.604,-3.261,1.89,50.679,9.634,-0.867] dead W=0.96 accept=1.99  (10s)
    9/25: [37.604,-3.261,1.89,50.741,9.759,-0.859] dead W=0.85 accept=2.13  (11s)
    12/25: [37.604,-3.261,1.89,50.866,9.509,-0.864] dead W=0.97 accept=1.99  (11s)
    15/25: [37.604,-3.261,1.89,50.866,9.634,-0.87] dead W=0.86 accept=1.94  (12s)
    18/25: [37.604,-3.261,1.89,50.866,9.759,-0.864] dead W=0.83 accept=2.19  (13s)
    21/25: [37.604,-3.261,1.89,50.929,9.509,-0.867] dead W=0.83 accept=2.02  (14s)
    24/25: [37.604,-3.261,1.89,50.929,9.759,-0.867] dead W=0.82 accept=2.04  (14s)
cell 285 (depth 9, victim half-widths 0.125/0.125/0.125u): dead (52 poses, 3224 gaps, 0 slivers, 26 probed gaps, min accepted 0.03u)
cell 286 (depth 9, victim half-widths 0.125/0.125/0.125u): centre [37.6039,-3.2612,1.8896,50.8037,9.8842,-0.8752]
    reach: arm (0,1) 17.3-19.1 deg [cross a1 foot 1 at r1]  grid 17.67-18.67, enclosure 17.67-18.67 deg
    reach: arm (0,-1) -0.4-1.4 deg [selfoff foot 1]  grid 0.00-1.00, enclosure 0.00-1.00 deg
    reach: arm (1,1) 0.6-2.4 deg [selfoff foot 0]  grid 1.00-2.00, enclosure 1.00-2.00 deg
    reach: arm (1,-1) 16.3-18.1 deg [cross a1 foot 0 at r1]  grid 16.67-17.67, enclosure 16.67-17.67 deg
    reach: arm (2,1) grid 6.00-9.00, enclosure 6.00-9.33 deg  REFUSED: arm (2,1): foot 0 meets two lines 0.3041 deg apart inside the box (circles 4 and 3), within one 0.333-degree substep: the sampling phase, not the geometry, decides whether the swing stops there
    reach: arm (2,-1) 0.9-5.7 deg [selfoff foot 1]  grid 1.33-5.33, enclosure 1.33-5.33 deg
cell 286 (depth 9, victim half-widths 0.125/0.125/0.125u): refused -- reach envelope: arm (2,1): foot 0 meets two lines 0.3041 deg apart inside the box (circles 4 and 3), within one 0.333-degree substep: the sampling phase, not th
cell 287 (depth 9, victim half-widths 0.125/0.125/0.125u): centre [37.6039,-3.2612,1.8896,50.8037,9.8842,-0.8644]
    reach: arm (0,1) 17.3-18.7 deg [cross a1 foot 1 at r1]  grid 17.67-18.33, enclosure 17.67-18.33 deg
    reach: arm (0,-1) -0.1-1.7 deg [selfoff foot 1]  grid 0.33-1.33, enclosure 0.33-1.33 deg
    reach: arm (1,1) 0.3-2.1 deg [selfoff foot 0]  grid 0.67-1.67, enclosure 0.67-1.67 deg
    reach: arm (1,-1) 16.6-18.4 deg [cross a1 foot 0 at r1]  grid 17.00-18.00, enclosure 17.00-18.00 deg
    reach: arm (2,1) 4.3-8.7 deg [selfoff foot 0]  grid 4.67-8.33, enclosure 4.67-8.33 deg
    reach: arm (2,-1) 2.3-7.1 deg [selfoff foot 1]  grid 2.67-6.67, enclosure 2.67-6.67 deg
    3/27: [37.604,-3.261,1.89,50.679,9.759,-0.859] dead W=0.86 accept=2.08  (3s)
    6/27: [37.604,-3.261,1.89,50.679,9.884,-0.864] dead W=0.96 accept=2.21  (4s)
    9/27: [37.604,-3.261,1.89,50.679,10.009,-0.859] dead W=0.90 accept=2.27  (5s)
    12/27: [37.604,-3.261,1.89,50.804,9.759,-0.864] dead W=0.84 accept=2.12  (5s)
    15/27: [37.604,-3.261,1.89,50.804,10.009,-0.87] dead W=0.86 accept=2.26  (6s)
    18/27: [37.604,-3.261,1.89,50.929,9.759,-0.87] dead W=0.87 accept=2.19  (7s)
    21/27: [37.604,-3.261,1.89,50.929,9.884,-0.87] dead W=0.91 accept=2.19  (8s)
    24/27: [37.604,-3.261,1.89,50.929,9.884,-0.859] dead W=0.81 accept=2.14  (8s)
    27/27: [37.604,-3.261,1.89,50.929,10.009,-0.859] dead W=0.83 accept=2.32  (9s)
    round 1: 17 pairs refused, 17 midpoints to certify (step 0.063u)
    2/17: [37.604,-3.261,1.89,50.679,9.759,-0.862] dead W=0.90 accept=2.23  (10s)
    4/17: [37.604,-3.261,1.89,50.679,9.822,-0.859] dead W=0.87 accept=2.26  (10s)
    6/17: [37.604,-3.261,1.89,50.866,9.759,-0.87] dead W=0.81 accept=2.13  (11s)
    8/17: [37.604,-3.261,1.89,50.741,10.009,-0.864] dead W=0.84 accept=2.27  (11s)
    10/17: [37.604,-3.261,1.89,50.866,9.759,-0.864] dead W=0.83 accept=2.19  (11s)
    12/17: [37.604,-3.261,1.89,50.804,9.947,-0.864] dead W=0.85 accept=2.16  (11s)
    14/17: [37.604,-3.261,1.89,50.929,9.759,-0.862] dead W=0.83 accept=2.11  (12s)
    16/17: [37.604,-3.261,1.89,50.929,9.884,-0.862] dead W=0.82 accept=2.29  (12s)
cell 287 (depth 9, victim half-widths 0.125/0.125/0.125u): dead (44 poses, 2728 gaps, 0 slivers, 17 probed gaps, min accepted 0.05u)
cell 288 (depth 9, victim half-widths 0.125/0.125/0.125u): centre [37.6039,-3.2612,1.8896,50.8037,10.1342,-0.8969]
    reach: arm (0,1) 18.3-19.7 deg [cross a1 foot 1 at r1]  grid 18.67-19.33, enclosure 18.67-19.33 deg
    reach: arm (0,-1) grid 0.00-0.33, enclosure - deg  REFUSED: arm (0,-1): the stopping event's angle wraps a full turn inside the box (sub-box 3,6,0)
    reach: arm (1,1) 1.3-2.7 deg [selfoff foot 0]  grid 1.67-2.33, enclosure 1.67-2.33 deg
    reach: arm (1,-1) 15.9-17.4 deg [cross a1 foot 0 at r1]  grid 16.33-17.00, enclosure 16.33-17.00 deg
    reach: arm (2,1) grid 8.00-11.00, enclosure 8.00-11.33 deg  REFUSED: arm (2,1): foot 0 meets two lines 0.3609 deg apart inside the box (circles 3 and 4), within one 0.333-degree substep: the sampling phase, not the geometry, decides whether the swing stops there
    reach: arm (2,-1) grid 0.00-2.00, enclosure - deg  REFUSED: arm (2,-1): the stopping event's angle wraps a full turn inside the box (sub-box 2,6,0)
cell 288 (depth 9, victim half-widths 0.125/0.125/0.125u): refused -- reach envelope: arm (0,-1): the stopping event's angle wraps a full turn inside the box (sub-box 3,6,0); arm (2,1): foot 0 meets two lines 0.3609 deg apart insi
cell 289 (depth 9, victim half-widths 0.125/0.125/0.125u): centre [37.6039,-3.2612,1.8896,50.8037,10.1342,-0.8861]
    reach: arm (0,1) 17.9-19.4 deg [cross a1 foot 1 at r1]  grid 18.33-19.00, enclosure 18.33-19.00 deg
    reach: arm (0,-1) -0.4-1.1 deg [selfoff foot 1]  grid 0.00-0.67, enclosure 0.00-0.67 deg
    reach: arm (1,1) 0.9-2.7 deg [selfoff foot 0]  grid 1.33-2.33, enclosure 1.33-2.33 deg
    reach: arm (1,-1) 16.3-17.7 deg [cross a1 foot 0 at r1]  grid 16.67-17.33, enclosure 16.67-17.33 deg
    reach: arm (2,1) grid 7.00-10.00, enclosure 7.00-10.33 deg  REFUSED: arm (2,1): foot 0 meets two lines 0.3636 deg apart inside the box (circles 3 and 4), within one 0.333-degree substep: the sampling phase, not the geometry, decides whether the swing stops there
    reach: arm (2,-1) -0.4-3.7 deg [selfoff foot 1]  grid 0.00-3.33, enclosure 0.00-3.33 deg
cell 289 (depth 9, victim half-widths 0.125/0.125/0.125u): refused -- reach envelope: arm (2,1): foot 0 meets two lines 0.3636 deg apart inside the box (circles 3 and 4), within one 0.333-degree substep: the sampling phase, not th
cell 290 (depth 9, victim half-widths 0.125/0.125/0.125u): centre [37.6039,-3.2612,1.8896,50.8037,10.3842,-0.8969]
    reach: arm (0,1) 18.3-20.1 deg [cross a1 foot 1 at r1]  grid 18.67-19.67, enclosure 18.67-19.67 deg
    reach: arm (0,-1) grid 0.00-0.00, enclosure - deg  REFUSED: arm (0,-1): the stopping event's angle wraps a full turn inside the box (sub-box 0,4,0)
    reach: arm (1,1) 1.3-2.7 deg [selfoff foot 0]  grid 1.67-2.33, enclosure 1.67-2.33 deg
    reach: arm (1,-1) 15.9-17.4 deg [cross a1 foot 0 at r1]  grid 16.33-17.00, enclosure 16.33-17.00 deg
    reach: arm (2,1) grid 9.00-11.00, enclosure 8.00-11.33 deg  REFUSED: arm (2,1): foot 0 meets two lines 0.1711 deg apart inside the box (circles 3 and 4), within one 0.333-degree substep: the sampling phase, not the geometry, decides whether the swing stops there
    reach: arm (2,-1) grid 0.00-1.00, enclosure - deg  REFUSED: arm (2,-1): the stopping event's angle wraps a full turn inside the box (sub-box 0,2,0)
cell 290 (depth 9, victim half-widths 0.125/0.125/0.125u): refused -- reach envelope: arm (0,-1): the stopping event's angle wraps a full turn inside the box (sub-box 0,4,0); arm (2,1): foot 0 meets two lines 0.1711 deg apart insi
cell 291 (depth 9, victim half-widths 0.125/0.125/0.125u): centre [37.6039,-3.2612,1.8896,50.8037,10.3842,-0.8861]
    reach: arm (0,1) 17.9-19.7 deg [cross a1 foot 1 at r1]  grid 18.33-19.33, enclosure 18.33-19.33 deg
    reach: arm (0,-1) grid 0.00-0.33, enclosure - deg  REFUSED: arm (0,-1): the stopping event's angle wraps a full turn inside the box (sub-box 4,7,0)
    reach: arm (1,1) 0.9-2.7 deg [selfoff foot 0]  grid 1.33-2.33, enclosure 1.33-2.33 deg
    reach: arm (1,-1) 15.9-17.7 deg [cross a1 foot 0 at r1]  grid 16.33-17.33, enclosure 16.33-17.33 deg
    reach: arm (2,1) grid 7.33-10.33, enclosure 7.00-10.33 deg  REFUSED: arm (2,1): foot 0 meets two lines 0.3620 deg apart inside the box (circles 3 and 4), within one 0.333-degree substep: the sampling phase, not the geometry, decides whether the swing stops there
    reach: arm (2,-1) grid 0.00-2.33, enclosure - deg  REFUSED: arm (2,-1): the stopping event's angle wraps a full turn inside the box (sub-box 3,7,0)
cell 291 (depth 9, victim half-widths 0.125/0.125/0.125u): refused -- reach envelope: arm (0,-1): the stopping event's angle wraps a full turn inside the box (sub-box 4,7,0); arm (2,1): foot 0 meets two lines 0.3620 deg apart insi
cell 292 (depth 9, victim half-widths 0.125/0.125/0.125u): centre [37.6039,-3.2612,1.8896,50.8037,10.1342,-0.8752]
    reach: arm (0,1) 17.6-19.4 deg [cross a1 foot 1 at r1]  grid 18.00-19.00, enclosure 18.00-19.00 deg
    reach: arm (0,-1) -0.4-1.1 deg [selfoff foot 1]  grid 0.00-0.67, enclosure 0.00-0.67 deg
    reach: arm (1,1) 0.6-2.4 deg [selfoff foot 0]  grid 1.00-2.00, enclosure 1.00-2.00 deg
    reach: arm (1,-1) 16.3-18.1 deg [cross a1 foot 0 at r1]  grid 16.67-17.67, enclosure 16.67-17.67 deg
    reach: arm (2,1) grid 6.00-9.33, enclosure 6.00-9.33 deg  REFUSED: arm (2,1): foot 0 meets two lines 0.0251 deg apart inside the box (circles 4 and 3), within one 0.333-degree substep: the sampling phase, not the geometry, decides whether the swing stops there
    reach: arm (2,-1) 0.3-5.1 deg [selfoff foot 1]  grid 0.67-4.67, enclosure 0.67-4.67 deg
cell 292 (depth 9, victim half-widths 0.125/0.125/0.125u): refused -- reach envelope: arm (2,1): foot 0 meets two lines 0.0251 deg apart inside the box (circles 4 and 3), within one 0.333-degree substep: the sampling phase, not th
cell 293 (depth 9, victim half-widths 0.125/0.125/0.125u): centre [37.6039,-3.2612,1.8896,50.8037,10.1342,-0.8644]
    reach: arm (0,1) 17.3-19.1 deg [cross a1 foot 1 at r1]  grid 17.67-18.67, enclosure 17.67-18.67 deg
    reach: arm (0,-1) -0.1-1.4 deg [selfoff foot 1]  grid 0.33-1.00, enclosure 0.33-1.00 deg
    reach: arm (1,1) 0.6-2.1 deg [selfoff foot 0]  grid 1.00-1.67, enclosure 1.00-1.67 deg
    reach: arm (1,-1) 16.6-18.4 deg [cross a1 foot 0 at r1]  grid 17.00-18.00, enclosure 17.00-18.00 deg
    reach: arm (2,1) grid 5.00-8.00, enclosure 5.00-8.33 deg  REFUSED: arm (2,1): foot 0 meets two lines 0.3254 deg apart inside the box (circles 4 and 3), within one 0.333-degree substep: the sampling phase, not the geometry, decides whether the swing stops there
    reach: arm (2,-1) 1.3-6.1 deg [selfoff foot 1]  grid 1.67-5.67, enclosure 1.67-5.67 deg
cell 293 (depth 9, victim half-widths 0.125/0.125/0.125u): refused -- reach envelope: arm (2,1): foot 0 meets two lines 0.3254 deg apart inside the box (circles 4 and 3), within one 0.333-degree substep: the sampling phase, not th
cell 294 (depth 9, victim half-widths 0.125/0.125/0.125u): centre [37.6039,-3.2612,1.8896,50.8037,10.3842,-0.8752]
    reach: arm (0,1) 17.9-19.4 deg [cross a1 foot 1 at r1]  grid 18.33-19.00, enclosure 18.33-19.00 deg
    reach: arm (0,-1) -0.4-1.1 deg [selfoff foot 1]  grid 0.00-0.67, enclosure 0.00-0.67 deg
    reach: arm (1,1) 0.6-2.4 deg [selfoff foot 0]  grid 1.00-2.00, enclosure 1.00-2.00 deg
    reach: arm (1,-1) 16.3-18.1 deg [cross a1 foot 0 at r1]  grid 16.67-17.67, enclosure 16.67-17.67 deg
    reach: arm (2,1) grid 6.33-9.33, enclosure 6.00-9.33 deg  REFUSED: arm (2,1): foot 0 meets two lines 0.2425 deg apart inside the box (circles 3 and 4), within one 0.333-degree substep: the sampling phase, not the geometry, decides whether the swing stops there
    reach: arm (2,-1) -0.4-4.1 deg [selfoff foot 1]  grid 0.00-3.67, enclosure 0.00-3.67 deg
cell 294 (depth 9, victim half-widths 0.125/0.125/0.125u): refused -- reach envelope: arm (2,1): foot 0 meets two lines 0.2425 deg apart inside the box (circles 3 and 4), within one 0.333-degree substep: the sampling phase, not th
cell 295 (depth 9, victim half-widths 0.125/0.125/0.125u): centre [37.6039,-3.2612,1.8896,50.8037,10.3842,-0.8644]
    reach: arm (0,1) 17.6-19.1 deg [cross a1 foot 1 at r1]  grid 18.00-18.67, enclosure 18.00-18.67 deg
    reach: arm (0,-1) -0.4-1.4 deg [selfoff foot 1]  grid 0.00-1.00, enclosure 0.00-1.00 deg
    reach: arm (1,1) 0.6-2.1 deg [selfoff foot 0]  grid 1.00-1.67, enclosure 1.00-1.67 deg
    reach: arm (1,-1) 16.6-18.1 deg [cross a1 foot 0 at r1]  grid 17.00-17.67, enclosure 17.00-17.67 deg
    reach: arm (2,1) grid 5.00-8.33, enclosure 5.00-8.33 deg  REFUSED: arm (2,1): foot 0 meets two lines 0.2553 deg apart inside the box (circles 4 and 3), within one 0.333-degree substep: the sampling phase, not the geometry, decides whether the swing stops there
    reach: arm (2,-1) 0.3-5.1 deg [selfoff foot 1]  grid 0.67-4.67, enclosure 0.67-4.67 deg
cell 295 (depth 9, victim half-widths 0.125/0.125/0.125u): refused -- reach envelope: arm (2,1): foot 0 meets two lines 0.2553 deg apart inside the box (circles 4 and 3), within one 0.333-degree substep: the sampling phase, not th
cell 296 (depth 9, victim half-widths 0.125/0.125/0.125u): centre [37.6039,-3.2612,1.8896,50.8037,10.6342,-0.8969]
    reach: arm (0,1) 18.6-20.1 deg [cross a1 foot 1 at r1]  grid 19.00-19.67, enclosure 19.00-19.67 deg
    reach: arm (0,-1) grid 0.00-0.00, enclosure - deg  REFUSED: arm (0,-1): the stopping event's angle wraps a full turn inside the box (sub-box 0,0,0)
    reach: arm (1,1) 1.3-3.1 deg [selfoff foot 0]  grid 1.67-2.67, enclosure 1.67-2.67 deg
    reach: arm (1,-1) 15.6-17.4 deg [cross a1 foot 0 at r1]  grid 16.00-17.00, enclosure 16.00-17.00 deg
    reach: arm (2,1) 7.6-11.7 deg [selfoff a1 foot 0]  grid 8.00-11.33, enclosure 8.00-11.33 deg
    reach: arm (2,-1) grid 0.00-0.00, enclosure - deg  REFUSED: arm (2,-1): the stopping event's angle wraps a full turn inside the box (sub-box 0,0,0)
cell 296 (depth 9, victim half-widths 0.125/0.125/0.125u): refused -- reach envelope: arm (0,-1): the stopping event's angle wraps a full turn inside the box (sub-box 0,0,0); arm (2,-1): the stopping event's angle wraps a full tur
cell 297 (depth 9, victim half-widths 0.125/0.125/0.125u): centre [37.6039,-3.2612,1.8896,50.8037,10.6342,-0.8861]
    reach: arm (0,1) 18.3-19.7 deg [cross a1 foot 1 at r1]  grid 18.67-19.33, enclosure 18.67-19.33 deg
    reach: arm (0,-1) grid 0.00-0.00, enclosure - deg  REFUSED: arm (0,-1): the stopping event's angle wraps a full turn inside the box (sub-box 0,6,0)
    reach: arm (1,1) 0.9-2.7 deg [selfoff foot 0]  grid 1.33-2.33, enclosure 1.33-2.33 deg
    reach: arm (1,-1) 15.9-17.7 deg [cross a1 foot 0 at r1]  grid 16.33-17.33, enclosure 16.33-17.33 deg
    reach: arm (2,1) grid 7.67-10.33, enclosure 7.00-10.33 deg  REFUSED: arm (2,1): foot 0 meets two lines 0.3602 deg apart inside the box (circles 3 and 4), within one 0.333-degree substep: the sampling phase, not the geometry, decides whether the swing stops there
    reach: arm (2,-1) grid 0.00-1.33, enclosure - deg  REFUSED: arm (2,-1): the stopping event's angle wraps a full turn inside the box (sub-box 0,5,0)
cell 297 (depth 9, victim half-widths 0.125/0.125/0.125u): refused -- reach envelope: arm (0,-1): the stopping event's angle wraps a full turn inside the box (sub-box 0,6,0); arm (2,1): foot 0 meets two lines 0.3602 deg apart insi
cell 298 (depth 9, victim half-widths 0.125/0.125/0.125u): centre [37.6039,-3.2612,1.8896,50.8037,10.8842,-0.8969]
cell 298 (depth 9, victim half-widths 0.125/0.125/0.125u): offboard -- every grid pose has a victim foot over the rim at the start
cell 299 (depth 9, victim half-widths 0.125/0.125/0.125u): centre [37.6039,-3.2612,1.8896,50.8037,10.8842,-0.8861]
    reach: arm (0,1) 18.3-20.1 deg [cross a1 foot 1 at r1]  grid 18.67-19.67, enclosure 18.67-19.67 deg
    reach: arm (0,-1) grid 0.00-0.00, enclosure - deg  REFUSED: arm (0,-1): the stopping event's angle wraps a full turn inside the box (sub-box 0,0,0)
    reach: arm (1,1) 0.9-2.7 deg [selfoff foot 0]  grid 1.33-2.33, enclosure 1.33-2.33 deg
    reach: arm (1,-1) 15.9-17.7 deg [cross a1 foot 0 at r1]  grid 16.33-17.33, enclosure 16.33-17.33 deg
    reach: arm (2,1) 6.9-10.7 deg [selfoff foot 0]  grid 7.33-10.33, enclosure 7.33-10.33 deg
    reach: arm (2,-1) grid 0.00-0.33, enclosure - deg  REFUSED: arm (2,-1): the stopping event's angle wraps a full turn inside the box (sub-box 0,0,0)
cell 299 (depth 9, victim half-widths 0.125/0.125/0.125u): refused -- reach envelope: arm (0,-1): the stopping event's angle wraps a full turn inside the box (sub-box 0,0,0); arm (2,-1): the stopping event's angle wraps a full tur
cell 300 (depth 9, victim half-widths 0.125/0.125/0.125u): centre [37.6039,-3.2612,1.8896,50.8037,10.6342,-0.8752]
    reach: arm (0,1) 17.9-19.7 deg [cross a1 foot 1 at r1]  grid 18.33-19.33, enclosure 18.33-19.33 deg
    reach: arm (0,-1) grid 0.00-0.33, enclosure - deg  REFUSED: arm (0,-1): the stopping event's angle wraps a full turn inside the box (sub-box 6,6,0)
    reach: arm (1,1) 0.9-2.4 deg [selfoff foot 0]  grid 1.33-2.00, enclosure 1.33-2.00 deg
    reach: arm (1,-1) 16.3-17.7 deg [cross a1 foot 0 at r1]  grid 16.67-17.33, enclosure 16.67-17.33 deg
    reach: arm (2,1) grid 6.33-9.33, enclosure 6.00-9.33 deg  REFUSED: arm (2,1): foot 0 meets two lines 0.3581 deg apart inside the box (circles 3 and 4), within one 0.333-degree substep: the sampling phase, not the geometry, decides whether the swing stops there
    reach: arm (2,-1) grid 0.00-2.67, enclosure - deg  REFUSED: arm (2,-1): the stopping event's angle wraps a full turn inside the box (sub-box 5,6,0)
cell 300 (depth 9, victim half-widths 0.125/0.125/0.125u): refused -- reach envelope: arm (0,-1): the stopping event's angle wraps a full turn inside the box (sub-box 6,6,0); arm (2,1): foot 0 meets two lines 0.3581 deg apart insi
cell 301 (depth 9, victim half-widths 0.125/0.125/0.125u): centre [37.6039,-3.2612,1.8896,50.8037,10.6342,-0.8644]
    reach: arm (0,1) 17.6-19.4 deg [cross a1 foot 1 at r1]  grid 18.00-19.00, enclosure 18.00-19.00 deg
    reach: arm (0,-1) -0.4-1.1 deg [selfoff foot 1]  grid 0.00-0.67, enclosure 0.00-0.67 deg
    reach: arm (1,1) 0.6-2.1 deg [selfoff foot 0]  grid 1.00-1.67, enclosure 1.00-1.67 deg
    reach: arm (1,-1) 16.6-18.1 deg [cross a1 foot 0 at r1]  grid 17.00-17.67, enclosure 17.00-17.67 deg
    reach: arm (2,1) grid 5.33-8.33, enclosure 5.00-8.33 deg  REFUSED: arm (2,1): foot 0 meets two lines 0.0180 deg apart inside the box (circles 3 and 4), within one 0.333-degree substep: the sampling phase, not the geometry, decides whether the swing stops there
    reach: arm (2,-1) -0.4-4.4 deg [selfoff foot 1]  grid 0.00-4.00, enclosure 0.00-4.00 deg
cell 301 (depth 9, victim half-widths 0.125/0.125/0.125u): refused -- reach envelope: arm (2,1): foot 0 meets two lines 0.0180 deg apart inside the box (circles 3 and 4), within one 0.333-degree substep: the sampling phase, not th
cell 302 (depth 9, victim half-widths 0.125/0.125/0.125u): centre [37.6039,-3.2612,1.8896,50.8037,10.8842,-0.8752]
    reach: arm (0,1) 18.3-19.7 deg [cross a1 foot 1 at r1]  grid 18.67-19.33, enclosure 18.67-19.33 deg
    reach: arm (0,-1) grid 0.00-0.33, enclosure - deg  REFUSED: arm (0,-1): the stopping event's angle wraps a full turn inside the box (sub-box 1,7,0)
    reach: arm (1,1) 0.9-2.4 deg [selfoff foot 0]  grid 1.33-2.00, enclosure 1.33-2.00 deg
    reach: arm (1,-1) 16.3-17.7 deg [cross a1 foot 0 at r1]  grid 16.67-17.33, enclosure 16.67-17.33 deg
    reach: arm (2,1) grid 6.33-9.33, enclosure 6.33-9.33 deg  REFUSED: arm (2,1): foot 0 meets two lines 0.3640 deg apart inside the box (circles 3 and 4), within one 0.333-degree substep: the sampling phase, not the geometry, decides whether the swing stops there
    reach: arm (2,-1) grid 0.00-1.67, enclosure - deg  REFUSED: arm (2,-1): the stopping event's angle wraps a full turn inside the box (sub-box 0,7,0)
cell 302 (depth 9, victim half-widths 0.125/0.125/0.125u): refused -- reach envelope: arm (0,-1): the stopping event's angle wraps a full turn inside the box (sub-box 1,7,0); arm (2,1): foot 0 meets two lines 0.3640 deg apart insi
cell 303 (depth 9, victim half-widths 0.125/0.125/0.125u): centre [37.6039,-3.2612,1.8896,50.8037,10.8842,-0.8644]
    reach: arm (0,1) 17.9-19.4 deg [cross a1 foot 1 at r1]  grid 18.33-19.00, enclosure 18.33-19.00 deg
    reach: arm (0,-1) grid 0.00-0.33, enclosure - deg  REFUSED: arm (0,-1): the stopping event's angle wraps a full turn inside the box (sub-box 7,7,0)
    reach: arm (1,1) 0.6-2.1 deg [selfoff foot 0]  grid 1.00-1.67, enclosure 1.00-1.67 deg
    reach: arm (1,-1) 16.6-18.1 deg [cross a1 foot 0 at r1]  grid 17.00-17.67, enclosure 17.00-17.67 deg
    reach: arm (2,1) grid 5.33-8.33, enclosure 5.33-8.33 deg  REFUSED: arm (2,1): foot 0 meets two lines 0.2804 deg apart inside the box (circles 3 and 4), within one 0.333-degree substep: the sampling phase, not the geometry, decides whether the swing stops there
    reach: arm (2,-1) grid 0.00-3.00, enclosure - deg  REFUSED: arm (2,-1): the stopping event's angle wraps a full turn inside the box (sub-box 6,7,0)
cell 303 (depth 9, victim half-widths 0.125/0.125/0.125u): refused -- reach envelope: arm (0,-1): the stopping event's angle wraps a full turn inside the box (sub-box 7,7,0); arm (2,1): foot 0 meets two lines 0.2804 deg apart insi
cell 304 (depth 9, victim half-widths 0.125/0.125/0.125u): centre [37.6039,-3.2612,1.8896,50.8037,11.1342,-0.8752]
    reach: arm (0,1) 18.3-20.1 deg [cross a1 foot 1 at r1]  grid 18.67-19.67, enclosure 18.67-19.67 deg
    reach: arm (0,-1) grid 0.00-0.00, enclosure - deg  REFUSED: arm (0,-1): the stopping event's angle wraps a full turn inside the box (sub-box 0,1,0)
    reach: arm (1,1) 0.9-2.4 deg [selfoff foot 0]  grid 1.33-2.00, enclosure 1.33-2.00 deg
    reach: arm (1,-1) 16.3-17.7 deg [cross a1 foot 0 at r1]  grid 16.67-17.33, enclosure 16.67-17.33 deg
    reach: arm (2,1) grid 7.33-8.67, enclosure 6.33-9.33 deg  REFUSED: arm (2,1): foot 0 meets two lines 0.3612 deg apart inside the box (circles 3 and 4), within one 0.333-degree substep: the sampling phase, not the geometry, decides whether the swing stops there
    reach: arm (2,-1) grid 0.00-0.67, enclosure - deg  REFUSED: arm (2,-1): the stopping event's angle wraps a full turn inside the box (sub-box 0,0,0)
cell 304 (depth 9, victim half-widths 0.125/0.125/0.125u): refused -- reach envelope: arm (0,-1): the stopping event's angle wraps a full turn inside the box (sub-box 0,1,0); arm (2,1): foot 0 meets two lines 0.3612 deg apart insi
cell 305 (depth 9, victim half-widths 0.125/0.125/0.125u): centre [37.6039,-3.2612,1.8896,50.8037,11.1342,-0.8644]
    reach: arm (0,1) 17.9-19.7 deg [cross a1 foot 1 at r1]  grid 18.33-19.33, enclosure 18.33-19.33 deg
    reach: arm (0,-1) grid 0.00-0.33, enclosure - deg  REFUSED: arm (0,-1): the stopping event's angle wraps a full turn inside the box (sub-box 3,6,0)
    reach: arm (1,1) 0.6-2.1 deg [selfoff foot 0]  grid 1.00-1.67, enclosure 1.00-1.67 deg
    reach: arm (1,-1) 16.6-18.1 deg [cross a1 foot 0 at r1]  grid 17.00-17.67, enclosure 17.00-17.67 deg
    reach: arm (2,1) grid 5.33-8.33, enclosure 5.33-8.33 deg  REFUSED: arm (2,1): foot 0 meets two lines 0.3560 deg apart inside the box (circles 3 and 4), within one 0.333-degree substep: the sampling phase, not the geometry, decides whether the swing stops there
    reach: arm (2,-1) grid 0.00-2.00, enclosure - deg  REFUSED: arm (2,-1): the stopping event's angle wraps a full turn inside the box (sub-box 2,6,0)
cell 305 (depth 9, victim half-widths 0.125/0.125/0.125u): refused -- reach envelope: arm (0,-1): the stopping event's angle wraps a full turn inside the box (sub-box 3,6,0); arm (2,1): foot 0 meets two lines 0.3560 deg apart insi
cell 306 (depth 9, victim half-widths 0.125/0.125/0.125u): centre [37.6039,-3.2612,1.8896,50.8037,11.3842,-0.8752]
cell 306 (depth 9, victim half-widths 0.125/0.125/0.125u): offboard -- every grid pose has a victim foot over the rim at the start
cell 307 (depth 9, victim half-widths 0.125/0.125/0.125u): centre [37.6039,-3.2612,1.8896,50.8037,11.3842,-0.8644]
    reach: arm (0,1) 18.3-20.1 deg [cross a1 foot 1 at r1]  grid 18.67-19.67, enclosure 18.67-19.67 deg
    reach: arm (0,-1) grid 0.00-0.00, enclosure - deg  REFUSED: arm (0,-1): the stopping event's angle wraps a full turn inside the box (sub-box 0,4,0)
    reach: arm (1,1) 0.6-2.4 deg [selfoff foot 0]  grid 1.00-2.00, enclosure 1.00-2.00 deg
    reach: arm (1,-1) 16.3-18.1 deg [cross a1 foot 0 at r1]  grid 16.67-17.67, enclosure 16.67-17.67 deg
    reach: arm (2,1) grid 6.33-8.00, enclosure 5.33-8.33 deg  REFUSED: arm (2,1): foot 0 meets two lines 0.3582 deg apart inside the box (circles 3 and 4), within one 0.333-degree substep: the sampling phase, not the geometry, decides whether the swing stops there
    reach: arm (2,-1) grid 0.00-1.00, enclosure - deg  REFUSED: arm (2,-1): the stopping event's angle wraps a full turn inside the box (sub-box 0,2,0)
cell 307 (depth 9, victim half-widths 0.125/0.125/0.125u): refused -- reach envelope: arm (0,-1): the stopping event's angle wraps a full turn inside the box (sub-box 0,4,0); arm (2,1): foot 0 meets two lines 0.3582 deg apart insi
cell 308 (depth 9, victim half-widths 0.125/0.125/0.125u): centre [37.6039,-3.2612,1.8896,51.0537,9.6342,-0.8969]
    reach: arm (0,1) 17.9-19.7 deg [cross a1 foot 1 at r1]  grid 18.33-19.33, enclosure 18.33-19.33 deg
    reach: arm (0,-1) grid 0.00-0.33, enclosure - deg  REFUSED: arm (0,-1): the stopping event's angle wraps a full turn inside the box (sub-box 3,7,0)
    reach: arm (1,1) 0.6-2.4 deg [selfoff foot 0]  grid 1.00-2.00, enclosure 1.00-2.00 deg
    reach: arm (1,-1) 16.3-18.1 deg [cross a1 foot 0 at r1]  grid 16.67-17.67, enclosure 16.67-17.67 deg
    reach: arm (2,1) 5.6-9.4 deg [selfoff foot 0]  grid 6.00-9.00, enclosure 6.00-9.00 deg
    reach: arm (2,-1) grid 0.00-2.00, enclosure - deg  REFUSED: arm (2,-1): the stopping event's angle wraps a full turn inside the box (sub-box 2,7,0)
cell 308 (depth 9, victim half-widths 0.125/0.125/0.125u): refused -- reach envelope: arm (0,-1): the stopping event's angle wraps a full turn inside the box (sub-box 3,7,0); arm (2,-1): the stopping event's angle wraps a full tur
cell 309 (depth 9, victim half-widths 0.125/0.125/0.125u): centre [37.6039,-3.2612,1.8896,51.0537,9.6342,-0.8861]
    reach: arm (0,1) 17.9-19.4 deg [cross a1 foot 1 at r1]  grid 18.33-19.00, enclosure 18.33-19.00 deg
    reach: arm (0,-1) -0.4-1.1 deg [selfoff foot 1]  grid 0.00-0.67, enclosure 0.00-0.67 deg
    reach: arm (1,1) 0.6-2.1 deg [selfoff foot 0]  grid 1.00-1.67, enclosure 1.00-1.67 deg
    reach: arm (1,-1) 16.6-18.1 deg [cross a1 foot 0 at r1]  grid 17.00-17.67, enclosure 17.00-17.67 deg
    reach: arm (2,1) 4.6-8.4 deg [selfoff foot 0]  grid 5.00-8.00, enclosure 5.00-8.00 deg
    reach: arm (2,-1) -0.4-3.7 deg [selfoff foot 1]  grid 0.00-3.33, enclosure 0.00-3.33 deg
    3/27: [37.604,-3.261,1.89,50.929,9.509,-0.881] dead W=0.96 accept=1.90  (3s)
    6/27: [37.604,-3.261,1.89,50.929,9.759,-0.886] dead W=1.12 accept=2.02  (4s)
    9/27: [37.604,-3.261,1.89,51.054,9.509,-0.891] dead W=1.20 accept=1.89  (4s)
    12/27: [37.604,-3.261,1.89,51.054,9.509,-0.881] dead W=1.05 accept=1.91  (5s)
    15/27: [37.604,-3.261,1.89,51.054,9.634,-0.881] dead W=1.08 accept=2.03  (6s)
    18/27: [37.604,-3.261,1.89,51.054,9.759,-0.881] dead W=1.12 accept=2.03  (6s)
    21/27: [37.604,-3.261,1.89,51.179,9.634,-0.891] dead W=1.27 accept=2.00  (7s)
    22/27: [37.604,-3.261,1.89,51.179,9.759,-0.891] offboard a victim foot is over the rim at the start: not a position  (7s)
    24/27: [37.604,-3.261,1.89,51.179,9.634,-0.886] dead W=1.19 accept=1.89  (7s)
    27/27: [37.604,-3.261,1.89,51.179,9.759,-0.881] dead W=1.14 accept=2.10  (7s)
    round 1: 21 pairs refused, 21 midpoints to certify (step 0.063u)
    2/21: [37.604,-3.261,1.89,50.991,9.634,-0.886] dead W=1.10 accept=2.03  (8s)
    4/21: [37.604,-3.261,1.89,50.991,9.509,-0.886] dead W=1.08 accept=1.90  (8s)
    6/21: [37.604,-3.261,1.89,50.991,9.759,-0.881] dead W=1.07 accept=1.97  (9s)
    8/21: [37.604,-3.261,1.89,50.991,9.634,-0.881] dead W=1.05 accept=1.97  (9s)
    10/21: [37.604,-3.261,1.89,51.054,9.509,-0.883] dead W=1.08 accept=1.96  (10s)
    12/21: [37.604,-3.261,1.89,51.054,9.572,-0.881] dead W=1.07 accept=1.90  (10s)
    14/21: [37.604,-3.261,1.89,51.116,9.634,-0.881] dead W=1.09 accept=2.00  (10s)
    16/21: [37.604,-3.261,1.89,51.179,9.697,-0.891] offboard a victim foot is over the rim at the start: not a position  (10s)
    18/21: [37.604,-3.261,1.89,51.179,9.759,-0.889] offboard a victim foot is over the rim at the start: not a position  (11s)
    20/21: [37.604,-3.261,1.89,51.179,9.509,-0.889] dead W=1.20 accept=1.85  (11s)
cell 309 (depth 9, victim half-widths 0.125/0.125/0.125u): dead (45 poses, 2552 gaps, 0 slivers, 19 probed gaps, 3 rim pairs, 99% of the leaf on the board, min accepted 0.04u)
cell 310 (depth 9, victim half-widths 0.125/0.125/0.125u): centre [37.6039,-3.2612,1.8896,51.0537,9.8842,-0.8969]
    reach: arm (0,1) 18.3-20.1 deg [cross a1 foot 1 at r1]  grid 18.67-19.67, enclosure 18.67-19.67 deg
    reach: arm (0,-1) grid 0.00-0.00, enclosure - deg  REFUSED: arm (0,-1): the stopping event's angle wraps a full turn inside the box (sub-box 0,5,0)
    reach: arm (1,1) 0.9-2.4 deg [selfoff foot 0]  grid 1.33-2.00, enclosure 1.33-2.00 deg
    reach: arm (1,-1) 16.3-17.7 deg [cross a1 foot 0 at r1]  grid 16.67-17.33, enclosure 16.67-17.33 deg
    reach: arm (2,1) 5.6-9.7 deg [selfoff foot 0]  grid 6.00-9.33, enclosure 6.00-9.33 deg
    reach: arm (2,-1) grid 0.00-1.00, enclosure - deg  REFUSED: arm (2,-1): the stopping event's angle wraps a full turn inside the box (sub-box 0,3,0)
cell 310 (depth 9, victim half-widths 0.125/0.125/0.125u): refused -- reach envelope: arm (0,-1): the stopping event's angle wraps a full turn inside the box (sub-box 0,5,0); arm (2,-1): the stopping event's angle wraps a full tur
cell 311 (depth 9, victim half-widths 0.125/0.125/0.125u): centre [37.6039,-3.2612,1.8896,51.0537,9.8842,-0.8861]
    reach: arm (0,1) 17.9-19.7 deg [cross a1 foot 1 at r1]  grid 18.33-19.33, enclosure 18.33-19.33 deg
    reach: arm (0,-1) grid 0.00-0.33, enclosure - deg  REFUSED: arm (0,-1): the stopping event's angle wraps a full turn inside the box (sub-box 5,6,0)
    reach: arm (1,1) 0.6-2.1 deg [selfoff foot 0]  grid 1.00-1.67, enclosure 1.00-1.67 deg
    reach: arm (1,-1) 16.6-18.1 deg [cross a1 foot 0 at r1]  grid 17.00-17.67, enclosure 17.00-17.67 deg
    reach: arm (2,1) 4.6-8.7 deg [selfoff foot 0]  grid 5.00-8.33, enclosure 5.00-8.33 deg
    reach: arm (2,-1) grid 0.00-2.33, enclosure - deg  REFUSED: arm (2,-1): the stopping event's angle wraps a full turn inside the box (sub-box 4,6,0)
cell 311 (depth 9, victim half-widths 0.125/0.125/0.125u): refused -- reach envelope: arm (0,-1): the stopping event's angle wraps a full turn inside the box (sub-box 5,6,0); arm (2,-1): the stopping event's angle wraps a full tur
cell 312 (depth 9, victim half-widths 0.125/0.125/0.125u): centre [37.6039,-3.2612,1.8896,51.0537,10.1342,-0.8969]
    reach: arm (0,1) 18.3-20.1 deg [cross a1 foot 1 at r1]  grid 18.67-19.67, enclosure 18.67-19.67 deg
    reach: arm (0,-1) grid 0.00-0.00, enclosure - deg  REFUSED: arm (0,-1): the stopping event's angle wraps a full turn inside the box (sub-box 0,0,0)
    reach: arm (1,1) 0.9-2.4 deg [selfoff foot 0]  grid 1.33-2.00, enclosure 1.33-2.00 deg
    reach: arm (1,-1) 16.3-17.7 deg [cross a1 foot 0 at r1]  grid 16.67-17.33, enclosure 16.67-17.33 deg
    reach: arm (2,1) 5.9-9.7 deg [selfoff foot 0]  grid 6.33-9.33, enclosure 6.33-9.33 deg
    reach: arm (2,-1) grid 0.00-0.33, enclosure - deg  REFUSED: arm (2,-1): the stopping event's angle wraps a full turn inside the box (sub-box 0,0,0)
cell 312 (depth 9, victim half-widths 0.125/0.125/0.125u): refused -- reach envelope: arm (0,-1): the stopping event's angle wraps a full turn inside the box (sub-box 0,0,0); arm (2,-1): the stopping event's angle wraps a full tur
cell 313 (depth 9, victim half-widths 0.125/0.125/0.125u): centre [37.6039,-3.2612,1.8896,51.0537,10.1342,-0.8861]
    reach: arm (0,1) 18.3-19.7 deg [cross a1 foot 1 at r1]  grid 18.67-19.33, enclosure 18.67-19.33 deg
    reach: arm (0,-1) grid 0.00-0.00, enclosure - deg  REFUSED: arm (0,-1): the stopping event's angle wraps a full turn inside the box (sub-box 1,6,0)
    reach: arm (1,1) 0.6-2.1 deg [selfoff foot 0]  grid 1.00-1.67, enclosure 1.00-1.67 deg
    reach: arm (1,-1) 16.6-18.1 deg [cross a1 foot 0 at r1]  grid 17.00-17.67, enclosure 17.00-17.67 deg
    reach: arm (2,1) 4.6-8.7 deg [selfoff foot 0]  grid 5.00-8.33, enclosure 5.00-8.33 deg
    reach: arm (2,-1) grid 0.00-1.33, enclosure - deg  REFUSED: arm (2,-1): the stopping event's angle wraps a full turn inside the box (sub-box 0,6,0)
cell 313 (depth 9, victim half-widths 0.125/0.125/0.125u): refused -- reach envelope: arm (0,-1): the stopping event's angle wraps a full turn inside the box (sub-box 1,6,0); arm (2,-1): the stopping event's angle wraps a full tur
cell 314 (depth 9, victim half-widths 0.125/0.125/0.125u): centre [37.6039,-3.2612,1.8896,51.0537,10.3842,-0.8969]
cell 314 (depth 9, victim half-widths 0.125/0.125/0.125u): offboard -- every grid pose has a victim foot over the rim at the start
cell 315 (depth 9, victim half-widths 0.125/0.125/0.125u): centre [37.6039,-3.2612,1.8896,51.0537,10.3842,-0.8861]
    reach: arm (0,1) 18.3-20.1 deg [cross a1 foot 1 at r1]  grid 18.67-19.67, enclosure 18.67-19.67 deg
    reach: arm (0,-1) grid 0.00-0.00, enclosure - deg  REFUSED: arm (0,-1): the stopping event's angle wraps a full turn inside the box (sub-box 0,0,0)
    reach: arm (1,1) 0.6-2.4 deg [selfoff foot 0]  grid 1.00-2.00, enclosure 1.00-2.00 deg
    reach: arm (1,-1) 16.3-18.1 deg [cross a1 foot 0 at r1]  grid 16.67-17.67, enclosure 16.67-17.67 deg
    reach: arm (2,1) 4.9-8.7 deg [selfoff foot 0]  grid 5.33-8.33, enclosure 5.33-8.33 deg
    reach: arm (2,-1) grid 0.00-0.67, enclosure - deg  REFUSED: arm (2,-1): the stopping event's angle wraps a full turn inside the box (sub-box 0,0,0)
cell 315 (depth 9, victim half-widths 0.125/0.125/0.125u): refused -- reach envelope: arm (0,-1): the stopping event's angle wraps a full turn inside the box (sub-box 0,0,0); arm (2,-1): the stopping event's angle wraps a full tur
cell 316 (depth 9, victim half-widths 0.125/0.125/0.125u): centre [37.6039,-3.2612,1.8896,51.0537,10.1342,-0.8752]
    reach: arm (0,1) 17.9-19.4 deg [cross a1 foot 1 at r1]  grid 18.33-19.00, enclosure 18.33-19.00 deg
    reach: arm (0,-1) grid 0.00-0.33, enclosure - deg  REFUSED: arm (0,-1): the stopping event's angle wraps a full turn inside the box (sub-box 7,6,0)
    reach: arm (1,1) 0.3-2.1 deg [selfoff foot 0]  grid 0.67-1.67, enclosure 0.67-1.67 deg
    reach: arm (1,-1) 16.6-18.4 deg [cross a1 foot 0 at r1]  grid 17.00-18.00, enclosure 17.00-18.00 deg
    reach: arm (2,1) 3.6-7.7 deg [selfoff foot 0]  grid 4.00-7.33, enclosure 4.00-7.33 deg
    reach: arm (2,-1) grid 0.00-2.67, enclosure - deg  REFUSED: arm (2,-1): the stopping event's angle wraps a full turn inside the box (sub-box 6,6,0)
cell 316 (depth 9, victim half-widths 0.125/0.125/0.125u): refused -- reach envelope: arm (0,-1): the stopping event's angle wraps a full turn inside the box (sub-box 7,6,0); arm (2,-1): the stopping event's angle wraps a full tur
cell 317 (depth 9, victim half-widths 0.125/0.125/0.125u): centre [37.6039,-3.2612,1.8896,51.0537,10.1342,-0.8644]
    reach: arm (0,1) 17.6-19.4 deg [cross a1 foot 1 at r1]  grid 18.00-19.00, enclosure 18.00-19.00 deg
    reach: arm (0,-1) -0.4-1.1 deg [selfoff foot 1]  grid 0.00-0.67, enclosure 0.00-0.67 deg
    reach: arm (1,1) -0.1-1.7 deg [selfoff foot 0]  grid 0.33-1.33, enclosure 0.33-1.33 deg
    reach: arm (1,-1) 16.9-18.7 deg [cross a1 foot 0 at r1]  grid 17.33-18.33, enclosure 17.33-18.33 deg
    reach: arm (2,1) 2.6-6.7 deg [selfoff foot 0]  grid 3.00-6.33, enclosure 3.00-6.33 deg
    reach: arm (2,-1) -0.4-4.4 deg [selfoff foot 1]  grid 0.00-4.00, enclosure 0.00-4.00 deg
    3/27: [37.604,-3.261,1.89,50.929,10.009,-0.87] dead W=0.95 accept=1.84  (3s)
    6/27: [37.604,-3.261,1.89,50.929,10.259,-0.87] dead W=1.00 accept=2.36  (4s)
    9/27: [37.604,-3.261,1.89,51.054,10.009,-0.87] dead W=1.00 accept=2.30  (4s)
    12/27: [37.604,-3.261,1.89,51.054,10.009,-0.864] dead W=0.96 accept=2.20  (5s)
    15/27: [37.604,-3.261,1.89,51.054,10.259,-0.87] dead W=1.07 accept=2.30  (5s)
    18/27: [37.604,-3.261,1.89,51.179,10.009,-0.87] dead W=1.04 accept=1.73  (6s)
    21/27: [37.604,-3.261,1.89,51.179,10.009,-0.859] dead W=0.94 accept=1.59  (7s)
    24/27: [37.604,-3.261,1.89,51.179,10.134,-0.864] dead W=1.02 accept=2.29  (7s)
    27/27: [37.604,-3.261,1.89,51.179,10.259,-0.859] dead W=1.03 accept=1.88  (7s)
    round 1: 24 pairs refused, 24 midpoints to certify (step 0.063u)
    3/24: [37.604,-3.261,1.89,50.991,10.009,-0.859] dead W=0.85 accept=2.20  (8s)
    6/24: [37.604,-3.261,1.89,50.991,10.259,-0.864] dead W=0.97 accept=1.85  (9s)
    9/24: [37.604,-3.261,1.89,51.054,10.009,-0.867] dead W=1.01 accept=2.17  (10s)
    12/24: [37.604,-3.261,1.89,51.116,10.009,-0.864] dead W=0.98 accept=2.23  (10s)
    15/24: [37.604,-3.261,1.89,51.054,10.134,-0.862] dead W=0.96 accept=2.40  (11s)
    18/24: [37.604,-3.261,1.89,51.054,10.259,-0.862] dead W=0.99 accept=2.34  (11s)
    21/24: [37.604,-3.261,1.89,51.179,10.009,-0.862] dead W=0.99 accept=2.33  (12s)
    24/24: [37.604,-3.261,1.89,51.179,10.259,-0.867] dead W=1.14 accept=2.30  (12s)
cell 317 (depth 9, victim half-widths 0.125/0.125/0.125u): dead (51 poses, 2754 gaps, 0 slivers, 27 probed gaps, min accepted 0.03u)
cell 318 (depth 9, victim half-widths 0.125/0.125/0.125u): centre [37.6039,-3.2612,1.8896,51.0537,10.3842,-0.8752]
    reach: arm (0,1) 17.9-19.7 deg [cross a1 foot 1 at r1]  grid 18.33-19.33, enclosure 18.33-19.33 deg
    reach: arm (0,-1) grid 0.00-0.33, enclosure - deg  REFUSED: arm (0,-1): the stopping event's angle wraps a full turn inside the box (sub-box 2,7,0)
    reach: arm (1,1) 0.3-2.1 deg [selfoff foot 0]  grid 0.67-1.67, enclosure 0.67-1.67 deg
    reach: arm (1,-1) 16.6-18.4 deg [cross a1 foot 0 at r1]  grid 17.00-18.00, enclosure 17.00-18.00 deg
    reach: arm (2,1) 3.9-7.7 deg [selfoff foot 0]  grid 4.33-7.33, enclosure 4.33-7.33 deg
    reach: arm (2,-1) grid 0.00-1.67, enclosure - deg  REFUSED: arm (2,-1): the stopping event's angle wraps a full turn inside the box (sub-box 1,7,0)
cell 318 (depth 9, victim half-widths 0.125/0.125/0.125u): refused -- reach envelope: arm (0,-1): the stopping event's angle wraps a full turn inside the box (sub-box 2,7,0); arm (2,-1): the stopping event's angle wraps a full tur
cell 319 (depth 9, victim half-widths 0.125/0.125/0.125u): centre [37.6039,-3.2612,1.8896,51.0537,10.3842,-0.8644]
    reach: arm (0,1) 17.9-19.4 deg [cross a1 foot 1 at r1]  grid 18.33-19.00, enclosure 18.33-19.00 deg
    reach: arm (0,-1) -0.4-1.1 deg [selfoff foot 1]  grid 0.00-0.67, enclosure 0.00-0.67 deg
    reach: arm (1,1) 0.3-1.7 deg [selfoff foot 0]  grid 0.67-1.33, enclosure 0.67-1.33 deg
    reach: arm (1,-1) 16.9-18.4 deg [cross a1 foot 0 at r1]  grid 17.33-18.00, enclosure 17.33-18.00 deg
    reach: arm (2,1) 2.9-6.7 deg [selfoff foot 0]  grid 3.33-6.33, enclosure 3.33-6.33 deg
    reach: arm (2,-1) grid 0.00-3.00, enclosure - deg  REFUSED: arm (2,-1): the stopping event's angle wraps a full turn inside the box (sub-box 7,7,0)
cell 319 (depth 9, victim half-widths 0.125/0.125/0.125u): refused -- reach envelope: arm (2,-1): the stopping event's angle wraps a full turn inside the box (sub-box 7,7,0)
cell 320 (depth 9, victim half-widths 0.125/0.125/0.125u): centre [37.6039,-3.2612,1.8896,51.0537,10.6342,-0.8752]
    reach: arm (0,1) 18.3-20.1 deg [cross a1 foot 1 at r1]  grid 18.67-19.67, enclosure 18.67-19.67 deg
    reach: arm (0,-1) grid 0.00-0.00, enclosure - deg  REFUSED: arm (0,-1): the stopping event's angle wraps a full turn inside the box (sub-box 0,3,0)
    reach: arm (1,1) 0.3-2.1 deg [selfoff foot 0]  grid 0.67-1.67, enclosure 0.67-1.67 deg
    reach: arm (1,-1) 16.6-18.4 deg [cross a1 foot 0 at r1]  grid 17.00-18.00, enclosure 17.00-18.00 deg
    reach: arm (2,1) 3.9-7.7 deg [selfoff foot 0]  grid 4.33-7.33, enclosure 4.33-7.33 deg
    reach: arm (2,-1) grid 0.00-1.00, enclosure - deg  REFUSED: arm (2,-1): the stopping event's angle wraps a full turn inside the box (sub-box 0,1,0)
cell 320 (depth 9, victim half-widths 0.125/0.125/0.125u): refused -- reach envelope: arm (0,-1): the stopping event's angle wraps a full turn inside the box (sub-box 0,3,0); arm (2,-1): the stopping event's angle wraps a full tur
cell 321 (depth 9, victim half-widths 0.125/0.125/0.125u): centre [37.6039,-3.2612,1.8896,51.0537,10.6342,-0.8644]
    reach: arm (0,1) 17.9-19.7 deg [cross a1 foot 1 at r1]  grid 18.33-19.33, enclosure 18.33-19.33 deg
    reach: arm (0,-1) grid 0.00-0.33, enclosure - deg  REFUSED: arm (0,-1): the stopping event's angle wraps a full turn inside the box (sub-box 4,6,0)
    reach: arm (1,1) 0.3-1.7 deg [selfoff foot 0]  grid 0.67-1.33, enclosure 0.67-1.33 deg
    reach: arm (1,-1) 16.9-18.4 deg [cross a1 foot 0 at r1]  grid 17.33-18.00, enclosure 17.33-18.00 deg
    reach: arm (2,1) 2.9-6.7 deg [selfoff foot 0]  grid 3.33-6.33, enclosure 3.33-6.33 deg
    reach: arm (2,-1) grid 0.00-2.00, enclosure - deg  REFUSED: arm (2,-1): the stopping event's angle wraps a full turn inside the box (sub-box 3,6,0)
cell 321 (depth 9, victim half-widths 0.125/0.125/0.125u): refused -- reach envelope: arm (0,-1): the stopping event's angle wraps a full turn inside the box (sub-box 4,6,0); arm (2,-1): the stopping event's angle wraps a full tur
cell 322 (depth 9, victim half-widths 0.125/0.125/0.125u): centre [37.6039,-3.2612,1.8896,51.0537,10.8842,-0.8752]
    reach: arm (0,1) 18.6-20.1 deg [cross a1 foot 1 at r1]  grid 19.00-19.67, enclosure 19.00-19.67 deg
    reach: arm (0,-1) grid 0.00-0.00, enclosure - deg  REFUSED: arm (0,-1): the stopping event's angle wraps a full turn inside the box (sub-box 0,0,0)
    reach: arm (1,1) 0.6-2.1 deg [selfoff foot 0]  grid 1.00-1.67, enclosure 1.00-1.67 deg
    reach: arm (1,-1) 16.6-18.1 deg [cross a1 foot 0 at r1]  grid 17.00-17.67, enclosure 17.00-17.67 deg
    reach: arm (2,1) 3.9-7.7 deg [selfoff foot 0]  grid 4.33-7.33, enclosure 4.33-7.33 deg
    reach: arm (2,-1) grid 0.00-0.00, enclosure - deg  REFUSED: arm (2,-1): the stopping event's angle wraps a full turn inside the box (sub-box 0,0,0)
cell 322 (depth 9, victim half-widths 0.125/0.125/0.125u): refused -- reach envelope: arm (0,-1): the stopping event's angle wraps a full turn inside the box (sub-box 0,0,0); arm (2,-1): the stopping event's angle wraps a full tur
cell 323 (depth 9, victim half-widths 0.125/0.125/0.125u): centre [37.6039,-3.2612,1.8896,51.0537,10.8842,-0.8644]
    reach: arm (0,1) 18.3-19.7 deg [cross a1 foot 1 at r1]  grid 18.67-19.33, enclosure 18.67-19.33 deg
    reach: arm (0,-1) grid 0.00-0.00, enclosure - deg  REFUSED: arm (0,-1): the stopping event's angle wraps a full turn inside the box (sub-box 0,6,0)
    reach: arm (1,1) 0.3-1.7 deg [selfoff foot 0]  grid 0.67-1.33, enclosure 0.67-1.33 deg
    reach: arm (1,-1) 16.9-18.4 deg [cross a1 foot 0 at r1]  grid 17.33-18.00, enclosure 17.33-18.00 deg
    reach: arm (2,1) 2.9-7.1 deg [selfoff foot 0]  grid 3.33-6.67, enclosure 3.33-6.67 deg
    reach: arm (2,-1) grid 0.00-1.33, enclosure - deg  REFUSED: arm (2,-1): the stopping event's angle wraps a full turn inside the box (sub-box 0,4,0)
cell 323 (depth 9, victim half-widths 0.125/0.125/0.125u): refused -- reach envelope: arm (0,-1): the stopping event's angle wraps a full turn inside the box (sub-box 0,6,0); arm (2,-1): the stopping event's angle wraps a full tur
cell 324 (depth 9, victim half-widths 0.125/0.125/0.125u): centre [37.6039,-3.2612,1.8896,51.0537,11.1342,-0.8752]
cell 324 (depth 9, victim half-widths 0.125/0.125/0.125u): offboard -- every grid pose has a victim foot over the rim at the start
cell 325 (depth 9, victim half-widths 0.125/0.125/0.125u): centre [37.6039,-3.2612,1.8896,51.0537,11.1342,-0.8644]
    reach: arm (0,1) 18.3-20.1 deg [cross a1 foot 1 at r1]  grid 18.67-19.67, enclosure 18.67-19.67 deg
    reach: arm (0,-1) grid 0.00-0.00, enclosure - deg  REFUSED: arm (0,-1): the stopping event's angle wraps a full turn inside the box (sub-box 0,0,0)
    reach: arm (1,1) 0.3-1.7 deg [selfoff foot 0]  grid 0.67-1.33, enclosure 0.67-1.33 deg
    reach: arm (1,-1) 16.9-18.4 deg [cross a1 foot 0 at r1]  grid 17.33-18.00, enclosure 17.33-18.00 deg
    reach: arm (2,1) 3.3-7.1 deg [selfoff foot 0]  grid 3.67-6.67, enclosure 3.67-6.67 deg
    reach: arm (2,-1) grid 0.00-0.33, enclosure - deg  REFUSED: arm (2,-1): the stopping event's angle wraps a full turn inside the box (sub-box 0,0,0)
cell 325 (depth 9, victim half-widths 0.125/0.125/0.125u): refused -- reach envelope: arm (0,-1): the stopping event's angle wraps a full turn inside the box (sub-box 0,0,0); arm (2,-1): the stopping event's angle wraps a full tur
cell 326 (depth 9, victim half-widths 0.125/0.125/0.125u): centre [37.6039,-3.2612,1.8896,51.0537,9.6342,-0.8211]
    reach: arm (0,1) 35.6-37.4 deg [cross a1,r1 foot 1 at r0]  grid 36.00-37.00, enclosure 36.00-37.00 deg
    reach: arm (0,-1) 0.9-2.4 deg [selfoff foot 1]  grid 1.33-2.00, enclosure 1.33-2.00 deg
    reach: arm (1,1) grid 0.00-0.00, enclosure - deg  REFUSED: arm (1,1): the stopping event's angle wraps a full turn inside the box (sub-box 3,0,7)
    reach: arm (1,-1) 18.3-19.7 deg [cross a1 foot 0 at r1]  grid 18.67-19.33, enclosure 18.67-19.33 deg
    reach: arm (2,1) grid 0.00-1.33, enclosure - deg  REFUSED: arm (2,1): the stopping event's angle wraps a full turn inside the box (sub-box 2,0,7)
    reach: arm (2,-1) 5.6-10.1 deg [selfoff foot 1]  grid 6.00-9.67, enclosure 6.00-9.67 deg
cell 326 (depth 9, victim half-widths 0.125/0.125/0.125u): refused -- reach envelope: arm (1,1): the stopping event's angle wraps a full turn inside the box (sub-box 3,0,7); arm (2,1): the stopping event's angle wraps a full turn 
cell 327 (depth 9, victim half-widths 0.125/0.125/0.125u): centre [37.6039,-3.2612,1.8896,51.0537,9.8842,-0.8211]
    reach: arm (0,1) 35.9-37.4 deg [cross a1,r1 foot 1 at r0]  grid 36.33-37.00, enclosure 36.33-37.00 deg
    reach: arm (0,-1) 0.6-2.4 deg [selfoff foot 1]  grid 1.00-2.00, enclosure 1.00-2.00 deg
    reach: arm (1,1) grid 0.00-0.33, enclosure - deg  REFUSED: arm (1,1): the stopping event's angle wraps a full turn inside the box (sub-box 4,0,7)
    reach: arm (1,-1) 18.3-19.7 deg [cross a1 foot 0 at r1]  grid 18.67-19.33, enclosure 18.67-19.33 deg
    reach: arm (2,1) grid 0.00-1.67, enclosure - deg  REFUSED: arm (2,1): the stopping event's angle wraps a full turn inside the box (sub-box 3,0,6)
    reach: arm (2,-1) 4.9-9.4 deg [selfoff foot 1]  grid 5.33-9.00, enclosure 5.33-9.00 deg
cell 327 (depth 9, victim half-widths 0.125/0.125/0.125u): refused -- reach envelope: arm (1,1): the stopping event's angle wraps a full turn inside the box (sub-box 4,0,7); arm (2,1): the stopping event's angle wraps a full turn 
cell 328 (depth 9, victim half-widths 0.125/0.125/0.125u): centre [37.6039,-3.2612,1.8896,51.0537,10.1342,-0.8211]
    reach: arm (0,1) 35.9-37.7 deg [cross a1,r1 foot 1 at r0]  grid 36.33-37.33, enclosure 36.33-37.33 deg
    reach: arm (0,-1) 0.6-2.1 deg [selfoff foot 1]  grid 1.00-1.67, enclosure 1.00-1.67 deg
    reach: arm (1,1) grid 0.00-0.33, enclosure - deg  REFUSED: arm (1,1): the stopping event's angle wraps a full turn inside the box (sub-box 5,0,6)
    reach: arm (1,-1) 17.9-19.7 deg [cross a1 foot 0 at r1]  grid 18.33-19.33, enclosure 18.33-19.33 deg
    reach: arm (2,1) grid 0.00-1.67, enclosure - deg  REFUSED: arm (2,1): the stopping event's angle wraps a full turn inside the box (sub-box 4,0,6)
    reach: arm (2,-1) 4.3-8.4 deg [selfoff foot 1]  grid 4.67-8.00, enclosure 4.67-8.00 deg
cell 328 (depth 9, victim half-widths 0.125/0.125/0.125u): refused -- reach envelope: arm (1,1): the stopping event's angle wraps a full turn inside the box (sub-box 5,0,6); arm (2,1): the stopping event's angle wraps a full turn 
cell 329 (depth 9, victim half-widths 0.125/0.125/0.125u): centre [37.6039,-3.2612,1.8896,51.0537,10.3842,-0.8211]
    reach: arm (0,1) 36.3-37.7 deg [cross a1,r1 foot 1 at r0]  grid 36.67-37.33, enclosure 36.67-37.33 deg
    reach: arm (0,-1) 0.3-2.1 deg [selfoff foot 1]  grid 0.67-1.67, enclosure 0.67-1.67 deg
    reach: arm (1,1) grid 0.00-0.33, enclosure - deg  REFUSED: arm (1,1): the stopping event's angle wraps a full turn inside the box (sub-box 6,0,6)
    reach: arm (1,-1) 17.9-19.7 deg [cross a1 foot 0 at r1]  grid 18.33-19.33, enclosure 18.33-19.33 deg
    reach: arm (2,1) grid 0.00-2.00, enclosure - deg  REFUSED: arm (2,1): the stopping event's angle wraps a full turn inside the box (sub-box 4,0,7)
    reach: arm (2,-1) 3.3-7.7 deg [selfoff foot 1]  grid 3.67-7.33, enclosure 3.67-7.33 deg
cell 329 (depth 9, victim half-widths 0.125/0.125/0.125u): refused -- reach envelope: arm (1,1): the stopping event's angle wraps a full turn inside the box (sub-box 6,0,6); arm (2,1): the stopping event's angle wraps a full turn 
cell 330 (depth 9, victim half-widths 0.125/0.125/0.125u): centre [37.6039,-3.2612,1.8896,51.0537,10.6342,-0.8211]
    reach: arm (0,1) 36.3-38.1 deg [cross a1,r1 foot 1 at r0]  grid 36.67-37.67, enclosure 36.67-37.67 deg
    reach: arm (0,-1) -0.1-1.7 deg [selfoff foot 1]  grid 0.33-1.33, enclosure 0.33-1.33 deg
    reach: arm (1,1) grid 0.00-0.33, enclosure - deg  REFUSED: arm (1,1): the stopping event's angle wraps a full turn inside the box (sub-box 6,0,7)
    reach: arm (1,-1) 17.9-19.7 deg [cross a1 foot 0 at r1]  grid 18.33-19.33, enclosure 18.33-19.33 deg
    reach: arm (2,1) grid 0.00-2.00, enclosure - deg  REFUSED: arm (2,1): the stopping event's angle wraps a full turn inside the box (sub-box 5,0,7)
    reach: arm (2,-1) 2.6-6.7 deg [selfoff foot 1]  grid 3.00-6.33, enclosure 3.00-6.33 deg
cell 330 (depth 9, victim half-widths 0.125/0.125/0.125u): refused -- reach envelope: arm (1,1): the stopping event's angle wraps a full turn inside the box (sub-box 6,0,7); arm (2,1): the stopping event's angle wraps a full turn 
cell 331 (depth 9, victim half-widths 0.125/0.125/0.125u): centre [37.6039,-3.2612,1.8896,51.0537,10.8842,-0.8211]
    reach: arm (0,1) 36.6-38.4 deg [cross a1,r1 foot 1 at r0]  grid 37.00-38.00, enclosure 37.00-38.00 deg
    reach: arm (0,-1) -0.1-1.7 deg [selfoff foot 1]  grid 0.33-1.33, enclosure 0.33-1.33 deg
    reach: arm (1,1) grid 0.00-0.33, enclosure - deg  REFUSED: arm (1,1): the stopping event's angle wraps a full turn inside the box (sub-box 7,0,7)
    reach: arm (1,-1) 17.9-19.4 deg [cross a1 foot 0 at r1]  grid 18.33-19.00, enclosure 18.33-19.00 deg
    reach: arm (2,1) grid 0.00-2.00, enclosure - deg  REFUSED: arm (2,1): the stopping event's angle wraps a full turn inside the box (sub-box 6,0,7)
    reach: arm (2,-1) 1.6-6.1 deg [selfoff foot 1]  grid 2.00-5.67, enclosure 2.00-5.67 deg
cell 331 (depth 9, victim half-widths 0.125/0.125/0.125u): refused -- reach envelope: arm (1,1): the stopping event's angle wraps a full turn inside the box (sub-box 7,0,7); arm (2,1): the stopping event's angle wraps a full turn 
cell 332 (depth 9, victim half-widths 0.125/0.125/0.125u): centre [37.6039,-3.2612,1.8896,51.0537,11.1342,-0.8211]
    reach: arm (0,1) 36.9-38.4 deg [cross a1,r1 foot 1 at r0]  grid 37.33-38.00, enclosure 37.33-38.00 deg
    reach: arm (0,-1) -0.4-1.4 deg [selfoff foot 1]  grid 0.00-1.00, enclosure 0.00-1.00 deg
    reach: arm (1,1) -0.4-0.7 deg [selfoff foot 0]  grid 0.00-0.33, enclosure 0.00-0.33 deg
    reach: arm (1,-1) 17.9-19.4 deg [cross a1 foot 0 at r1]  grid 18.33-19.00, enclosure 18.33-19.00 deg
    reach: arm (2,1) grid 0.00-2.33, enclosure - deg  REFUSED: arm (2,1): the stopping event's angle wraps a full turn inside the box (sub-box 7,0,6)
    reach: arm (2,-1) 0.9-5.4 deg [selfoff foot 1]  grid 1.33-5.00, enclosure 1.33-5.00 deg
cell 332 (depth 9, victim half-widths 0.125/0.125/0.125u): refused -- reach envelope: arm (2,1): the stopping event's angle wraps a full turn inside the box (sub-box 7,0,6)
cell 333 (depth 9, victim half-widths 0.125/0.125/0.125u): centre [37.6039,-3.2612,1.8896,51.0537,11.3842,-0.8211]
    reach: arm (0,1) 36.9-38.7 deg [cross a1,r1 foot 1 at r0]  grid 37.33-38.33, enclosure 37.33-38.33 deg
    reach: arm (0,-1) -0.4-1.1 deg [selfoff foot 1]  grid 0.00-0.67, enclosure 0.00-0.67 deg
    reach: arm (1,1) -0.4-0.7 deg [selfoff foot 0]  grid 0.00-0.33, enclosure 0.00-0.33 deg
    reach: arm (1,-1) 17.9-19.4 deg [cross a1 foot 0 at r1]  grid 18.33-19.00, enclosure 18.33-19.00 deg
    reach: arm (2,1) grid 0.00-2.33, enclosure - deg  REFUSED: arm (2,1): the stopping event's angle wraps a full turn inside the box (sub-box 7,0,7)
    reach: arm (2,-1) -0.1-4.4 deg [selfoff foot 1]  grid 0.33-4.00, enclosure 0.33-4.00 deg
cell 333 (depth 9, victim half-widths 0.125/0.125/0.125u): refused -- reach envelope: arm (2,1): the stopping event's angle wraps a full turn inside the box (sub-box 7,0,7)
cell 334 (depth 9, victim half-widths 0.125/0.125/0.125u): centre [37.6039,-3.2612,1.8896,51.3037,9.6342,-0.8319]
    reach: arm (0,1) 36.3-38.1 deg [cross a1,r1 foot 1 at r0]  grid 36.67-37.67, enclosure 36.67-37.67 deg
    reach: arm (0,-1) 0.3-1.7 deg [selfoff foot 1]  grid 0.67-1.33, enclosure 0.67-1.33 deg
    reach: arm (1,1) grid 0.00-0.00, enclosure - deg  REFUSED: arm (1,1): the stopping event's angle wraps a full turn inside the box (sub-box 0,0,7)
    reach: arm (1,-1) 18.3-19.7 deg [cross a1 foot 0 at r1]  grid 18.67-19.33, enclosure 18.67-19.33 deg
    reach: arm (2,1) grid 0.00-0.67, enclosure - deg  REFUSED: arm (2,1): the stopping event's angle wraps a full turn inside the box (sub-box 0,0,6)
    reach: arm (2,-1) 2.9-7.4 deg [selfoff foot 1]  grid 3.33-7.00, enclosure 3.33-7.00 deg
cell 334 (depth 9, victim half-widths 0.125/0.125/0.125u): refused -- reach envelope: arm (1,1): the stopping event's angle wraps a full turn inside the box (sub-box 0,0,7); arm (2,1): the stopping event's angle wraps a full turn 
cell 335 (depth 9, victim half-widths 0.125/0.125/0.125u): centre [37.6039,-3.2612,1.8896,51.3037,9.6342,-0.8211]
cell 335 (depth 9, victim half-widths 0.125/0.125/0.125u): offboard -- every grid pose has a victim foot over the rim at the start
cell 336 (depth 9, victim half-widths 0.125/0.125/0.125u): centre [37.6039,-3.2612,1.8896,51.3037,9.8842,-0.8319]
    reach: arm (0,1) 36.6-38.1 deg [cross a1,r1 foot 1 at r0]  grid 37.00-37.67, enclosure 37.00-37.67 deg
    reach: arm (0,-1) -0.1-1.7 deg [selfoff foot 1]  grid 0.33-1.33, enclosure 0.33-1.33 deg
    reach: arm (1,1) grid 0.00-0.00, enclosure - deg  REFUSED: arm (1,1): the stopping event's angle wraps a full turn inside the box (sub-box 1,0,7)
    reach: arm (1,-1) 18.3-19.7 deg [cross a1 foot 0 at r1]  grid 18.67-19.33, enclosure 18.67-19.33 deg
    reach: arm (2,1) grid 0.00-1.00, enclosure - deg  REFUSED: arm (2,1): the stopping event's angle wraps a full turn inside the box (sub-box 0,0,7)
    reach: arm (2,-1) 2.3-6.7 deg [selfoff foot 1]  grid 2.67-6.33, enclosure 2.67-6.33 deg
cell 336 (depth 9, victim half-widths 0.125/0.125/0.125u): refused -- reach envelope: arm (1,1): the stopping event's angle wraps a full turn inside the box (sub-box 1,0,7); arm (2,1): the stopping event's angle wraps a full turn 
cell 337 (depth 9, victim half-widths 0.125/0.125/0.125u): centre [37.6039,-3.2612,1.8896,51.3037,9.8842,-0.8211]
cell 337 (depth 9, victim half-widths 0.125/0.125/0.125u): offboard -- every grid pose has a victim foot over the rim at the start
cell 338 (depth 9, victim half-widths 0.125/0.125/0.125u): centre [37.6039,-3.2612,1.8896,51.3037,10.1342,-0.8319]
    reach: arm (0,1) 36.6-38.4 deg [cross a1,r1 foot 1 at r0]  grid 37.00-38.00, enclosure 37.00-38.00 deg
    reach: arm (0,-1) -0.1-1.4 deg [selfoff foot 1]  grid 0.33-1.00, enclosure 0.33-1.00 deg
    reach: arm (1,1) grid 0.00-0.00, enclosure - deg  REFUSED: arm (1,1): the stopping event's angle wraps a full turn inside the box (sub-box 2,0,7)
    reach: arm (1,-1) 18.3-19.7 deg [cross a1 foot 0 at r1]  grid 18.67-19.33, enclosure 18.67-19.33 deg
    reach: arm (2,1) grid 0.00-1.00, enclosure - deg  REFUSED: arm (2,1): the stopping event's angle wraps a full turn inside the box (sub-box 1,0,7)
    reach: arm (2,-1) 1.6-5.7 deg [selfoff foot 1]  grid 2.00-5.33, enclosure 2.00-5.33 deg
cell 338 (depth 9, victim half-widths 0.125/0.125/0.125u): refused -- reach envelope: arm (1,1): the stopping event's angle wraps a full turn inside the box (sub-box 2,0,7); arm (2,1): the stopping event's angle wraps a full turn 
cell 339 (depth 9, victim half-widths 0.125/0.125/0.125u): centre [37.6039,-3.2612,1.8896,51.3037,10.1342,-0.8211]
    reach: arm (0,1) 36.3-38.1 deg [cross a1,r1 foot 1 at r0]  grid 36.67-37.67, enclosure 36.67-37.67 deg
    reach: arm (0,-1) 0.3-1.7 deg [selfoff foot 1]  grid 0.67-1.33, enclosure 0.67-1.33 deg
    reach: arm (1,1) grid 0.00-0.00, enclosure - deg  REFUSED: arm (1,1): the stopping event's angle wraps a full turn inside the box (sub-box 0,0,2)
    reach: arm (1,-1) 18.3-20.1 deg [cross a1 foot 0 at r1]  grid 18.67-19.67, enclosure 18.67-19.67 deg
    reach: arm (2,1) grid 0.00-0.00, enclosure - deg  REFUSED: arm (2,1): the stopping event's angle wraps a full turn inside the box (sub-box 0,0,0)
    reach: arm (2,-1) 2.6-6.7 deg [selfoff foot 1]  grid 3.00-6.33, enclosure 3.00-6.33 deg
cell 339 (depth 9, victim half-widths 0.125/0.125/0.125u): refused -- reach envelope: arm (1,1): the stopping event's angle wraps a full turn inside the box (sub-box 0,0,2); arm (2,1): the stopping event's angle wraps a full turn 
cell 340 (depth 9, victim half-widths 0.125/0.125/0.125u): centre [37.6039,-3.2612,1.8896,51.3037,10.3842,-0.8319]
    reach: arm (0,1) 36.9-38.4 deg [cross a1,r1 foot 1 at r0]  grid 37.33-38.00, enclosure 37.33-38.00 deg
    reach: arm (0,-1) -0.4-1.4 deg [selfoff foot 1]  grid 0.00-1.00, enclosure 0.00-1.00 deg
    reach: arm (1,1) grid 0.00-0.00, enclosure - deg  REFUSED: arm (1,1): the stopping event's angle wraps a full turn inside the box (sub-box 3,0,7)
    reach: arm (1,-1) 18.3-19.7 deg [cross a1 foot 0 at r1]  grid 18.67-19.33, enclosure 18.67-19.33 deg
    reach: arm (2,1) grid 0.00-1.33, enclosure - deg  REFUSED: arm (2,1): the stopping event's angle wraps a full turn inside the box (sub-box 2,0,6)
    reach: arm (2,-1) 0.6-5.1 deg [selfoff foot 1]  grid 1.00-4.67, enclosure 1.00-4.67 deg
cell 340 (depth 9, victim half-widths 0.125/0.125/0.125u): refused -- reach envelope: arm (1,1): the stopping event's angle wraps a full turn inside the box (sub-box 3,0,7); arm (2,1): the stopping event's angle wraps a full turn 
cell 341 (depth 9, victim half-widths 0.125/0.125/0.125u): centre [37.6039,-3.2612,1.8896,51.3037,10.3842,-0.8211]
    reach: arm (0,1) 36.6-38.4 deg [cross a1,r1 foot 1 at r0]  grid 37.00-38.00, enclosure 37.00-38.00 deg
    reach: arm (0,-1) -0.1-1.7 deg [selfoff foot 1]  grid 0.33-1.33, enclosure 0.33-1.33 deg
    reach: arm (1,1) grid 0.00-0.00, enclosure - deg  REFUSED: arm (1,1): the stopping event's angle wraps a full turn inside the box (sub-box 0,0,3)
    reach: arm (1,-1) 18.3-20.1 deg [cross a1 foot 0 at r1]  grid 18.67-19.67, enclosure 18.67-19.67 deg
    reach: arm (2,1) grid 0.00-0.00, enclosure - deg  REFUSED: arm (2,1): the stopping event's angle wraps a full turn inside the box (sub-box 0,0,1)
    reach: arm (2,-1) 1.9-6.1 deg [selfoff foot 1]  grid 2.33-5.67, enclosure 2.33-5.67 deg
cell 341 (depth 9, victim half-widths 0.125/0.125/0.125u): refused -- reach envelope: arm (1,1): the stopping event's angle wraps a full turn inside the box (sub-box 0,0,3); arm (2,1): the stopping event's angle wraps a full turn 
cell 342 (depth 9, victim half-widths 0.125/0.125/0.125u): centre [37.6039,-3.2612,1.8896,51.3037,10.6342,-0.8319]
    reach: arm (0,1) 36.9-38.7 deg [cross a1,r1 foot 1 at r0]  grid 37.33-38.33, enclosure 37.33-38.33 deg
    reach: arm (0,-1) -0.4-1.1 deg [selfoff foot 1]  grid 0.00-0.67, enclosure 0.00-0.67 deg
    reach: arm (1,1) grid 0.00-0.00, enclosure - deg  REFUSED: arm (1,1): the stopping event's angle wraps a full turn inside the box (sub-box 4,0,6)
    reach: arm (1,-1) 17.9-19.7 deg [cross a1 foot 0 at r1]  grid 18.33-19.33, enclosure 18.33-19.33 deg
    reach: arm (2,1) grid 0.00-1.33, enclosure - deg  REFUSED: arm (2,1): the stopping event's angle wraps a full turn inside the box (sub-box 3,0,6)
    reach: arm (2,-1) -0.1-4.1 deg [selfoff foot 1]  grid 0.33-3.67, enclosure 0.33-3.67 deg
cell 342 (depth 9, victim half-widths 0.125/0.125/0.125u): refused -- reach envelope: arm (1,1): the stopping event's angle wraps a full turn inside the box (sub-box 4,0,6); arm (2,1): the stopping event's angle wraps a full turn 
cell 343 (depth 9, victim half-widths 0.125/0.125/0.125u): centre [37.6039,-3.2612,1.8896,51.3037,10.6342,-0.8211]
    reach: arm (0,1) 36.6-38.4 deg [cross a1,r1 foot 1 at r0]  grid 37.00-38.00, enclosure 37.00-38.00 deg
    reach: arm (0,-1) -0.4-1.4 deg [selfoff foot 1]  grid 0.00-1.00, enclosure 0.00-1.00 deg
    reach: arm (1,1) grid 0.00-0.00, enclosure - deg  REFUSED: arm (1,1): the stopping event's angle wraps a full turn inside the box (sub-box 0,0,4)
    reach: arm (1,-1) 18.3-20.1 deg [cross a1 foot 0 at r1]  grid 18.67-19.67, enclosure 18.67-19.67 deg
    reach: arm (2,1) grid 0.00-0.33, enclosure - deg  REFUSED: arm (2,1): the stopping event's angle wraps a full turn inside the box (sub-box 0,0,3)
    reach: arm (2,-1) 0.9-5.4 deg [selfoff foot 1]  grid 1.33-5.00, enclosure 1.33-5.00 deg
cell 343 (depth 9, victim half-widths 0.125/0.125/0.125u): refused -- reach envelope: arm (1,1): the stopping event's angle wraps a full turn inside the box (sub-box 0,0,4); arm (2,1): the stopping event's angle wraps a full turn 
cell 344 (depth 9, victim half-widths 0.125/0.125/0.125u): centre [37.6039,-3.2612,1.8896,51.3037,10.8842,-0.8319]
    reach: arm (0,1) 37.3-38.7 deg [cross a1,r1 foot 1 at r0]  grid 37.67-38.33, enclosure 37.67-38.33 deg
    reach: arm (0,-1) -0.4-1.1 deg [selfoff foot 1]  grid 0.00-0.67, enclosure 0.00-0.67 deg
    reach: arm (1,1) grid 0.00-0.33, enclosure - deg  REFUSED: arm (1,1): the stopping event's angle wraps a full turn inside the box (sub-box 4,0,7)
    reach: arm (1,-1) 17.9-19.7 deg [cross a1 foot 0 at r1]  grid 18.33-19.33, enclosure 18.33-19.33 deg
    reach: arm (2,1) grid 0.00-1.33, enclosure - deg  REFUSED: arm (2,1): the stopping event's angle wraps a full turn inside the box (sub-box 3,0,7)
    reach: arm (2,-1) -0.4-3.4 deg [selfoff foot 1]  grid 0.00-3.00, enclosure 0.00-3.00 deg
cell 344 (depth 9, victim half-widths 0.125/0.125/0.125u): refused -- reach envelope: arm (1,1): the stopping event's angle wraps a full turn inside the box (sub-box 4,0,7); arm (2,1): the stopping event's angle wraps a full turn 
cell 345 (depth 9, victim half-widths 0.125/0.125/0.125u): centre [37.6039,-3.2612,1.8896,51.3037,10.8842,-0.8211]
    reach: arm (0,1) 36.9-38.7 deg [cross a1,r1 foot 1 at r0]  grid 37.33-38.33, enclosure 37.33-38.33 deg
    reach: arm (0,-1) -0.4-1.4 deg [selfoff foot 1]  grid 0.00-1.00, enclosure 0.00-1.00 deg
    reach: arm (1,1) grid 0.00-0.00, enclosure - deg  REFUSED: arm (1,1): the stopping event's angle wraps a full turn inside the box (sub-box 0,0,5)
    reach: arm (1,-1) 18.3-19.7 deg [cross a1 foot 0 at r1]  grid 18.67-19.33, enclosure 18.67-19.33 deg
    reach: arm (2,1) grid 0.00-0.33, enclosure - deg  REFUSED: arm (2,1): the stopping event's angle wraps a full turn inside the box (sub-box 0,0,4)
    reach: arm (2,-1) 0.3-4.4 deg [selfoff foot 1]  grid 0.67-4.00, enclosure 0.67-4.00 deg
cell 345 (depth 9, victim half-widths 0.125/0.125/0.125u): refused -- reach envelope: arm (1,1): the stopping event's angle wraps a full turn inside the box (sub-box 0,0,5); arm (2,1): the stopping event's angle wraps a full turn 
cell 346 (depth 9, victim half-widths 0.125/0.125/0.125u): centre [37.6039,-3.2612,1.8896,51.3037,11.1342,-0.8319]
    reach: arm (0,1) 37.3-39.1 deg [cross a1,r1 foot 1 at r0]  grid 37.67-38.67, enclosure 37.67-38.67 deg
    reach: arm (0,-1) grid 0.00-0.33, enclosure - deg  REFUSED: arm (0,-1): the stopping event's angle wraps a full turn inside the box (sub-box 5,7,0)
    reach: arm (1,1) grid 0.00-0.33, enclosure - deg  REFUSED: arm (1,1): the stopping event's angle wraps a full turn inside the box (sub-box 5,0,7)
    reach: arm (1,-1) 17.9-19.7 deg [cross a1 foot 0 at r1]  grid 18.33-19.33, enclosure 18.33-19.33 deg
    reach: arm (2,1) grid 0.00-1.67, enclosure - deg  REFUSED: arm (2,1): the stopping event's angle wraps a full turn inside the box (sub-box 4,0,7)
    reach: arm (2,-1) grid 0.00-2.00, enclosure - deg  REFUSED: arm (2,-1): the stopping event's angle wraps a full turn inside the box (sub-box 4,7,0)
cell 346 (depth 9, victim half-widths 0.125/0.125/0.125u): refused -- reach envelope: arm (0,-1): the stopping event's angle wraps a full turn inside the box (sub-box 5,7,0); arm (1,1): the stopping event's angle wraps a full turn
cell 347 (depth 9, victim half-widths 0.125/0.125/0.125u): centre [37.6039,-3.2612,1.8896,51.3037,11.1342,-0.8211]
    reach: arm (0,1) 37.3-38.7 deg [cross a1,r1 foot 1 at r0]  grid 37.67-38.33, enclosure 37.67-38.33 deg
    reach: arm (0,-1) -0.4-1.1 deg [selfoff foot 1]  grid 0.00-0.67, enclosure 0.00-0.67 deg
    reach: arm (1,1) grid 0.00-0.00, enclosure - deg  REFUSED: arm (1,1): the stopping event's angle wraps a full turn inside the box (sub-box 0,0,7)
    reach: arm (1,-1) 18.3-19.7 deg [cross a1 foot 0 at r1]  grid 18.67-19.33, enclosure 18.67-19.33 deg
    reach: arm (2,1) grid 0.00-0.33, enclosure - deg  REFUSED: arm (2,1): the stopping event's angle wraps a full turn inside the box (sub-box 0,0,5)
    reach: arm (2,-1) -0.4-3.7 deg [selfoff foot 1]  grid 0.00-3.33, enclosure 0.00-3.33 deg
cell 347 (depth 9, victim half-widths 0.125/0.125/0.125u): refused -- reach envelope: arm (1,1): the stopping event's angle wraps a full turn inside the box (sub-box 0,0,7); arm (2,1): the stopping event's angle wraps a full turn 
cell 348 (depth 9, victim half-widths 0.125/0.125/0.125u): centre [37.6039,-3.2612,1.8896,51.3037,11.3842,-0.8319]
    reach: arm (0,1) 37.6-39.1 deg [cross a1,r1 foot 1 at r0]  grid 38.00-38.67, enclosure 38.00-38.67 deg
    reach: arm (0,-1) grid 0.00-0.33, enclosure - deg  REFUSED: arm (0,-1): the stopping event's angle wraps a full turn inside the box (sub-box 1,6,0)
    reach: arm (1,1) grid 0.00-0.33, enclosure - deg  REFUSED: arm (1,1): the stopping event's angle wraps a full turn inside the box (sub-box 6,0,7)
    reach: arm (1,-1) 17.9-19.4 deg [cross a1 foot 0 at r1]  grid 18.33-19.00, enclosure 18.33-19.00 deg
    reach: arm (2,1) grid 0.00-1.67, enclosure - deg  REFUSED: arm (2,1): the stopping event's angle wraps a full turn inside the box (sub-box 5,0,6)
    reach: arm (2,-1) grid 0.00-1.33, enclosure - deg  REFUSED: arm (2,-1): the stopping event's angle wraps a full turn inside the box (sub-box 0,6,0)
cell 348 (depth 9, victim half-widths 0.125/0.125/0.125u): refused -- reach envelope: arm (0,-1): the stopping event's angle wraps a full turn inside the box (sub-box 1,6,0); arm (1,1): the stopping event's angle wraps a full turn
cell 349 (depth 9, victim half-widths 0.125/0.125/0.125u): centre [37.6039,-3.2612,1.8896,51.3037,11.3842,-0.8211]
    reach: arm (0,1) 37.3-39.1 deg [cross a1,r1 foot 1 at r0]  grid 37.67-38.67, enclosure 37.67-38.67 deg
    reach: arm (0,-1) grid 0.00-0.33, enclosure - deg  REFUSED: arm (0,-1): the stopping event's angle wraps a full turn inside the box (sub-box 7,6,0)
    reach: arm (1,1) grid 0.00-0.00, enclosure - deg  REFUSED: arm (1,1): the stopping event's angle wraps a full turn inside the box (sub-box 1,0,6)
    reach: arm (1,-1) 18.3-19.7 deg [cross a1 foot 0 at r1]  grid 18.67-19.33, enclosure 18.67-19.33 deg
    reach: arm (2,1) grid 0.00-0.67, enclosure - deg  REFUSED: arm (2,1): the stopping event's angle wraps a full turn inside the box (sub-box 0,0,6)
    reach: arm (2,-1) grid 0.00-2.00, enclosure - deg  REFUSED: arm (2,-1): the stopping event's angle wraps a full turn inside the box (sub-box 6,7,0)
cell 349 (depth 9, victim half-widths 0.125/0.125/0.125u): refused -- reach envelope: arm (0,-1): the stopping event's angle wraps a full turn inside the box (sub-box 7,6,0); arm (1,1): the stopping event's angle wraps a full turn
cells: 13/175 leaves certified, 8% of the box's volume (10% of its on-board part; 82% of the box is on the board, 10 leaves entirely off it)   (19.2 min)
engine on leaf at [37.604,-3.261,1.89,49.554,11.009,-0.881] +-0.13/0.50/0.50u: 40/40 random poses lose every one of 8 random moves
engine on leaf at [37.604,-3.261,1.89,49.554,10.009,-0.891] +-0.13/0.50/0.25u: 40/40 random poses lose every one of 8 random moves
engine on leaf at [37.604,-3.261,1.89,49.554,10.259,-0.87] +-0.13/0.25/0.25u: 40/40 random poses lose every one of 8 random moves
engine on leaf at [37.604,-3.261,1.89,51.054,9.759,-0.87] +-0.13/0.25/0.25u: 40/40 random poses lose every one of 8 random moves
engine on leaf at [37.604,-3.261,1.89,49.554,9.759,-0.875] +-0.13/0.25/0.13u: 40/40 random poses lose every one of 8 random moves
engine on leaf at [37.604,-3.261,1.89,49.554,9.634,-0.864] +-0.13/0.13/0.13u: 40/40 random poses lose every one of 8 random moves
engine on leaf at [37.604,-3.261,1.89,49.554,9.884,-0.864] +-0.13/0.13/0.13u: 40/40 random poses lose every one of 8 random moves
engine on leaf at [37.604,-3.261,1.89,50.304,10.134,-0.864] +-0.13/0.13/0.13u: 40/40 random poses lose every one of 8 random moves
engine on leaf at [37.604,-3.261,1.89,50.304,11.384,-0.843] +-0.13/0.13/0.13u: 40/40 random poses lose every one of 8 random moves
engine on leaf at [37.604,-3.261,1.89,50.804,9.634,-0.864] +-0.13/0.13/0.13u: 40/40 random poses lose every one of 8 random moves
engine on leaf at [37.604,-3.261,1.89,50.804,9.884,-0.864] +-0.13/0.13/0.13u: 40/40 random poses lose every one of 8 random moves
engine on leaf at [37.604,-3.261,1.89,51.054,9.634,-0.886] +-0.13/0.13/0.13u: 40/40 random poses lose every one of 8 random moves
engine on leaf at [37.604,-3.261,1.89,51.054,10.134,-0.864] +-0.13/0.13/0.13u: 40/40 random poses lose every one of 8 random moves
