alpha,blueOver,pushedRed,m0m,x0m,l0m,m0p,x0p,l0p,m1m,x1m,l1m,m1p,x1p,l1p,m2m,x2m,l2m,m2p,x2p,l2p
2,0,0,4.852998756061467,4.852998756061467,46.125000000000064,-2.973049712125416,-2.973049712125416,67.50000000000018,-2.973049712125416,-2.973049712125416,48.37500000000008,-2.840490320164818,-2.840490320164818,18.749999999999996,5.4908934125417375,5.4908934125417375,110.25000000000041,-2.8131574615344874,-2.8131574615344874,3.3750000000000004
2.1,0,0,4.890692662705561,4.890692662705561,46.125000000000064,-2.9745704804861077,-2.9745704804861077,67.50000000000018,-2.9745704804861077,-2.9745704804861077,48.37500000000008,-2.8393801840784647,-2.8393801840784647,18.749999999999996,5.484244476729799,5.484244476729799,110.25000000000041,-2.8139181900870938,-2.8139181900870938,3.3750000000000004
2.2,0,0,4.920484697349494,4.920484697349494,46.125000000000064,-2.9761371757919193,-2.9761371757919193,67.50000000000018,-2.9761371757919193,-2.9761371757919193,48.37500000000008,-2.8383752426835827,-2.8383752426835827,18.749999999999996,5.477446009031624,5.477446009031624,110.25000000000041,-2.8147197477169783,-2.8147197477169783,3.3750000000000004
2.3000000000000003,0,0,4.947288500594169,4.947288500594169,46.125000000000064,-2.9777497966330913,-2.9777497966330913,67.50000000000018,-2.9777497966330913,-2.9777497966330913,48.37500000000008,-2.8370186983927823,-2.8370186983927823,18.749999999999996,5.470734738670842,5.470734738670842,110.25000000000041,-2.8155818638989274,-2.8155818638989274,3.3750000000000004
2.4000000000000004,0,0,4.987563500015909,4.987563500015909,46.125000000000064,-2.979408341558596,-2.979408341558596,67.50000000000018,-2.979408341558596,-2.979408341558596,48.37500000000008,-2.8357329508800007,-2.8357329508800007,18.749999999999996,5.463901471871623,5.463901471871623,110.25000000000041,-2.816509044084114,-2.816509044084114,3.3750000000000004
2.5000000000000004,0,0,5.023298752663877,5.023298752663877,46.125000000000064,-2.981112809075924,-2.981112809075924,67.50000000000018,-2.981112809075924,-2.981112809075924,48.37500000000008,-2.8345214603425433,-2.8345214603425433,18.749999999999996,5.450667204598105,5.450667204598105,110.25000000000041,-2.8175012890993827,-2.8175012890993827,3.3750000000000004
2.6000000000000005,0,0,5.044480851770771,5.044480851770771,46.125000000000064,-2.9828631976513975,-2.9828631976513975,67.50000000000018,-2.9828631976513975,-2.9828631976513975,48.37500000000008,-2.8333415833007223,-2.8333415833007223,18.749999999999996,5.438690419047958,5.438690419047958,110.25000000000041,-2.8185585994749545,-2.8185585994749545,3.3750000000000004
2.7000000000000006,0,0,5.081002993076822,5.081002993076822,46.125000000000064,-2.984659505709857,-2.984659505709857,67.50000000000018,-2.984659505709857,-2.984659505709857,48.37500000000008,-2.8256211424154856,-2.8256211424154856,18.749999999999996,5.431023012955237,5.431023012955237,110.25000000000041,-2.819680975442182,-2.819680975442182,3.3750000000000004
2.8000000000000007,0,0,5.120617044078784,5.120617044078784,46.125000000000064,-2.9865017316348457,-2.9865017316348457,67.50000000000018,-2.9865017316348457,-2.9865017316348457,48.37500000000008,-2.8245242583340797,-2.8245242583340797,18.749999999999996,5.4222512460853665,5.4222512460853665,110.25000000000041,-2.820868416931418,-2.820868416931418,3.3750000000000004
2.900000000000001,0,0,5.151855135944075,5.151855135944075,46.125000000000064,-2.9883898737685826,-2.9883898737685826,67.50000000000018,-2.9883898737685826,-2.9883898737685826,48.37500000000008,-2.8148489960987604,-2.8148489960987604,18.749999999999996,5.411322201838743,5.411322201838743,110.25000000000041,-2.8221209235700826,-2.8221209235700826,3.3750000000000004
3.000000000000001,0,0,5.1793904995245015,5.1793904995245015,46.125000000000064,-2.9903239304118614,-2.9903239304118614,67.50000000000018,-2.9903239304118614,-2.9903239304118614,48.37500000000008,-2.813940514642553,-2.813940514642553,18.749999999999996,5.40470448313242,5.40470448313242,110.25000000000041,-2.8234384946801043,-2.8234384946801043,3.3750000000000004
3.100000000000001,0,0,5.2139742870917445,5.2139742870917445,46.125000000000064,-2.992303899824165,-2.992303899824165,67.50000000000018,-2.992303899824165,-2.992303899824165,48.37500000000008,-2.813106225711337,-2.813106225711337,18.749999999999996,5.3957969001969275,5.3957969001969275,110.25000000000041,-2.824821129276117,-2.824821129276117,3.3750000000000004
3.200000000000001,0,0,5.242643603478641,5.242643603478641,46.125000000000064,-2.9943297802236515,-2.9943297802236515,67.50000000000018,-2.9943297802236515,-2.9943297802236515,48.37500000000008,-2.8123386316733985,-2.8123386316733985,18.749999999999996,5.385715052051381,5.385715052051381,110.25000000000041,-2.8262688260631705,-2.8262688260631705,3.3750000000000004
3.300000000000001,0,0,5.276530765395037,5.276530765395037,46.125000000000064,-2.9964015697871105,-2.9964015697871105,67.50000000000018,-2.9964015697871105,-2.9964015697871105,48.37500000000008,-2.811632238477131,-2.811632238477131,18.749999999999996,5.378867167835423,5.378867167835423,110.25000000000041,-2.8277815834344437,-2.8277815834344437,3.3750000000000004
3.4000000000000012,0,0,5.318572185000562,5.318572185000562,46.125000000000064,-2.998519266649936,-2.998519266649936,67.50000000000018,-2.998519266649936,-2.998519266649936,48.37500000000008,-2.810999972318399,-2.810999972318399,18.749999999999996,5.371816558664634,5.371816558664634,110.25000000000041,-2.8293593994692685,-2.8293593994692685,3.3750000000000004
3.5000000000000013,0,0,5.34971792402996,5.34971792402996,46.125000000000064,-3.000682868906239,-3.000682868906239,67.50000000000018,-3.000682868906239,-3.000682868906239,48.37500000000008,-2.8104418715001316,-2.8104418715001316,18.749999999999996,5.360906681750848,5.360906681750848,110.25000000000041,-2.831002271930757,-2.831002271930757,3.3750000000000004
3.6000000000000014,0,0,5.378268761271414,5.378268761271414,46.125000000000064,-3.002892374608706,-3.002892374608706,67.50000000000018,-3.002892374608706,-3.002892374608706,48.37500000000008,-2.8099579749400334,-2.8099579749400334,18.749999999999996,5.3533795037284335,5.3533795037284335,110.25000000000041,-2.83271019826374,-2.83271019826374,3.3750000000000004
3.7000000000000015,0,0,5.407788020744093,5.407788020744093,46.125000000000064,-3.0051477817686987,-3.0051477817686987,67.50000000000018,-3.0051477817686987,-3.0051477817686987,48.37500000000008,-2.809527859201509,-2.809527859201509,18.749999999999996,5.340853823715975,5.340853823715975,110.25000000000041,-2.834603698626381,-2.834603698626381,3.3750000000000004
3.8000000000000016,0,0,5.445074848858624,5.445074848858624,46.125000000000064,-3.0074490883562675,-3.0074490883562675,67.50000000000018,-3.0074490883562675,-3.0074490883562675,48.37500000000008,-2.8091711748630104,-2.8091711748630104,18.749999999999996,5.3300367822645,5.3300367822645,110.25000000000041,-2.837032864625172,-2.837032864625172,3.3750000000000004
3.9000000000000017,0,0,5.486351015606218,5.486351015606218,46.125000000000064,-3.009796292300024,-3.009796292300024,67.50000000000018,-3.009796292300024,-3.009796292300024,48.37500000000008,-2.8087919812358706,-2.8087919812358706,18.749999999999996,5.32234944831022,5.32234944831022,110.25000000000041,-2.840134248069205,-2.840134248069205,3.3750000000000004
4.000000000000002,0,0,5.514739348982104,5.514739348982104,46.125000000000064,-3.012189391487283,-3.012189391487283,67.50000000000018,-3.012189391487283,-3.012189391487283,48.37500000000008,-2.80847940209739,-2.80847940209739,18.749999999999996,5.3116447369181685,5.3116447369181685,110.25000000000041,-2.8438965188333185,-2.8438965188333185,3.3750000000000004
4.100000000000001,0,0,5.54421400904117,5.54421400904117,46.125000000000064,-3.0146283837639487,-3.0146283837639487,67.50000000000018,-3.0146283837639487,-3.0146283837639487,48.37500000000008,-2.799416777284037,-2.799416777284037,18.749999999999996,5.304514922529904,5.304514922529904,110.25000000000041,-2.848363814067241,-2.848363814067241,3.3750000000000004
4.200000000000001,0,0,5.575047822066239,5.575047822066239,46.125000000000064,-3.017113266934615,-3.017113266934615,67.50000000000018,-3.017113266934615,-3.017113266934615,48.37500000000008,-2.7927664330110247,-2.7927664330110247,18.749999999999996,5.29711282414155,5.29711282414155,110.25000000000041,-2.8530912040714327,-2.8530912040714327,3.3750000000000004
4.300000000000001,0,0,5.603103457872464,5.603103457872464,46.125000000000064,-3.019644038762479,-3.019644038762479,67.50000000000018,-3.019644038762479,-3.019644038762479,48.37500000000008,-2.792705170127789,-2.792705170127789,18.749999999999996,5.2866297230757056,5.2866297230757056,110.25000000000041,-2.857803155221575,-2.857803155221575,3.3750000000000004
4.4,0,0,5.63880087680559,5.63880087680559,46.125000000000064,-3.0222206969694128,-3.0222206969694128,67.50000000000018,-3.0222206969694128,-3.0222206969694128,48.37500000000008,-2.792757487285968,-2.792757487285968,18.749999999999996,5.2793621640626895,5.2793621640626895,110.25000000000041,-2.8622358678264845,-2.8622358678264845,3.3750000000000004
4.5,0,0,5.6795405314561265,5.6795405314561265,46.125000000000064,-3.024843239235878,-3.024843239235878,67.50000000000018,-3.024843239235878,-3.024843239235878,48.37500000000008,-2.7928937431427414,-2.7928937431427414,18.749999999999996,5.268369583750783,5.268369583750783,110.25000000000041,-2.866745995017993,-2.866745995017993,3.3750000000000004
4.6,0,0,5.710182421493101,5.710182421493101,46.125000000000064,-3.0275116632010253,-3.0275116632010253,67.50000000000018,-3.0275116632010253,-3.0275116632010253,48.37500000000008,-2.793048828557488,-2.793048828557488,18.749999999999996,5.260812606112168,5.260812606112168,110.25000000000041,-2.8713335956617385,-2.8713335956617385,3.3750000000000004
4.699999999999999,0,0,5.738228701190366,5.738228701190366,46.125000000000064,-3.030225966462581,-3.030225966462581,67.50000000000018,-3.030225966462581,-3.030225966462581,48.37500000000008,-2.7932777850944177,-2.7932777850944177,18.749999999999996,5.24844412679785,5.24844412679785,110.25000000000041,-2.875998729319761,-2.875998729319761,3.3750000000000004
4.799999999999999,0,0,5.767395768912905,5.767395768912905,46.125000000000064,-3.0329861465769454,-3.0329861465769454,67.50000000000018,-3.0329861465769454,-3.0329861465769454,48.37500000000008,-2.793580651414075,-2.793580651414075,18.749999999999996,5.238116321783224,5.238116321783224,110.25000000000041,-2.8807414562227933,-2.8807414562227933,3.3750000000000004
4.899999999999999,0,0,5.80777037100151,5.80777037100151,46.125000000000064,-3.0357922010591523,-3.0357922010591523,67.50000000000018,-3.0357922010591523,-3.0357922010591523,48.37500000000008,-2.7939429184338707,-2.7939429184338707,18.749999999999996,5.230667042569692,5.230667042569692,110.25000000000041,-2.8855618372408145,-2.8855618372408145,3.3750000000000004
4.999999999999998,0,0,5.844393122757381,5.844393122757381,46.125000000000064,-3.038644127382881,-3.038644127382881,67.50000000000018,-3.038644127382881,-3.038644127382881,48.37500000000008,-2.794370736810592,-2.794370736810592,18.749999999999996,5.2188195379080895,5.2188195379080895,110.25000000000041,-2.8904599338523127,-2.8904599338523127,3.3750000000000004
5.099999999999998,0,0,5.87198565911963,5.87198565911963,46.125000000000064,-3.0415419229803575,-3.0415419229803575,67.50000000000018,-3.0415419229803575,-3.0415419229803575,48.37500000000008,-2.794827748138644,-2.794827748138644,18.749999999999996,5.208492267127923,5.208492267127923,110.25000000000041,-2.8954358081116567,-2.8954358081116567,3.3750000000000004
5.1999999999999975,0,0,5.901093816081442,5.901093816081442,46.125000000000064,-3.044485585242569,-3.044485585242569,67.50000000000018,-3.044485585242569,-3.044485585242569,48.37500000000008,-2.7953035885064708,-2.7953035885064708,18.749999999999996,5.200873338202115,5.200873338202115,110.25000000000041,-2.9004895226151888,-2.9004895226151888,3.3750000000000004
5.299999999999997,0,0,5.9315063314315495,5.9315063314315495,46.125000000000064,-3.0474751115190344,-3.0474751115190344,67.50000000000018,-3.0474751115190344,-3.0474751115190344,48.37500000000008,-2.786899800852453,-2.786899800852453,18.749999999999996,5.19329485626929,5.19329485626929,110.25000000000041,-2.9056211404652146,-2.9056211404652146,3.3750000000000004
5.399999999999997,0,0,5.959318114025848,5.959318114025848,46.125000000000064,-3.0505104991179053,-3.0505104991179053,67.50000000000018,-3.0505104991179053,-3.0505104991179053,48.37500000000008,-2.7875411111701993,-2.7875411111701993,18.749999999999996,5.18578570123492,5.18578570123492,110.25000000000041,-2.9108307252322447,-2.9108307252322447,3.3750000000000004
5.4999999999999964,0,0,5.997665798563489,5.997665798563489,46.125000000000064,-3.0535917453059938,-3.0535917453059938,67.50000000000018,-3.0535917453059938,-3.0535917453059938,48.37500000000008,-2.7882555031135468,-2.7882555031135468,18.749999999999996,5.171441543260741,5.171441543260741,110.25000000000041,-2.916118340915588,-2.916118340915588,3.3750000000000004
5.599999999999996,0,0,6.0337501761026715,6.0337501761026715,46.125000000000064,-3.05671884730873,-3.05671884730873,67.50000000000018,-3.05671884730873,-3.05671884730873,48.37500000000008,-2.7890361046859766,-2.7890361046859766,18.749999999999996,5.163363806953413,5.163363806953413,110.25000000000041,-2.9214840519015013,-2.9214840519015013,3.3750000000000004
5.699999999999996,0,0,6.06305678136367,6.06305678136367,46.125000000000064,-3.059891802310176,-3.059891802310176,67.50000000000018,-3.059891802310176,-3.059891802310176,48.37500000000008,-2.7898680523787505,-2.7898680523787505,18.749999999999996,5.155172439340262,5.155172439340262,110.25000000000041,-2.926927922919546,-2.926927922919546,3.3750000000000004
5.799999999999995,0,0,6.090018504350965,6.090018504350965,46.125000000000064,-3.063110607452998,-3.063110607452998,67.50000000000018,-3.063110607452998,-3.063110607452998,48.37500000000008,-2.7843654519407437,-2.7843654519407437,18.749999999999996,5.1424567449055445,5.1424567449055445,110.25000000000041,-2.9324500189968035,-2.9324500189968035,3.3750000000000004
5.899999999999995,0,0,6.119916082603325,6.119916082603325,46.125000000000064,-3.0663752598384804,-3.0663752598384804,67.50000000000018,-3.0663752598384804,-3.0663752598384804,48.37500000000008,-2.785355182313225,-2.785355182313225,18.749999999999996,5.134667357615157,5.134667357615157,110.25000000000041,-2.938050405409413,-2.938050405409413,3.3750000000000004
5.999999999999995,0,0,6.149334312529518,6.149334312529518,46.125000000000064,-3.0696857565265105,-3.0696857565265105,67.50000000000018,-3.0696857565265105,-3.0696857565265105,48.37500000000008,-2.779675098150136,-2.779675098150136,18.749999999999996,5.126817145767021,5.126817145767021,110.25000000000041,-2.943729147632382,-2.943729147632382,3.3750000000000004
6.099999999999994,0,0,6.185888629283681,6.185888629283681,46.125000000000064,-3.073042094535694,-3.073042094535694,67.50000000000018,-3.073042094535694,-3.073042094535694,48.37500000000008,-2.7663138519751698,-2.7663138519751698,18.749999999999996,5.115689087227892,5.115689087227892,110.25000000000041,-2.94948631128635,-2.94948631128635,3.3750000000000004
6.199999999999994,0,0,6.2148028865150025,6.2148028865150025,46.125000000000064,-3.076444270843112,-3.076444270843112,67.50000000000018,-3.076444270843112,-3.076444270843112,48.37500000000008,-2.75303720065142,-2.75303720065142,18.749999999999996,5.10799626074818,5.10799626074818,110.25000000000041,-2.955321962081868,-2.955321962081868,3.3750000000000004
6.299999999999994,0,0,6.249007846002357,6.249007846002357,46.125000000000064,-3.079892282384577,-3.079892282384577,67.50000000000018,-3.079892282384577,-3.079892282384577,48.37500000000008,-2.739848204511489,-2.739848204511489,18.749999999999996,5.099713835457365,5.099713835457365,110.25000000000041,-2.9612361657613633,-2.9612361657613633,3.3750000000000004
6.399999999999993,0,0,6.276541324415106,6.276541324415106,46.125000000000064,-3.0833861260544353,-3.0833861260544353,67.50000000000018,-3.0833861260544353,-3.0833861260544353,48.37500000000008,-2.7267748403600933,-2.7267748403600933,18.749999999999996,5.088869995938197,5.088869995938197,110.25000000000041,-2.9672289880377605,-2.9672289880377605,3.3750000000000004
6.499999999999993,0,0,6.305422760157597,6.305422760157597,46.125000000000064,-3.086925798705707,-3.086925798705707,67.50000000000018,-3.086925798705707,-3.086925798705707,48.37500000000008,-2.7137890798883717,-2.7137890798883717,18.749999999999996,5.0783223211613375,5.0783223211613375,110.25000000000041,-2.9731086007609377,-2.9731086007609377,3.3750000000000004
6.5999999999999925,0,0,6.333953552999162,6.333953552999162,46.125000000000064,-3.090511297150016,-3.090511297150016,67.50000000000018,-3.090511297150016,-3.090511297150016,48.37500000000008,-2.7008886258259963,-2.7008886258259963,18.749999999999996,5.063490350629252,5.063490350629252,110.25000000000041,-2.9785622976507256,-2.9785622976507256,3.3750000000000004
6.699999999999992,0,0,6.3697240688865975,6.3697240688865975,46.125000000000064,-3.0941426181575196,-3.0941426181575196,67.50000000000018,-3.0941426181575196,-3.0941426181575196,48.37500000000008,-2.6880752747572387,-2.6880752747572387,18.749999999999996,5.055096837414908,5.055096837414908,110.25000000000041,-2.984090754888996,-2.984090754888996,3.3750000000000004
6.799999999999992,0,0,6.398757511478934,6.398757511478934,46.125000000000064,-3.0978197584571205,-3.0978197584571205,67.50000000000018,-3.0978197584571205,-3.0978197584571205,48.37500000000008,-2.675347635017147,-2.675347635017147,18.749999999999996,5.0425139447151395,5.0425139447151395,110.25000000000041,-2.989693974486002,-2.989693974486002,3.3750000000000004
6.8999999999999915,0,0,6.432086277231718,6.432086277231718,46.125000000000064,-3.101542714736212,-3.101542714736212,67.50000000000018,-3.101542714736212,-3.101542714736212,48.37500000000008,-2.662713444935207,-2.662713444935207,18.749999999999996,5.034592260317638,5.034592260317638,110.25000000000041,-2.9953719578027886,-2.9953719578027886,3.3750000000000004
6.999999999999991,0,0,6.458991802879524,6.458991802879524,46.125000000000064,-3.105311483640847,-3.105311483640847,67.50000000000018,-3.105311483640847,-3.105311483640847,48.37500000000008,-2.6501670188822004,-2.6501670188822004,18.749999999999996,5.026421852730834,5.026421852730834,110.25000000000041,-3.001124705482823,-3.001124705482823,3.3750000000000004
7.099999999999991,0,0,6.487827597125516,6.487827597125516,46.125000000000064,-3.109126061775683,-3.109126061775683,67.50000000000018,-3.109126061775683,-3.109126061775683,48.37500000000008,-2.637710588961781,-2.637710588961781,18.749999999999996,5.01847634705274,5.01847634705274,110.25000000000041,-3.0069522173811976,-3.0069522173811976,3.3750000000000004
7.19999999999999,0,0,6.523928093439579,6.523928093439579,46.125000000000064,-3.1129864457039673,-3.1129864457039673,67.50000000000018,-3.1129864457039673,-3.1129864457039673,48.37500000000008,-2.6253371839508617,-2.6253371839508617,18.749999999999996,5.006902960235919,5.006902960235919,110.25000000000041,-3.012854492491144,-3.012854492491144,3.3750000000000004
7.29999999999999,0,0,6.550951562315944,6.550951562315944,46.125000000000064,-3.1168926319475503,-3.1168926319475503,67.50000000000018,-3.1168926319475503,-3.1168926319475503,48.37500000000008,-2.6130487294094706,-2.6130487294094706,18.749999999999996,4.998577506369614,4.998577506369614,110.25000000000041,-3.0188315288679632,-3.0188315288679632,3.3750000000000004
7.39999999999999,0,0,6.579440632458073,6.579440632458073,46.125000000000064,-3.120844616986872,-3.120844616986872,67.50000000000018,-3.120844616986872,-3.120844616986872,48.37500000000008,-2.60084693165102,-2.60084693165102,18.749999999999996,4.989995928383905,4.989995928383905,110.25000000000041,-3.0248833235502985,-3.0248833235502985,3.3750000000000004
7.499999999999989,0,0,6.61214001439356,6.61214001439356,46.125000000000064,-3.124842397261034,-3.124842397261034,67.50000000000018,-3.124842397261034,-3.124842397261034,48.37500000000008,-2.5887358549158392,-2.5887358549158392,18.749999999999996,4.9814374446134195,4.9814374446134195,110.25000000000041,-3.031009872478421,-3.031009872478421,3.3750000000000004
7.599999999999989,0,0,6.638890016191297,6.638890016191297,46.125000000000064,-3.128885969167655,-3.128885969167655,67.50000000000018,-3.128885969167655,-3.128885969167655,48.37500000000008,-2.576713989152651,-2.576713989152651,18.749999999999996,4.96910531196491,4.96910531196491,110.25000000000041,-3.037211170409691,-3.037211170409691,3.3750000000000004
7.699999999999989,0,0,6.6671084911007625,6.6671084911007625,46.125000000000064,-3.1329753290629867,-3.1329753290629867,67.50000000000018,-3.1329753290629867,-3.1329753290629867,48.37500000000008,-2.5647795395303206,-2.5647795395303206,18.749999999999996,4.960446325959779,4.960446325959779,110.25000000000041,-3.0434872108308753,-3.0434872108308753,3.3750000000000004
7.799999999999988,0,0,6.702402918274942,6.702402918274942,46.125000000000064,-3.1371104732618846,-3.1371104732618846,67.50000000000018,-3.1371104732618846,-3.1371104732618846,48.37500000000008,-2.552931642940834,-2.552931642940834,18.749999999999996,4.945800671749112,4.945800671749112,110.25000000000041,-3.049837985867569,-3.049837985867569,3.3750000000000004
7.899999999999988,0,0,6.72932898761951,6.72932898761951,46.125000000000064,-3.1412913980377795,-3.1412913980377795,67.50000000000018,-3.1412913980377795,-3.1412913980377795,48.37500000000008,-2.5411703192643813,-2.5411703192643813,18.749999999999996,4.932857303848536,4.932857303848536,110.25000000000041,-3.0562634861900335,-3.0562634861900335,3.3750000000000004
7.999999999999988,0,0,6.75722300220005,6.75722300220005,46.125000000000064,-3.1455180996226773,-3.1455180996226773,67.50000000000018,-3.1455180996226773,-3.1455180996226773,48.37500000000008,-2.5294964265019075,-2.5294964265019075,18.749999999999996,4.924335799022344,4.924335799022344,110.25000000000041,-3.062763700915866,-3.062763700915866,3.3750000000000004
8.099999999999987,0,0,6.784107422651957,6.784107422651957,46.125000000000064,-3.1497905742072163,-3.1497905742072163,67.50000000000018,-3.1497905742072163,-3.1497905742072163,48.37500000000008,-2.5179121913373166,-2.5179121913373166,18.749999999999996,4.915925869036826,4.915925869036826,110.25000000000041,-3.069338617509416,-3.069338617509416,3.3750000000000004
8.199999999999987,0,0,6.815732865983222,6.815732865983222,46.125000000000064,-3.1541088179406103,-3.1541088179406103,67.50000000000018,-3.1541088179406103,-3.1541088179406103,48.37500000000008,-2.506423611588943,-2.506423611588943,18.749999999999996,4.9051075033435865,4.9051075033435865,110.25000000000041,-3.0759882216773633,-3.0759882216773633,3.3750000000000004
8.299999999999986,0,0,6.8435399100257115,6.8435399100257115,46.125000000000064,-3.158472826930648,-3.158472826930648,67.50000000000018,-3.158472826930648,-3.158472826930648,48.37500000000008,-2.49501577890247,-2.49501577890247,18.749999999999996,4.893076756722834,4.893076756722834,110.25000000000041,-3.082712497260559,-3.082712497260559,3.3750000000000004
8.399999999999986,0,0,6.877853175384004,6.877853175384004,46.125000000000064,-3.16288259724368,-3.16288259724368,67.50000000000018,-3.16288259724368,-3.16288259724368,48.37500000000008,-2.483693242241955,-2.483693242241955,18.749999999999996,4.884445290137606,4.884445290137606,110.25000000000041,-3.0895114261224563,-3.0895114261224563,3.3750000000000004
8.499999999999986,0,0,6.904587207377006,6.904587207377006,46.125000000000064,-3.167338124904667,-3.167338124904667,67.50000000000018,-3.167338124904667,-3.167338124904667,48.37500000000008,-2.472457317851635,-2.472457317851635,18.749999999999996,4.875664369040294,4.875664369040294,110.25000000000041,-3.0963849880333214,-3.0963849880333214,3.3750000000000004
8.599999999999985,0,0,6.931996992135822,6.931996992135822,46.125000000000064,-3.171839405897167,-3.171839405897167,67.50000000000018,-3.171839405897167,-3.171839405897167,48.37500000000008,-2.461308098325972,-2.461308098325972,18.749999999999996,4.863408935500175,4.863408935500175,110.25000000000041,-3.103333160550477,-3.103333160550477,3.3750000000000004
8.699999999999985,0,0,6.958257569980688,6.958257569980688,46.125000000000064,-3.1763864361633196,-3.1763864361633196,67.50000000000018,-3.1763864361633196,-3.1763864361633196,48.37500000000008,-2.4502465915320926,-2.4502465915320926,18.749999999999996,4.852847946952352,4.852847946952352,110.25000000000041,-3.109905502658691,-3.109905502658691,3.3750000000000004
8.799999999999985,0,0,6.989590076321392,6.989590076321392,46.125000000000064,-3.1809792116037485,-3.1809792116037485,67.50000000000018,-3.1809792116037485,-3.1809792116037485,48.37500000000008,-2.4392799239535776,-2.4392799239535776,18.749999999999996,4.844661287439621,4.844661287439621,110.25000000000041,-3.116230956112261,-3.116230956112261,3.3750000000000004
8.899999999999984,0,0,7.016784734538035,7.016784734538035,46.125000000000064,-3.1856177280777658,-3.1856177280777658,67.50000000000018,-3.1856177280777658,-3.1856177280777658,48.37500000000008,-2.4284021224052594,-2.4284021224052594,18.749999999999996,4.83147213592548,4.83147213592548,110.25000000000041,-3.122626671702946,-3.122626671702946,3.3750000000000004
8.999999999999984,0,0,7.0503414154206325,7.0503414154206325,46.125000000000064,-3.1903019814032163,-3.1903019814032163,67.50000000000018,-3.1903019814032163,-3.1903019814032163,48.37500000000008,-2.4176209991073137,-2.4176209991073137,18.749999999999996,4.819519982647861,4.819519982647861,110.25000000000041,-3.1290925607391955,-3.1290925607391955,3.3750000000000004
9.099999999999984,0,0,7.076933082684349,7.076933082684349,46.125000000000064,-3.1950319673565275,-3.1950319673565275,67.50000000000018,-3.1950319673565275,-3.1950319673565275,48.37500000000008,-2.4069338651834045,-2.4069338651834045,18.749999999999996,4.807738535247239,4.807738535247239,110.25000000000041,-3.1356285320128165,-3.1356285320128165,3.3750000000000004
9.199999999999983,0,0,7.103767719348824,7.103767719348824,46.125000000000064,-3.1998076816726595,-3.1998076816726595,67.50000000000018,-3.1998076816726595,-3.1998076816726595,48.37500000000008,-2.396334534843703,-2.396334534843703,18.749999999999996,4.798892614080273,4.798892614080273,110.25000000000041,-3.14199659032127,-3.14199659032127,3.3750000000000004
9.299999999999983,0,0,7.129425730014404,7.129425730014404,46.125000000000064,-3.2046291200451975,-3.2046291200451975,67.50000000000018,-3.2046291200451975,-3.2046291200451975,48.37500000000008,-2.3858182115559003,-2.3858182115559003,18.749999999999996,4.789816805133896,4.789816805133896,110.25000000000041,-3.1481722699765697,-3.1481722699765697,3.3750000000000004
9.399999999999983,0,0,7.160460214195837,7.160460214195837,46.125000000000064,-3.209496278126231,-3.209496278126231,67.50000000000018,-3.209496278126231,-3.209496278126231,48.37500000000008,-2.3753874654736506,-2.3753874654736506,18.749999999999996,4.777092669477284,4.777092669477284,110.25000000000041,-3.1542416690140556,-3.1542416690140556,3.3750000000000004
9.499999999999982,0,0,7.187126017520171,7.187126017520171,46.125000000000064,-3.2144091515264392,-3.2144091515264392,67.50000000000018,-3.2144091515264392,-3.2144091515264392,48.37500000000008,-2.365045048523953,-2.365045048523953,18.749999999999996,4.767944497384946,4.767944497384946,110.25000000000041,-3.16005744258689,-3.16005744258689,3.3750000000000004
9.599999999999982,0,0,7.2197387606205154,7.2197387606205154,46.125000000000064,-3.219367735815105,-3.219367735815105,67.50000000000018,-3.219367735815105,-3.219367735815105,48.37500000000008,-2.3547932443903505,-2.3547932443903505,18.749999999999996,4.758744422725627,4.758744422725627,110.25000000000041,-3.165925053435629,-3.165925053435629,3.3750000000000004
9.699999999999982,0,0,7.245981955399259,7.245981955399259,46.125000000000064,-3.224372026519994,-3.224372026519994,67.50000000000018,-3.224372026519994,-3.224372026519994,48.37500000000008,-2.3446301679845334,-2.3446301679845334,18.749999999999996,4.746084977727691,4.746084977727691,110.25000000000041,-3.171393947914993,-3.171393947914993,3.3750000000000004
9.799999999999981,0,0,7.272546323769447,7.272546323769447,46.125000000000064,-3.2294220191274974,-3.2294220191274974,67.50000000000018,-3.2294220191274974,-3.2294220191274974,48.37500000000008,-2.33454851968564,-2.33454851968564,18.749999999999996,4.737681733097048,4.737681733097048,110.25000000000041,-3.1769186106534306,-3.1769186106534306,3.3750000000000004
9.89999999999998,0,0,7.2976144051817755,7.2976144051817755,46.125000000000064,-3.2345177090825175,-3.2345177090825175,67.50000000000018,-3.2345177090825175,-3.2345177090825175,48.37500000000008,-2.3245669351516227,-2.3245669351516227,18.749999999999996,4.729009689169985,4.729009689169985,110.25000000000041,-3.1822483136927815,-3.1822483136927815,3.3750000000000004
9.99999999999998,0,0,7.327977121548898,7.327977121548898,46.125000000000064,-3.239659091788546,-3.239659091788546,67.50000000000018,-3.239659091788546,-3.239659091788546,48.37500000000008,-2.3146737890678537,-2.3146737890678537,18.749999999999996,4.713057922648588,4.713057922648588,110.25000000000041,-3.187430789124896,-3.187430789124896,3.3750000000000004
10.09999999999998,0,0,7.354346942546087,7.354346942546087,46.125000000000064,-3.244846162607594,-3.244846162607594,67.50000000000018,-3.244846162607594,-3.244846162607594,48.37500000000008,-2.304868800077543,-2.304868800077543,18.749999999999996,4.703708439734598,4.703708439734598,110.25000000000041,-3.192665016867714,-3.192665016867714,3.3750000000000004
10.19999999999998,0,0,7.386127513920371,7.386127513920371,46.125000000000064,-3.2500789168602395,-3.2500789168602395,67.50000000000018,-3.2500789168602395,-3.2500789168602395,48.37500000000008,-2.2951524764170728,-2.2951524764170728,18.749999999999996,4.691240872362684,4.691240872362684,110.25000000000041,-3.1979508049646768,-3.1979508049646768,3.3750000000000004
10.29999999999998,0,0,7.411856786663179,7.411856786663179,46.125000000000064,-3.2553573498256085,-3.2553573498256085,67.50000000000018,-3.2553573498256085,-3.2553573498256085,48.37500000000008,-2.2855184681717873,-2.2855184681717873,18.749999999999996,4.681869208148754,4.681869208148754,110.25000000000041,-3.2032879602028004,-3.2032879602028004,3.3750000000000004
10.399999999999979,0,0,7.437888282044796,7.437888282044796,46.125000000000064,-3.2606814567413522,-3.2606814567413522,67.50000000000018,-3.2606814567413522,-3.2606814567413522,48.37500000000008,-2.2759676578440917,-2.2759676578440917,18.749999999999996,4.672242203821455,4.672242203821455,110.25000000000041,-3.208676288099305,-3.208676288099305,3.3750000000000004
10.499999999999979,0,0,7.462824408511793,7.462824408511793,46.125000000000064,-3.2660512328037044,-3.2660512328037044,67.50000000000018,-3.2660512328037044,-3.2660512328037044,48.37500000000008,-2.2665084657174077,-2.2665084657174077,18.749999999999996,4.659599167859085,4.659599167859085,110.25000000000041,-3.2141155928883904,-3.2141155928883904,3.3750000000000004
10.599999999999978,0,0,7.494747332873189,7.494747332873189,46.125000000000064,-3.27146667316741,-3.27146667316741,67.50000000000018,-3.27146667316741,-3.27146667316741,48.37500000000008,-2.25713762971219,-2.25713762971219,18.749999999999996,4.646394575954133,4.646394575954133,110.25000000000041,-3.219605677508092,-3.219605677508092,3.3750000000000004
10.699999999999978,0,0,7.524994261493646,7.524994261493646,46.125000000000064,-3.2769277729457684,-3.2769277729457684,67.50000000000018,-3.2769277729457684,-3.2769277729457684,48.37500000000008,-2.2478553790379863,-2.2478553790379863,18.749999999999996,4.636804231243161,4.636804231243161,110.25000000000041,-3.2251463435871273,-3.2251463435871273,3.3750000000000004
10.799999999999978,0,0,7.549194063649821,7.549194063649821,46.125000000000064,-3.28243452721059,-3.28243452721059,67.50000000000018,-3.28243452721059,-3.28243452721059,48.37500000000008,-2.238651419543544,-2.238651419543544,18.749999999999996,4.624347091243379,4.624347091243379,110.25000000000041,-3.230663913506625,-3.230663913506625,3.3750000000000004
10.899999999999977,0,0,7.574573822325121,7.574573822325121,46.125000000000064,-3.2879869309922327,-3.2879869309922327,67.50000000000018,-3.2879869309922327,-3.2879869309922327,48.37500000000008,-2.22954496433627,-2.22954496433627,18.749999999999996,4.61514067538765,4.61514067538765,110.25000000000041,-3.2361354767001416,-3.2361354767001416,3.3750000000000004
10.999999999999977,0,0,7.600110672419433,7.600110672419433,46.125000000000064,-3.293584979279636,-3.293584979279636,67.50000000000018,-3.293584979279636,-3.293584979279636,48.37500000000008,-2.220532187523233,-2.220532187523233,18.749999999999996,4.605928830752916,4.605928830752916,110.25000000000041,-3.241670714956264,-3.241670714956264,3.3750000000000004
11.099999999999977,0,0,7.6247267747210685,7.6247267747210685,46.125000000000064,-3.2992286670201736,-3.2992286670201736,67.50000000000018,-3.2992286670201736,-3.2992286670201736,48.37500000000008,-2.2116050610016345,-2.2116050610016345,18.749999999999996,4.591838670166908,4.591838670166908,110.25000000000041,-3.2472696294542374,-3.2472696294542374,3.3750000000000004
11.199999999999976,0,0,7.655707927165338,7.655707927165338,46.125000000000064,-3.304917989119801,-3.304917989119801,67.50000000000018,-3.304917989119801,-3.304917989119801,48.37500000000008,-2.2027549549975447,-2.2027549549975447,18.749999999999996,4.582056109396831,4.582056109396831,110.25000000000041,-3.2529322211325464,-3.2529322211325464,3.3750000000000004
11.299999999999976,0,0,7.685326508290217,7.685326508290217,46.125000000000064,-3.310652940443056,-3.310652940443056,67.50000000000018,-3.310652940443056,-3.310652940443056,48.37500000000008,-2.1939812836093466,-2.1939812836093466,18.749999999999996,4.572378366739272,4.572378366739272,110.25000000000041,-3.2586584906876084,-3.2586584906876084,3.3750000000000004
11.399999999999975,0,0,7.709537398827223,7.709537398827223,46.125000000000064,-3.316433515812882,-3.316433515812882,67.50000000000018,-3.316433515812882,-3.316433515812882,48.37500000000008,-2.185273148088612,-2.185273148088612,18.749999999999996,4.559341327373289,4.559341327373289,110.25000000000041,-3.2644484385722166,-3.2644484385722166,3.3750000000000004
11.499999999999975,0,0,7.734091412451008,7.734091412451008,46.125000000000064,-3.3222597100107834,-3.3222597100107834,67.50000000000018,-3.3222597100107834,-3.3222597100107834,48.37500000000008,-2.1766440109218337,-2.1766440109218337,18.749999999999996,4.549300752846037,4.549300752846037,110.25000000000041,-3.270302064994361,-3.270302064994361,3.3750000000000004
11.599999999999975,0,0,7.759172085718731,7.759172085718731,46.125000000000064,-3.3281315177768533,-3.3281315177768533,67.50000000000018,-3.3281315177768533,-3.3281315177768533,48.37500000000008,-2.1680910127321624,-2.1680910127321624,18.749999999999996,4.5395137452520515,4.5395137452520515,110.25000000000041,-3.2762193699157933,-3.2762193699157933,3.3750000000000004
11.699999999999974,0,0,7.783696042701834,7.783696042701834,46.125000000000064,-3.334048933809612,-3.334048933809612,67.50000000000018,-3.334048933809612,-3.334048933809612,48.37500000000008,-2.159614398694174,-2.159614398694174,18.749999999999996,4.526356650842288,4.526356650842288,110.25000000000041,-3.282200353050591,-3.282200353050591,3.3750000000000004
11.799999999999974,0,0,7.813745157075488,7.813745157075488,46.125000000000064,-3.340011952766126,-3.340011952766126,67.50000000000018,-3.340011952766126,-3.340011952766126,48.37500000000008,-2.151214130872333,-2.151214130872333,18.749999999999996,4.5118275205182385,4.5118275205182385,110.25000000000041,-3.2882450138638575,-3.2882450138638575,3.3750000000000004
11.899999999999974,0,0,7.8425187950308555,7.8425187950308555,46.125000000000064,-3.3460205692619454,-3.3460205692619454,67.50000000000018,-3.3460205692619454,-3.3460205692619454,48.37500000000008,-2.1428770926101492,-2.1428770926101492,18.749999999999996,4.4990956955577985,4.4990956955577985,110.25000000000041,-3.2943533515702867,-3.2943533515702867,3.3750000000000004
11.999999999999973,0,0,7.866778898878366,7.866778898878366,46.125000000000064,-3.3520747778712376,-3.3520747778712376,67.50000000000018,-3.3520747778712376,-3.3520747778712376,48.37500000000008,-2.134633355271305,-2.134633355271305,18.749999999999996,4.4896465739982006,4.4896465739982006,110.25000000000041,-3.300525365132856,-3.300525365132856,3.3750000000000004
12.099999999999973,0,0,7.890736028464673,7.890736028464673,46.125000000000064,-3.358174573126526,-3.358174573126526,67.50000000000018,-3.358174573126526,-3.358174573126526,48.37500000000008,-2.1264658068052142,-2.1264658068052142,18.749999999999996,4.480075201399288,4.480075201399288,110.25000000000041,-3.306761053261347,-3.306761053261347,3.3750000000000004
12.199999999999973,0,0,7.915190705939125,7.915190705939125,46.125000000000064,-3.364319949518922,-3.364319949518922,67.50000000000018,-3.364319949518922,-3.364319949518922,48.37500000000008,-2.1183743926473113,-2.1183743926473113,18.749999999999996,4.465921757229168,4.465921757229168,110.25000000000041,-3.3130604144109768,-3.3130604144109768,3.3750000000000004
12.299999999999972,0,0,7.939603451847162,7.939603451847162,46.125000000000064,-3.3705109014980152,-3.3705109014980152,67.50000000000018,-3.3705109014980152,-3.3705109014980152,48.37500000000008,-2.110359094218907,-2.110359094218907,18.749999999999996,4.456064309371442,4.456064309371442,110.25000000000041,-3.3194234467810944,-3.3194234467810944,3.3750000000000004
12.399999999999972,0,0,7.968853502216746,7.968853502216746,46.125000000000064,-3.3767474234718975,-3.3767474234718975,67.50000000000018,-3.3767474234718975,-3.3767474234718975,48.37500000000008,-2.1024166227891357,-2.1024166227891357,18.749999999999996,4.4460873046576666,4.4460873046576666,110.25000000000041,-3.3258501483136698,-3.3258501483136698,3.3750000000000004
12.499999999999972,0,0,7.996883464981764,7.996883464981764,46.125000000000064,-3.3830295098071517,-3.3830295098071517,67.50000000000018,-3.3830295098071517,-3.3830295098071517,48.37500000000008,-2.094548145432057,-2.094548145432057,18.749999999999996,4.4359461123626005,4.4359461123626005,110.25000000000041,-3.3323405166919855,-3.3323405166919855,3.3750000000000004
12.599999999999971,0,0,8.021165833954953,8.021165833954953,46.125000000000064,-3.389357154828886,-3.389357154828886,67.50000000000018,-3.389357154828886,-3.389357154828886,48.37500000000008,-2.086755545214899,-2.086755545214899,18.749999999999996,4.422451684164798,4.422451684164798,110.25000000000041,-3.338894549339237,-3.338894549339237,3.3750000000000004
12.69999999999997,0,0,8.04446080642363,8.04446080642363,46.125000000000064,-3.395730352820621,-3.395730352820621,67.50000000000018,-3.395730352820621,-3.395730352820621,48.37500000000008,-2.0790389864798016,-2.0790389864798016,18.749999999999996,4.412219459103056,4.412219459103056,110.25000000000041,-3.3455122434170903,-3.3455122434170903,3.3750000000000004
12.79999999999997,0,0,8.06837616841132,8.06837616841132,46.125000000000064,-3.402149098024445,-3.402149098024445,67.50000000000018,-3.402149098024445,-3.402149098024445,48.37500000000008,-2.071398417233098,-2.071398417233098,18.749999999999996,4.399187977486832,4.399187977486832,110.25000000000041,-3.352193595824289,-3.352193595824289,3.3750000000000004
12.89999999999997,0,0,8.098136083115449,8.098136083115449,46.125000000000064,-3.40861338464088,-3.40861338464088,67.50000000000018,-3.40861338464088,-3.40861338464088,48.37500000000008,-2.0638213691825626,-2.0638213691825626,18.749999999999996,4.386453539329892,4.386453539329892,110.25000000000041,-3.3589193718383825,-3.3589193718383825,3.3750000000000004
12.99999999999997,0,0,8.12108863471451,8.12108863471451,46.125000000000064,-3.4151232068289445,-3.4151232068289445,67.50000000000018,-3.4151232068289445,-3.4151232068289445,48.37500000000008,-2.0563373041272257,-2.0563373041272257,18.749999999999996,4.376913153642903,4.376913153642903,110.25000000000041,-3.365701148190105,-3.365701148190105,3.3750000000000004
13.09999999999997,0,0,8.148145834144444,8.148145834144444,46.125000000000064,-3.4216785587061835,-3.4216785587061835,67.50000000000018,-3.4216785587061835,-3.4216785587061835,48.37500000000008,-2.048928992593545,-2.048928992593545,18.749999999999996,4.367227587736522,4.367227587736522,110.25000000000041,-3.372546476218325,-3.372546476218325,3.3750000000000004
13.199999999999969,0,0,8.172914131249101,8.172914131249101,46.125000000000064,-3.428279434348525,-3.428279434348525,67.50000000000018,-3.428279434348525,-3.428279434348525,48.37500000000008,-2.0415968459658984,-2.0415968459658984,18.749999999999996,4.354402444065897,4.354402444065897,110.25000000000041,-3.3794553517873567,-3.3794553517873567,3.3750000000000004
13.299999999999969,0,0,8.19547335161188,8.19547335161188,46.125000000000064,-3.4349258277904084,-3.4349258277904084,67.50000000000018,-3.4349258277904084,-3.4349258277904084,48.37500000000008,-2.034340831825091,-2.034340831825091,18.749999999999996,4.339881221336412,4.339881221336412,110.25000000000041,-3.3864277704944,-3.3864277704944,3.3750000000000004
13.399999999999968,0,0,8.21846376712675,8.21846376712675,46.125000000000064,-3.441617733024792,-3.441617733024792,67.50000000000018,-3.441617733024792,-3.441617733024792,48.37500000000008,-2.027154066133349,-2.027154066133349,18.749999999999996,4.327885695671583,4.327885695671583,110.25000000000041,-3.3934637276680135,-3.3934637276680135,3.3750000000000004
13.499999999999968,0,0,8.24818923008057,8.24818923008057,46.125000000000064,-3.4483551440030524,-3.4483551440030524,67.50000000000018,-3.4483551440030524,-3.4483551440030524,48.37500000000008,-2.020039087446264,-2.020039087446264,18.749999999999996,4.31757164176571,4.31757164176571,110.25000000000041,-3.4005632183667274,-3.4005632183667274,3.3750000000000004
13.599999999999968,0,0,8.270832670241276,8.270832670241276,46.125000000000064,-3.455138054635057,-3.455138054635057,67.50000000000018,-3.455138054635057,-3.455138054635057,48.37500000000008,-2.0130001561107633,-2.0130001561107633,18.749999999999996,4.304550465075863,4.304550465075863,110.25000000000041,-3.4077262373777373,-3.4077262373777373,3.3750000000000004
13.699999999999967,0,0,8.29330051090929,8.29330051090929,46.125000000000064,-3.461966458789057,-3.461966458789057,67.50000000000018,-3.461966458789057,-3.461966458789057,48.37500000000008,-2.006037304896921,-2.006037304896921,18.749999999999996,4.2938614427122985,4.2938614427122985,110.25000000000041,-3.414952779215298,-3.414952779215298,3.3750000000000004
13.799999999999967,0,0,8.320650079948962,8.320650079948962,46.125000000000064,-3.4688403502918916,-3.4688403502918916,67.50000000000018,-3.4688403502918916,-3.4688403502918916,48.37500000000008,-1.9991505044370825,-1.9991505044370825,18.749999999999996,4.280886950460385,4.280886950460385,110.25000000000041,-3.4222428381195655,-3.4222428381195655,3.3750000000000004
13.899999999999967,0,0,8.343185220866843,8.343185220866843,46.125000000000064,-3.4757597229287143,-3.4757597229287143,67.50000000000018,-3.4757597229287143,-3.4757597229287143,48.37500000000008,-1.9923397227275643,-1.9923397227275643,18.749999999999996,4.27137898923371,4.27137898923371,110.25000000000041,-3.4295964080549695,-3.4295964080549695,3.3750000000000004
13.999999999999966,0,0,8.369671348443873,8.369671348443873,46.125000000000064,-3.4827245704432954,-3.4827245704432954,67.50000000000018,-3.4827245704432954,-3.4827245704432954,48.37500000000008,-1.9856049270100584,-1.9856049270100584,18.749999999999996,4.25471814210745,4.25471814210745,110.25000000000041,-3.437013482708913,-3.437013482708913,3.3750000000000004
14.099999999999966,0,0,8.393074956391104,8.393074956391104,46.125000000000064,-3.48973488653769,-3.48973488653769,67.50000000000018,-3.48973488653769,-3.48973488653769,48.37500000000008,-1.9789460837728399,-1.9789460837728399,18.749999999999996,4.244918015460229,4.244918015460229,110.25000000000041,-3.4444940554903454,-3.4444940554903454,3.3750000000000004
14.199999999999966,0,0,8.415808401906602,8.415808401906602,46.125000000000064,-3.4967906648725204,-3.4967906648725204,67.50000000000018,-3.4967906648725204,-3.4967906648725204,48.37500000000008,-1.9723623121834066,-1.9723623121834066,18.749999999999996,4.234810227763745,4.234810227763745,110.25000000000041,-3.4520381195283463,-3.4520381195283463,3.3750000000000004
14.299999999999965,0,0,8.437436231297255,8.437436231297255,46.125000000000064,-3.5038918990667867,-3.5038918990667867,67.50000000000018,-3.5038918990667867,-3.5038918990667867,48.37500000000008,-1.96584640995313,-1.96584640995313,18.749999999999996,4.224480418218462,4.224480418218462,110.25000000000041,-3.459645667670671,-3.459645667670671,3.3750000000000004
14.399999999999965,0,0,8.459338409854965,8.459338409854965,46.125000000000064,-3.5110385826979567,-3.5110385826979567,67.50000000000018,-3.5110385826979567,-3.5110385826979567,48.37500000000008,-1.9594046309348556,-1.9594046309348556,18.749999999999996,4.209672392344217,4.209672392344217,110.25000000000041,-3.467316692482342,-3.467316692482342,3.3750000000000004
14.499999999999964,0,0,8.48783748388874,8.48783748388874,46.125000000000064,-3.5182307093019034,-3.5182307093019034,67.50000000000018,-3.5182307093019034,-3.5182307093019034,48.37500000000008,-1.953038667264238,-1.953038667264238,18.749999999999996,4.199304217856934,4.199304217856934,110.25000000000041,-3.475051186244343,-3.475051186244343,3.3750000000000004
14.599999999999964,0,0,8.509212039012056,8.509212039012056,46.125000000000064,-3.525468272372933,-3.525468272372933,67.50000000000018,-3.525468272372933,-3.525468272372933,48.37500000000008,-1.9467485921874612,-1.9467485921874612,18.749999999999996,4.185809372605746,4.185809372605746,110.25000000000041,-3.482849140951977,-3.482849140951977,3.3750000000000004
14.699999999999964,0,0,8.530646294910554,8.530646294910554,46.125000000000064,-3.5327512653639133,-3.5327512653639133,67.50000000000018,-3.5327512653639133,-3.5327512653639133,48.37500000000008,-1.9405343730432065,-1.9405343730432065,18.749999999999996,4.174889994596327,4.174889994596327,110.25000000000041,-3.490710548313764,-3.490710548313764,3.3750000000000004
14.799999999999963,0,0,8.554160524611504,8.554160524611504,46.125000000000064,-3.5400796816859312,-3.5400796816859312,67.50000000000018,-3.5400796816859312,-3.5400796816859312,48.37500000000008,-1.934395976443568,-1.934395976443568,18.749999999999996,4.164571770109006,4.164571770109006,110.25000000000041,-3.4986353997495954,-3.4986353997495954,3.3750000000000004
14.899999999999963,0,0,8.580335701200923,8.580335701200923,46.125000000000064,-3.54745351470865,-3.54745351470865,67.50000000000018,-3.54745351470865,-3.54745351470865,48.37500000000008,-1.9283333682781318,-1.9283333682781318,18.749999999999996,4.1543553011986205,4.1543553011986205,110.25000000000041,-3.5066236863897373,-3.5066236863897373,3.3750000000000004
14.999999999999963,0,0,8.601613177410016,8.601613177410016,46.125000000000064,-3.554872757760087,-3.554872757760087,67.50000000000018,-3.554872757760087,-3.554872757760087,48.37500000000008,-1.9223465137181819,-1.9223465137181819,18.749999999999996,4.1445958287309,4.1445958287309,110.25000000000041,-3.514651441006663,-3.514651441006663,3.3750000000000004
15.099999999999962,0,0,8.624450541699645,8.624450541699645,46.125000000000064,-3.562337404126673,-3.562337404126673,67.50000000000018,-3.562337404126673,-3.562337404126673,48.37500000000008,-1.9164353034199877,-1.9164353034199877,18.749999999999996,4.124393834795725,4.124393834795725,110.25000000000041,-3.5227389923664774,-3.5227389923664774,3.3750000000000004
15.199999999999962,0,0,8.646385506365874,8.646385506365874,46.125000000000064,-3.569847447053313,-3.569847447053313,67.50000000000018,-3.569847447053313,-3.569847447053313,48.37500000000008,-1.910591952297537,-1.910591952297537,18.749999999999996,4.114857374277719,4.114857374277719,110.25000000000041,-3.530889856706331,-3.530889856706331,3.3750000000000004
15.299999999999962,0,0,8.671838438998563,8.671838438998563,46.125000000000064,-3.5774028797432678,-3.5774028797432678,67.50000000000018,-3.5774028797432678,-3.5774028797432678,48.37500000000008,-1.9048235311390442,-1.9048235311390442,18.749999999999996,4.101765142504902,4.101765142504902,110.25000000000041,-3.539104024064173,-3.539104024064173,3.3750000000000004
15.399999999999961,0,0,8.694116451818374,8.694116451818374,46.125000000000064,-3.585003695358232,-3.585003695358232,67.50000000000018,-3.585003695358232,-3.585003695358232,48.37500000000008,-1.8991308281979116,-1.8991308281979116,18.749999999999996,4.091138959578615,4.091138959578615,110.25000000000041,-3.547381484183717,-3.547381484183717,3.3750000000000004
15.499999999999961,0,0,8.716344531856066,8.716344531856066,46.125000000000064,-3.5926498870182826,-3.5926498870182826,67.50000000000018,-3.5926498870182826,-3.5926498870182826,48.37500000000008,-1.8935138113221228,-1.8935138113221228,18.749999999999996,4.07610270192113,4.07610270192113,110.25000000000041,-3.5557222265131045,-3.5557222265131045,3.3750000000000004
15.59999999999996,0,0,8.737115846897424,8.737115846897424,46.125000000000064,-3.6003414478019238,-3.6003414478019238,67.50000000000018,-3.6003414478019238,-3.6003414478019238,48.37500000000008,-1.8879724476618946,-1.8879724476618946,18.749999999999996,4.065255867715379,4.065255867715379,110.25000000000041,-3.5641262402034,-3.5641262402034,3.3750000000000004
15.69999999999996,0,0,8.763111356098193,8.763111356098193,46.125000000000064,-3.6080783707460284,-3.6080783707460284,67.50000000000018,-3.6080783707460284,-3.6080783707460284,48.37500000000008,-1.882506703675233,-1.882506703675233,18.749999999999996,4.054306902807667,4.054306902807667,110.25000000000041,-3.572593514107183,-3.572593514107183,3.3750000000000004
15.79999999999996,0,0,8.78574751795982,8.78574751795982,46.125000000000064,-3.6158606488458958,-3.6158606488458958,67.50000000000018,-3.6158606488458958,-3.6158606488458958,48.37500000000008,-1.8771165451334468,-1.8771165451334468,18.749999999999996,4.043758404686628,4.043758404686628,110.25000000000041,-3.5811240367771973,-3.5811240367771973,3.3750000000000004
15.89999999999996,0,0,8.806191489529866,8.806191489529866,46.125000000000064,-3.6236882750552013,-3.6236882750552013,67.50000000000018,-3.6236882750552013,-3.6236882750552013,48.37500000000008,-1.871804000806975,-1.871804000806975,18.749999999999996,4.033318825215758,4.033318825215758,110.25000000000041,-3.5897177964647966,-3.5897177964647966,3.3750000000000004
15.99999999999996,0,0,8.83121627724492,8.83121627724492,46.125000000000064,-3.6315612422859473,-3.6315612422859473,67.50000000000018,-3.6315612422859473,-3.6315612422859473,48.37500000000008,-1.8665669390449438,-1.8665669390449438,18.749999999999996,4.019747001959672,4.019747001959672,110.25000000000041,-3.598374781118679,-3.598374781118679,3.3750000000000004
16.09999999999996,0,0,8.854294387662577,8.854294387662577,46.125000000000064,-3.6394795434086618,-3.6394795434086618,67.50000000000018,-3.6394795434086618,-3.6394795434086618,48.37500000000008,-1.8613987064325386,-1.8613987064325386,18.749999999999996,4.009498858529923,4.009498858529923,110.25000000000041,-3.607094978383323,-3.607094978383323,3.3750000000000004
16.19999999999996,0,0,8.874719268617014,8.874719268617014,46.125000000000064,-3.647443171252114,-3.647443171252114,67.50000000000018,-3.647443171252114,-3.647443171252114,48.37500000000008,-1.856305431081509,-1.856305431081509,18.749999999999996,3.9959524642052173,3.9959524642052173,110.25000000000041,-3.615878375597674,-3.615878375597674,3.3750000000000004
16.29999999999996,0,0,8.895077450631717,8.895077450631717,46.125000000000064,-3.655452118603513,-3.655452118603513,67.50000000000018,-3.655452118603513,-3.655452118603513,48.37500000000008,-1.8512876178400006,-1.8512876178400006,18.749999999999996,3.9785708540689626,3.9785708540689626,110.25000000000041,-3.624724959793596,-3.624724959793596,3.3750000000000004
16.399999999999963,0,0,8.921621373139644,8.921621373139644,46.125000000000064,-3.663506378208446,-3.663506378208446,67.50000000000018,-3.663506378208446,-3.663506378208446,48.37500000000008,-1.8463452923756734,-1.8463452923756734,18.749999999999996,3.967810625697126,3.967810625697126,110.25000000000041,-3.6336347176945907,-3.6336347176945907,3.3750000000000004
16.499999999999964,0,0,8.942688202221944,8.942688202221944,46.125000000000064,-3.6716059427708387,-3.6716059427708387,67.50000000000018,-3.6716059427708387,-3.6716059427708387,48.37500000000008,-1.8414805211598662,-1.8414805211598662,18.749999999999996,3.9568640179074634,3.9568640179074634,110.25000000000041,-3.6426076357142563,-3.6426076357142563,3.3750000000000004
16.599999999999966,0,0,8.96273584259697,8.96273584259697,46.125000000000064,-3.6797508049530094,-3.6797508049530094,67.50000000000018,-3.6797508049530094,-3.6797508049530094,48.37500000000008,-1.8366910151578821,-1.8366910151578821,18.749999999999996,3.941667497851938,3.941667497851938,110.25000000000041,-3.6516436999549526,-3.6516436999549526,3.3750000000000004
16.699999999999967,0,0,8.983553495101688,8.983553495101688,46.125000000000064,-3.687940957375595,-3.687940957375595,67.50000000000018,-3.687940957375595,-3.687940957375595,48.37500000000008,-1.8319767412585293,-1.8319767412585293,18.749999999999996,3.930583953265611,3.930583953265611,110.25000000000041,-3.660742896206237,-3.660742896206237,3.3750000000000004
16.79999999999997,0,0,9.009992103060583,9.009992103060583,46.125000000000064,-3.6961763926176445,-3.6961763926176445,67.50000000000018,-3.6961763926176445,-3.6961763926176445,48.37500000000008,-1.8273376656961773,-1.8273376656961773,18.749999999999996,3.920311347234872,3.920311347234872,110.25000000000041,-3.669905209943636,-3.669905209943636,3.3750000000000004
16.89999999999997,0,0,9.029843503070481,9.029843503070481,46.125000000000064,-3.7044571032165265,-3.7044571032165265,67.50000000000018,-3.7044571032165265,-3.7044571032165265,48.37500000000008,-1.8227732458400823,-1.8227732458400823,18.749999999999996,3.9099180796240915,3.9099180796240915,110.25000000000041,-3.6791306263270727,-3.6791306263270727,3.3750000000000004
16.99999999999997,0,0,9.049798013759528,9.049798013759528,46.125000000000064,-3.712783081667972,-3.712783081667972,67.50000000000018,-3.712783081667972,-3.712783081667972,48.37500000000008,-1.8182793132471744,-1.8182793132471744,18.749999999999996,3.8966052243040252,3.8966052243040252,110.25000000000041,-3.6884191301994633,-3.6884191301994633,3.3750000000000004
17.099999999999973,0,0,9.072081339850428,9.072081339850428,46.125000000000064,-3.721154320426052,-3.721154320426052,67.50000000000018,-3.721154320426052,-3.721154320426052,48.37500000000008,-1.8138617380874678,-1.8138617380874678,18.749999999999996,3.885636467835269,3.885636467835269,110.25000000000041,-3.6977496374868153,-3.6977496374868153,3.3750000000000004
17.199999999999974,0,0,9.096284985029868,9.096284985029868,46.125000000000064,-3.729570811903173,-3.729570811903173,67.50000000000018,-3.729570811903173,-3.729570811903173,48.37500000000008,-1.8095193003762944,-1.8095193003762944,18.749999999999996,3.871705066113293,3.871705066113293,110.25000000000041,-3.7071381379933683,-3.7071381379933683,3.3750000000000004
17.299999999999976,0,0,9.116019279391281,9.116019279391281,46.125000000000064,-3.738032548470109,-3.738032548470109,67.50000000000018,-3.738032548470109,-3.738032548470109,48.37500000000008,-1.805251965995751,-1.805251965995751,18.749999999999996,3.8589140922498757,3.8589140922498757,110.25000000000041,-3.7165895034343635,-3.7165895034343635,3.3750000000000004
17.399999999999977,0,0,9.13747840489701,9.13747840489701,46.125000000000064,-3.7465395224559472,-3.7465395224559472,67.50000000000018,-3.7465395224559472,-3.7465395224559472,48.37500000000008,-1.8010597001855473,-1.8010597001855473,18.749999999999996,3.841554470030289,3.841554470030289,110.25000000000041,-3.7261037155595176,-3.7261037155595176,3.3750000000000004
17.49999999999998,0,0,9.158281380638996,9.158281380638996,46.125000000000064,-3.7550917261480876,-3.7550917261480876,67.50000000000018,-3.7550917261480876,-3.7550917261480876,48.37500000000008,-1.7969424675446248,-1.7969424675446248,18.749999999999996,3.8274102803593877,3.8274102803593877,110.25000000000041,-3.7356807558339185,-3.7356807558339185,3.3750000000000004
17.59999999999998,0,0,9.181635281740341,9.181635281740341,46.125000000000064,-3.7636891517922635,-3.7636891517922635,67.50000000000018,-3.7636891517922635,-3.7636891517922635,48.37500000000008,-1.7929015620747748,-1.7929015620747748,18.749999999999996,3.8160942251960677,3.8160942251960677,110.25000000000041,-3.7453206054366817,-3.7453206054366817,3.3750000000000004
17.69999999999998,0,0,9.202264310408964,9.202264310408964,46.125000000000064,-3.772331791592613,-3.772331791592613,67.50000000000018,-3.772331791592613,-3.772331791592613,48.37500000000008,-1.7889359908498221,-1.7889359908498221,18.749999999999996,3.8048765447582724,3.8048765447582724,110.25000000000041,-3.7550232452596646,-3.7550232452596646,3.3750000000000004
17.799999999999983,0,0,9.223755863108082,9.223755863108082,46.125000000000064,-3.781019637711445,-3.781019637711445,67.50000000000018,-3.781019637711445,-3.781019637711445,48.37500000000008,-1.785043951106033,-1.785043951106033,18.749999999999996,3.7890807484138804,3.7890807484138804,110.25000000000041,-3.7647886559059103,-3.7647886559059103,3.3750000000000004
17.899999999999984,0,0,9.242893338400194,9.242893338400194,46.125000000000064,-3.7897526822694587,-3.7897526822694587,67.50000000000018,-3.7897526822694587,-3.7897526822694587,48.37500000000008,-1.7812230497194008,-1.7812230497194008,18.749999999999996,3.7780729010370777,3.7780729010370777,110.25000000000041,-3.774616817688461,-3.774616817688461,3.3750000000000004
17.999999999999986,0,0,9.26643749207436,9.26643749207436,46.125000000000064,-3.798530917345701,-3.798530917345701,67.50000000000018,-3.798530917345701,-3.798530917345701,48.37500000000008,-1.777477083122946,-1.777477083122946,18.749999999999996,3.767147245331799,3.767147245331799,110.25000000000041,-3.784507710628894,-3.784507710628894,3.3750000000000004
18.099999999999987,0,0,9.28807723508784,9.28807723508784,46.125000000000064,-3.8073543349774823,-3.8073543349774823,67.50000000000018,-3.8073543349774823,-3.8073543349774823,48.37500000000008,-1.7738066151566159,-1.7738066151566159,18.749999999999996,3.7560625636907474,3.7560625636907474,110.25000000000041,-3.794461314456008,-3.794461314456008,3.3750000000000004
18.19999999999999,0,0,9.30753220957699,9.30753220957699,46.125000000000064,-3.8162229271604104,-3.8162229271604104,67.50000000000018,-3.8162229271604104,-3.8162229271604104,48.37500000000008,-1.7702119506103884,-1.7702119506103884,18.749999999999996,3.745088735496509,3.745088735496509,110.25000000000041,-3.8044776086044223,-3.8044776086044223,3.3750000000000004
18.29999999999999,0,0,9.32657896948787,9.32657896948787,46.125000000000064,-3.825136685848406,-3.825136685848406,67.50000000000018,-3.825136685848406,-3.825136685848406,48.37500000000008,-1.7666920238924462,-1.7666920238924462,18.749999999999996,3.7306655702165017,3.7306655702165017,110.25000000000041,-3.814556572213114,-3.814556572213114,3.3750000000000004
18.39999999999999,0,0,9.351427261452258,9.351427261452258,46.125000000000064,-3.83409560295366,-3.83409560295366,67.50000000000018,-3.83409560295366,-3.83409560295366,48.37500000000008,-1.763246798043241,-1.763246798043241,18.749999999999996,3.719951123223993,3.719951123223993,110.25000000000041,-3.8246981841242302,-3.8246981841242302,3.3750000000000004
18.499999999999993,0,0,9.371602742302528,9.371602742302528,46.125000000000064,-3.8430996703466747,-3.8430996703466747,67.50000000000018,-3.8430996703466747,-3.8430996703466747,48.37500000000008,-1.7598762354832473,-1.7598762354832473,18.749999999999996,3.7089890337587406,3.7089890337587406,110.25000000000041,-3.834902422881548,-3.834902422881548,3.3750000000000004
18.599999999999994,0,0,9.390387348087344,9.390387348087344,46.125000000000064,-3.8521488798562302,-3.8521488798562302,67.50000000000018,-3.8521488798562302,-3.8521488798562302,48.37500000000008,-1.756580552553146,-1.756580552553146,18.749999999999996,3.6942126521285843,3.6942126521285843,110.25000000000041,-3.845169266729151,-3.845169266729151,3.3750000000000004
18.699999999999996,0,0,9.409645944878235,9.409645944878235,46.125000000000064,-3.8612432232693834,-3.8612432232693834,67.50000000000018,-3.8612432232693834,-3.8612432232693834,48.37500000000008,-1.7533581780288614,-1.7533581780288614,18.749999999999996,3.680981056690314,3.680981056690314,110.25000000000041,-3.8554986936100875,-3.8554986936100875,3.3750000000000004
18.799999999999997,0,0,9.43501613518032,9.43501613518032,46.125000000000064,-3.8703826923314892,-3.8703826923314892,67.50000000000018,-3.8703826923314892,-3.8703826923314892,48.37500000000008,-1.7502087188434672,-1.7502087188434672,18.749999999999996,3.6636135374962038,3.6636135374962038,110.25000000000041,-3.8658906811649203,-3.8658906811649203,3.3750000000000004
18.9,0,0,9.453680856716787,9.453680856716787,46.125000000000064,-3.879567278746123,-3.879567278746123,67.50000000000018,-3.879567278746123,-3.879567278746123,48.37500000000008,-1.74713385990772,-1.74713385990772,18.749999999999996,3.6479421412755357,3.6479421412755357,110.25000000000041,-3.8763452067303135,-3.8763452067303135,3.3750000000000004
19,0,0,9.472321687898145,9.472321687898145,46.125000000000064,-3.888796974175186,-3.888796974175186,67.50000000000018,-3.888796974175186,-3.888796974175186,48.37500000000008,-1.7441335631335022,-1.7441335631335022,18.749999999999996,3.636884513597664,3.636884513597664,110.25000000000041,-3.8868622473378593,-3.8868622473378593,3.3750000000000004
19.1,0,0,9.492866209308147,9.492866209308147,46.125000000000064,-3.8980717702387864,-3.8980717702387864,67.50000000000018,-3.8980717702387864,-3.8980717702387864,48.37500000000008,-1.7412079891519028,-1.7412079891519028,18.749999999999996,3.6256136558138223,3.6256136558138223,110.25000000000041,-3.8974417797123664,-3.8974417797123664,3.3750000000000004
19.200000000000003,0,0,9.516341816539807,9.516341816539807,46.125000000000064,-3.907391658515337,-3.907391658515337,67.50000000000018,-3.907391658515337,-3.907391658515337,48.37500000000008,-1.7383578950989431,-1.7383578950989431,18.749999999999996,3.614152703046699,3.614152703046699,110.25000000000041,-3.907391658515337,-3.907391658515337,3.3750000000000004
19.300000000000004,0,0,9.534777189348404,9.534777189348404,46.125000000000064,-3.916756630541478,-3.916756630541478,67.50000000000018,-3.916756630541478,-3.916756630541478,48.37500000000008,-1.7355821659611195,-1.7355821659611195,18.749999999999996,3.602505037796348,3.602505037796348,110.25000000000041,-3.916756630541478,-3.916756630541478,3.3750000000000004
19.400000000000006,0,0,9.554308088404255,9.554308088404255,46.125000000000064,-3.9261666778121054,-3.9261666778121054,67.50000000000018,-3.9261666778121054,-3.9261666778121054,48.37500000000008,-1.7328807626513338,-1.7328807626513338,18.749999999999996,3.591346660845261,3.591346660845261,110.25000000000041,-3.9261666778121054,-3.9261666778121054,3.3750000000000004
19.500000000000007,0,0,9.578315169020414,9.578315169020414,46.125000000000064,-3.935621791780356,-3.935621791780356,67.50000000000018,-3.935621791780356,-3.935621791780356,48.37500000000008,-1.7302534974493682,-1.7302534974493682,18.749999999999996,3.576703816054021,3.576703816054021,110.25000000000041,-3.935621791780356,-3.935621791780356,3.3750000000000004
19.60000000000001,0,0,9.596722691469736,9.596722691469736,46.125000000000064,-3.9451219638576163,-3.9451219638576163,67.50000000000018,-3.9451219638576163,-3.9451219638576163,48.37500000000008,-1.7276983532962902,-1.7276983532962902,18.749999999999996,3.565305565809936,3.565305565809936,110.25000000000041,-3.9451219638576163,-3.9451219638576163,3.3750000000000004
19.70000000000001,0,0,9.615236459318567,9.615236459318567,46.125000000000064,-3.9546671854135056,-3.9546671854135056,67.50000000000018,-3.9546671854135056,-3.9546671854135056,48.37500000000008,-1.725218597411299,-1.725218597411299,18.749999999999996,3.553680808728629,3.553680808728629,110.25000000000041,-3.9546671854135056,-3.9546671854135056,3.3750000000000004
19.80000000000001,0,0,9.635703343992347,9.635703343992347,46.125000000000064,-3.96425744777585,-3.96425744777585,67.50000000000018,-3.96425744777585,-3.96425744777585,48.37500000000008,-1.7228128097068947,-1.7228128097068947,18.749999999999996,3.538610166368599,3.538610166368599,110.25000000000041,-3.96425744777585,-3.96425744777585,3.3750000000000004
19.900000000000013,0,0,9.657964419033945,9.657964419033945,46.125000000000064,-3.97389274223071,-3.97389274223071,67.50000000000018,-3.97389274223071,-3.97389274223071,48.37500000000008,-1.720480966918032,-1.720480966918032,18.749999999999996,3.5274823227214256,3.5274823227214256,110.25000000000041,-3.97389274223071,-3.97389274223071,3.3750000000000004
20.000000000000014,0,0,9.67611421002718,9.67611421002718,46.125000000000064,-3.983573060022401,-3.983573060022401,67.50000000000018,-3.983573060022401,-3.983573060022401,48.37500000000008,-1.7182230311627507,-1.7182230311627507,18.749999999999996,3.5087099827562866,3.5087099827562866,110.25000000000041,-3.983573060022401,-3.983573060022401,3.3750000000000004
20.100000000000016,0,0,9.695809701549393,9.695809701549393,46.125000000000064,-3.9932983923534024,-3.9932983923534024,67.50000000000018,-3.9932983923534024,-3.9932983923534024,48.37500000000008,-1.716038920981262,-1.716038920981262,18.749999999999996,3.4943826528224236,3.4943826528224236,110.25000000000041,-3.9932983923534024,-3.9932983923534024,3.3750000000000004
20.200000000000017,0,0,9.715281037456762,9.715281037456762,46.125000000000064,-4.003068730384449,-4.003068730384449,67.50000000000018,-4.003068730384449,-4.003068730384449,48.37500000000008,-1.7139272166010784,-1.7139272166010784,18.749999999999996,3.482839220763381,3.482839220763381,110.25000000000041,-4.003068730384449,-4.003068730384449,3.3750000000000004
20.30000000000002,0,0,9.736723596333533,9.736723596333533,46.125000000000064,-4.012884065234452,-4.012884065234452,67.50000000000018,-4.012884065234452,-4.012884065234452,48.37500000000008,-1.7118908329675406,-1.7118908329675406,18.749999999999996,3.4710879463256816,3.4710879463256816,110.25000000000041,-4.012884065234452,-4.012884065234452,3.3750000000000004
20.40000000000002,0,0,9.755400716073112,9.755400716073112,46.125000000000064,-4.022744387980531,-4.022744387980531,67.50000000000018,-4.022744387980531,-4.022744387980531,48.37500000000008,-1.709925466092841,-1.709925466092841,18.749999999999996,3.459174582802845,3.459174582802845,110.25000000000041,-4.022744387980531,-4.022744387980531,3.3750000000000004
20.50000000000002,0,0,9.775425245058372,9.775425245058372,46.125000000000064,-4.0326496896580295,-4.0326496896580295,67.50000000000018,-4.0326496896580295,-4.0326496896580295,48.37500000000008,-1.7080341300927984,-1.7080341300927984,18.749999999999996,3.444539052709203,3.444539052709203,110.25000000000041,-4.0326496896580295,-4.0326496896580295,3.3750000000000004
20.600000000000023,0,0,9.793306489021617,9.793306489021617,46.125000000000064,-4.042599961260393,-4.042599961260393,67.50000000000018,-4.042599961260393,-4.042599961260393,48.37500000000008,-1.7062167680727924,-1.7062167680727924,18.749999999999996,3.4297283358018262,3.4297283358018262,110.25000000000041,-4.042599961260393,-4.042599961260393,3.3750000000000004
20.700000000000024,0,0,9.81447722538357,9.81447722538357,46.125000000000064,-4.052595193739393,-4.052595193739393,67.50000000000018,-4.052595193739393,-4.052595193739393,48.37500000000008,-1.7044730770377186,-1.7044730770377186,18.749999999999996,3.4158427959057605,3.4158427959057605,110.25000000000041,-4.052595193739393,-4.052595193739393,3.3750000000000004
20.800000000000026,0,0,9.834209404508286,9.834209404508286,46.125000000000064,-4.062635378004863,-4.062635378004863,67.50000000000018,-4.062635378004863,-4.062635378004863,48.37500000000008,-1.7028028813349465,-1.7028028813349465,18.749999999999996,3.404055153806283,3.404055153806283,110.25000000000041,-4.062635378004863,-4.062635378004863,3.3750000000000004
20.900000000000027,0,0,9.852791957070934,9.852791957070934,46.125000000000064,-4.07272050492486,-4.07272050492486,67.50000000000018,-4.07272050492486,-4.07272050492486,48.37500000000008,-1.7012074296153088,-1.7012074296153088,18.749999999999996,3.3922704557149643,3.3922704557149643,110.25000000000041,-4.07272050492486,-4.07272050492486,3.3750000000000004
21.00000000000003,0,0,9.873681506470234,9.873681506470234,46.125000000000064,-4.082850565325558,-4.082850565325558,67.50000000000018,-4.082850565325558,-4.082850565325558,48.37500000000008,-1.6996859083956508,-1.6996859083956508,18.749999999999996,3.379030426944027,3.379030426944027,110.25000000000041,-4.082850565325558,-4.082850565325558,3.3750000000000004
21.10000000000003,0,0,9.892486085693747,9.892486085693747,46.125000000000064,-4.093025549991438,-4.093025549991438,67.50000000000018,-4.093025549991438,-4.093025549991438,48.37500000000008,-1.6982382732835504,-1.6982382732835504,18.749999999999996,3.363205480973562,3.363205480973562,110.25000000000041,-4.093025549991438,-4.093025549991438,3.3750000000000004
21.20000000000003,0,0,9.911794167933976,9.911794167933976,46.125000000000064,-4.103245449664975,-4.103245449664975,67.50000000000018,-4.103245449664975,-4.103245449664975,48.37500000000008,-1.6968626522954935,-1.6968626522954935,18.749999999999996,3.3514733089518103,3.3514733089518103,110.25000000000041,-4.103245449664975,-4.103245449664975,3.3750000000000004
21.300000000000033,0,0,9.929154365841327,9.929154365841327,46.125000000000064,-4.113510255046926,-4.113510255046926,67.50000000000018,-4.113510255046926,-4.113510255046926,48.37500000000008,-1.6955603397119745,-1.6955603397119745,18.749999999999996,3.336331189728341,3.336331189728341,110.25000000000041,-4.113510255046926,-4.113510255046926,3.3750000000000004
21.400000000000034,0,0,9.950187191549063,9.950187191549063,46.125000000000064,-4.123819956796083,-4.123819956796083,67.50000000000018,-4.123819956796083,-4.123819956796083,48.37500000000008,-1.6943328257568453,-1.6943328257568453,18.749999999999996,3.3243952896568203,3.3243952896568203,110.25000000000041,-4.123819956796083,-4.123819956796083,3.3750000000000004
21.500000000000036,0,0,9.969545628078436,9.969545628078436,46.125000000000064,-4.134174545529483,-4.134174545529483,67.50000000000018,-4.134174545529483,-4.134174545529483,48.37500000000008,-1.693179365019887,-1.693179365019887,18.749999999999996,3.3092603878654074,3.3092603878654074,110.25000000000041,-4.134174545529483,-4.134174545529483,3.3750000000000004
21.600000000000037,0,0,9.987368433911683,9.987368433911683,46.125000000000064,-4.14457401182225,-4.14457401182225,67.50000000000018,-4.14457401182225,-4.14457401182225,48.37500000000008,-1.692099913190276,-1.692099913190276,18.749999999999996,3.2968978659573764,3.2968978659573764,110.25000000000041,-4.14457401182225,-4.14457401182225,3.3750000000000004
21.70000000000004,0,0,10.004546266547749,10.004546266547749,46.125000000000064,-4.155018346207633,-4.155018346207633,67.50000000000018,-4.155018346207633,-4.155018346207633,48.37500000000008,-1.6910942788818915,-1.6910942788818915,18.749999999999996,3.281778266458545,3.281778266458545,110.25000000000041,-4.155018346207633,-4.155018346207633,3.3750000000000004
21.80000000000004,0,0,10.026501511684614,10.026501511684614,46.125000000000064,-4.1655075391770495,-4.1655075391770495,67.50000000000018,-4.1655075391770495,-4.1655075391770495,48.37500000000008,-1.6901625330479817,-1.6901625330479817,18.749999999999996,3.269801269573037,3.269801269573037,110.25000000000041,-4.1655075391770495,-4.1655075391770495,3.3750000000000004
21.90000000000004,0,0,10.04510179408571,10.04510179408571,46.125000000000064,-4.17604158118003,-4.17604158118003,67.50000000000018,-4.17604158118003,-4.17604158118003,48.37500000000008,-1.6893050912134697,-1.6893050912134697,18.749999999999996,3.257985324125258,3.257985324125258,110.25000000000041,-4.17604158118003,-4.17604158118003,3.3750000000000004
22.000000000000043,0,0,10.062067049932722,10.062067049932722,46.125000000000064,-4.1866204626241625,-4.1866204626241625,67.50000000000018,-4.1866204626241625,-4.1866204626241625,48.37500000000008,-1.688520791556428,-1.688520791556428,18.749999999999996,3.2466326392885065,3.2466326392885065,110.25000000000041,-4.1866204626241625,-4.1866204626241625,3.3750000000000004
22.100000000000044,0,0,10.082841280897327,10.082841280897327,46.125000000000064,-4.197244173875234,-4.197244173875234,67.50000000000018,-4.197244173875234,-4.197244173875234,48.37500000000008,-1.6878104558901157,-1.6878104558901157,18.749999999999996,3.231730777011606,3.231730777011606,110.25000000000041,-4.197244173875234,-4.197244173875234,3.3750000000000004
22.200000000000045,0,0,10.101843358019295,10.101843358019295,46.125000000000064,-4.207912705257094,-4.207912705257094,67.50000000000018,-4.207912705257094,-4.207912705257094,48.37500000000008,-1.6871739723297594,-1.6871739723297594,18.749999999999996,3.220147791050991,3.220147791050991,110.25000000000041,-4.207912705257094,-4.207912705257094,3.3750000000000004
22.300000000000047,0,0,10.119039414395402,10.119039414395402,46.125000000000064,-4.218626047051693,-4.218626047051693,67.50000000000018,-4.218626047051693,-4.218626047051693,48.37500000000008,-1.6866119391287668,-1.6866119391287668,18.749999999999996,3.2010676764732438,3.2010676764732438,110.25000000000041,-4.218626047051693,-4.218626047051693,3.3750000000000004
22.40000000000005,0,0,10.135863452890902,10.135863452890902,46.125000000000064,-4.229384189499051,-4.229384189499051,67.50000000000018,-4.229384189499051,-4.229384189499051,48.37500000000008,-1.686124039628254,-1.686124039628254,18.749999999999996,3.188939466441127,3.188939466441127,110.25000000000041,-4.229384189499051,-4.229384189499051,3.3750000000000004
22.50000000000005,0,0,10.157465485635882,10.157465485635882,46.125000000000064,-4.240187122797344,-4.240187122797344,67.50000000000018,-4.240187122797344,-4.240187122797344,48.37500000000008,-1.6857102564947724,-1.6857102564947724,18.749999999999996,3.1734491310016324,3.1734491310016324,110.25000000000041,-4.240187122797344,-4.240187122797344,3.3750000000000004
22.60000000000005,0,0,10.175540240191935,10.175540240191935,46.125000000000064,-4.2510348371027575,-4.2510348371027575,67.50000000000018,-4.2510348371027575,-4.2510348371027575,48.37500000000008,-1.6853704505770963,-1.6853704505770963,18.749999999999996,3.1609654014738027,3.1609654014738027,110.25000000000041,-4.2510348371027575,-4.2510348371027575,3.3750000000000004
22.700000000000053,0,0,10.19211931278221,10.19211931278221,46.125000000000064,-4.261927322529644,-4.261927322529644,67.50000000000018,-4.261927322529644,-4.261927322529644,48.37500000000008,-1.6851049095537434,-1.6851049095537434,18.749999999999996,3.148312254660368,3.148312254660368,110.25000000000041,-4.261927322529644,-4.261927322529644,3.3750000000000004
22.800000000000054,0,0,10.208724911460223,10.208724911460223,46.125000000000064,-4.272864569150315,-4.272864569150315,67.50000000000018,-4.272864569150315,-4.272864569150315,48.37500000000008,-1.6849133505943428,-1.6849133505943428,18.749999999999996,3.132714634156727,3.132714634156727,110.25000000000041,-4.272864569150315,-4.272864569150315,3.3750000000000004
22.900000000000055,0,0,10.231172522173082,10.231172522173082,46.125000000000064,-4.28384656699523,-4.28384656699523,67.50000000000018,-4.28384656699523,-4.28384656699523,48.37500000000008,-1.6847959789240008,-1.6847959789240008,18.749999999999996,3.1173909518874154,3.1173909518874154,110.25000000000041,-4.28384656699523,-4.28384656699523,3.3750000000000004
23.000000000000057,0,0,10.247870048933478,10.247870048933478,46.125000000000064,-4.294873306052864,-4.294873306052864,67.50000000000018,-4.294873306052864,-4.294873306052864,48.37500000000008,-1.684752886224203,-1.684752886224203,18.749999999999996,3.1048984338655714,3.1048984338655714,110.25000000000041,-4.294873306052864,-4.294873306052864,3.3750000000000004
23.10000000000006,0,0,10.264339185940088,10.264339185940088,46.125000000000064,-4.305944776269769,-4.305944776269769,67.50000000000018,-4.305944776269769,-4.305944776269769,48.37500000000008,-1.684784110015073,-1.684784110015073,18.749999999999996,3.093563682014363,3.093563682014363,110.25000000000041,-4.305944776269769,-4.305944776269769,3.3750000000000004
23.20000000000006,0,0,10.285507366451114,10.285507366451114,46.125000000000064,-4.317060967550567,-4.317060967550567,67.50000000000018,-4.317060967550567,-4.317060967550567,48.37500000000008,-1.684889619073715,-1.684889619073715,18.749999999999996,3.0820727909088674,3.0820727909088674,110.25000000000041,-4.317060967550567,-4.317060967550567,3.3750000000000004
23.30000000000006,0,0,10.303156905248827,10.303156905248827,46.125000000000064,-4.328221869757897,-4.328221869757897,67.50000000000018,-4.328221869757897,-4.328221869757897,48.37500000000008,-1.6850694497895233,-1.6850694497895233,18.749999999999996,3.066726731630922,3.066726731630922,110.25000000000041,-4.328221869757897,-4.328221869757897,3.3750000000000004
23.400000000000063,0,0,10.319351508913172,10.319351508913172,46.125000000000064,-4.339427472712373,-4.339427472712373,67.50000000000018,-4.339427472712373,-4.339427472712373,48.37500000000008,-1.6853236110071066,-1.6853236110071066,18.749999999999996,3.050589285045419,3.050589285045419,110.25000000000041,-4.339427472712373,-4.339427472712373,3.3750000000000004
23.500000000000064,0,0,10.33560396398829,10.33560396398829,46.125000000000064,-4.350677766192767,-4.350677766192767,67.50000000000018,-4.350677766192767,-4.350677766192767,48.37500000000008,-1.6856520315287327,-1.6856520315287327,18.749999999999996,3.0383046251019294,3.0383046251019294,110.25000000000041,-4.350677766192767,-4.350677766192767,3.3750000000000004
23.600000000000065,0,0,10.35755536371721,10.35755536371721,46.125000000000064,-4.361972739935744,-4.361972739935744,67.50000000000018,-4.361972739935744,-4.361972739935744,48.37500000000008,-1.6860549624519194,-1.6860549624519194,18.749999999999996,3.025838110756567,3.025838110756567,110.25000000000041,-4.361972739935744,-4.361972739935744,3.3750000000000004
23.700000000000067,0,0,10.373898942897199,10.373898942897199,46.125000000000064,-4.373312383636126,-4.373312383636126,67.50000000000018,-4.373312383636126,-4.373312383636126,48.37500000000008,-1.6865328009510563,-1.6865328009510563,18.749999999999996,3.0131649296648106,3.0131649296648106,110.25000000000041,-4.373312383636126,-4.373312383636126,3.3750000000000004
23.800000000000068,0,0,10.389989186603472,10.389989186603472,46.125000000000064,-4.384696686946583,-4.384696686946583,67.50000000000018,-4.384696686946583,-4.384696686946583,48.37500000000008,-1.6870849949816318,-1.6870849949816318,18.749999999999996,2.9945683109930314,2.9945683109930314,110.25000000000041,-4.384696686946583,-4.384696686946583,3.3750000000000004
23.90000000000007,0,0,10.406903682934612,10.406903682934612,46.125000000000064,-4.396125639477916,-4.396125639477916,67.50000000000018,-4.396125639477916,-4.396125639477916,48.37500000000008,-1.6877116813925994,-1.6877116813925994,18.749999999999996,2.9786711690776144,2.9786711690776144,110.25000000000041,-4.396125639477916,-4.396125639477916,3.3750000000000004
24.00000000000007,0,0,10.427989769432742,10.427989769432742,46.125000000000064,-4.4075992307988585,-4.4075992307988585,67.50000000000018,-4.4075992307988585,-4.4075992307988585,48.37500000000008,-1.6884131127078064,-1.6884131127078064,18.749999999999996,2.9630405197599146,2.9630405197599146,110.25000000000041,-4.4075992307988585,-4.4075992307988585,3.3750000000000004
24.100000000000072,0,0,10.443801780051942,10.443801780051942,46.125000000000064,-4.419117450436204,-4.419117450436204,67.50000000000018,-4.419117450436204,-4.419117450436204,48.37500000000008,-1.6891889161707638,-1.6891889161707638,18.749999999999996,2.952224022003662,2.952224022003662,110.25000000000041,-4.419117450436204,-4.419117450436204,3.3750000000000004
24.200000000000074,0,0,10.459703750032958,10.459703750032958,46.125000000000064,-4.430680287874651,-4.430680287874651,67.50000000000018,-4.430680287874651,-4.430680287874651,48.37500000000008,-1.6900392559333426,-1.6900392559333426,18.749999999999996,2.9402617328453857,2.9402617328453857,110.25000000000041,-4.430680287874651,-4.430680287874651,3.3750000000000004
24.300000000000075,0,0,10.48108231849372,10.48108231849372,46.125000000000064,-4.442287732556906,-4.442287732556906,67.50000000000018,-4.442287732556906,-4.442287732556906,48.37500000000008,-1.6909644424339945,-1.6909644424339945,18.749999999999996,2.9254940068972104,2.9254940068972104,110.25000000000041,-4.442287732556906,-4.442287732556906,3.3750000000000004
24.400000000000077,0,0,10.497163615789802,10.497163615789802,46.125000000000064,-4.453939773883697,-4.453939773883697,67.50000000000018,-4.453939773883697,-4.453939773883697,48.37500000000008,-1.6919642238597277,-1.6919642238597277,18.749999999999996,2.913872368426425,2.913872368426425,110.25000000000041,-4.453939773883697,-4.453939773883697,3.3750000000000004
24.500000000000078,0,0,10.512869838368601,10.512869838368601,46.125000000000064,-4.465636401213629,-4.465636401213629,67.50000000000018,-4.465636401213629,-4.465636401213629,48.37500000000008,-1.6930395499602184,-1.6930395499602184,18.749999999999996,2.8982576278626198,2.8982576278626198,110.25000000000041,-4.465636401213629,-4.465636401213629,3.3750000000000004
24.60000000000008,0,0,10.529329602304628,10.529329602304628,46.125000000000064,-4.477377603863339,-4.477377603863339,67.50000000000018,-4.477377603863339,-4.477377603863339,48.37500000000008,-1.6941899956192685,-1.6941899956192685,18.749999999999996,2.8814787915166136,2.8814787915166136,110.25000000000041,-4.477377603863339,-4.477377603863339,3.3750000000000004
24.70000000000008,0,0,10.55005250935946,10.55005250935946,46.125000000000064,-4.489163371107388,-4.489163371107388,67.50000000000018,-4.489163371107388,-4.489163371107388,48.37500000000008,-1.6954150448390095,-1.6954150448390095,18.749999999999996,2.8688312807899052,2.8688312807899052,110.25000000000041,-4.489163371107388,-4.489163371107388,3.3750000000000004
24.800000000000082,0,0,10.565503193463528,10.565503193463528,46.125000000000064,-4.500993692178291,-4.500993692178291,67.50000000000018,-4.500993692178291,-4.500993692178291,48.37500000000008,-1.6967148821251925,-1.6967148821251925,18.749999999999996,2.855941527558983,2.855941527558983,110.25000000000041,-4.500993692178291,-4.500993692178291,3.3750000000000004
24.900000000000084,0,0,10.58105278322445,10.58105278322445,46.125000000000064,-4.51286855626649,-4.51286855626649,67.50000000000018,-4.51286855626649,-4.51286855626649,48.37500000000008,-1.6980900352271675,-1.6980900352271675,18.749999999999996,2.842759565271578,2.842759565271578,110.25000000000041,-4.51286855626649,-4.51286855626649,3.3750000000000004
25.000000000000085,0,0,10.601784867126412,10.601784867126412,46.125000000000064,-4.524787952520384,-4.524787952520384,67.50000000000018,-4.524787952520384,-4.524787952520384,48.37500000000008,-1.6989104096581684,-1.6989104096581684,18.749999999999996,2.823431033930916,2.823431033930916,110.25000000000041,-4.524787952520384,-4.524787952520384,3.3750000000000004
25.100000000000087,0,0,10.617688620602934,10.617688620602934,46.125000000000064,-4.53675187004626,-4.53675187004626,67.50000000000018,-4.53675187004626,-4.53675187004626,48.37500000000008,-1.6997999062452607,-1.6997999062452607,18.749999999999996,2.8103735697598182,2.8103735697598182,110.25000000000041,-4.53675187004626,-4.53675187004626,3.3750000000000004
25.200000000000088,0,0,10.633010550791894,10.633010550791894,46.125000000000064,-4.548760297908352,-4.548760297908352,67.50000000000018,-4.548760297908352,-4.548760297908352,48.37500000000008,-1.6949314460362643,-1.6949314460362643,18.749999999999996,2.7979507560952612,2.7979507560952612,110.25000000000041,-4.548760297908352,-4.548760297908352,3.3750000000000004
25.30000000000009,0,0,10.648926861037467,10.648926861037467,46.125000000000064,-4.560813225128811,-4.560813225128811,67.50000000000018,-4.560813225128811,-4.560813225128811,48.37500000000008,-1.6903454112849516,-1.6903454112849516,18.749999999999996,2.785632486804971,2.785632486804971,110.25000000000041,-4.560813225128811,-4.560813225128811,3.3750000000000004
25.40000000000009,0,0,10.668932614965627,10.668932614965627,46.125000000000064,-4.57291064068766,-4.57291064068766,67.50000000000018,-4.57291064068766,-4.57291064068766,48.37500000000008,-1.6858359585432936,-1.6858359585432936,18.749999999999996,2.773624319893713,2.773624319893713,110.25000000000041,-4.57291064068766,-4.57291064068766,3.3750000000000004
25.500000000000092,0,0,10.683965000240306,10.683965000240306,46.125000000000064,-4.585052533522891,-4.585052533522891,67.50000000000018,-4.585052533522891,-4.585052533522891,48.37500000000008,-1.6813686279261475,-1.6813686279261475,18.749999999999996,2.761608411673336,2.761608411673336,110.25000000000041,-4.585052533522891,-4.585052533522891,3.3750000000000004
25.600000000000094,0,0,10.699095739747335,10.699095739747335,46.125000000000064,-4.597238892530278,-4.597238892530278,67.50000000000018,-4.597238892530278,-4.597238892530278,48.37500000000008,-1.6769432254092465,-1.6769432254092465,18.749999999999996,2.749359281049408,2.749359281049408,110.25000000000041,-4.597238892530278,-4.597238892530278,3.3750000000000004
25.700000000000095,0,0,10.715314668860486,10.715314668860486,46.125000000000064,-4.609469706563573,-4.609469706563573,67.50000000000018,-4.609469706563573,-4.609469706563573,48.37500000000008,-1.6725595557856536,-1.6725595557856536,18.749999999999996,2.726122161374491,2.726122161374491,110.25000000000041,-4.609469706563573,-4.609469706563573,3.3750000000000004
25.800000000000097,0,0,10.731864285929106,10.731864285929106,46.125000000000064,-4.62174496443437,-4.62174496443437,67.50000000000018,-4.62174496443437,-4.62174496443437,48.37500000000008,-1.6682174229885902,-1.6682174229885902,18.749999999999996,2.710052324685819,2.710052324685819,110.25000000000041,-4.62174496443437,-4.62174496443437,3.3750000000000004
25.900000000000098,0,0,10.746781228409148,10.746781228409148,46.125000000000064,-4.634064654912137,-4.634064654912137,67.50000000000018,-4.634064654912137,-4.634064654912137,48.37500000000008,-1.6639166304507853,-1.6639166304507853,18.749999999999996,2.6969395240802783,2.6969395240802783,110.25000000000041,-4.634064654912137,-4.634064654912137,3.3750000000000004
26.0000000000001,0,0,10.761666930121834,10.761666930121834,46.125000000000064,-4.646428766724199,-4.646428766724199,67.50000000000018,-4.646428766724199,-4.646428766724199,48.37500000000008,-1.6596569815027067,-1.6596569815027067,18.749999999999996,2.683742908422502,2.683742908422502,110.25000000000041,-4.646428766724199,-4.646428766724199,3.3750000000000004
26.1000000000001,0,0,10.77774421619732,10.77774421619732,46.125000000000064,-4.6588372885557305,-4.6588372885557305,67.50000000000018,-4.6588372885557305,-4.6588372885557305,48.37500000000008,-1.6556105305399456,-1.6556105305399456,18.749999999999996,2.670628919616547,2.670628919616547,110.25000000000041,-4.6588372885557305,-4.6588372885557305,3.3750000000000004
26.200000000000102,0,0,10.794016418241085,10.794016418241085,46.125000000000064,-4.671290209049765,-4.671290209049765,67.50000000000018,-4.671290209049765,-4.671290209049765,48.37500000000008,-1.651734214523131,-1.651734214523131,18.749999999999996,2.6544591053231983,2.6544591053231983,110.25000000000041,-4.671290209049765,-4.671290209049765,3.3750000000000004
26.300000000000104,0,0,10.808711000102903,10.808711000102903,46.125000000000064,-4.683787516807186,-4.683787516807186,67.50000000000018,-4.683787516807186,-4.683787516807186,48.37500000000008,-1.6479031012317762,-1.6479031012317762,18.749999999999996,2.6385262925173407,2.6385262925173407,110.25000000000041,-4.683787516807186,-4.683787516807186,3.3750000000000004
26.400000000000105,0,0,10.823570513504222,10.823570513504222,46.125000000000064,-4.696329200386685,-4.696329200386685,67.50000000000018,-4.696329200386685,-4.696329200386685,48.37500000000008,-1.6441170641487872,-1.6441170641487872,18.749999999999996,2.625767611653842,2.625767611653842,110.25000000000041,-4.696329200386685,-4.696329200386685,3.3750000000000004
26.500000000000107,0,0,10.839461041713037,10.839461041713037,46.125000000000064,-4.70891524830482,-4.70891524830482,67.50000000000018,-4.70891524830482,-4.70891524830482,48.37500000000008,-1.6403759782496508,-1.6403759782496508,18.749999999999996,2.6131585098749355,2.6131585098749355,110.25000000000041,-4.70891524830482,-4.70891524830482,3.3750000000000004
26.600000000000108,0,0,10.85535138233449,10.85535138233449,46.125000000000064,-4.721545649035896,-4.721545649035896,67.50000000000018,-4.721545649035896,-4.721545649035896,48.37500000000008,-1.6366797204678818,-1.6366797204678818,18.749999999999996,2.60061425820615,2.60061425820615,110.25000000000041,-4.721545649035896,-4.721545649035896,3.3750000000000004
26.70000000000011,0,0,10.87003195932887,10.87003195932887,46.125000000000064,-4.734220391012123,-4.734220391012123,67.50000000000018,-4.734220391012123,-4.734220391012123,48.37500000000008,-1.633028170205435,-1.633028170205435,18.749999999999996,2.5851753765494863,2.5851753765494863,110.25000000000041,-4.734220391012123,-4.734220391012123,3.3750000000000004
26.80000000000011,0,0,10.884801515338893,10.884801515338893,46.125000000000064,-4.746939462623409,-4.746939462623409,67.50000000000018,-4.746939462623409,-4.746939462623409,48.37500000000008,-1.6294212098922003,-1.6294212098922003,18.749999999999996,2.5685026592246487,2.5685026592246487,110.25000000000041,-4.746939462623409,-4.746939462623409,3.3750000000000004
26.900000000000112,0,0,10.900395603031924,10.900395603031924,46.125000000000064,-4.759702852217565,-4.759702852217565,67.50000000000018,-4.759702852217565,-4.759702852217565,48.37500000000008,-1.6259359953643155,-1.6259359953643155,18.749999999999996,2.5521972178936494,2.5521972178936494,110.25000000000041,-4.759702852217565,-4.759702852217565,3.3750000000000004
27.000000000000114,0,0,10.916070150178285,10.916070150178285,46.125000000000064,-4.772510548100122,-4.772510548100122,67.50000000000018,-4.772510548100122,-4.772510548100122,48.37500000000008,-1.6227177961528696,-1.6227177961528696,18.749999999999996,2.5388656970252015,2.5388656970252015,110.25000000000041,-4.772510548100122,-4.772510548100122,3.3750000000000004
27.100000000000115,0,0,10.93064815925834,10.93064815925834,46.125000000000064,-4.785362538534393,-4.785362538534393,67.50000000000018,-4.785362538534393,-4.785362538534393,48.37500000000008,-1.6195481855193634,-1.6195481855193634,18.749999999999996,2.5252856025432777,2.5252856025432777,110.25000000000041,-4.785362538534393,-4.785362538534393,3.3750000000000004
27.200000000000117,0,0,10.945308952340568,10.945308952340568,46.125000000000064,-4.798258811741469,-4.798258811741469,67.50000000000018,-4.798258811741469,-4.798258811741469,48.37500000000008,-1.6164271147555809,-1.6164271147555809,18.749999999999996,2.5087325073197633,2.5087325073197633,110.25000000000041,-4.798258811741469,-4.798258811741469,3.3750000000000004
27.300000000000118,0,0,10.960694172670017,10.960694172670017,46.125000000000064,-4.811199355900243,-4.811199355900243,67.50000000000018,-4.811199355900243,-4.811199355900243,48.37500000000008,-1.6133545398192126,-1.6133545398192126,18.749999999999996,2.4924910762373145,2.4924910762373145,110.25000000000041,-4.811199355900243,-4.811199355900243,3.3750000000000004
27.40000000000012,0,0,10.976083430273746,10.976083430273746,46.125000000000064,-4.824184159147308,-4.824184159147308,67.50000000000018,-4.824184159147308,-4.824184159147308,48.37500000000008,-1.6103304219713834,-1.6103304219713834,18.749999999999996,2.476905199850293,2.476905199850293,110.25000000000041,-4.824184159147308,-4.824184159147308,3.3750000000000004
27.50000000000012,0,0,10.990495145871293,10.990495145871293,46.125000000000064,-4.837213209577044,-4.837213209577044,67.50000000000018,-4.837213209577044,-4.837213209577044,48.37500000000008,-1.607354728470682,-1.607354728470682,18.749999999999996,2.4642030175424594,2.4642030175424594,110.25000000000041,-4.837213209577044,-4.837213209577044,3.3750000000000004
27.600000000000122,0,0,11.005317038844368,11.005317038844368,46.125000000000064,-4.850286495241562,-4.850286495241562,67.50000000000018,-4.850286495241562,-4.850286495241562,48.37500000000008,-1.604427433327885,-1.604427433327885,18.749999999999996,2.448210190712274,2.448210190712274,110.25000000000041,-4.850286495241562,-4.850286495241562,3.3750000000000004
27.700000000000124,0,0,11.02044435765228,11.02044435765228,46.125000000000064,-4.863404004150681,-4.863404004150681,67.50000000000018,-4.863404004150681,-4.863404004150681,48.37500000000008,-1.6015485181273164,-1.6015485181273164,18.749999999999996,2.4352214131443617,2.4352214131443617,110.25000000000041,-4.863404004150681,-4.863404004150681,3.3750000000000004
27.800000000000125,0,0,11.035339997472164,11.035339997472164,46.125000000000064,-4.876565724271984,-4.876565724271984,67.50000000000018,-4.876565724271984,-4.876565724271984,48.37500000000008,-1.5989964968525499,-1.5989964968525499,18.749999999999996,2.422293286772941,2.422293286772941,110.25000000000041,-4.876565724271984,-4.876565724271984,3.3750000000000004
27.900000000000126,0,0,11.049807265235842,11.049807265235842,46.125000000000064,-4.8897716435307785,-4.8897716435307785,67.50000000000018,-4.8897716435307785,-4.8897716435307785,48.37500000000008,-1.596515175765461,-1.596515175765461,18.749999999999996,2.409148171859485,2.409148171859485,110.25000000000041,-4.8897716435307785,-4.8897716435307785,3.3750000000000004
28.000000000000128,0,0,11.064617348123804,11.064617348123804,46.125000000000064,-4.903021749809973,-4.903021749809973,67.50000000000018,-4.903021749809973,-4.903021749809973,48.37500000000008,-1.5940862211000564,-1.5940862211000564,18.749999999999996,2.3919328502663433,2.3919328502663433,110.25000000000041,-4.903021749809973,-4.903021749809973,3.3750000000000004
28.10000000000013,0,0,11.079517787906909,11.079517787906909,46.125000000000064,-4.916316030950327,-4.916316030950327,67.50000000000018,-4.916316030950327,-4.916316030950327,48.37500000000008,-1.59170968293094,-1.59170968293094,18.749999999999996,2.3752973714338026,2.3752973714338026,110.25000000000041,-4.916316030950327,-4.916316030950327,3.3750000000000004
28.20000000000013,0,0,11.094016482732599,11.094016482732599,46.125000000000064,-4.929654474750201,-4.929654474750201,67.50000000000018,-4.929654474750201,-4.929654474750201,48.37500000000008,-1.5893856206478034,-1.5893856206478034,18.749999999999996,2.3616360571698465,2.3616360571698465,110.25000000000041,-4.929654474750201,-4.929654474750201,3.3750000000000004
28.300000000000132,0,0,11.10842896755598,11.10842896755598,46.125000000000064,-4.943037068965644,-4.943037068965644,67.50000000000018,-4.943037068965644,-4.943037068965644,48.37500000000008,-1.5871141038745833,-1.5871141038745833,18.749999999999996,2.3477402407878145,2.3477402407878145,110.25000000000041,-4.943037068965644,-4.943037068965644,3.3750000000000004
28.400000000000134,0,0,11.12312435448304,11.12312435448304,46.125000000000064,-4.9564638013103846,-4.9564638013103846,67.50000000000018,-4.9564638013103846,-4.9564638013103846,48.37500000000008,-1.5848952134649181,-1.5848952134649181,18.749999999999996,2.3313910104353255,2.3313910104353255,110.25000000000041,-4.9564638013103846,-4.9564638013103846,3.3750000000000004
28.500000000000135,0,0,11.13793646970133,11.13793646970133,46.125000000000064,-4.969934659455873,-4.969934659455873,67.50000000000018,-4.969934659455873,-4.969934659455873,48.37500000000008,-1.5827290425799276,-1.5827290425799276,18.749999999999996,2.3182448138497875,2.3182448138497875,110.25000000000041,-4.969934659455873,-4.969934659455873,3.3750000000000004
28.600000000000136,0,0,11.152088159151617,11.152088159151617,46.125000000000064,-4.983449631031107,-4.983449631031107,67.50000000000018,-4.983449631031107,-4.983449631031107,48.37500000000008,-1.5807971670879795,-1.5807971670879795,18.749999999999996,2.3019502128238685,2.3019502128238685,110.25000000000041,-4.983449631031107,-4.983449631031107,3.3750000000000004
28.700000000000138,0,0,11.166366591606618,11.166366591606618,46.125000000000064,-4.997008703622853,-4.997008703622853,67.50000000000018,-4.997008703622853,-4.997008703622853,48.37500000000008,-1.579032784867465,-1.579032784867465,18.749999999999996,2.2889616204716248,2.2889616204716248,110.25000000000041,-4.997008703622853,-4.997008703622853,3.3750000000000004
28.80000000000014,0,0,11.180987617578708,11.180987617578708,46.125000000000064,-5.010611864775399,-5.010611864775399,67.50000000000018,-5.010611864775399,-5.010611864775399,48.37500000000008,-1.5773250209733902,-1.5773250209733902,18.749999999999996,2.2760134829821226,2.2760134829821226,110.25000000000041,-5.010611864775399,-5.010611864775399,3.3750000000000004
28.90000000000014,0,0,11.195756532947343,11.195756532947343,46.125000000000064,-5.024259101990765,-5.024259101990765,67.50000000000018,-5.024259101990765,-5.024259101990765,48.37500000000008,-1.5756740358342256,-1.5756740358342256,18.749999999999996,2.259704772459088,2.259704772459088,110.25000000000041,-5.024259101990765,-5.024259101990765,3.3750000000000004
29.000000000000142,0,0,11.209381362783134,11.209381362783134,46.125000000000064,-5.037950402728519,-5.037950402728519,67.50000000000018,-5.037950402728519,-5.037950402728519,48.37500000000008,-1.5740800040583736,-1.5740800040583736,18.749999999999996,2.246609035506225,2.246609035506225,110.25000000000041,-5.037950402728519,-5.037950402728519,3.3750000000000004
29.100000000000144,0,0,11.223684413869293,11.223684413869293,46.125000000000064,-5.051685754405916,-5.051685754405916,67.50000000000018,-5.051685754405916,-5.051685754405916,48.37500000000008,-1.5725431156338772,-1.5725431156338772,18.749999999999996,2.2304025558856324,2.2304025558856324,110.25000000000041,-5.051685754405916,-5.051685754405916,3.3750000000000004
29.200000000000145,0,0,11.238268421443792,11.238268421443792,46.125000000000064,-5.065465144397784,-5.065465144397784,67.50000000000018,-5.065465144397784,-5.065465144397784,48.37500000000008,-1.5710635772237538,-1.5710635772237538,18.749999999999996,2.2129021267345337,2.2129021267345337,110.25000000000041,-5.065465144397784,-5.065465144397784,3.3750000000000004
29.300000000000146,0,0,11.252778200201973,11.252778200201973,46.125000000000064,-5.079288560036495,-5.079288560036495,67.50000000000018,-5.079288560036495,-5.079288560036495,48.37500000000008,-1.569641613565068,-1.569641613565068,18.749999999999996,2.1959426856938506,2.1959426856938506,110.25000000000041,-5.079288560036495,-5.079288560036495,3.3750000000000004
29.400000000000148,0,0,11.266067353132115,11.266067353132115,46.125000000000064,-5.093155988612075,-5.093155988612075,67.50000000000018,-5.093155988612075,-5.093155988612075,48.37500000000008,-1.568367053701138,-1.568367053701138,18.749999999999996,2.1794198929620023,2.1794198929620023,110.25000000000041,-5.093155988612075,-5.093155988612075,3.3750000000000004
29.50000000000015,0,0,11.280429453235243,11.280429453235243,46.125000000000064,-5.1070674173721144,-5.1070674173721144,67.50000000000018,-5.1070674173721144,-5.1070674173721144,48.37500000000008,-1.5673505946075608,-1.5673505946075608,18.749999999999996,2.166095228021092,2.166095228021092,110.25000000000041,-5.1070674173721144,-5.1070674173721144,3.3750000000000004
29.60000000000015,0,0,11.294781608586632,11.294781608586632,46.125000000000064,-5.121022833521749,-5.121022833521749,67.50000000000018,-5.121022833521749,-5.121022833521749,48.37500000000008,-1.5663955136045473,-1.5663955136045473,18.749999999999996,2.1493562781348032,2.1493562781348032,110.25000000000041,-5.121022833521749,-5.121022833521749,3.3750000000000004
29.700000000000152,0,0,11.309022438167148,11.309022438167148,46.125000000000064,-5.135022224223704,-5.135022224223704,67.50000000000018,-5.135022224223704,-5.135022224223704,48.37500000000008,-1.5655021018592237,-1.5655021018592237,18.749999999999996,2.1363834452373,2.1363834452373,110.25000000000041,-5.135022224223704,-5.135022224223704,3.3750000000000004
29.800000000000153,0,0,11.322249914685713,11.322249914685713,46.125000000000064,-5.149065576598197,-5.149065576598197,67.50000000000018,-5.149065576598197,-5.149065576598197,48.37500000000008,-1.56467067069147,-1.56467067069147,18.749999999999996,2.1229551017923,2.1229551017923,110.25000000000041,-5.149065576598197,-5.149065576598197,3.3750000000000004
29.900000000000155,0,0,11.336458202150283,11.336458202150283,46.125000000000064,-5.163152877723093,-5.163152877723093,67.50000000000018,-5.163152877723093,-5.163152877723093,48.37500000000008,-1.5639015531282894,-1.5639015531282894,18.749999999999996,2.109507147666534,2.109507147666534,110.25000000000041,-5.163152877723093,-5.163152877723093,3.3750000000000004
30.000000000000156,0,0,11.35068446395762,11.35068446395762,46.125000000000064,-5.177284114633721,-5.177284114633721,67.50000000000018,-5.177284114633721,-5.177284114633721,48.37500000000008,-1.5631951055792968,-1.5631951055792968,18.749999999999996,2.0928650216620923,2.0928650216620923,110.25000000000041,-5.177284114633721,-5.177284114633721,3.3750000000000004
30.100000000000158,0,0,11.364582798635752,11.364582798635752,46.125000000000064,-5.191459274322874,-5.191459274322874,67.50000000000018,-5.191459274322874,-5.191459274322874,48.37500000000008,-1.5625517096429888,-1.5625517096429888,18.749999999999996,2.0793830603738854,2.0793830603738854,110.25000000000041,-5.191459274322874,-5.191459274322874,3.3750000000000004
30.20000000000016,0,0,11.377841596950844,11.377841596950844,46.125000000000064,-5.205678343740978,-5.205678343740978,67.50000000000018,-5.205678343740978,-5.205678343740978,48.37500000000008,-1.5619780906388883,-1.5619780906388883,18.749999999999996,2.0635058886062154,2.0635058886062154,110.25000000000041,-5.205678343740978,-5.205678343740978,3.3750000000000004
30.30000000000016,0,0,11.391917496785751,11.391917496785751,46.125000000000064,-5.219941309795878,-5.219941309795878,67.50000000000018,-5.219941309795878,-5.219941309795878,48.37500000000008,-1.5617434949416662,-1.5617434949416662,18.749999999999996,2.046049788559131,2.046049788559131,110.25000000000041,-5.219941309795878,-5.219941309795878,3.3750000000000004
30.400000000000162,0,0,11.406066534621758,11.406066534621758,46.125000000000064,-5.2342481593529655,-5.2342481593529655,67.50000000000018,-5.2342481593529655,-5.2342481593529655,48.37500000000008,-1.5615756542996593,-1.5615756542996593,18.749999999999996,2.0322211414329985,2.0322211414329985,110.25000000000041,-5.2342481593529655,-5.2342481593529655,3.3750000000000004
30.500000000000163,0,0,11.420225245381872,11.420225245381872,46.125000000000064,-5.248598879235061,-5.248598879235061,67.50000000000018,-5.248598879235061,-5.248598879235061,48.37500000000008,-1.5614750165934197,-1.5614750165934197,18.749999999999996,2.015754055454508,2.015754055454508,110.25000000000041,-5.248598879235061,-5.248598879235061,3.3750000000000004
30.600000000000165,0,0,11.43433750431565,11.43433750431565,46.125000000000064,-5.262993456222517,-5.262993456222517,67.50000000000018,-5.262993456222517,-5.262993456222517,48.37500000000008,-1.5614420572886445,-1.5614420572886445,18.749999999999996,2.002869734576464,2.002869734576464,110.25000000000041,-5.262993456222517,-5.262993456222517,3.3750000000000004
30.700000000000166,0,0,11.449233337147675,11.449233337147675,46.125000000000064,-5.277431877053118,-5.277431877053118,67.50000000000018,-5.277431877053118,-5.277431877053118,48.37500000000008,-1.5614772814457751,-1.5614772814457751,18.749999999999996,1.9874497097770814,1.9874497097770814,110.25000000000041,-5.277431877053118,-5.277431877053118,3.3750000000000004
30.800000000000168,0,0,11.464266528062993,11.464266528062993,46.125000000000064,-5.291914128422086,-5.291914128422086,67.50000000000018,-5.291914128422086,-5.291914128422086,48.37500000000008,-1.5615812258842823,-1.5615812258842823,18.749999999999996,1.9711133559577547,1.9711133559577547,110.25000000000041,-5.291914128422086,-5.291914128422086,3.3750000000000004
30.90000000000017,0,0,11.479205982136662,11.479205982136662,46.125000000000064,-5.306440196982152,-5.306440196982152,67.50000000000018,-5.306440196982152,-5.306440196982152,48.37500000000008,-1.5617544615140133,-1.5617544615140133,18.749999999999996,1.957621449408549,1.957621449408549,110.25000000000041,-5.306440196982152,-5.306440196982152,3.3750000000000004
31.00000000000017,0,0,11.494201298006331,11.494201298006331,46.125000000000064,-5.321010069343416,-5.321010069343416,67.50000000000018,-5.321010069343416,-5.321010069343416,48.37500000000008,-1.5619975958480694,-1.5619975958480694,18.749999999999996,1.9441555964811812,1.9441555964811812,110.25000000000041,-5.321010069343416,-5.321010069343416,3.3750000000000004
31.100000000000172,0,0,11.50923898091122,11.50923898091122,46.125000000000064,-5.335623732073422,-5.335623732073422,67.50000000000018,-5.335623732073422,-5.335623732073422,48.37500000000008,-1.5625174740324326,-1.5625174740324326,18.749999999999996,1.9304464317570762,1.9304464317570762,110.25000000000041,-5.335623732073422,-5.335623732073422,3.3750000000000004
31.200000000000173,0,0,11.523234187541732,11.523234187541732,46.125000000000064,-5.350281171697155,-5.350281171697155,67.50000000000018,-5.350281171697155,-5.350281171697155,48.37500000000008,-1.56317535451673,-1.56317535451673,18.749999999999996,1.916567826845764,1.916567826845764,110.25000000000041,-5.350281171697155,-5.350281171697155,3.3750000000000004
31.300000000000175,0,0,11.536780878311234,11.536780878311234,46.125000000000064,-5.364982374696972,-5.364982374696972,67.50000000000018,-5.364982374696972,-5.364982374696972,48.37500000000008,-1.5639067680846068,-1.5639067680846068,18.749999999999996,1.9037636946645335,1.9037636946645335,110.25000000000041,-5.364982374696972,-5.364982374696972,3.3750000000000004
31.400000000000176,0,0,11.550842255820214,11.550842255820214,46.125000000000064,-5.379727327512647,-5.379727327512647,67.50000000000018,-5.379727327512647,-5.379727327512647,48.37500000000008,-1.5647123898805972,-1.5647123898805972,18.749999999999996,1.8838843494318098,1.8838843494318098,110.25000000000041,-5.379727327512647,-5.379727327512647,3.3750000000000004
31.500000000000178,0,0,11.565173096459162,11.565173096459162,46.125000000000064,-5.394516016541338,-5.394516016541338,67.50000000000018,-5.394516016541338,-5.394516016541338,48.37500000000008,-1.5655929346201418,-1.5655929346201418,18.749999999999996,1.8662830120137954,1.8662830120137954,110.25000000000041,-5.394516016541338,-5.394516016541338,3.3750000000000004
31.60000000000018,0,0,11.579533530936914,11.579533530936914,46.125000000000064,-5.409348428137569,-5.409348428137569,67.50000000000018,-5.409348428137569,-5.409348428137569,48.37500000000008,-1.5665491593924088,-1.5665491593924088,18.749999999999996,1.8529650991859228,1.8529650991859228,110.25000000000041,-5.409348428137569,-5.409348428137569,3.3750000000000004
31.70000000000018,0,0,11.593931291323102,11.593931291323102,46.125000000000064,-5.4242245486132035,-5.4242245486132035,67.50000000000018,-5.4242245486132035,-5.4242245486132035,48.37500000000008,-1.5675818666797454,-1.5675818666797454,18.749999999999996,1.836075802050118,1.836075802050118,110.25000000000041,-5.4242245486132035,-5.4242245486132035,3.3750000000000004
31.800000000000182,0,0,11.60832173585979,11.60832173585979,46.125000000000064,-5.439144364237507,-5.439144364237507,67.50000000000018,-5.439144364237507,-5.439144364237507,48.37500000000008,-1.5686919076120063,-1.5686919076120063,18.749999999999996,1.820897596734767,1.820897596734767,110.25000000000041,-5.439144364237507,-5.439144364237507,3.3750000000000004
31.900000000000183,0,0,11.623319903783894,11.623319903783894,46.125000000000064,-5.454107861237048,-5.454107861237048,67.50000000000018,-5.454107861237048,-5.454107861237048,48.37500000000008,-1.570017270809089,-1.570017270809089,18.749999999999996,1.8044857822452656,1.8044857822452656,110.25000000000041,-5.454107861237048,-5.454107861237048,3.3750000000000004
32.000000000000185,0,0,11.63874789144873,11.63874789144873,46.125000000000064,-5.469115025795752,-5.469115025795752,67.50000000000018,-5.469115025795752,-5.469115025795752,48.37500000000008,-1.5715444224560002,-1.5715444224560002,18.749999999999996,1.791111906416873,1.791111906416873,110.25000000000041,-5.469115025795752,-5.469115025795752,3.3750000000000004
32.100000000000186,0,0,11.654176776623231,11.654176776623231,46.125000000000064,-5.484165844054857,-5.484165844054857,67.50000000000018,-5.484165844054857,-5.484165844054857,48.37500000000008,-1.5731524398236871,-1.5731524398236871,18.749999999999996,1.7777560128871954,1.7777560128871954,110.25000000000041,-5.484165844054857,-5.484165844054857,3.3750000000000004
32.20000000000019,0,0,11.66946313316447,11.66946313316447,46.125000000000064,-5.499260302112916,-5.499260302112916,67.50000000000018,-5.499260302112916,-5.499260302112916,48.37500000000008,-1.574842244433924,-1.574842244433924,18.749999999999996,1.7642848788301109,1.7642848788301109,110.25000000000041,-5.499260302112916,-5.499260302112916,3.3750000000000004
32.30000000000019,0,0,11.684743906097893,11.684743906097893,46.125000000000064,-5.514398386025796,-5.514398386025796,67.50000000000018,-5.514398386025796,-5.514398386025796,48.37500000000008,-1.5766148101922255,-1.5766148101922255,18.749999999999996,1.7505155764928872,1.7505155764928872,110.25000000000041,-5.514398386025796,-5.514398386025796,3.3750000000000004
32.40000000000019,0,0,11.699289928794983,11.699289928794983,46.125000000000064,-5.529580081806579,-5.529580081806579,67.50000000000018,-5.529580081806579,-5.529580081806579,48.37500000000008,-1.578471167039666,-1.578471167039666,18.749999999999996,1.7365613694773856,1.7365613694773856,110.25000000000041,-5.529580081806579,-5.529580081806579,3.3750000000000004
32.50000000000019,0,0,11.714049573484047,11.714049573484047,46.125000000000064,-5.544805375425767,-5.544805375425767,67.50000000000018,-5.544805375425767,-5.544805375425767,48.37500000000008,-1.5804124048883637,-1.5804124048883637,18.749999999999996,1.7211145663372491,1.7211145663372491,110.25000000000041,-5.544805375425767,-5.544805375425767,3.3750000000000004
32.60000000000019,0,0,11.728754081912967,11.728754081912967,46.125000000000064,-5.5600742528109635,-5.5600742528109635,67.50000000000018,-5.5600742528109635,-5.5600742528109635,48.37500000000008,-1.5824396778656364,-1.5824396778656364,18.749999999999996,1.7037430473054087,1.7037430473054087,110.25000000000041,-5.5600742528109635,-5.5600742528109635,3.3750000000000004
32.700000000000195,0,0,11.74345532626343,11.74345532626343,46.125000000000064,-5.575386699847158,-5.575386699847158,67.50000000000018,-5.575386699847158,-5.575386699847158,48.37500000000008,-1.5846366206316702,-1.5846366206316702,18.749999999999996,1.6870748136487492,1.6870748136487492,110.25000000000041,-5.575386699847158,-5.575386699847158,3.3750000000000004
32.800000000000196,0,0,11.758101969748367,11.758101969748367,46.125000000000064,-5.590742702376517,-5.590742702376517,67.50000000000018,-5.590742702376517,-5.590742702376517,48.37500000000008,-1.5870832092689398,-1.5870832092689398,18.749999999999996,1.6705920804524794,1.6705920804524794,110.25000000000041,-5.590742702376517,-5.590742702376517,3.3750000000000004
32.9000000000002,0,0,11.772640792052727,11.772640792052727,46.125000000000064,-5.6061422461984804,-5.6061422461984804,67.50000000000018,-5.6061422461984804,-5.6061422461984804,48.37500000000008,-1.5896426104855266,-1.5896426104855266,18.749999999999996,1.6538870019144412,1.6538870019144412,110.25000000000041,-5.6061422461984804,-5.6061422461984804,3.3750000000000004
33.0000000000002,0,0,11.787174808582293,11.787174808582293,46.125000000000064,-5.62158531706968,-5.62158531706968,67.50000000000018,-5.62158531706968,-5.62158531706968,48.37500000000008,-1.5923977773428248,-1.5923977773428248,18.749999999999996,1.6372089403950838,1.6372089403950838,110.25000000000041,-5.62158531706968,-5.62158531706968,3.3750000000000004
33.1000000000002,0,0,11.802189848197429,11.802189848197429,46.125000000000064,-5.637071900703958,-5.637071900703958,67.50000000000018,-5.637071900703958,-5.637071900703958,48.37500000000008,-1.5951713599730653,-1.5951713599730653,18.749999999999996,1.6234403669968032,1.6234403669968032,110.25000000000041,-5.637071900703958,-5.637071900703958,3.3750000000000004
33.2000000000002,0,0,11.81736784474036,11.81736784474036,46.125000000000064,-5.652601982772396,-5.652601982772396,67.50000000000018,-5.652601982772396,-5.652601982772396,48.37500000000008,-1.5979963756755922,-1.5979963756755922,18.749999999999996,1.6112909045114776,1.6112909045114776,110.25000000000041,-5.652601982772396,-5.652601982772396,3.3750000000000004
33.3000000000002,0,0,11.832511564739121,11.832511564739121,46.125000000000064,-5.668175548903221,-5.668175548903221,67.50000000000018,-5.668175548903221,-5.668175548903221,48.37500000000008,-1.6009053954954027,-1.6009053954954027,18.749999999999996,1.5973973372099977,1.5973973372099977,110.25000000000041,-5.668175548903221,-5.668175548903221,3.3750000000000004
33.400000000000205,0,0,11.847623910437264,11.847623910437264,46.125000000000064,-5.6837925846818536,-5.6837925846818536,67.50000000000018,-5.6837925846818536,-5.6837925846818536,48.37500000000008,-1.6039205590005992,-1.6039205590005992,18.749999999999996,1.5833886869251756,1.5833886869251756,110.25000000000041,-5.6837925846818536,-5.6837925846818536,3.3750000000000004
33.500000000000206,0,0,11.862616988037075,11.862616988037075,46.125000000000064,-5.6994530756508865,-5.6994530756508865,67.50000000000018,-5.6994530756508865,-5.6994530756508865,48.37500000000008,-1.6071082471058133,-1.6071082471058133,18.749999999999996,1.5693594356327765,1.5693594356327765,110.25000000000041,-5.6994530756508865,-5.6994530756508865,3.3750000000000004
33.60000000000021,0,0,11.877517771547303,11.877517771547303,46.125000000000064,-5.715157007310076,-5.715157007310076,67.50000000000018,-5.715157007310076,-5.715157007310076,48.37500000000008,-1.6106270900771307,-1.6106270900771307,18.749999999999996,1.5552881640532519,1.5552881640532519,110.25000000000041,-5.715157007310076,-5.715157007310076,3.3750000000000004
33.70000000000021,0,0,11.89235065233882,11.89235065233882,46.125000000000064,-5.730904365116274,-5.730904365116274,67.50000000000018,-5.730904365116274,-5.730904365116274,48.37500000000008,-1.6143033066015278,-1.6143033066015278,18.749999999999996,1.5420194901307838,1.5420194901307838,110.25000000000041,-5.730904365116274,-5.730904365116274,3.3750000000000004
33.80000000000021,0,0,11.907125194216832,11.907125194216832,46.125000000000064,-5.746695134483495,-5.746695134483495,67.50000000000018,-5.746695134483495,-5.746695134483495,48.37500000000008,-1.618149133307952,-1.618149133307952,18.749999999999996,1.5246612994654072,1.5246612994654072,110.25000000000041,-5.746695134483495,-5.746695134483495,3.3750000000000004
33.90000000000021,0,0,11.92174986556239,11.92174986556239,46.125000000000064,-5.762529300782894,-5.762529300782894,67.50000000000018,-5.762529300782894,-5.762529300782894,48.37500000000008,-1.6222010304640548,-1.6222010304640548,18.749999999999996,1.509570235250834,1.509570235250834,110.25000000000041,-5.762529300782894,-5.762529300782894,3.3750000000000004
34.00000000000021,0,0,11.936343049027187,11.936343049027187,46.125000000000064,-5.778406849342701,-5.778406849342701,67.50000000000018,-5.778406849342701,-5.778406849342701,48.37500000000008,-1.6264667182388166,-1.6264667182388166,18.749999999999996,1.4960032216394978,1.4960032216394978,110.25000000000041,-5.778406849342701,-5.778406849342701,3.3750000000000004
34.100000000000215,0,0,11.950904883471836,11.950904883471836,46.125000000000064,-5.79432776544823,-5.79432776544823,67.50000000000018,-5.79432776544823,-5.79432776544823,48.37500000000008,-1.6309519936423698,-1.6309519936423698,18.749999999999996,1.4701616549591847,1.4701616549591847,110.25000000000041,-5.79432776544823,-5.79432776544823,3.3750000000000004
34.200000000000216,0,0,11.965435534106476,11.965435534106476,46.125000000000064,-5.810292034341934,-5.810292034341934,67.50000000000018,-5.810292034341934,-5.810292034341934,48.37500000000008,-1.6357031322309439,-1.6357031322309439,18.749999999999996,1.4534644208657568,1.4534644208657568,110.25000000000041,-5.810292034341934,-5.810292034341934,3.3750000000000004
34.30000000000022,0,0,11.979718567655567,11.979718567655567,46.125000000000064,-5.826299641223244,-5.826299641223244,67.50000000000018,-5.826299641223244,-5.826299641223244,48.37500000000008,-1.6407158365898908,-1.6407158365898908,18.749999999999996,1.4400450777277314,1.4400450777277314,110.25000000000041,-5.826299641223244,-5.826299641223244,3.3750000000000004
34.40000000000022,0,0,11.993987208893657,11.993987208893657,46.125000000000064,-5.842350571248751,-5.842350571248751,67.50000000000018,-5.842350571248751,-5.842350571248751,48.37500000000008,-1.6461517296134502,-1.6461517296134502,18.749999999999996,1.4264543559863654,1.4264543559863654,110.25000000000041,-5.842350571248751,-5.842350571248751,3.3750000000000004
34.50000000000022,0,0,12.00824267365148,12.00824267365148,46.125000000000064,-5.858444809532024,-5.858444809532024,67.50000000000018,-5.858444809532024,-5.858444809532024,48.37500000000008,-1.6518492980619754,-1.6518492980619754,18.749999999999996,1.4124864038619904,1.4124864038619904,110.25000000000041,-5.858444809532024,-5.858444809532024,3.3750000000000004
34.60000000000022,0,0,12.02248482008764,12.02248482008764,46.125000000000064,-5.874582341143665,-5.874582341143665,67.50000000000018,-5.874325476016239,-5.874325476016239,48.37500000000008,-1.6578568542551864,-1.6578568542551864,18.749999999999996,1.398157285529365,1.398157285529365,110.25000000000041,-5.874582341143665,-5.874582341143665,3.3750000000000004
34.70000000000022,0,0,12.036572709243899,12.036572709243899,46.125000000000064,-5.890763151111358,-5.890763151111358,67.50000000000018,-5.8861759979409385,-5.8861759979409385,48.37500000000008,-1.664155739829809,-1.664155739829809,18.749999999999996,1.3857213882686779,1.3857213882686779,110.25000000000041,-5.890763151111358,-5.890763151111358,3.3750000000000004
34.800000000000225,0,0,12.050522937368385,12.050522937368385,46.125000000000064,-5.90698722441973,-5.90698722441973,67.50000000000018,-5.89636456950695,-5.89636456950695,48.37500000000008,-1.6707947704335027,-1.6707947704335027,18.749999999999996,1.3719574738673401,1.3719574738673401,110.25000000000041,-5.90698722441973,-5.90698722441973,3.3750000000000004
34.900000000000226,0,0,12.06442729777946,12.06442729777946,46.125000000000064,-5.923254546010405,-5.923254546010405,67.50000000000018,-5.905765493237972,-5.905765493237972,48.37500000000008,-1.6777712078454101,-1.6777712078454101,18.749999999999996,1.3583446396350354,1.3583446396350354,110.25000000000041,-5.923254546010405,-5.923254546010405,3.3750000000000004
35.00000000000023,0,0,12.078287281557323,12.078287281557323,46.125000000000064,-5.939565100782026,-5.939565100782026,67.50000000000018,-5.915181763569649,-5.915181763569649,48.37500000000008,-1.685113841059632,-1.685113841059632,18.749999999999996,1.3407871002022205,1.3407871002022205,110.25000000000041,-5.939565100782026,-5.939565100782026,3.3750000000000004
35.10000000000023,0,0,12.092115891994453,12.092115891994453,46.125000000000064,-5.955918873590207,-5.955918873590207,67.50000000000018,-5.924612818103093,-5.924612818103093,48.37500000000008,-1.6928406036408035,-1.6928406036408035,18.749999999999996,1.327007803306543,1.327007803306543,110.25000000000041,-5.955918873590207,-5.955918873590207,3.3750000000000004
35.20000000000023,0,0,12.105843982261717,12.105843982261717,46.125000000000064,-5.972315849247487,-5.972315849247487,67.50000000000018,-5.934059045453566,-5.934059045453566,48.37500000000008,-1.700958327990989,-1.700958327990989,18.749999999999996,1.3071682192010456,1.3071682192010456,110.25000000000041,-5.972315849247487,-5.972315849247487,3.3750000000000004
35.30000000000023,0,0,12.11952642160584,12.11952642160584,46.125000000000064,-5.9887560125233605,-5.9887560125233605,67.50000000000018,-5.943519982829471,-5.943519982829471,48.37500000000008,-1.709455159036807,-1.709455159036807,18.749999999999996,1.2898147898285544,1.2898147898285544,110.25000000000041,-5.9887560125233605,-5.9887560125233605,3.3750000000000004
35.40000000000023,0,0,12.133165874933383,12.133165874933383,46.125000000000064,-6.005239348144286,-6.005239348144286,67.50000000000018,-5.952995809732123,-5.952995809732123,48.37500000000008,-1.7183466849152893,-1.7183466849152893,18.749999999999996,1.2758202129973597,1.2758202129973597,110.25000000000041,-6.005239348144286,-6.005239348144286,3.3750000000000004
35.500000000000234,0,0,12.146766553099297,12.146766553099297,46.125000000000064,-6.021765840793584,-6.021765840793584,67.50000000000018,-5.96248628498271,-5.96248628498271,48.37500000000008,-1.7276545543533643,-1.7276545543533643,18.749999999999996,1.2592791871873743,1.2592791871873743,110.25000000000041,-6.021765840793584,-6.021765840793584,3.3750000000000004
35.600000000000236,0,0,12.160298248896751,12.160298248896751,46.125000000000064,-6.0383354751115235,-6.0383354751115235,67.50000000000018,-5.971991373182718,-5.971991373182718,48.37500000000008,-1.7373886813751511,-1.7373886813751511,18.749999999999996,1.2477751778477426,1.2477751778477426,110.25000000000041,-6.0383354751115235,-6.0383354751115235,3.3750000000000004
35.70000000000024,0,0,12.1737723209704,12.1737723209704,46.125000000000064,-6.054948235695228,-6.054948235695228,67.50000000000018,-5.981511050728649,-5.981511050728649,48.37500000000008,-1.7475737960613316,-1.7475737960613316,18.749999999999996,1.230899419790859,1.230899419790859,110.25000000000041,-6.054948235695228,-6.054948235695228,3.3750000000000004
35.80000000000024,0,0,12.18720163476732,12.18720163476732,46.125000000000064,-6.071604107098743,-6.071604107098743,67.50000000000018,-5.991045081380108,-5.991045081380108,48.37500000000008,-1.7581783513764293,-1.7581783513764293,18.749999999999996,1.216895785240638,1.216895785240638,110.25000000000041,-6.071604107098743,-6.071604107098743,3.3750000000000004
35.90000000000024,0,0,12.200586657451922,12.200586657451922,46.125000000000064,-6.08830307383294,-6.08830307383294,67.50000000000018,-6.000593635230487,-6.000593635230487,48.37500000000008,-1.7687864398580189,-1.7687864398580189,18.749999999999996,1.203104422148371,1.203104422148371,110.25000000000041,-6.08830307383294,-6.08830307383294,3.3750000000000004
36.00000000000024,0,0,12.213922341733209,12.213922341733209,46.125000000000064,-6.105045120365524,-6.105045120365524,67.50000000000018,-6.010156309072492,-6.010156309072492,48.37500000000008,-1.7796248840414393,-1.7796248840414393,18.749999999999996,1.1892717729022166,1.1892717729022166,110.25000000000041,-6.105045120365524,-6.105045120365524,3.3750000000000004
36.10000000000024,0,0,12.22717999659477,12.22717999659477,46.125000000000064,-6.1218302311211445,-6.1218302311211445,67.50000000000018,-6.019733423020568,-6.019733423020568,48.37500000000008,-1.790826847525949,-1.790826847525949,18.749999999999996,1.1717968049155445,1.1717968049155445,110.25000000000041,-6.1218302311211445,-6.1218302311211445,3.3750000000000004
36.200000000000244,0,0,12.240392988227924,12.240392988227924,46.125000000000064,-6.138658390481162,-6.138658390481162,67.50000000000018,-6.029324460531491,-6.029324460531491,48.37500000000008,-1.8023820849631846,-1.8023820849631846,18.749999999999996,1.1578382633806825,1.1578382633806825,110.25000000000041,-6.138658390481162,-6.138658390481162,3.3750000000000004
36.300000000000246,0,0,12.253604322983378,12.253604322983378,46.125000000000064,-6.1555295827837995,-6.1555295827837995,67.50000000000018,-6.038929828345715,-6.038929828345715,48.37500000000008,-1.814283930081075,-1.814283930081075,18.749999999999996,1.143848680539861,1.143848680539861,110.25000000000041,-6.1555295827837995,-6.1555295827837995,3.3750000000000004
36.40000000000025,0,0,12.26683371408015,12.26683371408015,46.125000000000064,-6.172443792324053,-6.172443792324053,67.50000000000018,-6.0485489698739485,-6.0485489698739485,48.37500000000008,-1.8265849541727306,-1.8265849541727306,18.749999999999996,1.1237002845918909,1.1237002845918909,110.25000000000041,-6.172443792324053,-6.172443792324053,3.3750000000000004
36.50000000000025,0,0,12.279995366513603,12.279995366513603,46.125000000000064,-6.189401003353687,-6.189401003353687,67.50000000000018,-6.058182295483732,-6.058182295483732,48.37500000000008,-1.8392796954258444,-1.8392796954258444,18.749999999999996,1.1033341314497278,1.1033341314497278,110.25000000000041,-6.189401003353687,-6.189401003353687,3.3750000000000004
36.60000000000025,0,0,12.293095136193074,12.293095136193074,46.125000000000064,-6.2064012000813165,-6.2064012000813165,67.50000000000018,-6.067829301354202,-6.067829301354202,48.37500000000008,-1.8523878572183605,-1.8523878572183605,18.749999999999996,1.0915999908623917,1.0915999908623917,110.25000000000041,-6.2064012000813165,-6.2064012000813165,3.3750000000000004
36.70000000000025,0,0,12.306159360379013,12.306159360379013,46.125000000000064,-6.22344436667219,-6.22344436667219,67.50000000000018,-6.0774902990300035,-6.0774902990300035,48.37500000000008,-1.8658198933000278,-1.8658198933000278,18.749999999999996,1.0775769053463335,1.0775769053463335,110.25000000000041,-6.22344436667219,-6.22344436667219,3.3750000000000004
36.80000000000025,0,0,12.319182376426738,12.319182376426738,46.125000000000064,-6.240530487248414,-6.240530487248414,67.50000000000018,-6.087164949624672,-6.087164949624672,48.37500000000008,-1.8794711398137167,-1.8794711398137167,18.749999999999996,1.0635326016329287,1.0635326016329287,110.25000000000041,-6.240530487248414,-6.240530487248414,3.3750000000000004
36.900000000000254,0,0,12.332162382123315,12.332162382123315,46.125000000000064,-6.257659545888735,-6.257659545888735,67.50000000000018,-6.096853344151718,-6.096853344151718,48.37500000000008,-1.8935270764749106,-1.8935270764749106,18.749999999999996,1.0468833016410741,1.0468833016410741,110.25000000000041,-6.257659545888735,-6.257659545888735,3.3750000000000004
37.000000000000256,0,0,12.34505530178258,12.34505530178258,46.125000000000064,-6.274831526628667,-6.274831526628667,67.50000000000018,-6.106555439963202,-6.106555439963202,48.37500000000008,-1.9079870591127275,-1.9079870591127275,18.749999999999996,1.033249961791185,1.033249961791185,110.25000000000041,-6.274831526628667,-6.274831526628667,3.3750000000000004
37.10000000000026,0,0,12.357903050575302,12.357903050575302,46.125000000000064,-6.292046413460362,-6.292046413460362,67.50000000000018,-6.116270966808436,-6.116270966808436,48.37500000000008,-1.9228796317638484,-1.9228796317638484,18.749999999999996,1.0191962442854106,1.0191962442854106,110.25000000000041,-6.292046413460362,-6.292046413460362,3.3750000000000004
37.20000000000026,0,0,12.370707304497273,12.370707304497273,46.125000000000064,-6.309304190332718,-6.309304190332718,67.50000000000018,-6.126000328465203,-6.126000328465203,48.37500000000008,-1.9381811576392778,-1.9381811576392778,18.749999999999996,1.005237983119443,1.005237983119443,110.25000000000041,-6.309304190332718,-6.309304190332718,3.3750000000000004
37.30000000000026,0,0,12.383468159774196,12.383468159774196,46.125000000000064,-6.326604841151244,-6.326604841151244,67.50000000000018,-6.1357427339370645,-6.1357427339370645,48.37500000000008,-1.9540288065343105,-1.9540288065343105,18.749999999999996,0.9846153125378123,0.9846153125378123,110.25000000000041,-6.326604841151244,-6.326604841151244,3.3750000000000004
37.40000000000026,0,0,12.396171074378259,12.396171074378259,46.125000000000064,-6.3439483497781595,-6.3439483497781595,67.50000000000018,-6.145499202198835,-6.145499202198835,48.37500000000008,-1.9703310939273564,-1.9703310939273564,18.749999999999996,0.9706202416937657,0.9706202416937657,110.25000000000041,-6.3439483497781595,-6.3439483497781595,3.3750000000000004
37.50000000000026,0,0,12.408799397135667,12.408799397135667,46.125000000000064,-6.3613347000322875,-6.3613347000322875,67.50000000000018,-6.155268243599039,-6.155268243599039,48.37500000000008,-1.986936596154706,-1.986936596154706,18.749999999999996,0.9536342021840056,0.9536342021840056,110.25000000000041,-6.3613347000322875,-6.3613347000322875,3.3750000000000004
37.600000000000264,0,0,12.421383957228528,12.421383957228528,46.125000000000064,-6.378763875689081,-6.378763875689081,67.50000000000018,-6.165051290361227,-6.165051290361227,48.37500000000008,-1.9915280403829456,-1.9915280403829456,18.749999999999996,0.9392735164463488,0.9392735164463488,110.25000000000041,-6.378763875689081,-6.378763875689081,3.3750000000000004
37.700000000000266,0,0,12.433936557340672,12.433936557340672,46.125000000000064,-6.396235860480587,-6.396235860480587,67.50000000000018,-6.174847125088263,-6.174847125088263,48.37500000000008,-1.9890591509949047,-1.9890591509949047,18.749999999999996,0.9215845328715346,0.9215845328715346,110.25000000000041,-6.396235860480587,-6.396235860480587,3.3750000000000004
37.80000000000027,0,0,12.446447108685376,12.446447108685376,46.125000000000064,-6.413750638095472,-6.413750638095472,67.50000000000018,-6.184656485246556,-6.184656485246556,48.37500000000008,-1.999091063432715,-1.999091063432715,18.749999999999996,0.9073993283112713,0.9073993283112713,110.25000000000041,-6.413750638095472,-6.413750638095472,3.3750000000000004
37.90000000000027,0,0,12.458883933481331,12.458883933481331,46.125000000000064,-6.43130819217896,-6.43130819217896,67.50000000000018,-6.194479038998104,-6.194479038998104,48.37500000000008,-1.9990235373496859,-1.9990235373496859,18.749999999999996,0.8932297760227641,0.8932297760227641,110.25000000000041,-6.43130819217896,-6.43130819217896,3.3750000000000004
38.00000000000027,0,0,12.471259461621443,12.471259461621443,46.125000000000064,-6.448908506332863,-6.448908506332863,67.50000000000018,-6.204314495848742,-6.204314495848742,48.37500000000008,-2.006081868376441,-2.006081868376441,18.749999999999996,0.8797379944698491,0.8797379944698491,110.25000000000041,-6.448908506332863,-6.448908506332863,3.3750000000000004
38.10000000000027,0,0,12.483592266465337,12.483592266465337,46.125000000000064,-6.466551564115541,-6.466551564115541,67.50000000000018,-6.214163677244919,-6.214163677244919,48.37500000000008,-2.0113763256959203,-2.0113763256959203,18.749999999999996,0.8663008395678702,0.8663008395678702,110.25000000000041,-6.466551564115541,-6.466551564115541,3.3750000000000004
38.20000000000027,0,0,12.495882851890798,12.495882851890798,46.125000000000064,-6.484237349041813,-6.484237349041813,67.50000000000018,-6.22402502555088,-6.22402502555088,48.37500000000008,-2.0164565149559053,-2.0164565149559053,18.749999999999996,0.8495781553970403,0.8495781553970403,110.25000000000041,-6.484237349041813,-6.484237349041813,3.3750000000000004
38.300000000000274,0,0,12.508131188871417,12.508131188871417,46.125000000000064,-6.50196584458314,-6.50196584458314,67.50000000000018,-6.2339001156493055,-6.2339001156493055,48.37500000000008,-2.023454753521179,-2.023454753521179,18.749999999999996,0.8353833440177993,0.8353833440177993,110.25000000000041,-6.50196584458314,-6.50196584458314,3.3750000000000004
38.400000000000276,0,0,12.520290801344245,12.520290801344245,46.125000000000064,-6.519737034167385,-6.519737034167385,67.50000000000018,-6.243787809151108,-6.243787809151108,48.37500000000008,-2.0287118654180603,-2.0287118654180603,18.749999999999996,0.8175830995403146,0.8175830995403146,110.25000000000041,-6.519737034167385,-6.519737034167385,3.3750000000000004
38.50000000000028,0,0,12.532415188486056,12.532415188486056,46.125000000000064,-6.537550901178932,-6.537550901178932,67.50000000000018,-6.253688518109762,-6.253688518109762,48.37500000000008,-2.0358681864318413,-2.0358681864318413,18.749999999999996,0.8033281770019585,0.8033281770019585,110.25000000000041,-6.537550901178932,-6.537550901178932,3.3750000000000004
38.60000000000028,0,0,12.54449763214572,12.54449763214572,46.125000000000064,-6.555407428958638,-6.555407428958638,67.50000000000018,-6.263602612784005,-6.263602612784005,48.37500000000008,-2.0422068018369544,-2.0422068018369544,18.749999999999996,0.7859936605423883,0.7859936605423883,110.25000000000041,-6.555407428958638,-6.555407428958638,3.3750000000000004
38.70000000000028,0,0,12.556538530098436,12.556538530098436,46.125000000000064,-6.573306600803811,-6.573306600803811,67.50000000000018,-6.2735287624494305,-6.2735287624494305,48.37500000000008,-2.04892836222956,-2.04892836222956,18.749999999999996,0.7685759373930807,0.7685759373930807,110.25000000000041,-6.573306600803811,-6.573306600803811,3.3750000000000004
38.80000000000028,0,0,12.568531308765415,12.568531308765415,46.125000000000064,-6.59124839996818,-6.59124839996818,67.50000000000018,-6.283468500798513,-6.283468500798513,48.37500000000008,-2.055915246076779,-2.055915246076779,18.749999999999996,0.7543121762740412,0.7543121762740412,110.25000000000041,-6.59124839996818,-6.59124839996818,3.3750000000000004
38.90000000000028,0,0,12.580434540892767,12.580434540892767,46.125000000000064,-6.6092328096619255,-6.6092328096619255,67.50000000000018,-6.293420657849815,-6.293420657849815,48.37500000000008,-2.062741267042142,-2.062741267042142,18.749999999999996,0.7341024547894364,0.7341024547894364,110.25000000000041,-6.6092328096619255,-6.6092328096619255,3.3750000000000004
39.000000000000284,0,0,12.592295458185617,12.592295458185617,46.125000000000064,-6.627259813051616,-6.627259813051616,67.50000000000018,-6.3033856004875375,-6.3033856004875375,48.37500000000008,-2.069996017744529,-2.069996017744529,18.749999999999996,0.719463255630032,0.719463255630032,110.25000000000041,-6.627259813051616,-6.627259813051616,3.3750000000000004
39.100000000000286,0,0,12.604116286771884,12.604116286771884,46.125000000000064,-6.645329393260219,-6.645329393260219,67.50000000000018,-6.313364044599297,-6.313364044599297,48.37500000000008,-2.077067740132904,-2.077067740132904,18.749999999999996,0.7055592019761434,0.7055592019761434,110.25000000000041,-6.645329393260219,-6.645329393260219,3.3750000000000004
39.20000000000029,0,0,12.615909290961582,12.615909290961582,46.125000000000064,-6.66344153336707,-6.66344153336707,67.50000000000018,-6.323354041102114,-6.323354041102114,48.37500000000008,-2.0845165900339566,-2.0845165900339566,18.749999999999996,0.6918064109271285,0.6918064109271285,110.25000000000041,-6.66344153336707,-6.66344153336707,3.3750000000000004
39.30000000000029,0,0,12.627643640153124,12.627643640153124,46.125000000000064,-6.681596216407854,-6.681596216407854,67.50000000000018,-6.3333574935930415,-6.3333574935930415,48.37500000000008,-2.091826162037478,-2.091826162037478,18.749999999999996,0.6780590042526313,0.6780590042526313,110.25000000000041,-6.681596216407854,-6.681596216407854,3.3750000000000004
39.40000000000029,0,0,12.639296564399316,12.639296564399316,46.125000000000064,-6.699793425374587,-6.699793425374587,67.50000000000018,-6.343373705833301,-6.343373705833301,48.37500000000008,-2.099374030803645,-2.099374030803645,18.749999999999996,0.6643050061890676,0.6643050061890676,110.25000000000041,-6.699793425374587,-6.699793425374587,3.3750000000000004
39.50000000000029,0,0,12.650908089801618,12.650908089801618,46.125000000000064,-6.718033143215678,-6.718033143215678,67.50000000000018,-6.353402012907154,-6.353402012907154,48.37500000000008,-2.1068820916074458,-2.1068820916074458,18.749999999999996,0.6503645767263038,0.6503645767263038,110.25000000000041,-6.718033143215678,-6.718033143215678,3.3750000000000004
39.60000000000029,0,0,12.662478344378968,12.662478344378968,46.125000000000064,-6.736315352835739,-6.736315352835739,67.50000000000018,-6.361425385962093,-6.361425385962093,48.37500000000008,-2.1145424443387952,-2.1145424443387952,18.749999999999996,0.6300485901113859,0.6300485901113859,110.25000000000041,-6.736315352835739,-6.736315352835739,3.3750000000000004
39.700000000000294,0,0,12.674011088505338,12.674011088505338,46.125000000000064,-6.754640037095733,-6.754640037095733,67.50000000000018,-6.368516562736161,-6.368516562736161,48.37500000000008,-2.1222604032767833,-2.1222604032767833,18.749999999999996,0.6159576526048198,0.6159576526048198,110.25000000000041,-6.754640037095733,-6.754640037095733,3.3750000000000004
39.800000000000296,0,0,12.68549032394533,12.68549032394533,46.125000000000064,-6.773007178812897,-6.773007178812897,67.50000000000018,-6.375609687552689,-6.375609687552689,48.37500000000008,-2.130071795415745,-2.130071795415745,18.749999999999996,0.5986348166494366,0.5986348166494366,110.25000000000041,-6.773007178812897,-6.773007178812897,3.3750000000000004
39.9000000000003,0,0,12.696893895277285,12.696893895277285,46.125000000000064,-6.7914167607607325,-6.7914167607607325,67.50000000000018,-6.38270207557629,-6.38270207557629,48.37500000000008,-2.138016421720252,-2.138016421720252,18.749999999999996,0.5839933569770608,0.5839933569770608,110.25000000000041,-6.7914167607607325,-6.7914167607607325,3.3750000000000004
40.0000000000003,0,0,12.708256817516784,12.708256817516784,46.125000000000064,-6.809868765668909,-6.809868765668909,67.50000000000018,-6.389793429003426,-6.389793429003426,48.37500000000008,-2.1460576489230903,-2.1460576489230903,18.749999999999996,0.5696151731926875,0.5696151731926875,110.25000000000041,-6.809868765668909,-6.809868765668909,3.3750000000000004
40.1000000000003,0,0,12.719579681929346,12.719579681929346,46.125000000000064,-6.828363176223405,-6.828363176223405,67.50000000000018,-6.396887235114669,-6.396887235114669,48.37500000000008,-2.1542205483595467,-2.1542205483595467,18.749999999999996,0.5523741096702821,0.5523741096702821,110.25000000000041,-6.828363176223405,-6.828363176223405,3.3750000000000004
40.2000000000003,0,0,12.730862686329857,12.730862686329857,46.125000000000064,-6.846899975066378,-6.846899975066378,67.50000000000018,-6.403977330950482,-6.403977330950482,48.37500000000008,-2.1624515557069373,-2.1624515557069373,18.749999999999996,0.5353005650369909,0.5353005650369909,110.25000000000041,-6.846899975066378,-6.846899975066378,3.3750000000000004
40.3000000000003,0,0,12.742088065015196,12.742088065015196,46.125000000000064,-6.865479144796133,-6.865479144796133,67.50000000000018,-6.41122876931081,-6.41122876931081,48.37500000000008,-2.170789191651224,-2.170789191651224,18.749999999999996,0.5210530264004518,0.5210530264004518,110.25000000000041,-6.865479144796133,-6.865479144796133,3.3750000000000004
40.400000000000304,0,0,12.753243816727846,12.753243816727846,46.125000000000064,-6.884100667967182,-6.884100667967182,67.50000000000018,-6.418790711033019,-6.418790711033019,48.37500000000008,-2.1791834010205378,-2.1791834010205378,18.749999999999996,0.5039269603724961,0.5039269603724961,110.25000000000041,-6.884100667967182,-6.884100667967182,3.3750000000000004
40.500000000000306,0,0,12.764359415027101,12.764359415027101,46.125000000000064,-6.902764527090191,-6.902764527090191,67.50000000000018,-6.426711554208026,-6.426711554208026,48.37500000000008,-2.187568741655525,-2.187568741655525,18.749999999999996,0.489856960697054,0.489856960697054,110.25000000000041,-6.902764527090191,-6.902764527090191,3.3750000000000004
40.60000000000031,0,0,12.775435456680995,12.775435456680995,46.125000000000064,-6.921470704631922,-6.921470704631922,67.50000000000018,-6.434953297982105,-6.434953297982105,48.37500000000008,-2.196069790229359,-2.196069790229359,18.749999999999996,0.47545202418936583,0.47545202418936583,110.25000000000041,-6.921470704631922,-6.921470704631922,3.3750000000000004
40.70000000000031,0,0,12.786476988731835,12.786476988731835,46.125000000000064,-6.940219183015316,-6.940219183015316,67.50000000000018,-6.4436018952277365,-6.4436018952277365,48.37500000000008,-2.2047369595220374,-2.2047369595220374,18.749999999999996,0.45805954968240314,0.45805954968240314,110.25000000000041,-6.940219183015316,-6.940219183015316,3.3750000000000004
40.80000000000031,0,0,12.7974554401288,12.7974554401288,46.125000000000064,-6.9590099446193605,-6.9590099446193605,67.50000000000018,-6.452631453165964,-6.452631453165964,48.37500000000008,-2.2135411453166256,-2.2135411453166256,18.749999999999996,0.44077090698623067,0.44077090698623067,110.25000000000041,-6.9590099446193605,-6.9590099446193605,3.3750000000000004
40.90000000000031,0,0,12.808363904506749,12.808363904506749,46.125000000000064,-6.9778429717791255,-6.9778429717791255,67.50000000000018,-6.462079402807959,-6.462079402807959,48.37500000000008,-2.2222697993023104,-2.2222697993023104,18.749999999999996,0.42682715278461103,0.42682715278461103,110.25000000000041,-6.9778429717791255,-6.9778429717791255,3.3750000000000004
41.00000000000031,0,0,12.819233196198283,12.819233196198283,46.125000000000064,-6.996718246785754,-6.996718246785754,67.50000000000018,-6.471987142463341,-6.471987142463341,48.37500000000008,-2.2309800447502255,-2.2309800447502255,18.749999999999996,0.4069803662414415,0.4069803662414415,110.25000000000041,-6.996718246785754,-6.996718246785754,3.3750000000000004
41.100000000000314,0,0,12.830063811900814,12.830063811900814,46.125000000000064,-7.0156357518864425,-7.0156357518864425,67.50000000000018,-6.482257094524144,-6.482257094524144,48.37500000000008,-2.2398218261039915,-2.2398218261039915,18.749999999999996,0.39260752360496554,0.39260752360496554,110.25000000000041,-7.0156357518864425,-7.0156357518864425,3.3750000000000004
41.200000000000315,0,0,12.840876293934244,12.840876293934244,46.125000000000064,-7.034595469284433,-7.034595469284433,67.50000000000018,-6.492523371803188,-6.492523371803188,48.37500000000008,-2.2488415450715564,-2.2488415450715564,18.749999999999996,0.3786169052626036,0.3786169052626036,110.25000000000041,-7.034595469284433,-7.034595469284433,3.3750000000000004
41.30000000000032,0,0,12.851610516858472,12.851610516858472,46.125000000000064,-7.053597381138914,-7.053597381138914,67.50000000000018,-6.502855589763193,-6.502855589763193,48.37500000000008,-2.2579316488044725,-2.2579316488044725,18.749999999999996,0.36172262687567525,0.36172262687567525,110.25000000000041,-7.053597381138914,-7.053597381138914,3.3750000000000004
41.40000000000032,0,0,12.862273079103545,12.862273079103545,46.125000000000064,-7.072641469565063,-7.072641469565063,67.50000000000018,-6.511423883043321,-6.511423883043321,48.37500000000008,-2.267149235963899,-2.267149235963899,18.749999999999996,0.34763963806659604,0.34763963806659604,110.25000000000041,-7.072641469565063,-7.072641469565063,3.3750000000000004
41.50000000000032,0,0,12.872899520670131,12.872899520670131,46.125000000000064,-7.0917277166341535,-7.0917277166341535,67.50000000000018,-6.521844736671632,-6.521844736671632,48.37500000000008,-2.2763733685689402,-2.2763733685689402,18.749999999999996,0.3303747436385578,0.3303747436385578,110.25000000000041,-7.0917277166341535,-7.0917277166341535,3.3750000000000004
41.60000000000032,0,0,12.883507202345555,12.883507202345555,46.125000000000064,-7.110856104373198,-7.110856104373198,67.50000000000018,-6.532305681963024,-6.532305681963024,48.37500000000008,-2.28568707825859,-2.28568707825859,18.749999999999996,0.3158710176126789,0.3158710176126789,110.25000000000041,-7.110856104373198,-7.110856104373198,3.3750000000000004
41.70000000000032,0,0,12.894078220637212,12.894078220637212,46.125000000000064,-7.1300266147653275,-7.1300266147653275,67.50000000000018,-6.540992792825861,-6.540992792825861,48.37500000000008,-2.295020876579116,-2.295020876579116,18.749999999999996,0.3015228759991402,0.3015228759991402,110.25000000000041,-7.1300266147653275,-7.1300266147653275,3.3750000000000004
41.800000000000324,0,0,12.904573050523524,12.904573050523524,46.125000000000064,-7.149239229749476,-7.149239229749476,67.50000000000018,-6.551104006932661,-6.551104006932661,48.37500000000008,-2.3044432156294903,-2.3044432156294903,18.749999999999996,0.28700227990614735,0.28700227990614735,110.25000000000041,-7.149239229749476,-7.149239229749476,3.3750000000000004
41.900000000000325,0,0,12.915005085204484,12.915005085204484,46.125000000000064,-7.16849393122056,-7.16849393122056,67.50000000000018,-6.561271252381687,-6.561271252381687,48.37500000000008,-2.314065764912556,-2.314065764912556,18.749999999999996,0.27240013947744046,0.27240013947744046,110.25000000000041,-7.16849393122056,-7.16849393122056,3.3750000000000004
42.00000000000033,0,0,12.925407346210193,12.925407346210193,46.125000000000064,-7.187790701029236,-7.187790701029236,67.50000000000018,-6.571455598633257,-6.571455598633257,48.37500000000008,-2.323785391684723,-2.323785391684723,18.749999999999996,0.251711935887144,0.251711935887144,110.25000000000041,-7.187790701029236,-7.187790701029236,3.3750000000000004
42.10000000000033,0,0,12.935772695940486,12.935772695940486,46.125000000000064,-7.20712952098215,-7.20712952098215,67.50000000000018,-6.581648337547044,-6.581648337547044,48.37500000000008,-2.3334878475380094,-2.3334878475380094,18.749999999999996,0.23459931433083625,0.23459931433083625,110.25000000000041,-7.20712952098215,-7.20712952098215,3.3750000000000004
42.20000000000033,0,0,12.9461137841067,12.9461137841067,46.125000000000064,-7.226510372841716,-7.226510372841716,67.50000000000018,-6.591816493761627,-6.591816493761627,48.37500000000008,-2.3432660490423274,-2.3432660490423274,18.749999999999996,0.2202242466472626,0.2202242466472626,110.25000000000041,-7.226510372841716,-7.226510372841716,3.3750000000000004
42.30000000000033,0,0,12.956400268126345,12.956400268126345,46.125000000000064,-7.245933238326188,-7.245933238326188,67.50000000000018,-6.602039992821645,-6.602039992821645,48.37500000000008,-2.3532580490327604,-2.3532580490327604,18.749999999999996,0.20660004670219223,0.20660004670219223,110.25000000000041,-7.245933238326188,-7.245933238326188,3.3750000000000004
42.40000000000033,0,0,12.966596763729683,12.966596763729683,46.125000000000064,-7.265398099109589,-7.265398099109589,67.50000000000018,-6.612257675998762,-6.612257675998762,48.37500000000008,-2.3634041682143163,-2.3634041682143163,18.749999999999996,0.19003652063190657,0.19003652063190657,110.25000000000041,-7.265398099109589,-7.265398099109589,3.3750000000000004
42.500000000000334,0,0,12.976769886963623,12.976769886963623,46.125000000000064,-7.284904936821718,-7.284904936821718,67.50000000000018,-6.622509222062419,-6.622509222062419,48.37500000000008,-2.373567922817088,-2.373567922817088,18.749999999999996,0.1733148598060552,0.1733148598060552,110.25000000000041,-7.284904936821718,-7.284904936821718,3.3750000000000004
42.600000000000335,0,0,12.986920324488182,12.986920324488182,46.125000000000064,-7.304453733048177,-7.304453733048177,67.50000000000018,-6.632742964130806,-6.632742964130806,48.37500000000008,-2.3837679098180473,-2.3837679098180473,18.749999999999996,0.15937498995627664,0.15937498995627664,110.25000000000041,-7.304453733048177,-7.304453733048177,3.3750000000000004
42.70000000000034,0,0,12.99703607314649,12.99703607314649,46.125000000000064,-7.324044469330246,-7.324044469330246,67.50000000000018,-6.642970419919145,-6.642970419919145,48.37500000000008,-2.394085373240216,-2.394085373240216,18.749999999999996,0.14522365853925123,0.14522365853925123,110.25000000000041,-7.324044469330246,-7.324044469330246,3.3750000000000004
42.80000000000034,0,0,13.007121265294515,13.007121265294515,46.125000000000064,-7.34367712716498,-7.34367712716498,67.50000000000018,-6.653175151670837,-6.653175151670837,48.37500000000008,-2.4044964415097496,-2.4044964415097496,18.749999999999996,0.1278128424376348,0.1278128424376348,110.25000000000041,-7.34367712716498,-7.34367712716498,3.3750000000000004
42.90000000000034,0,0,13.017102650389674,13.017102650389674,46.125000000000064,-7.363351688005039,-7.363351688005039,67.50000000000018,-6.663329364789348,-6.663329364789348,48.37500000000008,-2.414457289185634,-2.414457289185634,18.749999999999996,0.11330734974436041,0.11330734974436041,110.25000000000041,-7.363351688005039,-7.363351688005039,3.3750000000000004
43.00000000000034,0,0,13.027057493525234,13.027057493525234,46.125000000000064,-7.383068133258853,-7.383068133258853,67.50000000000018,-6.67344150983309,-6.67344150983309,48.37500000000008,-2.4231990229878733,-2.4231990229878733,18.749999999999996,0.09865630354165944,0.09865630354165944,110.25000000000041,-7.383068133258853,-7.383068133258853,3.3750000000000004
43.10000000000034,0,0,13.036998441533797,13.036998441533797,46.125000000000064,-7.402826444290461,-7.402826444290461,67.50000000000018,-6.683549127895155,-6.683549127895155,48.37500000000008,-2.432612375175154,-2.432612375175154,18.749999999999996,0.08087181777717944,0.08087181777717944,110.25000000000041,-7.402826444290461,-7.402826444290461,3.3750000000000004
43.200000000000344,0,0,13.04690649840532,13.04690649840532,46.125000000000064,-7.422626602419513,-7.422626602419513,67.50000000000018,-6.693696094500112,-6.693696094500112,48.37500000000008,-2.440700746308437,-2.440700746308437,18.749999999999996,0.06714872817347839,0.06714872817347839,110.25000000000041,-7.422626602419513,-7.422626602419513,3.3750000000000004
43.300000000000345,0,0,13.05681449420507,13.05681449420507,46.125000000000064,-7.442468588921329,-7.442468588921329,67.50000000000018,-6.70386369267743,-6.70386369267743,48.37500000000008,-2.44754057161164,-2.44754057161164,18.749999999999996,0.05714833764162108,0.05714833764162108,110.25000000000041,-7.442468588921329,-7.442468588921329,3.3750000000000004
43.40000000000035,0,0,13.06658653814705,13.06658653814705,46.125000000000064,-7.46235238502679,-7.46235238502679,67.50000000000018,-6.714041153831246,-6.714041153831246,48.37500000000008,-2.4561216263593195,-2.4561216263593195,18.749999999999996,0.04937383567461495,0.04937383567461495,110.25000000000041,-7.46235238502679,-7.46235238502679,3.3750000000000004
43.50000000000035,0,0,13.07635180869542,13.07635180869542,46.125000000000064,-7.482277971922322,-7.482277971922322,67.50000000000018,-6.72423255896328,-6.72423255896328,48.37500000000008,-2.46370673165751,-2.46370673165751,18.749999999999996,0.04671094370290518,0.04671094370290518,110.25000000000041,-7.482277971922322,-7.482277971922322,3.3750000000000004
43.60000000000035,0,0,13.086090023051568,13.086090023051568,46.125000000000064,-7.5022453307499575,-7.5022453307499575,67.50000000000018,-6.734438197061657,-6.734438197061657,48.37500000000008,-2.4704792347467617,-2.4704792347467617,18.749999999999996,0.04225483350226966,0.04225483350226966,110.25000000000041,-7.5022453307499575,-7.5022453307499575,3.3750000000000004
43.70000000000035,0,0,13.095825497278241,13.095825497278241,46.125000000000064,-7.522254442607206,-7.522254442607206,67.50000000000018,-6.744657272909855,-6.744657272909855,48.37500000000008,-2.4770891417024785,-2.4770891417024785,18.749999999999996,0.035014432059668366,0.035014432059668366,110.25000000000041,-7.522254442607206,-7.522254442607206,3.3750000000000004
43.80000000000035,0,0,13.105537913818239,13.105537913818239,46.125000000000064,-7.542305288547077,-7.542305288547077,67.50000000000018,-6.754886921039763,-6.754886921039763,48.37500000000008,-2.4836933817838087,-2.4836933817838087,18.749999999999996,0.033415823356605756,0.033415823356605756,110.25000000000041,-7.542305288547077,-7.542305288547077,3.3750000000000004
43.900000000000354,0,1,13.093168890291736,13.093168890291736,46.125000000000064,-7.56239784957814,-7.56239784957814,67.50000000000018,-6.772062280907157,-6.772062280907157,48.37500000000008,-2.5092516231231485,-2.5092516231231485,18.749999999999996,0.01094763374970853,0.01094763374970853,110.25000000000041,-7.56239784957814,-7.56239784957814,3.3750000000000004
44.000000000000355,0,1,13.071994257564526,13.071994257564526,46.125000000000064,-7.582532106664374,-7.582532106664374,67.50000000000018,-6.792112752787773,-6.792112752787773,48.37500000000008,-2.5423249263870247,-2.5423249263870247,18.749999999999996,-0.020032542033973755,-0.020032542033973755,110.25000000000041,-7.582532106664374,-7.582532106664374,3.3750000000000004
44.10000000000036,0,1,13.050559529205685,13.050559529205685,46.125000000000064,-7.602708040725176,-7.602708040725176,67.12500000000017,-6.812382201854689,-6.812382201854689,48.37500000000008,-2.575727014220959,-2.575727014220959,18.749999999999996,-0.04921983931741636,-0.04921983931741636,110.25000000000041,-7.602708040725176,-7.602708040725176,3
44.20000000000036,0,1,13.02890797112569,13.02890797112569,46.125000000000064,-7.622925632635408,-7.622925632635408,67.12500000000017,-6.832844198049408,-6.832844198049408,48.37500000000008,-2.7238786360133247,-2.7238786360133247,18.374999999999996,-0.07744346680290448,-0.07744346680290448,110.25000000000041,-7.622925632635408,-7.622925632635408,3
44.25000000000005,0,1,13.018328924060953,13.018328924060953,46.125000000000064,-7.633050044295189,-7.633050044295189,67.12500000000017,-6.842895011295731,-6.842895011295731,48.37500000000008,-2.7404094060811985,-2.7404094060811985,18.374999999999996,-0.09108163418392223,-0.09108163418392223,110.25000000000041,-7.633050044295189,-7.633050044295189,3
