alpha,blueOver,pushedRed,m0m,x0m,l0m,m0p,x0p,l0p,m1m,x1m,l1m,m1p,x1p,l1p,m2m,x2m,l2m,m2p,x2p,l2p
2,0,1,3.528707339889337,3.528707339889337,46.125000000000064,-2.949890154309287,-2.949890154309287,67.87500000000018,-2.949890154309287,-2.949890154309287,48.37500000000008,-2.9671666507155123,-2.9387161324978166,19.499999999999993,5.809075751531594,5.809075751531594,109.87500000000041,-3.045725910241572,-3.0315151634107593,3.3750000000000004
2.1,0,1,3.5008784248933864,3.5008784248933864,46.125000000000064,-2.9502530942788496,-2.9502530942788496,67.87500000000018,-2.9502530942788496,-2.9502530942788496,48.37500000000008,-2.9702180753073577,-2.939170953102561,19.499999999999993,5.814728910140559,5.814728910140559,109.87500000000041,-3.0475250827505818,-3.033155624818761,3.3750000000000004
2.2,0,1,3.465483695617081,3.465483695617081,46.125000000000064,-2.9506619830717966,-2.9506619830717966,67.87500000000018,-2.9506619830717966,-2.9506619830717966,48.37500000000008,-2.9804521051663073,-2.946703539886798,19.499999999999993,5.821402172457198,5.821402172457198,109.87500000000041,-3.0493471008219473,-3.0348217623347864,3.3750000000000004
2.3000000000000003,0,1,3.431484815947357,3.431484815947357,46.125000000000064,-2.951116820320294,-2.951116820320294,67.87500000000018,-2.951116820320294,-2.951116820320294,48.37500000000008,-2.9838363093587645,-2.9474353222425833,19.499999999999993,5.829150763738355,5.829150763738355,109.87500000000041,-3.066738484863393,-3.036506705525454,3.7500000000000004
2.4000000000000004,0,1,3.4013357286534074,3.4013357286534074,46.125000000000064,-2.9516176056151835,-2.9516176056151835,67.87500000000018,-2.9516176056151835,-2.9516176056151835,48.37500000000008,-2.98714114219149,-2.9481152058642692,19.499999999999993,5.83573914428753,5.83573914428753,109.87500000000041,-3.0688030067163226,-3.038260842351008,3.7500000000000004
2.5000000000000004,0,1,3.3696651162349127,3.3696651162349127,46.125000000000064,-2.9521643385059235,-2.9521643385059235,67.87500000000018,-2.9521643385059235,-2.9521643385059235,48.37500000000008,-2.9924634978038824,-2.948760775109463,19.874999999999993,5.84101107747442,5.84101107747442,109.87500000000041,-3.0709404262262296,-3.0400819363103437,3.7500000000000004
2.6000000000000005,0,1,3.5016334135221996,3.5016334135221996,46.50000000000007,-2.952757018500705,-2.952757018500705,67.87500000000018,-2.952757018500705,-2.952757018500705,48.37500000000008,-3.003119532551281,-2.9497211089790483,19.874999999999993,5.848866170454016,5.848866170454016,109.87500000000041,-3.0730632439177867,-3.041901793233876,3.7500000000000004
2.7000000000000006,0,1,3.451899496150375,3.451899496150375,46.50000000000007,-2.9533956450663226,-2.9533956450663226,67.87500000000018,-2.9533956450663226,-2.9533956450663226,48.37500000000008,-3.013410439148302,-2.950674673188672,19.874999999999993,5.855255549113608,5.855255549113608,109.87500000000041,-3.075261174473596,-3.0437902820312104,3.7500000000000004
2.8000000000000007,0,1,3.418596600033297,3.418596600033297,46.50000000000007,-2.954080217628288,-2.954080217628288,67.87500000000018,-2.954080217628288,-2.954080217628288,48.37500000000008,-3.017066149009807,-2.9516293550057924,19.874999999999993,5.860402253620023,5.860402253620023,109.87500000000041,-3.0775319625336124,-3.045745703726368,3.7500000000000004
2.900000000000001,0,1,3.389997407573915,3.389997407573915,46.50000000000007,-2.954810735570703,-2.954810735570703,67.87500000000018,-2.954810735570703,-2.954810735570703,48.37500000000008,-3.0208312707167124,-2.952673001449625,19.874999999999993,5.866508458719352,5.866508458719352,109.87500000000041,-3.079820425426732,-3.047725004687152,3.7500000000000004
3.000000000000001,0,1,3.3639391257875815,3.3639391257875815,46.50000000000007,-2.955587198236401,-2.955587198236401,67.87500000000018,-2.955587198236401,-2.955587198236401,48.37500000000008,-3.024726234549064,-2.9538200739642093,19.874999999999993,5.874203205207408,5.874203205207408,109.87500000000041,-3.082120003570168,-3.0497231061802097,3.7500000000000004
3.100000000000001,0,1,3.329876323356018,3.329876323356018,46.50000000000007,-2.956409604926847,-2.956409604926847,67.87500000000018,-2.956409604926847,-2.956409604926847,48.37500000000008,-3.02859228404094,-2.9549611846255743,19.874999999999993,5.884160148487325,5.884160148487325,109.87500000000041,-3.084495659533303,-3.051790627641651,3.7500000000000004
3.200000000000001,0,1,3.2961377406668078,3.2961377406668078,46.50000000000007,-2.9572779549021533,-2.9572779549021533,67.87500000000018,-2.9572779549021533,-2.9572779549021533,48.37500000000008,-3.0323844708747885,-2.9560272525009736,19.874999999999993,5.89840476808439,5.89840476808439,109.87500000000041,-3.0869156000698155,-3.0539027805021277,3.7500000000000004
3.300000000000001,0,1,3.2658175439450474,3.2658175439450474,46.50000000000007,-2.9581922473811346,-2.9581922473811346,67.87500000000018,-2.9581922473811346,-2.9581922473811346,48.37500000000008,-3.036221515532006,-2.9571352539027487,19.874999999999993,5.904410900213421,5.904410900213421,109.87500000000041,-3.0893798232213214,-3.056059562980934,3.7500000000000004
3.4000000000000012,0,1,3.229253232964595,3.229253232964595,46.50000000000007,-2.9591524815412242,-2.9591524815412242,67.87500000000018,-2.9591524815412242,-2.9591524815412242,48.37500000000008,-3.0430916376696047,-2.9582900091297404,20.24999999999999,5.910278674647799,5.910278674647799,109.87500000000041,-3.091889110412538,-3.058261608743294,3.7500000000000004
3.5000000000000013,0,1,3.193978734390356,3.193978734390356,46.50000000000007,-2.960158656518516,-2.960158656518516,68.25000000000018,-2.960158656518516,-2.960158656518516,48.37500000000008,-3.0541101841829885,-2.9594900420611054,20.24999999999999,5.916016854859109,5.916016854859109,109.87500000000041,-3.0944423297283947,-3.060507999431479,3.7500000000000004
3.6000000000000014,0,1,3.1686364875887847,3.1686364875887847,46.50000000000007,-2.9612107714078064,-2.9612107714078064,68.25000000000018,-2.9612107714078064,-2.9612107714078064,48.37500000000008,-3.0582504225405387,-2.960736093830164,20.24999999999999,5.924964862577994,5.924964862577994,109.50000000000041,-3.097039920261082,-3.0627990910037113,3.7500000000000004
3.7000000000000015,0,1,3.1305330671472262,3.1305330671472262,46.50000000000007,-2.962308825262511,-2.962308825262511,68.25000000000018,-2.962308825262511,-2.962308825262511,48.37500000000008,-3.062356808319791,-2.9620282780893774,20.24999999999999,2.9925364208067435,2.9925364208067435,52.87500000000011,-3.0996818790584797,-3.0651348808466565,3.7500000000000004
3.8000000000000016,0,1,3.101669545878565,3.101669545878565,46.50000000000007,-2.9634528170947476,-2.9634528170947476,68.25000000000018,-2.9634528170947476,-2.9634528170947476,48.37500000000008,-3.0665167449671173,-2.9633681985034883,20.24999999999999,5.937237627407782,5.937237627407782,109.50000000000041,-3.1023692345993226,-3.067516203078256,3.7500000000000004
3.9000000000000017,0,1,3.084474135909474,3.084474135909474,46.50000000000007,-2.9646427458752527,-2.9646427458752527,68.25000000000018,-2.9646427458752527,-2.9646427458752527,48.37500000000008,-3.0777434439022926,-2.9717013665423195,20.24999999999999,5.943479552795864,5.943479552795864,109.50000000000041,-3.105100190873472,-3.069941600490438,3.7500000000000004
4.000000000000002,0,1,3.0604866068183867,3.0604866068183867,46.50000000000007,-2.9658786105333945,-2.9658786105333945,68.25000000000018,-2.9658786105333945,-2.9658786105333945,48.37500000000008,-3.0886127831113015,-2.973137588188962,20.24999999999999,5.949693670043217,5.949693670043217,109.50000000000041,-3.1078755367415596,-3.0724117127845005,3.7500000000000004
4.100000000000001,0,1,3.043277099537235,3.043277099537235,46.50000000000007,-2.9671604099573017,-2.9671604099573017,68.25000000000018,-2.9671604099573017,-2.9671604099573017,48.37500000000008,-3.092923686819219,-2.9746202868876424,20.24999999999999,5.955880337460542,5.955880337460542,109.50000000000041,-3.1106952688612495,-3.074926537000522,3.7500000000000004
4.200000000000001,0,1,3.004990086247105,3.004990086247105,46.50000000000007,-2.9684881429936354,-2.9684881429936354,68.25000000000018,-2.9684881429936354,-2.9684881429936354,48.37500000000008,-3.09728846697503,-2.9761502405881686,20.24999999999999,5.962072825255902,5.962072825255902,109.50000000000041,-3.1135605295877014,-3.0774869996953527,3.7500000000000004
4.300000000000001,0,1,2.9759925594348005,2.9759925594348005,46.50000000000007,-2.969861808447831,-2.969861808447831,68.25000000000018,-2.969861808447831,-2.969861808447831,48.37500000000008,-3.1055139209140776,-2.977723184693133,20.62499999999999,5.968170361981791,5.968170361981791,109.50000000000041,-3.116469218747312,-3.0800913967219117,3.7500000000000004
4.4,0,1,2.9587169995945573,2.9587169995945573,46.50000000000007,-2.9712814050838716,-2.9712814050838716,68.25000000000018,-2.9712814050838716,-2.9712814050838716,48.37500000000008,-3.110042275057424,-2.9793429457032943,20.62499999999999,5.9741751375838135,5.9741751375838135,109.50000000000041,-3.1194222985556763,-3.0827405084536252,3.7500000000000004
4.5,0,1,2.9415064765225623,2.9415064765225623,46.50000000000007,-2.9727469316245134,-2.9727469316245134,68.25000000000018,-2.9727469316245134,-2.9727469316245134,48.37500000000008,-3.121507071280348,-2.981009615003927,20.62499999999999,5.9800912025895485,5.9800912025895485,109.50000000000041,-3.1224197654319994,-3.085434331706196,3.7500000000000004
4.6,0,1,2.9173919232983963,2.9173919232983963,46.50000000000007,-2.9742583867510604,-2.9742583867510604,68.25000000000018,-2.9742583867510604,-2.9742583867510604,48.37500000000008,-3.1261405152322226,-2.9827232812070577,20.62499999999999,5.985914927679161,5.985914927679161,109.50000000000041,-3.1254616157731476,-3.088172863269321,3.7500000000000004
4.699999999999999,0,1,2.8788887944244976,2.8788887944244976,46.50000000000007,-2.975815769103548,-2.975815769103548,68.25000000000018,-2.975815769103548,-2.975815769103548,48.37500000000008,-3.1308309356963093,-2.984486048962367,20.62499999999999,5.994054674139932,5.994054674139932,109.50000000000041,-3.1486442265088357,-3.090957201575307,4.125
4.799999999999999,0,1,2.8497825806214223,2.8497825806214223,46.50000000000007,-2.9774190772805724,-2.9774190772805724,68.25000000000018,-2.9774190772805724,-2.9774190772805724,48.37500000000008,-3.1356843308553977,-2.9864101724818255,20.62499999999999,5.99970509869074,5.99970509869074,109.50000000000041,-3.1519257834757184,-3.0937852695192163,4.125
4.899999999999999,0,1,2.832420102338517,2.832420102338517,46.50000000000007,-2.979068309839505,-2.979068309839505,68.25000000000018,-2.979068309839505,-2.979068309839505,48.37500000000008,-3.140597067093566,-2.9883927371796943,20.62499999999999,6.005264831045864,6.005264831045864,109.50000000000041,-3.1552515562369337,-3.0966580427189427,4.125
4.999999999999998,0,1,2.928109963110046,2.928109963110046,46.87500000000007,-2.9807634652962776,-2.9807634652962776,68.25000000000018,-2.9807634652962776,-2.9807634652962776,48.37500000000008,-3.1455600372839996,-2.990421566879675,20.62499999999999,6.010774076242669,6.010774076242669,109.50000000000041,-3.158621540825507,-3.0995755177884092,4.125
5.099999999999998,0,1,2.9104929795653334,2.9104929795653334,46.87500000000007,-2.982504542125554,-2.982504542125554,68.62500000000018,-2.982504542125554,-2.982504542125554,48.37500000000008,-3.150579044615128,-2.992498171516573,20.62499999999999,6.016413640177973,6.016413640177973,109.50000000000041,-3.162037222424587,-3.1025387977394274,4.125
5.1999999999999975,0,1,2.8861044548022505,2.8861044548022505,46.87500000000007,-2.9842915387605444,-2.9842915387605444,68.62500000000018,-2.9842915387605444,-2.9842915387605444,48.37500000000008,-3.166933512946585,-2.9946199252614605,20.999999999999986,6.02527270501804,6.02527270501804,109.50000000000041,-3.1654957585893158,-3.1055457702756684,4.125
5.299999999999997,0,1,2.847148746622878,2.847148746622878,46.87500000000007,-2.9861244535931917,-2.9861244535931917,68.62500000000018,-2.9861244535931917,-2.9861244535931917,48.37500000000008,-3.1721485200498094,-2.9967881994892736,20.999999999999986,6.035057556675071,6.035057556675071,109.50000000000041,-3.1689985003321155,-3.1085974386655266,4.125
5.399999999999997,0,1,2.8178085307980467,2.8178085307980467,46.87500000000007,-2.9880032849741127,-2.9880032849741127,68.62500000000018,-2.9880032849741127,-2.9880032849741127,48.37500000000008,-3.177413466020859,-2.9989475787466517,20.999999999999986,6.040569127540081,6.040569127540081,109.50000000000041,-3.172545443538972,-3.1116937993709968,4.125
5.4999999999999964,0,1,2.800312264417144,2.800312264417144,46.87500000000007,-2.9899280312124574,-2.9899280312124574,68.62500000000018,-2.9899280312124574,-2.9899280312124574,48.37500000000008,-3.19643637834902,-3.0080117328358114,20.999999999999986,6.0497561521209775,6.0497561521209775,109.50000000000041,-3.1761380719758776,-3.1148359544709763,4.125
5.599999999999996,0,1,2.782759192287614,2.782759192287614,46.87500000000007,-2.9918986905761216,-2.9918986905761216,68.62500000000018,-2.9918986905761216,-2.9918986905761216,48.37500000000008,-3.2017238275346998,-3.0102032477770706,20.999999999999986,6.055353487982131,6.055353487982131,109.50000000000041,-3.179773521838264,-3.1180217754436512,4.125
5.699999999999996,0,1,2.74369162685376,2.74369162685376,46.87500000000007,-2.9939152612916615,-2.9939152612916615,68.62500000000018,-2.9939152612916615,-2.9939152612916615,48.37500000000008,-3.206996737301779,-3.012440824131133,20.999999999999986,6.060862049737665,6.060862049737665,109.12500000000043,-3.183453164641179,-3.1212522808970107,4.125
5.799999999999995,0,1,2.719086364293858,2.719086364293858,46.87500000000007,-2.995977741544195,-2.995977741544195,68.62500000000018,-2.995977741544195,-2.995977741544195,48.37500000000008,-3.212319180596694,-3.0147245587787665,20.999999999999986,6.066300300670292,6.066300300670292,109.12500000000043,-3.187176996141325,-3.1245274671540813,4.125
5.899999999999995,0,1,2.6894962376840823,2.6894962376840823,46.87500000000007,-2.9980861294775565,-2.9980861294775565,68.62500000000018,-2.9980861294775565,-2.9980861294775565,48.37500000000008,-3.2176945094737093,-3.0170552561172457,20.999999999999986,6.071674106786304,6.071674106786304,109.12500000000043,-3.1909464939955114,-3.127848431875435,4.125
5.999999999999995,0,1,2.672009350157026,2.672009350157026,46.87500000000007,-3.0002404231941995,-3.0002404231941995,68.62500000000018,-3.0002404231941995,-3.0002404231941995,48.37500000000008,-3.223112623378256,-3.0194287459299147,20.999999999999986,6.077050162702463,6.077050162702463,109.12500000000043,-3.1947587888147098,-3.131213042029202,4.125
6.099999999999994,0,1,2.6544880968168627,2.6544880968168627,46.87500000000007,-3.002440620755223,-3.002440620755223,68.62500000000018,-3.002440620755223,-3.002440620755223,48.37500000000008,-3.2341904448492045,-3.021849616432192,21.374999999999986,6.082651166720595,6.082651166720595,109.12500000000043,-3.198615909897171,-3.1346228052245237,4.125
6.199999999999994,0,1,2.6367849871021463,2.6367849871021463,46.87500000000007,-3.004686720180402,-3.004686720180402,68.62500000000018,-3.004686720180402,-3.004686720180402,48.37500000000008,-3.2397881140578875,-3.0243167929906747,21.374999999999986,6.088223638197505,6.088223638197505,109.12500000000043,-3.202517031345792,-3.1380771070875824,4.125
6.299999999999994,0,1,2.5973916088852036,2.5973916088852036,46.87500000000007,-3.0069787194480995,-3.0069787194480995,68.62500000000018,-3.0069787194480995,-3.0069787194480995,48.37500000000008,-3.245435972157864,-3.0268303582009963,21.374999999999986,6.0937974732388085,6.0937974732388085,109.12500000000043,-3.2064621504505126,-3.1415759450136704,4.125
6.399999999999993,0,1,2.572786774550977,2.572786774550977,46.87500000000007,-3.009316616495397,-3.009316616495397,68.62500000000018,-3.009316616495397,-3.009316616495397,48.37500000000008,-3.2579096362711866,-3.029390392428752,21.374999999999986,6.102221681721318,6.102221681721318,109.12500000000043,-3.2104512644762835,-3.1451193163687776,4.125
6.499999999999993,0,1,2.5431288647172323,2.5431288647172323,46.87500000000007,-3.0117004092179087,-3.0117004092179087,68.62500000000018,-3.0117004092179087,-3.0117004092179087,48.37500000000008,-3.2702061192971073,-3.0319987046441668,21.374999999999986,6.107713776372108,6.107713776372108,109.12500000000043,-3.2144855717717817,-3.148708111313397,4.125
6.5999999999999925,0,1,2.525696188313489,2.525696188313489,46.87500000000007,-3.0141300954700085,-3.0141300954700085,68.62500000000018,-3.0141300954700085,-3.0141300954700085,48.37500000000008,-3.276012460960466,-3.0346526707209165,21.374999999999986,6.1130957259710925,6.1130957259710925,109.12500000000043,-3.218563190154029,-3.1523409301815803,4.125
6.699999999999992,0,1,2.5079652042307856,2.5079652042307856,46.87500000000007,-3.0166056730646034,-3.0166056730646034,69.00000000000018,-3.0166056730646034,-3.0166056730646034,48.37500000000008,-3.281869779392487,-3.037353471698623,21.374999999999986,6.118343385910933,6.118343385910933,109.12500000000043,-3.222684887103277,-3.1560183428209427,4.125
6.799999999999992,0,1,2.4684358683940246,2.4684358683940246,46.87500000000007,-3.01912713977336,-3.01912713977336,69.00000000000018,-3.01912713977336,-3.01912713977336,48.37500000000008,-3.2877748687548163,-3.0401011788492696,21.374999999999986,6.12341791332797,6.12341791332797,109.12500000000043,-3.226850658845109,-3.159740345789473,4.125
6.8999999999999915,0,1,2.4436646893265106,2.4436646893265106,46.87500000000007,-3.0216944933264784,-3.0216944933264784,69.00000000000018,-3.0216944933264784,-3.0216944933264784,48.37500000000008,-3.2937354228359297,-3.0428977288823233,21.374999999999986,6.128428438678682,6.128428438678682,109.12500000000043,-3.2310617814937004,-3.1635078871633624,4.125
6.999999999999991,0,1,2.413900822333858,2.413900822333858,46.87500000000007,-3.0243077314128044,-3.0243077314128044,69.00000000000018,-3.0243077314128044,-3.0243077314128044,48.37500000000008,-3.3062739105902708,-3.04575599012675,21.749999999999986,6.133326043782404,6.133326043782404,109.12500000000043,-3.2353159863661034,-3.167319279683575,4.125
7.099999999999991,0,1,2.39635265099038,2.39635265099038,46.87500000000007,-3.0269668516799015,-3.0269668516799015,69.00000000000018,-3.0269668516799015,-3.0269668516799015,48.37500000000008,-3.3125333077421786,-3.0487661952838607,21.749999999999986,6.138534914981491,6.138534914981491,109.12500000000043,-3.2641346906961957,-3.171175273911622,4.5
7.19999999999999,0,1,2.3787371085743985,2.3787371085743985,46.87500000000007,-3.0296718517338945,-3.0296718517338945,69.00000000000018,-3.0296718517338945,-3.0296718517338945,48.37500000000008,-3.325687307131716,-3.058621145440796,21.749999999999986,6.1473412702361685,6.1473412702361685,109.12500000000043,-3.268623501504095,-3.175075866062329,4.5
7.29999999999999,0,1,2.3390057132794055,2.3390057132794055,46.87500000000007,-3.0324227291395403,-3.0324227291395403,69.00000000000018,-3.0324227291395403,-3.0324227291395403,48.37500000000008,-3.338765084743521,-3.061727940788984,21.749999999999986,6.152768163769579,6.152768163769579,109.12500000000043,-3.2731576500187174,-3.1790220318136946,4.5
7.39999999999999,0,1,2.430278897930961,2.430278897930961,47.250000000000064,-3.035219481420299,-3.035219481420299,69.00000000000018,-3.035219481420299,-3.035219481420299,48.37500000000008,-3.34525336554546,-3.0648798995796227,21.749999999999986,6.162475720149217,6.162475720149217,109.12500000000043,-3.2777345011482595,-3.183011961047285,4.5
7.499999999999989,0,1,2.39323624914266,2.39323624914266,47.250000000000064,-3.0380621060581774,-3.0380621060581774,69.00000000000018,-3.0380621060581774,-3.0380621060581774,48.37500000000008,-3.351792224868298,-3.0680782256475254,21.749999999999986,6.167482860320817,6.167482860320817,109.12500000000043,-3.282355269980606,-3.187046487157474,4.5
7.599999999999989,0,1,2.3753793211501772,2.3753793211501772,47.250000000000064,-3.040950600493872,-3.040950600493872,69.00000000000018,-3.040950600493872,-3.040950600493872,48.37500000000008,-3.3583376036973718,-3.0713215842190067,21.749999999999986,6.172391074210481,6.172391074210481,109.12500000000043,-3.2870199519615113,-3.1911256061327578,4.5
7.699999999999989,0,1,2.3574340436491212,2.3574340436491212,47.250000000000064,-3.0438849621266826,-3.0438849621266826,69.00000000000018,-3.0438849621266826,-3.0438849621266826,48.37500000000008,-3.3713944127479607,-3.074611553378432,21.749999999999986,6.177275853995042,6.177275853995042,109.12500000000043,-3.291729986318707,-3.195250305490454,4.5
7.799999999999988,0,1,2.317461796850054,2.317461796850054,47.250000000000064,-3.0468651883145412,-3.0468651883145412,69.00000000000018,-3.0468651883145412,-3.0468651883145412,48.37500000000008,-3.3779938975936403,-3.0779312308392406,21.749999999999986,6.185558853017767,6.185558853017767,108.75000000000041,-3.296482650180913,-3.1994187143993216,4.5
7.899999999999988,0,1,2.2993786036752653,2.2993786036752653,47.250000000000064,-3.0498912763740265,-3.0498912763740265,69.00000000000018,-3.0498912763740265,-3.0498912763740265,48.37500000000008,-3.384544300731257,-3.0811920207603407,21.749999999999986,6.190235113895724,6.190235113895724,108.75000000000041,-3.3012792221372393,-3.203631709984734,4.5
7.999999999999988,0,1,2.269181712324581,2.269181712324581,47.250000000000064,-3.052963223580292,-3.052963223580292,69.00000000000018,-3.052963223580292,-3.052963223580292,48.37500000000008,-3.3911453690033113,-3.0844976628344227,21.749999999999986,6.194896463103504,6.194896463103504,108.75000000000041,-3.3061196974463414,-3.2078892880552203,4.5
8.099999999999987,0,1,2.244247218086599,2.244247218086599,47.250000000000064,-3.056081027167181,-3.056081027167181,69.00000000000018,-3.056081027167181,-3.056081027167181,48.37500000000008,-3.39780143440084,-3.0878502951501474,21.749999999999986,6.199931061342042,6.199931061342042,108.75000000000041,-3.311005520034982,-3.212192439514766,4.5
8.199999999999987,0,1,2.2263697303760495,2.2263697303760495,47.250000000000064,-3.0592446843271546,-3.0592446843271546,69.00000000000018,-3.0592446843271546,-3.0592446843271546,48.37500000000008,-3.4111372400519713,-3.091246041199213,21.749999999999986,6.2048951756283515,6.2048951756283515,108.75000000000041,-3.3159339235222873,-3.216539263197255,4.5
8.299999999999986,0,1,2.1861067975810897,2.1861067975810897,47.250000000000064,-3.0624541922112343,-3.0624541922112343,69.00000000000018,-3.0624541922112343,-3.0624541922112343,48.37500000000008,-3.417889958738087,-3.0946868339919433,21.749999999999986,6.209778794287075,6.209778794287075,108.75000000000041,-3.3209062215677676,-3.220930660451458,4.5
8.399999999999986,0,1,2.1889369795777327,2.1889369795777327,47.250000000000064,-3.0657095479291456,-3.0657095479291456,69.00000000000018,-3.0657095479291456,-3.0657095479291456,48.37500000000008,-3.42469380646736,-3.098172731336817,21.749999999999986,6.214567893045185,6.214567893045185,108.75000000000041,-3.3259224092764654,-3.225366626928441,4.5
8.499999999999986,0,1,2.196311839773216,2.196311839773216,47.250000000000064,-3.069010748549161,-3.069010748549161,69.00000000000018,-3.069010748549161,-3.069010748549161,48.37500000000008,-3.4315553465743065,-3.1017059258499557,21.749999999999986,6.219262382465061,6.219262382465061,108.75000000000041,-3.3309839280369573,-3.2298481519506694,4.5
8.599999999999985,0,1,2.215470672616661,2.215470672616661,47.250000000000064,-3.0723577910981703,-3.0723577910981703,69.00000000000018,-3.0723577910981703,-3.0723577910981703,48.37500000000008,-3.4384615356141808,-3.1052823822605973,21.749999999999986,6.223761863285262,6.223761863285262,108.75000000000041,-3.3360879928883023,-3.2343733211264265,4.5
8.699999999999985,0,1,2.22949213650206,2.22949213650206,47.250000000000064,-3.07575067256181,-3.07575067256181,69.00000000000018,-3.07575067256181,-3.07575067256181,48.37500000000008,-3.445418150692163,-3.108904114649107,21.749999999999986,6.228166697154222,6.228166697154222,108.75000000000041,-3.3412359363705235,-3.238943048917861,4.5
8.799999999999985,0,1,2.258070478759265,2.258070478759265,47.250000000000064,-3.079189389884192,-3.079189389884192,69.00000000000018,-3.079189389884192,-3.079189389884192,48.37500000000008,-3.4605740635504034,-3.112571174352624,22.124999999999982,6.232477390291706,6.232477390291706,108.75000000000041,-3.346427753453497,-3.2435573308312016,4.5
8.899999999999984,0,1,2.265416438992247,2.265416438992247,47.250000000000064,-3.0826739399680747,-3.0826739399680747,69.00000000000018,-3.0826739399680747,-3.0826739399680747,48.37500000000008,-3.4810189290761215,-3.1231416927289075,22.124999999999982,6.237462643323923,6.237462643323923,108.75000000000041,-3.351664878417843,-3.248217151469227,4.5
8.999999999999984,0,1,2.2726515134646093,2.2726515134646093,47.250000000000064,-3.0862043196748488,-3.0862043196748488,69.00000000000018,-3.0862043196748488,-3.0862043196748488,48.37500000000008,-3.488214691196525,-3.1269023449612092,22.124999999999982,6.242724167968774,6.242724167968774,108.75000000000041,-3.3569445231082113,-3.2529205937760395,4.5
9.099999999999984,0,1,2.291262362835056,2.291262362835056,47.250000000000064,-3.089780525824537,-3.089780525824537,69.00000000000018,-3.089780525824537,-3.089780525824537,48.37500000000008,-3.495465245192328,-3.130709349806878,22.124999999999982,6.249999308801705,6.249999308801705,108.75000000000041,-3.3622686576609624,-3.2576690105590558,4.5
9.199999999999983,0,1,2.2982563508450653,2.2982563508450653,47.250000000000064,-3.093402555195709,-3.093402555195709,69.00000000000018,-3.093402555195709,-3.093402555195709,48.37500000000008,-3.509317631706679,-3.1345615513663887,22.124999999999982,6.25779611596424,6.25779611596424,108.75000000000041,-3.3676364790023925,-3.262461848850762,4.5
9.299999999999983,0,1,2.312017487761821,2.312017487761821,47.250000000000064,-3.0970704045256667,-3.0970704045256667,69.00000000000018,-3.0970704045256667,-3.0970704045256667,48.37500000000008,-3.516662086148095,-3.138451526068053,22.124999999999982,6.26596534524991,6.26596534524991,108.75000000000041,-3.3730479836879255,-3.26729910516395,4.5
9.399999999999983,0,1,2.3398741602973843,2.3398741602973843,47.250000000000064,-3.1007840705101586,-3.1007840705101586,69.00000000000018,-3.1007840705101586,-3.1007840705101586,48.37500000000008,-3.5240525386908246,-3.1423822978673144,22.124999999999982,6.27068190439617,6.27068190439617,108.75000000000041,-3.3785031682465956,-3.272180775980246,4.5
9.499999999999982,0,1,2.3469884414540445,2.3469884414540445,47.250000000000064,-3.1045435498036937,-3.1045435498036937,69.00000000000018,-3.1045435498036937,-3.1045435498036937,48.37500000000008,-3.531621328173294,-3.1464400778268953,22.124999999999982,6.279658040951134,6.279658040951134,108.75000000000041,-3.412827535188036,-3.277107658802123,4.875
9.599999999999982,0,1,2.365270973424032,2.365270973424032,47.250000000000064,-3.108348839019243,-3.108348839019243,69.00000000000018,-3.108348839019243,-3.108348839019243,48.37500000000008,-3.539305028884435,-3.1505852293786347,22.124999999999982,6.284005055317024,6.284005055317024,108.75000000000041,-3.4185124693902154,-3.28207849642925,4.875
9.699999999999982,0,1,2.4811315165072614,2.4811315165072614,47.62500000000007,-3.1121999347285225,-3.1121999347285225,69.00000000000018,-3.1121999347285225,-3.1121999347285225,48.37500000000008,-3.5470379216707926,-3.154775125170275,22.124999999999982,6.288343037639663,6.288343037639663,108.75000000000041,-3.424240981754089,-3.2870937990325757,4.875
9.799999999999981,0,1,2.508744007175892,2.508744007175892,47.62500000000007,-3.116096833461711,-3.116096833461711,69.00000000000018,-3.116096833461711,-3.116096833461711,48.37500000000008,-3.554753718968392,-3.159009810073769,22.124999999999982,6.292626490519481,6.292626490519481,108.37500000000041,-3.430013067684854,-3.292153562309828,4.875
9.89999999999998,0,1,2.522043097883767,2.522043097883767,47.62500000000007,-3.1200395317077323,-3.1200395317077323,69.00000000000018,-3.1200395317077323,-3.1200395317077323,48.37500000000008,-3.562525745869493,-3.163290770093255,22.124999999999982,6.296896372807296,6.296896372807296,108.37500000000041,-3.4358300564969255,-3.2972586350205333,4.875
9.99999999999998,0,1,2.5288177168180965,2.5288177168180965,47.62500000000007,-3.124028025913958,-3.124028025913958,69.00000000000018,-3.124028025913958,-3.124028025913958,48.37500000000008,-3.576814403919613,-3.1676155098907017,22.124999999999982,6.301261134082168,6.301261134082168,108.37500000000041,-3.44168958271171,-3.3024075030446554,4.875
10.09999999999998,0,1,2.535405992474196,2.535405992474196,47.62500000000007,-3.128062312486506,-3.128062312486506,69.00000000000018,-3.128062312486506,-3.128062312486506,48.37500000000008,-3.591045582507661,-3.171985205054831,22.124999999999982,6.309058238053339,6.309058238053339,108.37500000000041,-3.447592699046865,-3.3076008381774216,4.875
10.19999999999998,0,1,2.553248304819064,2.553248304819064,47.62500000000007,-3.1321423877900116,-3.1321423877900116,69.00000000000018,-3.1321423877900116,-3.1321423877900116,48.37500000000008,-3.598966704296558,-3.176399896027476,22.124999999999982,6.313458089670831,6.313458089670831,108.37500000000041,-3.4535394004647486,-3.312838635777318,4.875
10.29999999999998,0,1,2.5598025478999062,2.5598025478999062,47.62500000000007,-3.1362682481476867,-3.1362682481476867,69.00000000000018,-3.1362682481476867,-3.1362682481476867,48.37500000000008,-3.6069108427817653,-3.1808611548379986,22.124999999999982,6.3177932940464245,6.3177932940464245,108.37500000000041,-3.4595310535624293,-3.3181217686416744,4.875
10.399999999999979,0,1,2.5930290949852406,2.5930290949852406,47.62500000000007,-3.1404398898413604,-3.1404398898413604,69.00000000000018,-3.1404398898413604,-3.1404398898413604,48.37500000000008,-3.614826910153475,-3.1853662064768073,22.124999999999982,6.321956699776848,6.321956699776848,108.37500000000041,-3.4655651233530875,-3.323448613726285,4.875
10.499999999999979,0,1,2.599530095424015,2.599530095424015,47.62500000000007,-3.144657309111494,-3.144657309111494,69.00000000000018,-3.144657309111494,-3.144657309111494,48.37500000000008,-3.622792378525091,-3.1899163884442245,22.124999999999982,6.326078770886056,6.326078770886056,108.37500000000041,-3.4716427775203798,-3.3288199165002155,4.875
10.599999999999978,0,1,2.605951316624285,2.605951316624285,47.62500000000007,-3.1489205021570825,-3.1489205021570825,69.00000000000018,-3.1489205021570825,-3.1489205021570825,48.37500000000008,-3.6375999940306087,-3.201237048892928,22.124999999999982,6.330072669878135,6.330072669878135,108.37500000000041,-3.4777640107613124,-3.3342356720940742,4.875
10.699999999999978,0,1,2.623389346988006,2.623389346988006,47.62500000000007,-3.153229465135695,-3.153229465135695,69.00000000000018,-3.153229465135695,-3.153229465135695,48.37500000000008,-3.645673891679195,-3.2058809168231974,22.124999999999982,6.334662222220487,6.334662222220487,108.37500000000041,-3.483930204815387,-3.339696763191178,4.875
10.799999999999978,0,1,2.6297177465683035,2.6297177465683035,47.62500000000007,-3.157584194163576,-3.157584194163576,69.00000000000018,-3.157584194163576,-3.157584194163576,48.37500000000008,-3.653793784902433,-3.210568572380751,22.124999999999982,6.339139804785091,6.339139804785091,108.37500000000041,-3.490138742534164,-3.34520151364471,4.875
10.899999999999977,0,1,2.655959922045298,2.655959922045298,47.62500000000007,-3.161984685315474,-3.161984685315474,69.00000000000018,-3.161984685315474,-3.161984685315474,48.37500000000008,-3.6683432145562307,-3.21530143928063,22.124999999999982,2.5786624899647563,2.5786624899647563,51.75000000000009,-3.496390851595386,-3.350750707468592,4.875
10.999999999999977,0,1,2.668421338968514,2.668421338968514,47.62500000000007,-3.166430934624742,-3.166430934624742,69.00000000000018,-3.166430934624742,-3.166430934624742,48.37500000000008,-3.676553557514694,-3.2200684545961167,22.124999999999982,6.348036787998652,6.348036787998652,108.37500000000041,-3.5026865265008738,-3.356344339609585,4.875
11.099999999999977,0,1,2.6746929845475194,2.6746929845475194,47.62500000000007,-3.1709229380832937,-3.1709229380832937,69.00000000000018,-3.1709229380832937,-3.1709229380832937,48.37500000000008,-3.684810507714822,-3.2248710345608345,22.124999999999982,6.35248819853723,6.35248819853723,108.37500000000041,-3.509027152268203,-3.361983295051864,4.875
11.199999999999976,0,1,2.680731680600857,2.680731680600857,47.62500000000007,-3.1754606916417103,-3.1754606916417103,69.00000000000018,-3.1754606916417103,-3.1754606916417103,48.37500000000008,-3.6931166581939223,-3.229720548301181,22.124999999999982,6.360073571700227,6.360073571700227,108.37500000000041,-3.515410072263954,-3.3676658718234194,4.875
11.299999999999976,0,1,2.6976666652243466,2.6976666652243466,47.62500000000007,-3.180044191209035,-3.180044191209035,69.00000000000018,-3.180044191209035,-3.180044191209035,48.37500000000008,-3.707764184145809,-3.2346185261683758,22.124999999999982,6.364191284684111,6.364191284684111,108.37500000000041,-3.5218365467442467,-3.3733928749616737,4.875
11.399999999999975,0,1,2.723409603814204,2.723409603814204,47.62500000000007,-3.1846734326529713,-3.1846734326529713,69.00000000000018,-3.1846734326529713,-3.1846734326529713,48.37500000000008,-3.7161790859647894,-3.2395649485374776,22.124999999999982,6.368182749261891,6.368182749261891,108.37500000000041,-3.528306570050283,-3.379164299251208,4.875
11.499999999999975,0,1,2.7294824458167284,2.7294824458167284,47.62500000000007,-3.1893484117997346,-3.1893484117997346,69.00000000000018,-3.1893484117997346,-3.1893484117997346,48.37500000000008,-3.724655329029936,-3.244561481364414,22.124999999999982,6.376025263309984,6.376025263309984,108.37500000000041,-3.534821523511418,-3.3849810275221657,4.875
11.599999999999975,0,1,2.7415549500220067,2.7415549500220067,47.62500000000007,-3.1940691244341153,-3.1940691244341153,69.00000000000018,-3.1940691244341153,-3.1940691244341153,48.37500000000008,-3.7331807562119863,-3.2496048598828224,22.124999999999982,6.379839928732181,6.379839928732181,108.37500000000041,-3.541378735028843,-3.390841347332561,4.875
11.699999999999974,0,1,2.747328186726648,2.747328186726648,47.62500000000007,-3.1988355662995716,-3.1988355662995716,69.00000000000018,-3.1988355662995716,-3.1988355662995716,48.37500000000008,-3.748045696197032,-3.2546966248829747,22.124999999999982,6.383541318310847,6.383541318310847,108.00000000000041,-3.54797948183176,-3.3967460747687,4.875
11.799999999999974,0,1,2.7637993213348437,2.7637993213348437,47.62500000000007,-3.2036477330980375,-3.2036477330980375,69.00000000000018,-3.2036477330980375,-3.2036477330980375,48.37500000000008,-3.756720501792394,-3.259836754714307,22.124999999999982,6.387184251703417,6.387184251703417,108.00000000000041,-3.55462375811976,-3.4026952044648766,4.875
11.899999999999974,0,1,2.789007242279709,2.789007242279709,47.62500000000007,-3.2085056204900084,-3.2085056204900084,69.00000000000018,-3.2085056204900084,-3.2085056204900084,48.37500000000008,-3.7654827659040038,-3.2650352977127213,22.124999999999982,6.3937889431693264,6.3937889431693264,108.00000000000041,-3.5943144027480614,-3.4086896142860326,5.249999999999999
11.999999999999973,0,1,2.9051349673240026,2.9051349673240026,48.00000000000007,-3.213409224094569,-3.213409224094569,69.00000000000018,-3.213409224094569,-3.213409224094569,48.37500000000008,-3.774385373304085,-3.2703715320973856,22.124999999999982,6.397509737950557,6.397509737950557,108.00000000000041,-3.601182997996929,-3.4147275907931487,5.249999999999999
12.099999999999973,0,1,2.910925185657746,2.910925185657746,48.00000000000007,-3.2183585394893797,-3.2183585394893797,69.00000000000018,-3.2183585394893797,-3.2183585394893797,48.37500000000008,-3.7832901478400913,-3.2757530569976723,22.124999999999982,6.401176216750571,6.401176216750571,108.00000000000041,-3.608095572700684,-3.42081034068498,5.249999999999999
12.199999999999973,0,1,2.9225304544991815,2.9225304544991815,48.00000000000007,-3.2233535622106686,-3.2233535622106686,69.00000000000018,-3.2233535622106686,-3.2233535622106686,48.37500000000008,-3.792232912968174,-3.2811792881706268,22.124999999999982,6.404770942274595,6.404770942274595,108.00000000000041,-3.6150513040432486,-3.4269373688037916,5.249999999999999
12.299999999999972,0,1,2.9385412736242955,2.9385412736242955,48.00000000000007,-3.22839428775319,-3.22839428775319,69.00000000000018,-3.22839428775319,-3.22839428775319,48.37500000000008,-3.8078454658305603,-3.2932335036928677,22.124999999999982,6.411677973490143,6.411677973490143,108.00000000000041,-3.6220501879144393,-3.433108670726554,5.249999999999999
12.399999999999972,0,1,2.963313224771909,2.963313224771909,48.00000000000007,-3.2334807115702517,-3.2334807115702517,69.00000000000018,-3.2334807115702517,-3.2334807115702517,48.37500000000008,-3.8168891794005617,-3.2987502374242936,22.124999999999982,6.4155630932976635,6.4155630932976635,108.00000000000041,-3.6290922201770144,-3.4393242419973475,5.249999999999999
12.499999999999972,0,1,2.968891077468996,2.968891077468996,48.00000000000007,-3.238612829073759,-3.238612829073759,69.00000000000018,-3.238612829073759,-3.238612829073759,48.37500000000008,-3.8321948261483954,-3.304312616127362,22.124999999999982,6.419633633583871,6.419633633583871,108.00000000000041,-3.6361785881359054,-3.445584792667276,5.249999999999999
12.599999999999971,0,1,2.974459558024847,2.974459558024847,48.00000000000007,-3.243790635634113,-3.243790635634113,69.00000000000018,-3.243790635634113,-3.243790635634113,48.37500000000008,-3.8475231139168358,-3.309919233558702,22.124999999999982,6.423708441229621,6.423708441229621,108.00000000000041,-3.643307422430105,-3.4518891997389147,5.249999999999999
12.69999999999997,0,1,2.9798763224753486,2.9798763224753486,48.00000000000007,-3.249014126580306,-3.249014126580306,69.00000000000018,-3.249014126580306,-3.249014126580306,48.37500000000008,-3.8567063462937696,-3.3155588170347627,22.124999999999982,6.427683127614472,6.427683127614472,108.00000000000041,-3.650479483188228,-3.4582379170213287,5.249999999999999
12.79999999999997,0,1,2.991178261070573,2.991178261070573,48.00000000000007,-3.2542832971998834,-3.2542832971998834,69.00000000000018,-3.2542832971998834,-3.2542832971998834,48.37500000000008,-3.8659203238306645,-3.321222335536035,22.124999999999982,6.43155808430852,6.43155808430852,108.00000000000041,-3.6576947650916765,-3.464630939298708,5.249999999999999
12.89999999999997,0,1,3.0255187983964333,3.0255187983964333,48.00000000000007,-3.2595981427389162,-3.2595981427389162,69.00000000000018,-3.2595981427389162,-3.2595981427389162,48.37500000000008,-3.886964232359283,-3.3269347744859417,22.499999999999982,6.435508920752881,6.435508920752881,108.00000000000041,-3.6649545301072735,-3.4710690216343494,5.249999999999999
12.99999999999997,0,1,3.0308470151405373,3.0308470151405373,48.00000000000007,-3.264958658401987,-3.264958658401987,69.00000000000018,-3.264958658401987,-3.264958658401987,48.37500000000008,-3.8963494012835937,-3.3326941512999966,22.499999999999982,6.439393149592931,6.439393149592931,108.00000000000041,-3.672256529540846,-3.4775508129740516,5.249999999999999
13.09999999999997,0,1,3.036168503471501,3.036168503471501,48.00000000000007,-3.2703648393522897,-3.2703648393522897,69.00000000000018,-3.2703648393522897,-3.2703648393522897,48.37500000000008,-3.8851311805347706,-3.338501325362401,22.499999999999982,6.446399500382597,6.446399500382597,108.00000000000041,-3.6796017628027684,-3.484076910778988,5.249999999999999
13.199999999999969,0,1,3.04142271170565,3.04142271170565,48.00000000000007,-3.2758166807115217,-3.2758166807115217,69.00000000000018,-3.2758166807115217,-3.2758166807115217,48.37500000000008,-3.8597050494710743,-3.3443562757011946,22.499999999999982,6.450054056693688,6.450054056693688,108.00000000000041,-3.686990224118695,-3.4906473094983355,5.249999999999999
13.299999999999969,0,1,3.0524297889260055,3.0524297889260055,48.00000000000007,-3.2813141775599064,-3.2813141775599064,69.00000000000018,-3.2813141775599064,-3.2813141775599064,48.37500000000008,-3.834324003549618,-3.350260107936535,22.499999999999982,2.3828121525830426,2.3828121525830426,51.37500000000009,-3.6944232095776783,-3.4972627849062903,5.249999999999999
13.399999999999968,0,1,3.0676685934290475,3.0676685934290475,48.00000000000007,-3.286857324936207,-3.286857324936207,69.00000000000018,-3.286857324936207,-3.286857324936207,48.37500000000008,-3.812212157733107,-3.3562107184853502,22.499999999999982,2.377778849516588,2.377778849516588,51.37500000000009,-3.7018983117520747,-3.5039218901002798,5.249999999999999
13.499999999999968,0,1,3.0910837497250014,3.0910837497250014,48.00000000000007,-3.2924461178377697,-3.2924461178377697,69.00000000000018,-3.2924461178377697,-3.2924461178377697,48.37500000000008,-3.7869204591300303,-3.3622090514609226,22.499999999999982,2.372701030757,2.372701030757,51.37500000000009,-3.709416638201418,-3.510625287610125,5.249999999999999
13.599999999999968,0,1,3.096131759227717,3.096131759227717,48.00000000000007,-3.2980805512204014,-3.2980805512204014,69.00000000000018,-3.2980805512204014,-3.2980805512204014,48.37500000000008,-3.761671966638886,-3.3682550844700145,22.499999999999982,2.3675609166488556,2.3675609166488556,51.37500000000009,-3.7530939731294026,-3.5173729716559876,5.624999999999999
13.699999999999967,0,1,3.1012569243602286,3.1012569243602286,48.00000000000007,-3.3037606199984424,-3.3037606199984424,69.00000000000018,-3.3037606199984424,-3.3037606199984424,48.37500000000008,-3.7394088428092402,-3.3743499220857913,22.499999999999982,6.473230867810543,6.473230867810543,107.62500000000041,-3.7608337576263153,-3.524165726089315,5.624999999999999
13.799999999999967,0,1,3.106257271418201,3.106257271418201,48.00000000000007,-3.309486319044801,-3.309486319044801,69.00000000000018,-3.309486319044801,-3.309486319044801,48.37500000000008,-3.7142474253522977,-3.3804914152661425,22.499999999999982,6.476444391980195,6.476444391980195,107.62500000000041,-3.7686153315910644,-3.531002058016483,5.624999999999999
13.899999999999967,0,1,3.1266914694535046,3.1266914694535046,48.00000000000007,-3.315257643190897,-3.315257643190897,69.00000000000018,-3.315257643190897,-3.315257643190897,48.37500000000008,-3.6891249931992505,-3.3866805457152935,22.499999999999982,6.479577053680046,6.479577053680046,107.62500000000041,-3.7764399316969204,-3.5378826636536616,5.624999999999999
13.999999999999966,0,1,3.149679020828472,3.149679020828472,48.00000000000007,-3.3210745872266685,-3.3210745872266685,69.00000000000018,-3.3210745872266685,-3.3210745872266685,48.37500000000008,-3.6668434628320554,-3.3990834768755676,22.499999999999982,6.482689649118001,6.482689649118001,107.62500000000041,-3.784307551666984,-3.544807537033968,5.624999999999999
14.099999999999966,0,1,3.1544845376320865,3.1544845376320865,48.00000000000007,-3.3269371459005015,-3.3269371459005015,69.00000000000018,-3.3269371459005015,-3.3269371459005015,48.37500000000008,-3.6418067345247636,-3.405354063526751,22.499999999999982,6.4865122540543325,6.4865122540543325,107.62500000000041,-3.792219584872541,-3.5517774633178902,5.624999999999999
14.199999999999966,0,1,3.159271219677862,3.159271219677862,48.00000000000007,-3.3328453139194636,-3.3328453139194636,69.00000000000018,-3.3328453139194636,-3.3328453139194636,48.37500000000008,-3.6200485353813647,-3.4116971963194658,22.499999999999982,6.490439017027185,6.490439017027185,107.62500000000041,-3.8001733560617197,-3.558790927975714,5.624999999999999
14.299999999999965,0,1,3.2747942642431553,3.2747942642431553,48.37500000000008,-3.338799085948949,-3.338799085948949,69.00000000000018,-3.338799085948949,-3.338799085948949,48.37500000000008,-3.5951430815658156,-3.4181707288473504,22.499999999999982,6.494210127909568,6.494210127909568,107.62500000000041,-3.808170133372343,-3.565848645261468,5.624999999999999
14.399999999999965,0,1,3.307227096032463,3.307227096032463,48.37500000000008,-3.3447984566129847,-3.3447984566129847,69.00000000000018,-3.3447984566129847,-3.3447984566129847,48.37500000000008,-3.570292486409727,-3.424701453519745,22.499999999999982,6.497892244075118,6.497892244075118,107.62500000000041,-3.8541868079550667,-3.5729506090418397,5.999999999999999
14.499999999999964,0,1,3.31752435174387,3.31752435174387,48.37500000000008,-3.35084342049408,-3.35084342049408,69.00000000000018,-3.35084342049408,-3.35084342049408,48.37500000000008,-3.5454711807088373,-3.4313205993358906,22.499999999999982,6.504717412412219,6.504717412412219,107.62500000000041,-3.862402702363802,-3.580097601814181,5.999999999999999
14.599999999999964,0,1,3.322122006252087,3.322122006252087,48.37500000000008,-3.3569339721331986,-3.3569339721331986,69.00000000000018,-3.3569339721331986,-3.3569339721331986,48.37500000000008,-3.520687051592745,-3.4379861161382976,22.499999999999982,6.51065984372589,6.51065984372589,107.62500000000041,-3.870660039746788,-3.587288101116336,5.999999999999999
14.699999999999964,0,1,3.3266081556902662,3.3266081556902662,48.37500000000008,-3.3630701060298804,-3.3630701060298804,69.00000000000018,-3.3630701060298804,-3.3630701060298804,48.37500000000008,-3.4959293487996206,-3.4446983324735,22.499999999999982,6.513985134663486,6.513985134663486,107.62500000000041,-3.878960178577614,-3.594522830334995,5.999999999999999
14.799999999999963,0,1,3.330675968579129,3.330675968579129,48.37500000000008,-3.369251816642141,-3.369251816642141,69.00000000000018,-3.369251816642141,-3.369251816642141,48.37500000000008,-3.471207280665979,-3.4514572391455616,22.499999999999982,6.517359183830351,6.517359183830351,107.62500000000041,-3.887303112245739,-3.6018017831816422,5.999999999999999
14.899999999999963,0,1,3.353326345747078,3.353326345747078,48.37500000000008,-3.3754790983864567,-3.3754790983864567,69.00000000000018,-3.3754790983864567,-3.3754790983864567,48.37500000000008,-3.449499922953869,-3.449499922953869,22.499999999999982,6.520853269654879,6.520853269654879,107.62500000000041,-3.89569029920753,-3.6091257369869325,5.999999999999999
14.999999999999963,0,1,3.3671808579903626,3.3671808579903626,48.37500000000008,-3.381751945637845,-3.381751945637845,69.00000000000018,-3.381751945637845,-3.381751945637845,48.37500000000008,-3.4281019404568838,-3.4281019404568838,22.499999999999982,6.524260961653368,6.524260961653368,107.62500000000041,-3.904118899079428,-3.6164931698042224,5.999999999999999
15.099999999999962,0,1,3.3765676896516084,3.3765676896516084,48.37500000000008,-3.3880703527298124,-3.3880703527298124,69.00000000000018,-3.3880703527298124,-3.3880703527298124,48.37500000000008,-3.403518987551422,-3.403518987551422,22.499999999999982,6.53061490102283,6.53061490102283,107.62500000000041,-3.9125909159725083,-3.6239051507516464,5.999999999999999
15.199999999999962,0,1,3.380198148218497,3.380198148218497,48.37500000000008,-3.394434313954349,-3.394434313954349,69.00000000000018,-3.394434313954349,-3.394434313954349,48.37500000000008,-3.378979312629397,-3.378979312629397,22.499999999999982,6.5335672546705865,6.5335672546705865,107.62500000000041,-3.9609184913444935,-3.6313612389634997,6.374999999999999
15.299999999999962,0,1,3.383701597615783,3.383701597615783,48.37500000000008,-3.4008438235618996,-3.4008438235618996,69.00000000000018,-3.4008438235618996,-3.4008438235618996,48.37500000000008,-3.3544800731662576,-3.3544800731662576,22.499999999999982,6.536415371785239,6.536415371785239,107.62500000000041,-3.969605359628794,-3.6388614290324455,6.374999999999999
15.399999999999961,0,1,3.405611537265173,3.405611537265173,48.37500000000008,-3.407298875761448,-3.407298875761448,69.00000000000018,-3.407298875761448,-3.407298875761448,48.37500000000008,-3.3300156285408136,-3.3300156285408136,22.499999999999982,6.539198916820553,6.539198916820553,107.62500000000041,-3.9783346242676245,-3.6464057155168206,6.374999999999999
15.499999999999961,0,1,3.4190701777174155,3.4190701777174155,48.37500000000008,-3.4137994647204266,-3.4137994647204266,69.00000000000018,-3.4137994647204266,-3.4137994647204266,48.37500000000008,-3.305594631194573,-3.305594631194573,22.499999999999982,6.54202643163967,6.54202643163967,107.25000000000041,-3.987107527000923,-3.653994726100528,6.374999999999999
15.59999999999996,0,1,3.4226557469186503,3.4226557469186503,48.37500000000008,-3.420345584564757,-3.420345584564757,69.00000000000018,-3.420345584564757,-3.420345584564757,48.37500000000008,-3.2841122434204593,-3.2841122434204593,22.499999999999982,6.549268796076191,6.549268796076191,107.25000000000041,-3.995922111365573,-3.6616274639280917,6.374999999999999
15.69999999999996,0,1,3.4316739591634615,3.4316739591634615,48.37500000000008,-3.4269372293788365,-3.4269372293788365,69.00000000000018,-3.4269372293788365,-3.4269372293788365,48.37500000000008,-3.263004855425592,-3.263004855425592,22.499999999999982,6.551891347040495,6.551891347040495,107.25000000000041,-4.004779172405016,-3.669304329685417,6.374999999999999
15.79999999999996,0,1,3.4351218988403502,3.4351218988403502,48.37500000000008,-3.433574393205518,-3.433574393205518,69.00000000000018,-3.433574393205518,-3.433574393205518,48.37500000000008,-3.23871652633823,-3.23871652633823,22.499999999999982,2.1536231227898526,2.1536231227898526,51.00000000000009,-4.01367870415266,-3.6770253171944134,6.374999999999999
15.89999999999996,0,1,3.456514305643509,3.456514305643509,48.37500000000008,-3.4402570700461794,-3.4402570700461794,69.00000000000018,-3.4402570700461794,-3.4402570700461794,48.37500000000008,-3.2144580358827,-3.2144580358827,22.499999999999982,2.1475660542777177,2.1475660542777177,51.00000000000009,-4.022622024692531,-3.6847910933008023,6.374999999999999
15.99999999999996,0,1,3.4694807007595756,3.4694807007595756,48.37500000000008,-3.446985253860582,-3.446985253860582,69.00000000000018,-3.446985253860582,-3.446985253860582,48.37500000000008,-3.1932042567634227,-3.1932042567634227,22.499999999999982,2.1415877997588098,2.1415877997588098,51.00000000000009,-4.073230332473791,-3.692600460204112,6.749999999999998
16.09999999999996,0,1,3.472878858797415,3.472878858797415,48.37500000000008,-3.4537589385670344,-3.4537589385670344,69.00000000000018,-3.4537589385670344,-3.4537589385670344,48.37500000000008,-3.169007706948733,-3.169007706948733,22.499999999999982,2.1355650660562304,2.1355650660562304,51.00000000000009,-4.08238519728387,-3.7004539453536935,6.749999999999998
16.19999999999996,0,1,3.481630712852308,3.481630712852308,48.37500000000008,-3.460578118042278,-3.460578118042278,69.00000000000018,-3.460578118042278,-3.460578118042278,48.37500000000008,-3.144829628800423,-3.144829628800423,22.499999999999982,2.128166207148027,2.128166207148027,51.00000000000009,-4.09158235188859,-3.7083515422409548,6.749999999999998
16.29999999999996,0,1,3.4849900004329584,3.4849900004329584,48.37500000000008,-3.467442786121481,-3.467442786121481,69.00000000000018,-3.467442786121481,-3.467442786121481,48.37500000000008,-3.120696823019557,-3.120696823019557,22.499999999999982,2.121977541771841,2.121977541771841,51.00000000000009,-4.100823215950598,-3.716293935317161,6.749999999999998
16.399999999999963,0,1,3.505777068769916,3.505777068769916,48.37500000000008,-3.474352936598308,-3.474352936598308,69.00000000000018,-3.474352936598308,-3.474352936598308,48.37500000000008,-3.096605490463645,-3.096605490463645,22.499999999999982,2.1157150658746673,2.1157150658746673,51.00000000000009,-4.110105151611414,-3.7242798431888176,6.749999999999998
16.499999999999964,0,1,3.621928495760585,3.621928495760585,48.75000000000008,-3.4813085632248573,-3.4813085632248573,69.00000000000018,-3.4813085632248573,-3.4813085632248573,48.37500000000008,-3.075774519327638,-3.075774519327638,22.499999999999982,2.109554883792967,2.109554883792967,51.00000000000009,-4.119429372435221,-3.732309850300574,6.749999999999998
16.599999999999966,0,1,3.6344872962363866,3.6344872962363866,48.75000000000008,-3.488309659711689,-3.488309659711689,69.00000000000018,-3.488309659711689,-3.488309659711689,48.37500000000008,-3.0517678538628985,-3.0517678538628985,22.499999999999982,2.103353841226536,2.103353841226536,51.00000000000009,-4.119637758261192,-3.740383949914211,6.749999999999998
16.699999999999967,0,1,3.6375626250042927,3.6375626250042927,48.75000000000008,-3.4953562197278245,-3.4953562197278245,69.00000000000018,-3.4953562197278245,-3.4953562197278245,48.37500000000008,-2.952250463876183,-2.952250463876183,22.874999999999982,2.097130962152292,2.097130962152292,51.00000000000009,-3.9235366443101256,-3.7485028328807743,7.124999999999998
16.79999999999997,0,1,3.6459438187272895,3.6459438187272895,48.75000000000008,-3.502448236900655,-3.502448236900655,69.00000000000018,-3.502448236900655,-3.502448236900655,48.37500000000008,-2.9282335837101527,-2.9282335837101527,22.874999999999982,2.0908705705948165,2.0908705705948165,51.00000000000009,-3.905408230349728,-3.7566651784593574,7.124999999999998
16.89999999999997,0,1,3.6663203893300533,3.6663203893300533,48.75000000000008,-3.509585704816139,-3.509585704816139,69.00000000000018,-3.509585704816139,-3.509585704816139,48.37500000000008,-2.9042608600539097,-2.9042608600539097,22.874999999999982,2.0845811474421367,2.0845811474421367,51.00000000000009,-3.8873243417547485,-3.7648716002333913,7.124999999999998
16.99999999999997,0,1,3.6694527335699405,3.6694527335699405,48.75000000000008,-3.516768617018542,-3.516768617018542,69.00000000000018,-3.516768617018542,-3.516768617018542,48.37500000000008,-2.8803696495575366,-2.8803696495575366,22.874999999999982,2.078185708526817,2.078185708526817,51.00000000000009,-3.869284986358288,-3.773122091274736,7.124999999999998
17.099999999999973,0,1,3.6817977890736273,3.6817977890736273,48.75000000000008,-3.5239969670106532,-3.5239969670106532,69.00000000000018,-3.5239969670106532,-3.5239969670106532,48.37500000000008,-2.859769174401066,-2.859769174401066,22.874999999999982,2.0717500542803577,2.0717500542803577,51.00000000000009,-3.851294741056826,-3.7814173428338265,7.124999999999998
17.199999999999974,0,1,3.6846847959277653,3.6846847959277653,48.75000000000008,-3.5312707482536823,-3.5312707482536823,69.00000000000018,-3.5312707482536823,-3.5312707482536823,48.37500000000008,-2.8389941057093893,-2.8389941057093893,22.874999999999982,2.065230669814895,2.065230669814895,51.00000000000009,-3.833344915433287,-3.7897560164289814,7.124999999999998
17.299999999999976,0,1,3.687521700763682,3.687521700763682,48.75000000000008,-3.538589954167172,-3.538589954167172,69.00000000000018,-3.538589954167172,-3.538589954167172,48.37500000000008,-2.815259185334668,-2.815259185334668,22.874999999999982,6.6069438123221715,6.6069438123221715,106.8750000000004,-3.8154396660994863,-3.7981387408954745,7.124999999999998
17.399999999999977,0,1,3.7124566678973565,3.7124566678973565,48.75000000000008,-3.5459545781292547,-3.5459545781292547,69.00000000000018,-3.5459545781292547,-3.5459545781292547,48.37500000000008,-2.7945545505939293,-2.7945545505939293,22.874999999999982,6.609162418515979,6.609162418515979,106.8750000000004,-3.7975790007588373,-3.7975790007588373,7.124999999999998
17.49999999999998,0,1,3.715494472474276,3.715494472474276,48.75000000000008,-3.5533646134763544,-3.5533646134763544,69.00000000000018,-3.5533646134763544,-3.5533646134763544,48.37500000000008,-2.7709129244611432,-2.7709129244611432,22.874999999999982,6.612069042193326,6.612069042193326,106.8750000000004,12.600576555514593,12.600576555514593,69.00000000000018
17.59999999999998,0,1,3.7274282135780226,3.7274282135780226,48.75000000000008,-3.560820053503356,-3.560820053503356,69.00000000000018,-3.560820053503356,-3.560820053503356,48.37500000000008,-2.7473075821766173,-2.7473075821766173,22.874999999999982,6.618830414355116,6.618830414355116,106.8750000000004,12.591626680889405,12.591626680889405,69.00000000000018
17.69999999999998,0,1,3.7302983581820257,3.7302983581820257,48.75000000000008,-3.5683208914635642,-3.5683208914635642,69.00000000000018,-3.5683208914635642,-3.5683208914635642,48.37500000000008,-2.72373041138529,-2.72373041138529,22.874999999999982,6.6213057035290035,6.6213057035290035,106.8750000000004,12.58239893636214,12.58239893636214,69.00000000000018
17.799999999999983,0,1,3.733010568809277,3.733010568809277,48.75000000000008,-3.575867120568681,-3.575867120568681,69.00000000000018,-3.575867120568681,-3.575867120568681,48.37500000000008,-2.7001845774146176,-2.7001845774146176,22.874999999999982,6.623656167698371,6.623656167698371,106.8750000000004,12.57558341392928,12.57558341392928,69.00000000000018
17.899999999999984,0,1,3.75225299207726,3.75225299207726,48.75000000000008,-3.5834587339888415,-3.5834587339888415,69.00000000000018,-3.5834587339888415,-3.5834587339888415,48.37500000000008,-2.6798771666919237,-2.6798771666919237,22.874999999999982,6.627680726338866,6.627680726338866,106.8750000000004,12.56830860353989,12.56830860353989,69.00000000000018
17.999999999999986,0,1,3.76001302709993,3.76001302709993,48.75000000000008,-3.591095724852579,-3.591095724852579,69.00000000000018,-3.591095724852579,-3.591095724852579,48.37500000000008,-2.6564008293258894,-2.6564008293258894,22.874999999999982,6.629863359345748,6.629863359345748,106.8750000000004,-3.5156102566658873,-3.5156102566658873,7.499999999999998
18.099999999999987,0,1,3.762828392431274,3.762828392431274,48.75000000000008,-3.5987780862467957,-3.5987780862467957,69.00000000000018,-3.5987780862467957,-3.5987780862467957,48.37500000000008,-2.6329693539317702,-2.6329693539317702,22.874999999999982,6.631945779279533,6.631945779279533,106.8750000000004,-3.4981620743210797,-3.4981620743210797,7.499999999999998
18.19999999999999,0,1,3.774328431966424,3.774328431966424,48.75000000000008,-3.6065058112168202,-3.6065058112168202,69.00000000000018,-3.6065058112168202,-3.6065058112168202,48.37500000000008,-2.60958142343776,-2.60958142343776,22.874999999999982,6.633899099907197,6.633899099907197,106.8750000000004,12.545295705790267,12.545295705790267,69.37500000000018
18.29999999999999,0,1,3.7769995905759117,3.7769995905759117,48.75000000000008,-3.6142788927664,-3.6142788927664,69.00000000000018,-3.6142788927664,-3.6142788927664,48.37500000000008,-2.589260615563731,-2.589260615563731,22.874999999999982,1.8920061492465123,1.8920061492465123,50.625000000000085,12.535912353599286,12.535912353599286,69.37500000000018
18.39999999999999,0,1,3.7956542440900876,3.7956542440900876,48.75000000000008,-3.622097323857602,-3.622097323857602,69.00000000000018,-3.622097323857602,-3.622097323857602,48.37500000000008,-2.5659548228068445,-2.5659548228068445,22.874999999999982,1.8843138541441817,1.8843138541441817,50.625000000000085,12.525239159672239,12.525239159672239,69.37500000000018
18.499999999999993,0,1,3.7983186474592685,3.7983186474592685,48.75000000000008,-3.6299610974109484,-3.6299610974109484,69.00000000000018,-3.6299610974109484,-3.6299610974109484,48.37500000000008,-2.542694670285229,-2.542694670285229,22.874999999999982,1.8765948309393679,1.8765948309393679,50.625000000000085,12.51706928583647,12.51706928583647,69.37500000000018
18.599999999999994,0,1,3.8057558696657026,3.8057558696657026,48.75000000000008,-3.637870206305344,-3.637870206305344,69.00000000000018,-3.637870206305344,-3.637870206305344,48.37500000000008,-2.522669448898313,-2.522669448898313,22.874999999999982,1.8688424062254967,1.8688424062254967,50.625000000000085,12.508787058568316,12.508787058568316,69.37500000000018
18.699999999999996,0,1,3.9293951662974678,3.9293951662974678,49.125000000000085,-3.645824643377999,-3.645824643377999,69.00000000000018,-3.645824643377999,-3.645824643377999,48.37500000000008,-2.4994954282871475,-2.4994954282871475,22.874999999999982,1.8610470051613248,1.8610470051613248,50.625000000000085,12.503696626213213,12.503696626213213,69.37500000000018
18.799999999999997,0,1,3.9318168508053475,3.9318168508053475,49.125000000000085,-3.653824401424586,-3.653824401424586,69.00000000000018,-3.653824401424586,-3.653824401424586,48.37500000000008,-2.476363737319346,-2.476363737319346,22.874999999999982,1.853223492950022,1.853223492950022,50.625000000000085,12.498264037708367,12.498264037708367,69.37500000000018
18.9,0,1,3.9501520183797254,3.9501520183797254,49.125000000000085,-3.6618694731991255,-3.6618694731991255,69.00000000000018,-3.6618694731991255,-3.6618694731991255,48.37500000000008,-2.453266263825114,-2.453266263825114,22.874999999999982,1.8453419067413819,1.8453419067413819,50.625000000000085,12.484231735231589,12.484231735231589,69.37500000000018
19,0,1,3.952570692699936,3.952570692699936,49.125000000000085,-3.669959851413971,-3.669959851413971,69.00000000000018,-3.669959851413971,-3.669959851413971,48.37500000000008,-2.4301780044068835,-2.4301780044068835,22.874999999999982,1.8374155004237025,1.8374155004237025,50.625000000000085,-2.9961152661278305,-2.9961152661278305,8.25
19.1,0,1,3.959698517108933,3.959698517108933,49.125000000000085,-3.678095528739874,-3.678095528739874,69.00000000000018,-3.678095528739874,-3.678095528739874,48.37500000000008,-2.410177211780649,-2.410177211780649,22.874999999999982,1.8294442929340278,1.8294442929340278,50.625000000000085,-2.979312100994278,-2.979312100994278,8.25
19.200000000000003,0,1,3.9704497834899968,3.9704497834899968,49.125000000000085,-3.6862764978059985,-3.6862764978059985,69.00000000000018,-3.6862764978059985,-3.6862764978059985,48.37500000000008,-2.390353625944698,-2.390353625944698,22.874999999999982,1.8214477607801456,1.8214477607801456,50.625000000000085,-2.9625579634174244,-2.9625579634174244,8.25
19.300000000000004,0,1,3.9726301937170945,3.9726301937170945,49.125000000000085,-3.6945027511997495,-3.6945027511997495,69.00000000000018,-3.6945027511997495,-3.6945027511997495,48.37500000000008,-2.367404900263992,-2.367404900263992,22.874999999999982,1.813390388573069,1.813390388573069,50.625000000000085,-2.9458453183024744,-2.9458453183024744,8.25
19.400000000000006,0,1,3.9748450760145886,3.9748450760145886,49.125000000000085,-3.702774281466972,-3.702774281466972,69.00000000000018,-3.702774281466972,-3.702774281466972,48.37500000000008,-2.347528720069917,-2.347528720069917,22.874999999999982,1.8052885429891319,1.8052885429891319,50.625000000000085,-2.9291776429013083,-2.9291776429013083,8.25
19.500000000000007,0,1,3.9926965723590087,3.9926965723590087,49.125000000000085,-3.7110910811118316,-3.7110910811118316,69.00000000000018,-3.7110910811118316,-3.7110910811118316,48.37500000000008,-2.324669458449648,-2.324669458449648,22.874999999999982,1.797142243199815,1.797142243199815,50.625000000000085,-2.9125549433505284,-2.9125549433505284,8.25
19.60000000000001,0,1,3.994989065258906,3.994989065258906,49.125000000000085,-3.719453142596862,-3.719453142596862,69.00000000000018,-3.719453142596862,-3.719453142596862,48.37500000000008,-2.3018388090923594,-2.3018388090923594,22.874999999999982,1.788972272670108,1.788972272670108,50.625000000000085,-2.72433314357626,-2.72433314357626,8.624999999999998
19.70000000000001,0,1,4.001770673563357,4.001770673563357,49.125000000000085,-3.7278604583429313,-3.7278604583429313,69.00000000000018,-3.7278604583429313,-3.7278604583429313,48.37500000000008,-2.279042217926772,-2.279042217926772,22.874999999999982,1.7807076601537233,1.7807076601537233,50.625000000000085,-2.707901223109417,-2.707901223109417,8.624999999999998
19.80000000000001,0,1,4.012049018553441,4.012049018553441,49.125000000000085,-3.7363130207292343,-3.7363130207292343,69.00000000000018,-3.7363130207292343,-3.7363130207292343,48.37500000000008,-2.2563127123054016,-2.2563127123054016,22.874999999999982,1.772395867498048,1.772395867498048,50.625000000000085,-2.691514420557965,-2.691514420557965,8.624999999999998
19.900000000000013,0,1,4.0140271226418065,4.0140271226418065,49.125000000000085,-3.7448108220933065,-3.7448108220933065,69.00000000000018,-3.7448108220933065,-3.7448108220933065,48.37500000000008,-2.236869274984656,-2.236869274984656,22.874999999999982,1.7640398182420256,1.7640398182420256,50.625000000000085,-2.6751727414345368,-2.6751727414345368,8.624999999999998
20.000000000000014,0,1,4.031344233550868,4.031344233550868,49.125000000000085,-3.753353854730989,-3.753353854730989,69.00000000000018,-3.753353854730989,-3.753353854730989,48.37500000000008,-2.2142437831410433,-2.2142437831410433,22.874999999999982,1.7556607312344568,1.7556607312344568,50.625000000000085,-2.6588809200349033,-2.6588809200349033,8.624999999999998
20.100000000000016,0,1,4.033462442989276,4.033462442989276,49.125000000000085,-3.76194211089652,-3.76194211089652,69.00000000000018,-3.76194211089652,-3.76194211089652,48.37500000000008,-2.1916601717150854,-2.1916601717150854,22.874999999999982,1.74721839988689,1.74721839988689,50.625000000000085,-2.642629982832716,-2.642629982832716,8.624999999999998
20.200000000000017,0,1,4.035514904708833,4.035514904708833,49.125000000000085,-3.7705755828024152,-3.7705755828024152,69.00000000000018,-3.7705755828024152,-3.7705755828024152,48.37500000000008,-2.169001773294582,-2.169001773294582,22.874999999999982,1.7387319756700066,1.7387319756700066,50.625000000000085,-2.626424207982822,-2.626424207982822,8.624999999999998
20.30000000000002,0,1,4.050002219038291,4.050002219038291,49.125000000000085,-3.77925426261951,-3.77925426261951,69.00000000000018,-3.77925426261951,-3.77925426261951,48.37500000000008,-2.1452389132615934,-2.1452389132615934,22.874999999999982,1.7282845340777158,1.7282845340777158,50.625000000000085,-2.6102636008740348,-2.6102636008740348,8.624999999999998
20.40000000000002,0,1,4.051865517020701,4.051865517020701,49.125000000000085,-3.787978142476902,-3.787978142476902,69.00000000000018,-3.787978142476902,-3.787978142476902,48.37500000000008,-2.121541863852727,-2.121541863852727,22.874999999999982,6.680912100109822,6.680912100109822,106.5000000000004,12.359706477212256,12.359706477212256,69.37500000000018
20.50000000000002,0,1,4.068523158893655,4.068523158893655,49.125000000000085,-3.7967472144621155,-3.7967472144621155,69.00000000000018,-3.7967472144621155,-3.7967472144621155,48.37500000000008,-2.0294423584161763,-2.0294423584161763,23.24999999999998,6.685040199289446,6.685040199289446,106.5000000000004,12.349776684035362,12.349776684035362,69.37500000000018
20.600000000000023,0,1,4.070440528208053,4.070440528208053,49.125000000000085,-3.8055614706209298,-3.8055614706209298,69.00000000000018,-3.8055614706209298,-3.8055614706209298,48.37500000000008,-2.006997681101339,-2.006997681101339,23.24999999999998,6.6859614185574685,6.6859614185574685,106.5000000000004,12.344141376013681,12.344141376013681,69.37500000000018
20.700000000000024,0,1,4.07233759434051,4.07233759434051,49.125000000000085,-3.8144209029573517,-3.8144209029573517,69.00000000000018,-3.8144209029573517,-3.8144209029573517,48.37500000000008,-1.9845970372778083,-1.9845970372778083,23.24999999999998,6.687367357109039,6.687367357109039,106.5000000000004,12.334546893481402,12.334546893481402,69.37500000000018
20.800000000000026,0,1,4.194272799023111,4.194272799023111,49.500000000000085,-3.823325503433807,-3.823325503433807,69.00000000000018,-3.823325503433807,-3.823325503433807,48.37500000000008,-1.9652775032648293,-1.9652775032648293,23.24999999999998,1.5857678957941772,1.5857678957941772,50.250000000000085,-2.3605621294598507,-2.3605621294598507,9
20.900000000000027,0,1,4.200357212396625,4.200357212396625,49.500000000000085,-3.832275263970949,-3.832275263970949,69.00000000000018,-3.832275263970949,-3.832275263970949,48.37500000000008,-1.9421292300652624,-1.9421292300652624,23.24999999999998,1.5768993523159622,1.5768993523159622,50.250000000000085,-2.344775187159314,-2.344775187159314,9
21.00000000000003,0,1,4.216634120944107,4.216634120944107,49.500000000000085,-3.841270176447729,-3.841270176447729,69.00000000000018,-3.841270176447729,-3.841270176447729,48.37500000000008,-1.9186286032906281,-1.9186286032906281,23.24999999999998,1.5679871722198442,1.5679871722198442,50.250000000000085,-2.3290335622512686,-2.3290335622512686,9
21.10000000000003,0,1,4.2182515599893975,4.2182515599893975,49.500000000000085,-3.850310232701375,-3.850310232701375,69.00000000000018,-3.850310232701375,-3.850310232701375,48.37500000000008,-1.89518217333746,-1.89518217333746,23.24999999999998,6.6961077125889545,6.6961077125889545,106.1250000000004,12.299769456907754,12.299769456907754,69.37500000000018
21.20000000000003,0,1,4.219829916871518,4.219829916871518,49.500000000000085,-3.8593954245274062,-3.8593954245274062,69.00000000000018,-3.8593954245274062,-3.8593954245274062,48.37500000000008,-1.8717876069351576,-1.8717876069351576,23.24999999999998,6.7015164857407825,6.7015164857407825,106.1250000000004,12.294003895612008,12.294003895612008,69.37500000000018
21.300000000000033,0,1,4.229207116992384,4.229207116992384,49.500000000000085,-3.8685257436796334,-3.8685257436796334,69.00000000000018,-3.8685257436796334,-3.8685257436796334,48.37500000000008,-1.8484240768337514,-1.8484240768337514,23.24999999999998,6.702563395531243,6.702563395531243,106.1250000000004,12.284407412219508,12.284407412219508,69.37500000000018
21.400000000000034,0,1,4.230745561292764,4.230745561292764,49.500000000000085,-3.8777011818701155,-3.8777011818701155,69.00000000000018,-3.8777011818701155,-3.8777011818701155,48.37500000000008,-1.8251022536322097,-1.8251022536322097,23.24999999999998,6.703508883621424,6.703508883621424,106.1250000000004,12.273415149282371,12.273415149282371,69.37500000000018
21.500000000000036,0,1,4.250905734010345,4.250905734010345,49.500000000000085,-3.8869217307692026,-3.8869217307692026,69.00000000000018,-3.8869217307692026,-3.8869217307692026,48.37500000000008,-1.8051385865707488,-1.8051385865707488,23.24999999999998,6.7059292507710495,6.7059292507710495,106.1250000000004,12.26642694966148,12.26642694966148,69.37500000000018
21.600000000000037,0,1,4.252361776229648,4.252361776229648,49.500000000000085,-3.8961873820054933,-3.8961873820054933,69.00000000000018,-3.8961873820054933,-3.8961873820054933,48.37500000000008,-1.7819186403945508,-1.7819186403945508,23.24999999999998,6.706781784460162,6.706781784460162,106.1250000000004,12.25757286534376,12.25757286534376,69.37500000000018
21.70000000000004,0,1,4.253754025008618,4.253754025008618,49.500000000000085,-3.9054981271658065,-3.9054981271658065,69.00000000000018,-3.9054981271658065,-3.9054981271658065,48.37500000000008,-1.758750363483145,-1.758750363483145,23.24999999999998,6.7074659197429725,6.7074659197429725,106.1250000000004,12.248972323337043,12.248972323337043,69.37500000000018
21.80000000000004,0,1,4.255122047641336,4.255122047641336,49.500000000000085,-3.914853957795316,-3.914853957795316,69.00000000000018,-3.914853957795316,-3.914853957795316,48.37500000000008,-1.7356368987153417,-1.7356368987153417,23.24999999999998,1.4951985814482924,1.4951985814482924,50.250000000000085,-1.870184281830035,-1.870184281830035,9.75
21.90000000000004,0,1,4.264074137816181,4.264074137816181,49.500000000000085,-3.9242548653973444,-3.9242548653973444,69.00000000000018,-3.9242548653973444,-3.9242548653973444,48.37500000000008,-1.7125728702833243,-1.7125728702833243,23.24999999999998,1.4859019236802027,1.4859019236802027,50.250000000000085,-1.855058321797344,-1.855058321797344,9.75
22.000000000000043,0,1,4.283595231495838,4.283595231495838,49.500000000000085,-3.9337008414334846,-3.9337008414334846,69.00000000000018,-3.9337008414334846,-3.9337008414334846,48.37500000000008,-1.689557330263085,-1.689557330263085,23.24999999999998,1.476561189994058,1.476561189994058,50.250000000000085,-1.839977718305633,-1.839977718305633,9.75
22.100000000000044,0,1,4.284970609691598,4.284970609691598,49.500000000000085,-3.9431918773236134,-3.9431918773236134,69.00000000000018,-3.9431918773236134,-3.9431918773236134,48.37500000000008,-1.6665925207500294,-1.6665925207500294,23.24999999999998,1.4671764010470127,1.4671764010470127,50.250000000000085,-1.8249424757685944,-1.8249424757685944,9.75
22.200000000000045,0,1,4.286263125758808,4.286263125758808,49.500000000000085,-3.9527279644458204,-3.9527279644458204,69.00000000000018,-3.9527279644458204,-3.9527279644458204,48.37500000000008,-1.6436737589303618,-1.6436737589303618,23.24999999999998,1.4577668279177942,1.4577668279177942,50.250000000000085,-1.809957181705954,-1.809957181705954,9.75
22.300000000000047,0,1,4.287440175585331,4.287440175585331,49.500000000000085,-3.962309094136387,-3.962309094136387,69.00000000000018,-3.962309094136387,-3.962309094136387,48.37500000000008,-1.620777133658308,-1.620777133658308,23.24999999999998,1.4482973321903359,1.4482973321903359,50.250000000000085,-1.7950134632657324,-1.7950134632657324,9.75
22.40000000000005,0,1,4.295974737436268,4.295974737436268,49.500000000000085,-3.9719352576898928,-3.9719352576898928,69.00000000000018,-3.9719352576898928,-3.9719352576898928,48.37500000000008,-1.5979332858633057,-1.5979332858633057,23.24999999999998,1.4387841107924686,1.4387841107924686,50.250000000000085,-1.6147400517189823,-1.6147400517189823,10.125000000000002
22.50000000000005,0,1,4.310817273938028,4.310817273938028,49.500000000000085,-3.9816064463590592,-3.9816064463590592,69.00000000000018,-3.9816064463590592,-3.9816064463590592,48.37500000000008,-1.5751422251894382,-1.5751422251894382,23.24999999999998,1.4292271847203182,1.4292271847203182,50.250000000000085,-1.599991200266814,-1.599991200266814,10.125000000000002
22.60000000000005,0,1,4.316083074933616,4.316083074933616,49.500000000000085,-3.991322651354892,-3.991322651354892,69.00000000000018,-3.991322651354892,-3.991322651354892,48.37500000000008,-1.55882401626846,-1.55882401626846,23.24999999999998,1.4196471139286047,1.4196471139286047,50.250000000000085,-1.5852928906276418,-1.5852928906276418,10.125000000000002
22.700000000000053,0,1,4.317243611247278,4.317243611247278,49.500000000000085,-4.001083863846581,-4.001083863846581,69.00000000000018,-4.001083863846581,-4.001083863846581,48.37500000000008,-1.5361868115371493,-1.5361868115371493,23.24999999999998,1.4100054902284,1.4100054902284,50.250000000000085,-1.5706357079094033,-1.5706357079094033,10.125000000000002
22.800000000000054,0,1,4.318302990726863,4.318302990726863,49.500000000000085,-4.0108900749614875,-4.0108900749614875,69.00000000000018,-4.0108900749614875,-4.0108900749614875,48.37500000000008,-1.51360882500812,-1.51360882500812,23.24999999999998,1.400320386168275,1.400320386168275,50.250000000000085,-1.5560240820842495,-1.5560240820842495,10.125000000000002
22.900000000000055,0,1,4.438404232136648,4.438404232136648,49.875000000000085,-4.020741275785262,-4.020741275785262,69.00000000000018,-4.020741275785262,-4.020741275785262,48.37500000000008,-1.4911242623030319,-1.4911242623030319,23.24999999999998,1.3905918223942422,1.3905918223942422,50.250000000000085,-1.5414580167382468,-1.5414580167382468,10.125000000000002
23.000000000000057,0,1,4.45287355893295,4.45287355893295,49.875000000000085,-4.030637457361628,-4.030637457361628,69.00000000000018,-4.030637457361628,-4.030637457361628,48.75000000000008,-1.46869527144041,-1.46869527144041,23.24999999999998,1.3808536030880134,1.3808536030880134,50.250000000000085,-1.526942729969079,-1.526942729969079,10.125000000000002
23.10000000000006,0,1,4.453771952598757,4.453771952598757,49.875000000000085,-4.040578610692663,-4.040578610692663,69.00000000000018,-4.040578610692663,-4.040578610692663,48.75000000000008,-1.4462968808354901,-1.4462968808354901,23.24999999999998,1.3710655163557988,1.3710655163557988,50.250000000000085,-1.3530760292537565,-1.3530760292537565,10.500000000000004
23.20000000000006,0,1,4.458645409795253,4.458645409795253,49.875000000000085,-4.050564726738465,-4.050564726738465,69.00000000000018,-4.050564726738465,-4.050564726738465,48.75000000000008,-1.4239119823691624,-1.4239119823691624,23.24999999999998,1.3612341188989348,1.3612341188989348,50.250000000000085,-1.3387591042931462,-1.3387591042931462,10.500000000000004
23.30000000000006,0,1,4.459467854803378,4.459467854803378,49.875000000000085,-4.0605957964174095,-4.0605957964174095,69.00000000000018,-4.0605957964174095,-4.0605957964174095,48.75000000000008,-1.4015788708194776,-1.4015788708194776,23.24999999999998,1.3513594321367606,1.3513594321367606,50.250000000000085,-1.3244876985631322,-1.3244876985631322,10.500000000000004
23.400000000000063,0,1,4.4674458725057775,4.4674458725057775,49.875000000000085,-4.070671810606072,-4.070671810606072,69.00000000000018,-4.070671810606072,-4.070671810606072,48.75000000000008,-1.3793015714038006,-1.3793015714038006,23.24999999999998,1.2375893953018533,1.2375893953018533,49.875000000000085,-1.310267285065862,-1.310267285065862,10.500000000000004
23.500000000000064,0,1,4.481366019745408,4.481366019745408,49.875000000000085,-4.080792760139126,-4.080792760139126,69.00000000000018,-4.080792760139126,-4.080792760139126,48.75000000000008,-1.3570724539218162,-1.3570724539218162,23.24999999999998,1.2275060566262113,1.2275060566262113,49.875000000000085,-1.300335221145417,-1.300335221145417,10.500000000000004
23.600000000000065,0,1,4.4820830441039305,4.4820830441039305,49.875000000000085,-4.090958635809386,-4.090958635809386,69.00000000000018,-4.090958635809386,-4.090958635809386,48.75000000000008,-1.3381321974685392,-1.3381321974685392,23.24999999999998,1.2173799617494865,1.2173799617494865,49.875000000000085,-1.28620826007662,-1.28620826007662,10.500000000000004
23.700000000000067,0,1,4.48274348921953,4.48274348921953,49.875000000000085,-4.101169428367982,-4.101169428367982,69.00000000000018,-4.101169428367982,-4.101169428367982,48.75000000000008,-1.316005838229927,-1.316005838229927,23.24999999999998,1.2072111332152957,1.2072111332152957,49.875000000000085,-1.2721267121771689,-1.2721267121771689,10.500000000000004
23.800000000000068,0,1,4.487308472610636,4.487308472610636,49.875000000000085,-4.11142512852404,-4.11142512852404,69.00000000000018,-4.11142512852404,-4.11142512852404,48.75000000000008,-1.293935460444743,-1.293935460444743,23.24999999999998,1.197021893299862,1.197021893299862,49.875000000000085,-1.0984512186202409,-1.0984512186202409,10.875000000000002
23.90000000000007,0,1,4.500890952478542,4.500890952478542,49.875000000000085,-4.121725726944916,-4.121725726944916,69.00000000000018,-4.121725726944916,-4.121725726944916,48.75000000000008,-1.2719132041494419,-1.2719132041494419,23.24999999999998,1.1843824915467707,1.1843824915467707,49.875000000000085,-1.0840167242000973,-1.0840167242000973,10.875000000000002
24.00000000000007,0,1,4.508434285564249,4.508434285564249,49.875000000000085,-4.132071214256072,-4.132071214256072,69.00000000000018,-4.132071214256072,-4.132071214256072,48.75000000000008,-1.1783040450674633,-1.1783040450674633,23.62499999999998,1.1740743780483882,1.1740743780483882,49.875000000000085,-1.0742111572147621,-1.0742111572147621,10.875000000000002
24.100000000000072,0,1,4.508998472334682,4.508998472334682,49.875000000000085,-4.142461581041168,-4.142461581041168,69.00000000000018,-4.142461581041168,-4.142461581041168,48.75000000000008,-1.156272739239455,-1.156272739239455,23.62499999999998,1.1637341701029555,1.1637341701029555,49.875000000000085,-1.059869523542389,-1.059869523542389,10.875000000000002
24.200000000000074,0,1,4.509507918206921,4.509507918206921,49.875000000000085,-4.152896817841949,-4.152896817841949,69.00000000000018,-4.152896817841949,-4.152896817841949,48.75000000000008,-1.1372192972581558,-1.1372192972581558,23.62499999999998,1.1533486234882133,1.1533486234882133,49.875000000000085,-1.0455758912477364,-1.0455758912477364,10.875000000000002
24.300000000000075,0,1,4.513767479802311,4.513767479802311,49.875000000000085,-4.163376915158281,-4.163376915158281,69.00000000000018,-4.163376915158281,-4.163376915158281,48.75000000000008,-1.1153054869316037,-1.1153054869316037,23.62499999999998,1.1429177599418097,1.1429177599418097,49.875000000000085,-1.0313302596694598,-1.0313302596694598,10.875000000000002
24.400000000000077,0,1,4.514181356224199,4.514181356224199,49.875000000000085,-4.173901863448201,-4.173901863448201,69.00000000000018,-4.173901863448201,-4.173901863448201,48.75000000000008,-1.09345323461109,-1.09345323461109,23.62499999999998,1.13245422386413,1.13245422386413,49.875000000000085,-1.0217612739969155,-1.0217612739969155,10.875000000000002
24.500000000000078,0,1,4.534013336030711,4.534013336030711,49.875000000000085,-4.184471653127822,-4.184471653127822,69.00000000000018,-4.184471653127822,-4.184471653127822,48.75000000000008,-1.0716518239546247,-1.0716518239546247,23.62499999999998,1.1219398935238587,1.1219398935238587,49.875000000000085,-0.8490601716426909,-0.8490601716426909,11.250000000000002
24.60000000000008,0,1,4.5344788160810765,4.5344788160810765,49.875000000000085,-4.195086274571381,-4.195086274571381,69.00000000000018,-4.195086274571381,-4.195086274571381,48.75000000000008,-1.0530950917707287,-1.0530950917707287,23.62499999999998,1.1113818913381976,1.1113818913381976,49.875000000000085,-0.8350559357962624,-0.8350559357962624,11.250000000000002
24.70000000000008,0,1,4.534830879896049,4.534830879896049,49.875000000000085,-4.2057457181112525,-4.2057457181112525,69.00000000000018,-4.2057457181112525,-4.2057457181112525,48.75000000000008,-1.0313965330523729,-1.0313965330523729,23.62499999999998,1.1007802398537052,1.1007802398537052,49.875000000000085,-0.8211002496758226,-0.8211002496758226,11.250000000000002
24.800000000000082,0,1,4.535120392502407,4.535120392502407,49.875000000000085,-4.216449974037879,-4.216449974037879,69.00000000000018,-4.216449974037879,-4.216449974037879,48.75000000000008,-1.0097515203091803,-1.0097515203091803,23.62499999999998,1.090151801197294,1.090151801197294,49.875000000000085,-0.807198345520888,-0.807198345520888,11.250000000000002
24.900000000000084,0,1,4.5390738455742365,4.5390738455742365,49.875000000000085,-4.227199032599771,-4.227199032599771,69.00000000000018,-4.227199032599771,-4.227199032599771,48.75000000000008,-0.9881549729155239,-0.9881549729155239,23.62499999999998,1.079467394455861,1.079467394455861,49.875000000000085,-0.798016247512848,-0.798016247512848,11.250000000000002
25.000000000000085,0,1,4.670014172272289,4.670014172272289,50.250000000000085,-4.237992884003603,-4.237992884003603,69.00000000000018,-4.237992884003603,-4.237992884003603,48.75000000000008,-0.9666104138392626,-0.9666104138392626,23.62499999999998,1.0687399332161078,1.0687399332161078,49.875000000000085,-0.7841970243542562,-0.7841970243542562,11.250000000000002
25.100000000000087,0,1,4.670170031542952,4.670170031542952,50.250000000000085,-4.2488315184141,-4.2488315184141,69.00000000000018,-4.2488315184141,-4.2488315184141,48.75000000000008,-0.9451143331742458,-0.9451143331742458,23.62499999999998,1.0579694403029265,1.0579694403029265,49.875000000000085,-0.613371911984288,-0.613371911984288,11.625000000000004
25.200000000000088,0,1,4.670345608627088,4.670345608627088,50.250000000000085,-4.259714925954036,-4.259714925954036,69.00000000000018,-4.259714925954036,-4.259714925954036,48.75000000000008,-0.9236739844162116,-0.9236739844162116,23.62499999999998,1.0471748947220192,1.0471748947220192,49.875000000000085,-0.5997623330914479,-0.5997623330914479,11.625000000000004
25.30000000000009,0,1,4.670375765358287,4.670375765358287,50.250000000000085,-4.270643096704283,-4.270643096704283,69.00000000000018,-4.270643096704283,-4.270643096704283,48.75000000000008,-0.9022831552789938,-0.9022831552789938,23.62499999999998,1.0363217003013858,1.0363217003013858,49.875000000000085,-0.590928621703739,-0.590928621703739,11.625000000000004
25.40000000000009,0,1,4.68263260283004,4.68263260283004,50.250000000000085,-4.28161602070378,-4.28161602070378,69.00000000000018,-4.28161602070378,-4.28161602070378,48.75000000000008,-0.8809447241665964,-0.8809447241665964,23.62499999999998,1.025429993115793,1.025429993115793,49.875000000000085,-0.5774051277772116,-0.5774051277772116,11.625000000000004
25.500000000000092,0,1,4.686276183961894,4.686276183961894,50.250000000000085,-4.292633687949547,-4.292633687949547,69.00000000000018,-4.292633687949547,-4.292633687949547,48.75000000000008,-0.8596587044752937,-0.8596587044752937,23.62499999999998,1.0145165212087335,1.0145165212087335,49.875000000000085,-0.5639262633429212,-0.5639262633429212,11.625000000000004
25.600000000000094,0,1,4.692749390747878,4.692749390747878,50.250000000000085,-4.30369608839662,-4.30369608839662,69.00000000000018,-4.30369608839662,-4.30369608839662,48.75000000000008,-0.8415751394811366,-0.8415751394811366,23.62499999999998,1.0035808262015564,1.0035808262015564,49.875000000000085,-0.5505025584965182,-0.5505025584965182,11.625000000000004
25.700000000000095,0,1,4.692668005014298,4.692668005014298,50.250000000000085,-4.314803211958129,-4.314803211958129,69.00000000000018,-4.314803211958129,-4.314803211958129,48.75000000000008,-0.8203925922179138,-0.8203925922179138,23.62499999999998,0.9925849590553923,0.9925849590553923,49.875000000000085,-0.537122173155339,-0.537122173155339,11.625000000000004
25.800000000000097,0,1,4.692567397511169,4.692567397511169,50.250000000000085,-4.325955048505179,-4.325955048505179,69.00000000000018,-4.325955048505179,-4.325955048505179,48.75000000000008,-0.8021585614536519,-0.8021585614536519,23.62499999999998,0.9815466435079543,0.9815466435079543,49.875000000000085,-0.37312922408030147,-0.37312922408030147,12.000000000000005
25.900000000000098,0,1,4.704397235113433,4.704397235113433,50.250000000000085,-4.3371515878669555,-4.3371515878669555,69.00000000000018,-4.3371515878669555,-4.3371515878669555,48.75000000000008,-0.7810823669982483,-0.7810823669982483,23.62499999999998,0.9704659030550715,0.9704659030550715,49.875000000000085,-0.35994293487189566,-0.35994293487189566,12.000000000000005
26.0000000000001,0,1,4.7042928928291445,4.7042928928291445,50.250000000000085,-4.3483928198306785,-4.3483928198306785,69.00000000000018,-4.3483928198306785,-4.3483928198306785,48.75000000000008,-0.7600616351005556,-0.7600616351005556,23.62499999999998,0.8515690792231396,0.8515690792231396,49.500000000000085,-0.346812250280351,-0.346812250280351,12.000000000000005
26.1000000000001,0,1,4.713933213566094,4.713933213566094,50.250000000000085,-4.359678734141639,-4.359678734141639,69.00000000000018,-4.359678734141639,-4.359678734141639,48.75000000000008,-0.7391117858628888,-0.7391117858628888,23.62499999999998,0.8402816005089448,0.8402816005089448,49.500000000000085,-0.33372451200465036,-0.33372451200465036,12.000000000000005
26.200000000000102,0,1,4.7136751036508,4.7136751036508,50.250000000000085,-4.371009320503028,-4.371009320503028,69.00000000000018,-4.371009320503028,-4.371009320503028,48.75000000000008,-0.7182272658969282,-0.7182272658969282,23.62499999999998,0.8289518977319972,0.8289518977319972,49.500000000000085,-0.3255120751548759,-0.3255120751548759,12.000000000000005
26.300000000000104,0,1,4.713344383080539,4.713344383080539,50.250000000000085,-4.382384568576136,-4.382384568576136,69.00000000000018,-4.382384568576136,-4.382384568576136,48.75000000000008,-0.6973898687524382,-0.6973898687524382,23.62499999999998,0.8175799959189334,0.8175799959189334,49.500000000000085,-0.31252204734855127,-0.31252204734855127,12.000000000000005
26.400000000000105,0,1,4.713049184691272,4.713049184691272,50.250000000000085,-4.393804467980239,-4.393804467980239,69.00000000000018,-4.393804467980239,-4.393804467980239,48.75000000000008,-0.6766075429800651,-0.6766075429800651,23.62499999999998,0.8061874738437638,0.8061874738437638,49.500000000000085,-0.29957707931124844,-0.29957707931124844,12.000000000000005
26.500000000000107,0,1,4.7244975016082265,4.7244975016082265,50.250000000000085,-4.405269008292592,-4.405269008292592,69.00000000000018,-4.405269008292592,-4.405269008292592,48.75000000000008,-0.6589833342540032,-0.6589833342540032,23.62499999999998,0.7947330803688857,0.7947330803688857,49.500000000000085,-0.1328559743483595,-0.1328559743483595,12.375000000000005
26.600000000000108,0,1,4.733731450709058,4.733731450709058,50.250000000000085,-4.416778179048492,-4.416778179048492,69.00000000000018,-4.416778179048492,-4.416778179048492,48.75000000000008,-0.6382672819295436,-0.6382672819295436,23.62499999999998,0.783236633958154,0.783236633958154,49.500000000000085,-0.1201107607025591,-0.1201107607025591,12.375000000000005
26.70000000000011,0,1,4.733300443194807,4.733300443194807,50.250000000000085,-4.428331969741208,-4.428331969741208,69.00000000000018,-4.428331969741208,-4.428331969741208,48.37500000000008,-0.6175938617291337,-0.6175938617291337,23.62499999999998,0.7716981586900573,0.7716981586900573,49.500000000000085,-0.11229623303877645,-0.11229623303877645,12.375000000000005
26.80000000000011,0,1,4.732840294669558,4.732840294669558,50.250000000000085,-4.439930369821916,-4.439930369821916,69.00000000000018,-4.439930369821916,-4.439930369821916,48.37500000000008,-0.5969769311281112,-0.5969769311281112,23.62499999999998,0.7601396988515177,0.7601396988515177,49.500000000000085,-0.09965137793727763,-0.09965137793727763,12.375000000000005
26.900000000000112,0,1,4.732302386721827,4.732302386721827,50.250000000000085,-4.451573368699897,-4.451573368699897,69.00000000000018,-4.451573368699897,-4.451573368699897,48.37500000000008,-0.5764085971285624,-0.5764085971285624,23.62499999999998,0.7456946446415316,0.7456946446415316,49.500000000000085,-0.0870427441485333,-0.0870427441485333,12.375000000000005
27.000000000000114,0,1,4.854571030858324,4.854571030858324,50.625000000000085,-4.463260955742271,-4.463260955742271,69.00000000000018,-4.463260955742271,-4.463260955742271,48.37500000000008,-0.5558896923570558,-0.5558896923570558,23.62499999999998,0.734018363832476,0.734018363832476,49.500000000000085,-0.07448314817024482,-0.07448314817024482,12.375000000000005
27.100000000000115,0,1,4.860165865193139,4.860165865193139,50.625000000000085,-4.474993120274192,-4.474993120274192,69.00000000000018,-4.474993120274192,-4.474993120274192,48.37500000000008,-0.5354243605236064,-0.5354243605236064,23.62499999999998,0.7223105638840508,0.7223105638840508,49.500000000000085,0.08539262099711209,0.08539262099711209,12.750000000000004
27.200000000000117,0,1,4.862894956526944,4.862894956526944,50.625000000000085,-4.486769851578764,-4.486769851578764,69.00000000000018,-4.486769851578764,-4.486769851578764,48.37500000000008,-0.515010998022774,-0.515010998022774,23.62499999999998,0.7105581657703937,0.7105581657703937,49.500000000000085,0.09773674132057408,0.09773674132057408,12.750000000000004
27.300000000000118,0,1,4.862139982247683,4.862139982247683,50.625000000000085,-4.4985911388970194,-4.4985911388970194,69.00000000000018,-4.4985911388970194,-4.4985911388970194,48.37500000000008,-0.4946496173966466,-0.4946496173966466,23.62499999999998,0.6987611934274014,0.6987611934274014,49.500000000000085,0.11004724067784366,0.11004724067784366,12.750000000000004
27.40000000000012,0,1,4.861353663770402,4.861353663770402,50.625000000000085,-4.510456971427921,-4.510456971427921,69.00000000000018,-4.510456971427921,-4.510456971427921,48.37500000000008,-0.47725902618648774,-0.47725902618648774,23.62499999999998,0.6869321368895811,0.6869321368895811,49.500000000000085,0.1223081595619675,0.1223081595619675,12.750000000000004
27.50000000000012,0,1,4.871958223684274,4.871958223684274,50.625000000000085,-4.522367338328415,-4.522367338328415,69.00000000000018,-4.522367338328415,-4.522367338328415,48.37500000000008,-0.3848690270732362,-0.3848690270732362,23.999999999999982,0.6750530999884035,0.6750530999884035,49.500000000000085,0.1345226435640825,0.1345226435640825,12.750000000000004
27.600000000000122,0,1,4.877162371543207,4.877162371543207,50.625000000000085,-4.5343222287133,-4.5343222287133,69.00000000000018,-4.5343222287133,-4.5343222287133,48.37500000000008,-0.3645584816021312,-0.3645584816021312,23.999999999999982,0.6631311189741496,0.6631311189741496,49.500000000000085,0.14171512318981172,0.14171512318981172,12.750000000000004
27.700000000000124,0,1,4.8763617388534755,4.8763617388534755,50.625000000000085,-4.546321631655388,-4.546321631655388,69.00000000000018,-4.546321631655388,-4.546321631655388,48.37500000000008,-0.3443003661657258,-0.3443003661657258,23.999999999999982,0.6511662185426275,0.6511662185426275,49.500000000000085,0.15382654106454652,0.15382654106454652,12.750000000000004
27.800000000000125,0,1,4.878702308528403,4.878702308528403,50.625000000000085,-4.558365536185313,-4.558365536185313,69.00000000000018,-4.558365536185313,-4.558365536185313,48.37500000000008,-0.3240978201966982,-0.3240978201966982,23.999999999999982,0.6391750546510906,0.6391750546510906,49.500000000000085,0.3165497285917098,0.3165497285917098,13.125000000000005
27.900000000000126,0,1,4.877581954828301,4.877581954828301,50.625000000000085,-4.5704539312916665,-4.5704539312916665,69.00000000000018,-4.5704539312916665,-4.5704539312916665,48.37500000000008,-0.3039441383163535,-0.3039441383163535,23.999999999999982,0.6271288063602043,0.6271288063602043,49.500000000000085,0.32846960533808556,0.32846960533808556,13.125000000000005
28.000000000000128,0,1,4.887079564247799,4.887079564247799,50.625000000000085,-4.58258680592094,-4.58258680592094,69.00000000000018,-4.58258680592094,-4.58258680592094,48.37500000000008,-0.28383922177077636,-0.28383922177077636,23.999999999999982,0.6150435577815472,0.6150435577815472,49.500000000000085,0.34034059008288864,0.34034059008288864,13.125000000000005
28.10000000000013,0,1,4.88637840539225,4.88637840539225,50.625000000000085,-4.594764148977504,-4.594764148977504,69.00000000000018,-4.594764148977504,-4.594764148977504,48.37500000000008,-0.26378550530721157,-0.26378550530721157,23.999999999999982,0.602935450681386,0.602935450681386,49.500000000000085,0.3471358852658284,0.3471358852658284,13.125000000000005
28.20000000000013,0,1,4.8913114677974505,4.8913114677974505,50.625000000000085,-4.606985949323644,-4.606985949323644,69.00000000000018,-4.606985949323644,-4.606985949323644,48.37500000000008,-0.2437879407214325,-0.2437879407214325,23.999999999999982,0.590803691350672,0.590803691350672,49.500000000000085,0.358899635895213,0.358899635895213,13.125000000000005
28.300000000000132,0,1,4.893551151492588,4.893551151492588,50.625000000000085,-4.61925219577946,-4.61925219577946,69.00000000000018,-4.61925219577946,-4.61925219577946,48.37500000000008,-0.2238400866028627,-0.2238400866028627,23.999999999999982,0.5786142472191642,0.5786142472191642,49.500000000000085,0.3706341440464769,0.3706341440464769,13.125000000000005
28.400000000000134,0,1,4.898149947904216,4.898149947904216,50.625000000000085,-4.631562877122967,-4.631562877122967,69.00000000000018,-4.631562877122967,-4.631562877122967,48.37500000000008,-0.20719952822246057,-0.20719952822246057,23.999999999999982,0.5663828888655331,0.5663828888655331,49.500000000000085,0.5314305508925656,0.5314305508925656,13.500000000000007
28.500000000000135,0,1,4.90091119520018,4.90091119520018,50.625000000000085,-4.6439179820900165,-4.6439179820900165,69.00000000000018,-4.6439179820900165,-4.6439179820900165,48.37500000000008,-0.18732264564255274,-0.18732264564255274,23.999999999999982,0.5541097513175544,0.5541097513175544,49.500000000000085,0.5378830942749886,0.5378830942749886,13.500000000000007
28.600000000000136,0,1,4.903656284809642,4.903656284809642,50.625000000000085,-4.65631749937441,-4.65631749937441,69.00000000000018,-4.65631749937441,-4.65631749937441,48.37500000000008,-0.16750233922391544,-0.16750233922391544,23.999999999999982,0.4300017786734287,0.4300017786734287,49.125000000000085,0.549348300966173,0.549348300966173,13.500000000000007
28.700000000000138,0,1,4.9094681915997,4.9094681915997,50.625000000000085,-4.668761417627707,-4.668761417627707,69.00000000000018,-4.668761417627707,-4.668761417627707,48.37500000000008,-0.14773125696464717,-0.14773125696464717,23.999999999999982,0.41752562695084805,0.41752562695084805,49.125000000000085,0.560773766035183,0.560773766035183,13.500000000000007
28.80000000000014,0,1,4.912108578493559,4.912108578493559,50.625000000000085,-4.68124972545926,-4.68124972545926,69.00000000000018,-4.68124972545926,-4.68124972545926,48.37500000000008,-0.12800938786759275,-0.12800938786759275,23.999999999999982,0.40500788621815786,0.40500788621815786,49.125000000000085,0.5721635536599052,0.5721635536599052,13.500000000000007
28.90000000000014,0,1,4.916458367705047,4.916458367705047,50.625000000000085,-4.6937824114363735,-4.6937824114363735,69.00000000000018,-4.6937824114363735,-4.6937824114363735,48.37500000000008,-0.10833740899416,-0.10833740899416,23.999999999999982,0.3924484943192823,0.3924484943192823,49.125000000000085,0.5835043061785257,0.5835043061785257,13.500000000000007
29.000000000000142,0,1,5.0248832389842875,5.0248832389842875,51.00000000000009,-4.70635946408413,-4.70635946408413,69.00000000000018,-4.70635946408413,-4.70635946408413,48.37500000000008,-0.09166799635603695,-0.09166799635603695,23.999999999999982,0.37986816236971777,0.37986816236971777,49.125000000000085,0.7372283030152431,0.7372283030152431,13.875000000000007
29.100000000000144,0,1,5.027351094981512,5.027351094981512,51.00000000000009,-4.718980871885464,-4.718980871885464,69.00000000000018,-4.718980871885464,-4.718980871885464,48.37500000000008,-0.07210280392719426,-0.07210280392719426,23.999999999999982,0.3672276671815524,0.3672276671815524,49.125000000000085,0.7483539745478396,0.7483539745478396,13.875000000000007
29.200000000000145,0,1,5.032863674209409,5.032863674209409,51.00000000000009,-4.73164662328103,-4.73164662328103,69.00000000000018,-4.73164662328103,-4.73164662328103,48.37500000000008,-0.05259064957749615,-0.05259064957749615,23.999999999999982,0.35454570061048685,0.35454570061048685,49.125000000000085,0.7594344652165432,0.7594344652165432,13.875000000000007
29.300000000000146,0,1,5.035223868661092,5.035223868661092,51.00000000000009,-4.744356706669414,-4.744356706669414,69.00000000000018,-4.744356706669414,-4.744356706669414,48.37500000000008,-0.033144609924065094,-0.033144609924065094,23.999999999999982,0.34182228803497594,0.34182228803497594,49.125000000000085,0.7704788015403068,0.7704788015403068,13.875000000000007
29.400000000000148,0,1,5.037581741192824,5.037581741192824,51.00000000000009,-4.757111110406868,-4.757111110406868,69.00000000000018,-4.757111110406868,-4.757111110406868,48.37500000000008,-0.0137735537260113,-0.0137735537260113,23.999999999999982,0.32907874723576924,0.32907874723576924,49.125000000000085,0.7814670575042157,0.7814670575042157,13.875000000000007
29.50000000000015,0,1,5.041598309147261,5.041598309147261,51.00000000000009,-4.769909822807563,-4.769909822807563,69.00000000000018,-4.769909822807563,-4.769909822807563,48.37500000000008,0.001759663694301139,0.001759663694301139,23.999999999999982,0.3130562215498429,0.3130562215498429,49.125000000000085,0.7872460520957958,0.7872460520957958,13.875000000000007
29.60000000000015,0,1,5.043859777741474,5.043859777741474,51.00000000000009,-4.782752832143302,-4.782752832143302,69.00000000000018,-4.782752832143302,-4.782752832143302,48.37500000000008,0.021034902513449083,0.021034902513449083,23.999999999999982,0.3001963119467632,0.3001963119467632,49.125000000000085,0.7981372777968119,0.7981372777968119,13.875000000000007
29.700000000000152,0,1,5.0461184136386095,5.0461184136386095,51.00000000000009,-4.79564012664386,-4.79564012664386,69.00000000000018,-4.79564012664386,-4.79564012664386,48.37500000000008,0.04023032468964516,0.04023032468964516,23.999999999999982,0.28729510032401606,0.28729510032401606,49.125000000000085,0.9548723384203015,0.9548723384203015,14.250000000000009
29.800000000000153,0,1,5.05132882254226,5.05132882254226,51.00000000000009,-4.80857169449655,-4.80857169449655,69.00000000000018,-4.80857169449655,-4.80857169449655,48.37500000000008,0.05937975099426751,0.05937975099426751,23.999999999999982,0.27437437486298677,0.27437437486298677,49.125000000000085,0.9655634046023778,0.9655634046023778,14.250000000000009
29.900000000000155,0,1,5.053471830650608,5.053471830650608,51.00000000000009,-4.821547523846661,-4.821547523846661,69.00000000000018,-4.821547523846661,-4.821547523846661,48.37500000000008,0.07848086594755443,0.07848086594755443,23.999999999999982,0.26139222151819297,0.26139222151819297,49.125000000000085,0.9762120354474888,0.9762120354474888,14.250000000000009
30.000000000000156,0,1,5.055585464259124,5.055585464259124,51.00000000000009,-4.834567602797051,-4.834567602797051,69.00000000000018,-4.834567602797051,-4.834567602797051,48.37500000000008,0.09752916314744198,0.09752916314744198,23.999999999999982,0.24836889873255075,0.24836889873255075,49.125000000000085,0.9815945632350918,0.9815945632350918,14.250000000000009
30.100000000000158,0,1,5.0593345230716125,5.0593345230716125,51.00000000000009,-4.84763191940845,-4.84763191940845,69.00000000000018,-4.84763191940845,-4.84763191940845,48.37500000000008,0.1165228058981711,0.1165228058981711,23.999999999999982,0.23531469145090966,0.23531469145090966,49.125000000000085,0.9921365395447026,0.9921365395447026,14.250000000000009
30.20000000000016,0,1,5.061389020079346,5.061389020079346,51.00000000000009,-4.860740461699216,-4.860740461699216,69.00000000000018,-4.860740461699216,-4.860740461699216,48.37500000000008,0.13546410251437635,0.13546410251437635,23.999999999999982,0.22221667927847477,0.22221667927847477,49.125000000000085,1.0026318795774358,1.0026318795774358,14.250000000000009
30.30000000000016,0,1,5.066331646367061,5.066331646367061,51.00000000000009,-4.873893217645538,-4.873893217645538,69.00000000000018,-4.873893217645538,-4.873893217645538,48.37500000000008,0.15435304804954342,0.15435304804954342,23.999999999999982,0.20907488763243975,0.20907488763243975,49.125000000000085,1.15742290502277,1.15742290502277,14.625000000000007
30.400000000000162,0,1,5.068309084932949,5.068309084932949,51.00000000000009,-4.887090175181243,-4.887090175181243,69.00000000000018,-4.887090175181243,-4.887090175181243,48.37500000000008,0.17322286396773734,0.17322286396773734,23.999999999999982,0.1959016592467151,0.1959016592467151,49.125000000000085,1.1677206098404582,1.1677206098404582,14.625000000000007
30.500000000000163,0,1,5.070240739352599,5.070240739352599,51.00000000000009,-4.900331322197893,-4.900331322197893,69.00000000000018,-4.900331322197893,-4.900331322197893,48.37500000000008,0.18912522957091937,0.18912522957091937,23.999999999999982,0.18267931328638554,0.18267931328638554,49.125000000000085,1.17270555859767,1.17270555859767,14.625000000000007
30.600000000000165,0,1,5.072141937325455,5.072141937325455,51.00000000000009,-4.913616646544767,-4.913616646544767,69.00000000000018,-4.913616646544767,-4.913616646544767,48.37500000000008,0.2078940713206805,0.2078940713206805,23.999999999999982,0.16941480379603036,0.16941480379603036,49.125000000000085,1.182903266033918,1.182903266033918,14.625000000000007
30.700000000000166,0,1,5.075607064871207,5.075607064871207,51.00000000000009,-4.926946136028825,-4.926946136028825,69.00000000000018,-4.926946136028825,-4.926946136028825,48.37500000000008,0.22283987098379043,0.22283987098379043,23.999999999999982,0.15610815630489583,0.15610815630489583,49.125000000000085,1.1930523553037062,1.1930523553037062,14.625000000000007
30.800000000000168,0,1,5.08027739235591,5.08027739235591,51.00000000000009,-4.940319778414711,-4.940319778414711,69.00000000000018,-4.940319778414711,-4.940319778414711,48.37500000000008,0.24151476492266966,0.24151476492266966,23.999999999999982,0.1427778534182096,0.1427778534182096,49.125000000000085,1.2031623508572125,1.2031623508572125,14.625000000000007
30.90000000000017,0,1,5.1868321382318925,5.1868321382318925,51.37500000000009,-4.953737561424724,-4.953737561424724,69.00000000000018,-4.953737561424724,-4.953737561424724,48.37500000000008,0.3386277087354159,0.3386277087354159,24.374999999999982,0.12941284675180498,0.12941284675180498,49.125000000000085,1.3559907395927127,1.3559907395927127,15.000000000000005
31.00000000000017,0,1,5.188498545774237,5.188498545774237,51.37500000000009,-4.967199472738869,-4.967199472738869,69.00000000000018,-4.967199472738869,-4.967199472738869,48.37500000000008,0.35731371626707187,0.35731371626707187,24.374999999999982,0.11600627112149198,0.11600627112149198,49.125000000000085,1.3605811179653529,1.3605811179653529,15.000000000000005
31.100000000000172,0,1,5.190119339422935,5.190119339422935,51.37500000000009,-4.980705499994826,-4.980705499994826,69.00000000000018,-4.980705499994826,-4.980705499994826,48.37500000000008,0.37594828980743955,0.37594828980743955,24.374999999999982,0.10255815235900911,0.10255815235900911,49.125000000000085,1.3704326492554202,1.3704326492554202,15.000000000000005
31.200000000000173,0,1,5.193315775437938,5.193315775437938,51.37500000000009,-4.994255630787819,-4.994255630787819,69.00000000000018,-4.994255630787819,-4.994255630787819,48.37500000000008,0.3945274620162138,0.3945274620162138,24.374999999999982,-0.026736202642069884,-0.026736202642069884,48.75000000000008,1.3802292811480754,1.3802292811480754,15.000000000000005
31.300000000000175,0,1,5.197673225446323,5.197673225446323,51.37500000000009,-4.997008703622811,-4.997008703622811,69.00000000000018,-4.997008703622811,-4.997008703622811,48.37500000000008,0.413056747429593,0.413056747429593,24.374999999999982,-0.04038714269270827,-0.04038714269270827,48.75000000000008,1.389993218509403,1.389993218509403,15.000000000000005
31.400000000000176,0,1,5.199175774160139,5.199175774160139,51.37500000000009,-4.983449631031085,-4.983449631031085,69.00000000000018,-4.983449631031085,-4.983449631031085,48.37500000000008,0.43153307842862887,0.43153307842862887,24.374999999999982,-0.054076774932354965,-0.054076774932354965,48.75000000000008,1.3997131116003771,1.3997131116003771,15.000000000000005
31.500000000000178,0,1,5.200647470482835,5.200647470482835,51.37500000000009,-4.969934659455852,-4.969934659455852,69.00000000000018,-4.969934659455852,-4.969934659455852,48.37500000000008,0.44995645084807734,0.44995645084807734,24.374999999999982,-0.06780726341072807,-0.06780726341072807,48.75000000000008,1.5452112330142853,1.5452112330142853,15.375000000000004
31.60000000000018,0,1,5.20212431103235,5.20212431103235,51.37500000000009,-4.956463801310356,-4.956463801310356,69.00000000000018,-4.956463801310356,-4.956463801310356,48.37500000000008,0.4683229778246698,0.4683229778246698,24.374999999999982,-0.08155922853457298,-0.08155922853457298,48.75000000000008,1.5547093049904532,1.5547093049904532,15.375000000000004
31.70000000000018,0,1,5.203534049687718,5.203534049687718,51.37500000000009,-4.943037068965623,-4.943037068965623,69.00000000000018,-4.943037068965623,-4.943037068965623,48.37500000000008,0.48663992225594654,0.48663992225594654,24.374999999999982,-0.09536932787223407,-0.09536932787223407,48.75000000000008,1.5641642283247563,1.5641642283247563,15.375000000000004
31.800000000000182,0,1,5.206436425416527,5.206436425416527,51.37500000000009,-4.929654474750173,-4.929654474750173,69.00000000000018,-4.929654474750173,-4.929654474750173,48.37500000000008,0.5011499501250967,0.5011499501250967,24.374999999999982,-0.11280024383970044,-0.11280024383970044,48.75000000000008,1.573576284613523,1.573576284613523,15.375000000000004
31.900000000000183,0,1,5.210473271951301,5.210473271951301,51.37500000000009,-4.916316030950313,-4.916316030950313,69.00000000000018,-4.916316030950313,-4.916316030950313,48.37500000000008,0.5193573177259054,0.5193573177259054,24.374999999999982,-0.1267070061420128,-0.1267070061420128,48.75000000000008,1.5829490798518293,1.5829490798518293,15.375000000000004
32.000000000000185,0,1,5.211784714371362,5.211784714371362,51.37500000000009,-4.903021749809952,-4.903021749809952,69.00000000000018,-4.903021749809952,-4.903021749809952,48.37500000000008,0.5346075070657292,0.5346075070657292,24.374999999999982,-0.14063417640724651,-0.14063417640724651,48.75000000000008,1.586867553194864,1.586867553194864,15.375000000000004
32.100000000000186,0,1,5.213043141630067,5.213043141630067,51.37500000000009,-4.889771643530736,-4.889771643530736,69.00000000000018,-4.889771643530736,-4.889771643530736,48.37500000000008,0.5527415510998424,0.5527415510998424,24.374999999999982,-0.15462053497628858,-0.15462053497628858,48.75000000000008,1.7357387856096977,1.7357387856096977,15.750000000000004
32.20000000000019,0,1,5.214282380305036,5.214282380305036,51.37500000000009,-4.8765657242719485,-4.8765657242719485,69.00000000000018,-4.8765657242719485,-4.8765657242719485,48.37500000000008,0.5708225705746344,0.5708225705746344,24.374999999999982,-0.1686475987831102,-0.1686475987831102,48.75000000000008,1.7448464390611207,1.7448464390611207,15.750000000000004
32.30000000000019,0,1,5.215479813483455,5.215479813483455,51.37500000000009,-4.863404004150659,-4.863404004150659,69.00000000000018,-4.863404004150659,-4.863404004150659,48.37500000000008,0.5888505632537715,0.5888505632537715,24.374999999999982,-0.18271534113554821,-0.18271534113554821,48.75000000000008,1.753905143197784,1.753905143197784,15.750000000000004
32.40000000000019,0,1,5.220752652361938,5.220752652361938,51.37500000000009,-4.8502864952415266,-4.8502864952415266,69.00000000000018,-4.8502864952415266,-4.8502864952415266,48.37500000000008,0.6068213098546238,0.6068213098546238,24.374999999999982,-0.1968026808539065,-0.1968026808539065,48.75000000000008,1.7629232723792114,1.7629232723792114,15.750000000000004
32.50000000000019,0,1,5.221857548530025,5.221857548530025,51.37500000000009,-4.837213209577023,-4.837213209577023,69.00000000000018,-4.837213209577023,-4.837213209577023,48.37500000000008,0.6247428859729496,0.6247428859729496,24.374999999999982,-0.21094990535466707,-0.21094990535466707,48.75000000000008,1.7664553652016934,1.7664553652016934,15.750000000000004
32.60000000000019,0,1,5.2229322032560646,5.2229322032560646,51.37500000000009,-4.824184159147286,-4.824184159147286,69.00000000000018,-4.824184159147286,-4.824184159147286,48.37500000000008,0.6426128042147354,0.6426128042147354,24.374999999999982,-0.22513765436981714,-0.22513765436981714,48.75000000000008,1.7753780968794217,1.7753780968794217,15.750000000000004
32.700000000000195,0,1,5.223976615112605,5.223976615112605,51.37500000000009,-4.8111993559002,-4.8111993559002,69.00000000000018,-4.8111993559002,-4.8111993559002,48.37500000000008,0.6604307331753461,0.6604307331753461,24.374999999999982,-0.23936590100041144,-0.23936590100041144,48.75000000000008,1.7842518769590612,1.7842518769590612,15.750000000000004
32.800000000000196,0,1,5.225022982072673,5.225022982072673,51.37500000000009,-4.798258811741455,-4.798258811741455,69.00000000000018,-4.798258811741455,-4.798258811741455,48.37500000000008,0.6751272209138506,0.6751272209138506,24.374999999999982,-0.2536131079788362,-0.2536131079788362,48.75000000000008,1.9309741181396305,1.9309741181396305,16.125000000000004
32.9000000000002,0,1,5.332124241098242,5.332124241098242,51.75000000000009,-4.785362538534365,-4.785362538534365,69.00000000000018,-4.785362538534365,-4.785362538534365,48.37500000000008,0.6928057145727422,0.6928057145727422,24.374999999999982,-0.2679207012807723,-0.2679207012807723,48.75000000000008,1.9396436600485174,1.9396436600485174,16.125000000000004
33.0000000000002,0,1,5.334405546227302,5.334405546227302,51.75000000000009,-4.772510548100094,-4.772510548100094,69.00000000000018,-4.772510548100094,-4.772510548100094,48.37500000000008,0.710431408071301,0.710431408071301,24.374999999999982,-0.2822686558325387,-0.2822686558325387,48.75000000000008,1.9482715905308794,1.9482715905308794,16.125000000000004
33.1000000000002,0,1,5.335216412670334,5.335216412670334,51.75000000000009,-4.759702852217536,-4.759702852217536,69.00000000000018,-4.759702852217536,-4.759702852217536,48.37500000000008,0.7280024284687698,0.7280024284687698,24.374999999999982,-0.2966468036802752,-0.2966468036802752,48.75000000000008,1.9513560124792093,1.9513560124792093,16.125000000000004
33.2000000000002,0,1,5.335993885421175,5.335993885421175,51.75000000000009,-4.746939462623395,-4.746939462623395,69.00000000000018,-4.746939462623395,-4.746939462623395,48.37500000000008,0.7455305570259583,0.7455305570259583,24.374999999999982,-0.3110679141830417,-0.3110679141830417,48.75000000000008,1.9598798211844723,1.9598798211844723,16.125000000000004
33.3000000000002,0,1,5.336741499806351,5.336741499806351,51.75000000000009,-4.734220391012087,-4.734220391012087,69.00000000000018,-4.734220391012087,-4.734220391012087,48.37500000000008,0.7630063819930086,0.7630063819930086,24.374999999999982,-0.32553196046919197,-0.32553196046919197,48.75000000000008,1.9683555711849436,1.9683555711849436,16.125000000000004
33.400000000000205,0,1,5.339994328545927,5.339994328545927,51.75000000000009,-4.721545649035868,-4.721545649035868,69.00000000000018,-4.721545649035868,-4.721545649035868,48.37500000000008,0.780427642124863,0.780427642124863,24.374999999999982,-2.083908068892981,-2.083908068892981,43.50000000000005,2.113095979486431,2.113095979486431,16.5
33.500000000000206,0,1,5.342058792520362,5.342058792520362,51.75000000000009,-4.708915248304777,-4.708915248304777,69.00000000000018,-4.708915248304777,-4.708915248304777,48.37500000000008,0.7949099072850032,0.7949099072850032,24.374999999999982,-2.100176783711788,-2.100176783711788,43.50000000000005,2.1213734384841274,2.1213734384841274,16.5
33.60000000000021,0,1,5.34268316188826,5.34268316188826,51.75000000000009,-4.69632920038665,-4.69632920038665,69.00000000000018,-4.69632920038665,-4.69632920038665,48.37500000000008,0.8096122327454651,0.8096122327454651,24.374999999999982,-2.116486108695611,-2.116486108695611,43.50000000000005,2.1240698177147976,2.1240698177147976,16.5
33.70000000000021,0,1,5.343272892795923,5.343272892795923,51.75000000000009,-4.6837875168071506,-4.6837875168071506,69.00000000000018,-4.6837875168071506,-4.6837875168071506,48.37500000000008,0.8268434662844726,0.8268434662844726,24.374999999999982,-2.1328339221174843,-2.1328339221174843,43.50000000000005,2.1322476269648263,2.1322476269648263,16.5
33.80000000000021,0,1,5.343852717203191,5.343852717203191,51.75000000000009,-4.671290209049737,-4.671290209049737,69.00000000000018,-4.671290209049737,-4.671290209049737,48.37500000000008,0.844019446889007,0.844019446889007,24.374999999999982,-0.4023369970986721,-0.4023369970986721,48.75000000000008,2.1403714451166422,2.1403714451166422,16.5
33.90000000000021,0,1,5.346832061237748,5.346832061237748,51.75000000000009,-4.658837288555695,-4.658837288555695,69.00000000000018,-4.658837288555695,-4.658837288555695,48.37500000000008,0.8611449862792426,0.8611449862792426,24.374999999999982,-0.5369758418443809,-0.5369758418443809,48.37500000000008,2.1484507173556295,2.1484507173556295,16.5
34.00000000000021,0,1,5.347319589247604,5.347319589247604,51.75000000000009,-4.646428766724149,-4.646428766724149,69.00000000000018,-4.646428766724149,-4.646428766724149,48.37500000000008,0.8782191490266911,0.8782191490266911,24.374999999999982,-2.3172106505583088,-2.3172106505583088,43.12500000000005,2.2912102581125993,2.2912102581125993,16.875
34.100000000000215,0,1,5.349114266422561,5.349114266422561,51.75000000000009,-4.634064654912109,-4.634064654912109,69.00000000000018,-4.634064654912109,-4.634064654912109,48.37500000000008,0.9766624158212807,0.9766624158212807,24.74999999999998,-2.333832746107774,-2.333832746107774,43.12500000000005,2.2935182836960877,2.2935182836960877,16.875
34.200000000000216,0,1,5.34954529770431,5.34954529770431,51.75000000000009,-4.621744964434349,-4.621744964434349,69.00000000000018,-4.621744964434349,-4.621744964434349,48.37500000000008,0.9911942085564647,0.9911942085564647,24.74999999999998,-2.350477109783469,-2.350477109783469,43.12500000000005,2.3013426692402277,2.3013426692402277,16.875
34.30000000000022,0,1,5.349926441762122,5.349926441762122,51.75000000000009,-4.609469706563559,-4.609469706563559,69.00000000000018,-4.609469706563559,-4.609469706563559,48.37500000000008,1.0082145579332575,1.0082145579332575,24.74999999999998,-2.367175910914426,-2.367175910914426,43.12500000000005,2.3091234418978814,2.3091234418978814,16.875
34.40000000000022,0,1,5.350281140017188,5.350281140017188,51.75000000000009,-4.597238892530228,-4.597238892530228,69.00000000000018,-4.597238892530228,-4.597238892530228,48.37500000000008,1.025182170417807,1.025182170417807,24.74999999999998,-2.3839143068741038,-2.3839143068741038,43.12500000000005,2.316855432503374,2.316855432503374,16.875
34.50000000000022,0,1,5.3529508129301036,5.3529508129301036,51.75000000000009,-4.585052533522848,-4.585052533522848,69.00000000000018,-4.585052533522848,-4.585052533522848,48.37500000000008,1.0420970412719583,1.0420970412719583,24.74999999999998,-2.4006922678931772,-2.4006922678931772,43.12500000000005,2.3245386490246887,2.3245386490246887,16.875
34.60000000000022,0,1,5.353249572169773,5.353249572169773,51.75000000000009,-4.572910640687645,-4.572910640687645,69.00000000000018,-4.572910640687645,-4.572910640687645,48.37500000000008,1.0589690179055538,1.0589690179055538,24.74999999999998,-2.4174909361596946,-2.4174909361596946,43.12500000000005,2.4653032326494895,2.4653032326494895,17.249999999999996
34.70000000000022,0,1,5.354781961824585,5.354781961824585,51.75000000000009,-4.560813225128797,-4.560813225128797,69.00000000000018,-4.560813225128797,-4.560813225128797,48.37500000000008,1.075815292169807,1.075815292169807,24.74999999999998,-2.4343455062084303,-2.4343455062084303,43.12500000000005,2.467171565448268,2.467171565448268,17.249999999999996
34.800000000000225,0,1,5.4573743575955405,5.4573743575955405,52.1250000000001,-4.548760297908331,-4.548760297908331,69.00000000000018,-4.548760297908331,-4.548760297908331,48.37500000000008,1.0926090962081219,1.0926090962081219,24.74999999999998,-2.4512394035719325,-2.4512394035719325,43.12500000000005,2.474604839545762,2.474604839545762,17.249999999999996
34.900000000000226,0,1,5.457450234189537,5.457450234189537,52.1250000000001,-4.536751870046217,-4.536751870046217,69.00000000000018,-4.536751870046217,-4.536751870046217,48.37500000000008,1.1040469440370089,1.1040469440370089,24.74999999999998,-2.4681725982305807,-2.4681725982305807,43.12500000000005,2.481989302178789,2.481989302178789,17.249999999999996
35.00000000000023,0,1,5.459852610462207,5.459852610462207,52.1250000000001,-4.524787952520342,-4.524787952520342,69.00000000000018,-4.524787952520342,-4.524787952520342,48.37500000000008,1.1207380924807353,1.1207380924807353,24.74999999999998,-2.485125425953669,-2.485125425953669,43.12500000000005,2.489318130565181,2.489318130565181,17.249999999999996
35.10000000000023,0,1,5.459855121694332,5.459855121694332,52.1250000000001,-4.51286855626644,-4.51286855626644,69.00000000000018,-4.51286855626644,-4.51286855626644,48.37500000000008,1.1373798824947983,1.1373798824947983,24.74999999999998,-2.502135107545996,-2.502135107545996,43.12500000000005,2.496604307364933,2.496604307364933,17.249999999999996
35.20000000000023,0,1,5.459827978341181,5.459827978341181,52.1250000000001,-4.50099369217827,-4.50099369217827,69.00000000000018,-4.50099369217827,-4.50099369217827,48.37500000000008,1.15396888259869,1.15396888259869,24.74999999999998,-2.519183897004609,-2.519183897004609,43.12500000000005,2.635381163988015,2.635381163988015,17.625
35.30000000000023,0,1,5.461034229542577,5.461034229542577,52.1250000000001,-4.4891633711073595,-4.4891633711073595,69.00000000000018,-4.4891633711073595,-4.4891633711073595,48.37500000000008,1.170507064533382,1.170507064533382,24.74999999999998,-2.5362717640867487,-2.5362717640867487,43.12500000000005,2.6368126285317572,2.6368126285317572,17.625
35.40000000000023,0,1,5.460963109499119,5.460963109499119,52.1250000000001,-4.477377603863303,-4.477377603863303,69.00000000000018,-4.477377603863303,-4.477377603863303,48.37500000000008,1.1869897399444511,1.1869897399444511,24.74999999999998,-2.6871810273876946,-2.6871810273876946,42.75000000000004,2.643842415388889,2.643842415388889,17.625
35.500000000000234,0,1,5.4630811321676305,5.4630811321676305,52.1250000000001,-4.465636401213608,-4.465636401213608,69.00000000000018,-4.465636401213608,-4.465636401213608,48.37500000000008,1.2010172429457953,1.2010172429457953,24.74999999999998,-2.7044681624017386,-2.7044681624017386,42.75000000000004,2.650829865609282,2.650829865609282,17.625
35.600000000000236,0,1,5.462903493342438,5.462903493342438,52.1250000000001,-4.453939773883661,-4.453939773883661,69.00000000000018,-4.453939773883661,-4.453939773883661,48.37500000000008,1.2174057469123056,1.2174057469123056,24.74999999999998,-2.7259155523571366,-2.7259155523571366,42.75000000000004,2.6577684910731136,2.6577684910731136,17.625
35.70000000000024,0,1,5.462697449770829,5.462697449770829,52.1250000000001,-4.442287732556878,-4.442287732556878,69.00000000000018,-4.442287732556878,-4.442287732556878,48.37500000000008,1.2337414229331358,1.2337414229331358,24.74999999999998,-2.7432963373682355,-2.7432963373682355,42.75000000000004,2.6647489671457834,2.6647489671457834,17.625
35.80000000000024,0,1,5.463708744263357,5.463708744263357,52.1250000000001,-4.430680287874608,-4.430680287874608,69.00000000000018,-4.430680287874608,-4.430680287874608,48.37500000000008,1.2500202824933666,1.2500202824933666,24.74999999999998,-2.7606948046475566,-2.7606948046475566,42.75000000000004,2.8024634114331803,2.8024634114331803,17.999999999999996
35.90000000000024,0,1,5.463435152731179,5.463435152731179,52.1250000000001,-4.419117450436175,-4.419117450436175,69.00000000000018,-4.419117450436175,-4.419117450436175,48.37500000000008,1.266252332326502,1.266252332326502,24.74999999999998,-2.7781474557191643,-2.7781474557191643,42.75000000000004,2.8035276012884083,2.8035276012884083,17.999999999999996
36.00000000000024,0,1,5.463134606266308,5.463134606266308,52.1250000000001,-4.40759923079883,-4.40759923079883,69.00000000000018,-4.40759923079883,-4.40759923079883,48.37500000000008,1.2824322585585435,1.2824322585585435,24.74999999999998,-2.7956387758089534,-2.7956387758089534,42.75000000000004,2.8103684351309397,2.8103684351309397,17.999999999999996
36.10000000000024,0,1,5.464962795016305,5.464962795016305,52.1250000000001,-4.396125639477873,-4.396125639477873,69.00000000000018,-4.396125639477873,-4.396125639477873,48.37500000000008,1.2962172836061825,1.2962172836061825,24.74999999999998,-2.8131590138146123,-2.8131590138146123,42.75000000000004,2.8171407434942637,2.8171407434942637,17.999999999999996
36.200000000000244,0,1,5.464585406340063,5.464585406340063,52.1250000000001,-4.384696686946526,-4.384696686946526,69.00000000000018,-4.384696686946526,-4.384696686946526,48.37500000000008,1.3122962247105079,1.3122962247105079,24.74999999999998,-2.830720403180578,-2.830720403180578,42.75000000000004,2.8237328716890033,2.8237328716890033,17.999999999999996
36.300000000000246,0,1,5.46417748609818,5.46417748609818,52.1250000000001,-4.373312383636069,-4.373312383636069,69.00000000000018,-4.373312383636069,-4.373312383636069,48.37500000000008,1.3255336264918043,1.3255336264918043,24.74999999999998,-2.8483229139304456,-2.8483229139304456,42.75000000000004,2.8302291028405904,2.8302291028405904,17.999999999999996
36.40000000000025,0,1,5.464921606678118,5.464921606678118,52.1250000000001,-4.361972739935723,-4.361972739935723,69.00000000000018,-4.361972739935723,-4.361972739935723,48.37500000000008,1.3415075974989463,1.3415075974989463,24.74999999999998,-2.865954842512153,-2.865954842512153,42.75000000000004,2.965912816712148,2.965912816712148,18.374999999999996
36.50000000000025,0,1,5.464449326378002,5.464449326378002,52.1250000000001,-4.350677766192732,-4.350677766192732,69.00000000000018,-4.350677766192732,-4.350677766192732,48.37500000000008,1.3574329357815174,1.3574329357815174,24.74999999999998,-2.8836329383156425,-2.8836329383156425,42.75000000000004,2.9665122583774917,2.9665122583774917,18.374999999999996
36.60000000000025,0,1,5.567325492758215,5.567325492758215,52.5000000000001,-4.3394274727123445,-4.3394274727123445,69.00000000000018,-4.3394274727123445,-4.3394274727123445,48.37500000000008,1.371030187517249,1.371030187517249,24.74999999999998,-2.9013506050371376,-2.9013506050371376,42.75000000000004,2.972932794902505,2.972932794902505,18.374999999999996
36.70000000000025,0,1,5.566670933872047,5.566670933872047,52.5000000000001,-4.328221869757861,-4.328221869757861,69.00000000000018,-4.328221869757861,-4.328221869757861,48.37500000000008,1.3868570500910806,1.3868570500910806,24.74999999999998,-2.919107812243155,-2.919107812243155,42.75000000000004,2.9793059042064414,2.9793059042064414,18.374999999999996
36.80000000000025,0,1,5.565993005751039,5.565993005751039,52.5000000000001,-4.317060967550546,-4.317060967550546,69.00000000000018,-4.317060967550546,-4.317060967550546,48.37500000000008,1.4026188671264919,1.4026188671264919,24.74999999999998,-2.936888948207155,-2.936888948207155,42.75000000000004,2.985625717112086,2.985625717112086,18.374999999999996
36.900000000000254,0,1,5.565281948336903,5.565281948336903,52.5000000000001,-4.305944776269762,-4.305944776269762,69.00000000000018,-4.305944776269762,-4.305944776269762,48.37500000000008,1.4183360802903593,1.4183360802903593,24.74999999999998,-3.091141325516631,-3.091141325516631,42.37500000000004,2.9917599332547695,2.9917599332547695,18.374999999999996
37.000000000000256,0,1,5.565693446399621,5.565693446399621,52.5000000000001,-4.294873306052814,-4.294873306052814,69.00000000000018,-4.294873306052814,-4.294873306052814,48.37500000000008,1.4340029678355393,1.4340029678355393,24.74999999999998,-3.1091342877785735,-3.1091342877785735,42.37500000000004,3.125312662430673,3.125312662430673,18.749999999999996
37.10000000000026,0,1,5.5669866326587965,5.5669866326587965,52.5000000000001,-4.28384656699518,-4.28384656699518,69.00000000000018,-4.28384656699518,-4.28384656699518,48.37500000000008,1.4496186353863436,1.4496186353863436,24.74999999999998,-3.127166110537516,-3.127166110537516,42.37500000000004,3.131385433927875,3.131385433927875,18.749999999999996
37.20000000000026,0,1,5.566179507636534,5.566179507636534,52.5000000000001,-4.272864569150272,-4.272864569150272,69.00000000000018,-4.272864569150272,-4.272864569150272,48.37500000000008,1.4629772666428522,1.4629772666428522,24.74999999999998,-3.145212985422134,-3.145212985422134,42.37500000000004,3.1374045855217076,3.1374045855217076,18.749999999999996
37.30000000000026,0,1,5.565324534550356,5.565324534550356,52.5000000000001,-4.261927322529601,-4.261927322529601,69.00000000000018,-4.261927322529601,-4.261927322529601,48.37500000000008,1.5626766642903647,1.5626766642903647,25.12499999999998,-3.163175545144796,-3.163175545144796,42.37500000000004,3.1433815847605047,3.1433815847605047,18.749999999999996
37.40000000000026,0,1,5.564420548541904,5.564420548541904,52.5000000000001,-4.251034837102729,-4.251034837102729,69.00000000000018,-4.251034837102729,-4.251034837102729,48.37500000000008,1.5782296906985351,1.5782296906985351,25.12499999999998,-3.181176392398598,-3.181176392398598,42.37500000000004,3.1493107687512634,3.1493107687512634,18.749999999999996
37.50000000000026,0,1,5.563503857340734,5.563503857340734,52.5000000000001,-4.240187122797288,-4.240187122797288,69.00000000000018,-4.240187122797288,-4.240187122797288,48.37500000000008,1.5937303557871019,1.5937303557871019,25.12499999999998,-3.199212539111393,-3.199212539111393,42.37500000000004,3.155112556240752,3.155112556240752,18.749999999999996
37.600000000000264,0,1,5.565680278266555,5.565680278266555,52.5000000000001,-4.229384189499015,-4.229384189499015,69.00000000000018,-4.229384189499015,-4.229384189499015,48.37500000000008,1.609176588819821,1.609176588819821,25.12499999999998,-3.2172666930206475,-3.2172666930206475,42.37500000000004,3.286696676713916,3.286696676713916,19.124999999999993
37.700000000000266,0,1,5.56467892620293,5.56467892620293,52.5000000000001,-4.21862604705165,-4.21862604705165,69.00000000000018,-4.21862604705165,-4.21862604705165,48.37500000000008,1.6196909862273685,1.6196909862273685,25.12499999999998,-3.235374708431337,-3.235374708431337,42.37500000000004,3.292329639300533,3.292329639300533,19.124999999999993
37.80000000000027,0,1,5.563647673586132,5.563647673586132,52.5000000000001,-4.207912705257044,-4.207912705257044,69.00000000000018,-4.207912705257044,-4.207912705257044,48.37500000000008,1.6350279576164581,1.6350279576164581,25.12499999999998,-3.253520695121395,-3.253520695121395,42.37500000000004,3.29795826427673,3.29795826427673,19.124999999999993
37.90000000000027,0,1,5.562586574464021,5.562586574464021,52.5000000000001,-4.197244173875191,-4.197244173875191,69.00000000000018,-4.197244173875191,-4.197244173875191,48.37500000000008,1.6502938034724934,1.6502938034724934,25.12499999999998,-3.2717046235409555,-3.2717046235409555,42.37500000000004,3.303539004118946,3.303539004118946,19.124999999999993
38.00000000000027,0,1,5.561510998291013,5.561510998291013,52.5000000000001,-4.186620462624113,-4.186620462624113,69.00000000000018,-4.186620462624113,-4.186620462624113,48.37500000000008,1.6655033517573088,1.6655033517573088,25.12499999999998,-3.2899076448540683,-3.2899076448540683,42.37500000000004,3.3090643023251687,3.3090643023251687,19.124999999999993
38.10000000000027,0,1,5.561447767670046,5.561447767670046,52.5000000000001,-4.176041581179987,-4.176041581179987,69.00000000000018,-4.176041581179987,-4.176041581179987,48.37500000000008,1.6806657431096852,1.6806657431096852,25.12499999999998,-3.3081654350179903,-3.3081654350179903,42.37500000000004,3.314549971066427,3.314549971066427,19.124999999999993
38.20000000000027,0,1,5.562195591699023,5.562195591699023,52.5000000000001,-4.165507539177021,-4.165507539177021,69.00000000000018,-4.165507539177021,-4.165507539177021,48.37500000000008,1.6937149798242928,1.6937149798242928,25.12499999999998,-3.3264609831641607,-3.3264609831641607,42.37500000000004,3.4428801652290275,3.4428801652290275,19.499999999999993
38.300000000000274,0,1,5.560989416520343,5.560989416520343,52.5000000000001,-4.155018346207584,-4.155018346207584,69.00000000000018,-4.155018346207584,-4.155018346207584,48.37500000000008,1.7087814024185093,1.7087814024185093,25.12499999999998,-3.344794259534126,-3.344794259534126,42.37500000000004,3.448067616887897,3.448067616887897,19.499999999999993
38.400000000000276,0,1,5.559777210084917,5.559777210084917,52.5000000000001,-4.1445740118222005,-4.1445740118222005,69.00000000000018,-4.1445740118222005,-4.1445740118222005,48.37500000000008,1.7237916957527233,1.7237916957527233,25.12499999999998,-3.5021772866879815,-3.5021772866879815,42.000000000000036,3.453458153516607,3.453458153516607,19.499999999999993
38.50000000000028,0,1,5.5598772887660175,5.5598772887660175,52.5000000000001,-4.134174545529454,-4.134174545529454,69.00000000000018,-4.134174545529454,-4.134174545529454,48.37500000000008,1.7384602762715673,1.7384602762715673,25.12499999999998,-3.519834312750085,-3.519834312750085,42.000000000000036,3.4586232334139027,3.4586232334139027,19.499999999999993
38.60000000000028,0,1,5.558653176236774,5.558653176236774,52.5000000000001,-4.123819956796048,-4.123819956796048,69.00000000000018,-4.123819956796048,-4.123819956796048,48.37500000000008,1.7533567899024831,1.7533567899024831,25.12499999999998,-3.5383576373690246,-3.5383576373690246,42.000000000000036,3.463911993399165,3.463911993399165,19.499999999999993
38.70000000000028,0,1,5.560242883124786,5.560242883124786,52.5000000000001,-4.113510255046876,-4.113510255046876,69.00000000000018,-4.113510255046876,-4.113510255046876,48.37500000000008,1.7662191603368314,1.7662191603368314,25.12499999999998,-3.556918632459677,-3.556918632459677,42.000000000000036,3.469150334827546,3.469150334827546,19.499999999999993
38.80000000000028,0,1,5.558482357778004,5.558482357778004,52.5000000000001,-4.103245449664939,-4.103245449664939,69.00000000000018,-4.103245449664939,-4.103245449664939,48.37500000000008,1.7807662768401684,1.7807662768401684,25.12499999999998,-3.575472424826046,-3.575472424826046,42.000000000000036,3.5966953138678264,3.5966953138678264,19.874999999999993
38.90000000000028,0,1,5.558273934290028,5.558273934290028,52.5000000000001,-4.0930255499913955,-4.0930255499913955,69.00000000000018,-4.0930255499913955,-4.0930255499913955,48.37500000000008,1.7949540176638834,1.7949540176638834,25.12499999999998,-3.5930898242983176,-3.5930898242983176,42.000000000000036,3.599917867069564,3.599917867069564,19.874999999999993
39.000000000000284,0,1,5.556634055515957,5.556634055515957,52.5000000000001,-4.082850565325508,-4.082850565325508,69.00000000000018,-4.082850565325508,-4.082850565325508,48.37500000000008,1.8065961387109297,1.8065961387109297,25.12499999999998,-3.6115485012913098,-3.6115485012913098,42.000000000000036,3.6045688927403603,3.6045688927403603,19.874999999999993
39.100000000000286,0,1,5.555690268678688,5.555690268678688,52.5000000000001,-4.072720504924774,-4.072720504924774,69.00000000000018,-4.072720504924774,-4.072720504924774,48.37500000000008,1.820840001092904,1.820840001092904,25.12499999999998,-3.6298650553770955,-3.6298650553770955,42.000000000000036,3.6092216312180057,3.6092216312180057,19.874999999999993
39.20000000000029,0,1,5.556072140727196,5.556072140727196,52.5000000000001,-4.062635378004785,-4.062635378004785,69.00000000000018,-4.062635378004785,-4.062635378004785,48.37500000000008,1.833134597931945,1.833134597931945,25.12499999999998,-3.6482228418585194,-3.6482228418585194,42.000000000000036,3.6138271769528387,3.6138271769528387,19.874999999999993
39.30000000000029,0,1,5.55559477107424,5.55559477107424,52.5000000000001,-4.052595193739329,-4.052595193739329,69.00000000000018,-4.052595193739329,-4.052595193739329,48.37500000000008,1.8472870302210254,1.8472870302210254,25.12499999999998,-3.6666218312365473,-3.6666218312365473,42.000000000000036,3.6183850817079986,3.6183850817079986,19.874999999999993
39.40000000000029,0,1,5.554126561167905,5.554126561167905,52.5000000000001,-4.042599961260343,-4.042599961260343,69.00000000000018,-4.042599961260343,-4.042599961260343,48.37500000000008,1.861387556314952,1.861387556314952,25.12499999999998,-3.685048288674878,-3.685048288674878,42.000000000000036,3.74381176283201,3.74381176283201,20.24999999999999
39.50000000000029,0,1,5.552602870094077,5.552602870094077,52.5000000000001,-4.0326496896579584,-4.0326496896579584,69.00000000000018,-4.0326496896579584,-4.0326496896579584,48.37500000000008,1.87543952020647,1.87543952020647,25.12499999999998,-3.7035218872727,-3.7035218872727,42.000000000000036,3.748123862532367,3.748123862532367,20.24999999999999
39.60000000000029,0,1,5.551059313447681,5.551059313447681,52.5000000000001,-4.022744387980481,-4.022744387980481,69.00000000000018,-4.022744387980481,-4.022744387980481,48.37500000000008,1.889442689904513,1.889442689904513,25.12499999999998,-3.72203488802473,-3.72203488802473,42.000000000000036,3.7509528264711207,3.7509528264711207,20.24999999999999
39.700000000000294,0,1,5.549491824597638,5.549491824597638,52.5000000000001,-4.012884065234402,-4.012884065234402,69.00000000000018,-4.012884065234402,-4.012884065234402,48.37500000000008,1.9015860211821263,1.9015860211821263,25.12499999999998,-3.740587261588125,-3.740587261588125,42.000000000000036,3.7551306996522555,3.7551306996522555,20.24999999999999
39.800000000000296,0,1,5.549995767630136,5.549995767630136,52.5000000000001,-4.003068730384378,-4.003068730384378,69.00000000000018,-4.003068730384378,-4.003068730384378,48.37500000000008,1.9155228771794839,1.9155228771794839,25.12499999999998,-3.759160693787017,-3.759160693787017,42.000000000000036,3.7593206088517093,3.7593206088517093,20.24999999999999
39.9000000000003,0,1,5.548354368003643,5.548354368003643,52.5000000000001,-3.9932983923533314,-3.9932983923533314,69.00000000000018,-3.9932983923533314,-3.9932983923533314,48.37500000000008,1.9294114046488744,1.9294114046488744,25.12499999999998,-3.919389059547086,-3.919389059547086,41.625000000000036,3.7634677822317144,3.7634677822317144,20.24999999999999
40.0000000000003,0,1,5.547590809382285,5.547590809382285,52.5000000000001,-3.98357306002233,-3.98357306002233,69.00000000000018,-3.98357306002233,-3.98357306002233,48.37500000000008,1.9432511260888532,1.9432511260888532,25.12499999999998,-3.9381724499799233,-3.9381724499799233,41.625000000000036,3.8868319291789533,3.8868319291789533,20.62499999999999
40.1000000000003,0,1,5.545875165815858,5.545875165815858,52.5000000000001,-3.973892742230639,-3.973892742230639,69.00000000000018,-3.973892742230639,-3.973892742230639,48.37500000000008,1.9570407672264736,1.9570407672264736,25.12499999999998,-3.9569944549611407,-3.9569944549611407,41.625000000000036,3.8907644025632493,3.8907644025632493,20.62499999999999
40.2000000000003,0,1,5.544149050297392,5.544149050297392,52.5000000000001,-3.964257447775765,-3.964257447775765,69.00000000000018,-3.964257447775765,-3.964257447775765,48.37500000000008,1.9690533655037967,1.9690533655037967,25.12499999999998,-3.9758344742143237,-3.964257447775765,41.625000000000036,3.8946404971947715,3.8946404971947715,20.62499999999999
40.3000000000003,0,1,5.642626537483366,5.642626537483366,52.87500000000011,-3.9546671854134274,-3.9546671854134274,69.00000000000018,-3.9546671854134274,-3.9546671854134274,48.37500000000008,1.9827510129928214,1.9827510129928214,25.12499999999998,-3.994730045496489,-3.9546671854134274,41.625000000000036,3.898320231403659,3.898320231403659,20.62499999999999
40.400000000000304,0,1,5.6407187618811605,5.6407187618811605,52.87500000000011,-3.9451219638575523,-3.9451219638575523,69.00000000000018,-3.9451219638575523,-3.9451219638575523,48.37500000000008,2.080441907642836,2.080441907642836,25.499999999999975,-4.013663855531547,-3.9451219638575523,41.625000000000036,3.900702724301979,3.900702724301979,20.62499999999999
40.500000000000306,0,1,5.639683073856531,5.639683073856531,52.87500000000011,-3.9356217917802994,-3.9356217917802994,69.00000000000018,-3.9356217917802994,-3.9356217917802994,48.37500000000008,2.0941258484693037,2.0941258484693037,25.499999999999975,-4.032635874366385,-3.9356217917802994,41.625000000000036,3.904437724548771,3.904437724548771,20.62499999999999
40.60000000000031,0,1,5.638111798454531,5.638111798454531,52.87500000000011,-3.9261666778120343,-3.9261666778120343,69.00000000000018,-3.9261666778120343,-3.9261666778120343,48.37500000000008,2.1061110363183957,2.1061110363183957,25.499999999999975,-4.051624114447655,-3.9261666778120343,41.625000000000036,4.025730010144613,4.025730010144613,20.999999999999986
40.70000000000031,0,1,5.636106810905105,5.636106810905105,52.87500000000011,-3.9167566305414354,-3.9167566305414354,69.00000000000018,-3.9167566305414354,-3.9167566305414354,48.37500000000008,2.1197030779862303,2.1197030779862303,25.499999999999975,-4.070669627550906,-3.9167566305414354,41.625000000000036,4.02925171571701,4.02925171571701,20.999999999999986
40.80000000000031,0,1,5.634070566508186,5.634070566508186,52.87500000000011,-3.90739165851528,-3.90739165851528,69.00000000000018,-3.90739165851528,-3.90739165851528,48.37500000000008,2.130239414455673,2.130239414455673,25.499999999999975,-4.089753087116328,-3.90739165851528,41.625000000000036,4.032725081610536,4.032725081610536,20.999999999999986
40.90000000000031,0,1,5.633588481389538,5.633588481389538,52.87500000000011,-3.8980717702387224,-3.8980717702387224,69.00000000000018,-3.8980717702387224,-3.8980717702387224,48.37500000000008,2.143733034328207,2.143733034328207,25.499999999999975,-4.108874462969936,-3.8980717702387224,41.625000000000036,4.036150087136278,4.036150087136278,20.999999999999986
41.00000000000031,0,1,5.631502788832208,5.631502788832208,52.87500000000011,-3.888796974175108,-3.888796974175108,69.00000000000018,-3.888796974175108,-3.888796974175108,48.37500000000008,2.157172751994537,2.157172751994537,25.499999999999975,-4.128010835712395,-3.888796974175108,41.625000000000036,4.039421233265756,4.039421233265756,20.999999999999986
41.100000000000314,0,1,5.62936807088002,5.62936807088002,52.87500000000011,-3.879567278746059,-3.879567278746059,69.00000000000018,-3.879567278746059,-3.879567278746059,48.37500000000008,2.1690193827924844,2.1690193827924844,25.499999999999975,-4.14720560404956,-3.879567278746059,41.625000000000036,4.041288329219796,4.041288329219796,20.999999999999986
41.200000000000315,0,1,5.628052333171581,5.628052333171581,52.87500000000011,-3.870382692331404,-3.870382692331404,69.00000000000018,-3.870382692331404,-3.870382692331404,48.37500000000008,2.1823726720298993,2.1823726720298993,25.499999999999975,-4.166438082821472,-3.870382692331404,41.625000000000036,4.160520468775459,4.160520468775459,21.374999999999986
41.30000000000032,0,1,5.625852259793234,5.625852259793234,52.87500000000011,-3.8612432232693195,-3.8612432232693195,69.00000000000018,-3.8612432232693195,-3.8612432232693195,48.37500000000008,2.1956766168130173,2.1956766168130173,25.499999999999975,-4.185708241647163,-3.8612432232693195,41.625000000000036,4.163631076399213,4.163631076399213,21.374999999999986
41.40000000000032,0,1,5.625534716225516,5.625534716225516,52.87500000000011,-3.8521488798561734,-3.8521488798561734,69.00000000000018,-3.8521488798561734,-3.8521488798561734,48.37500000000008,2.2089263041908396,2.2089263041908396,25.499999999999975,-4.34914484529439,-3.8521488798561734,41.25000000000003,4.1666874605682835,4.1666874605682835,21.374999999999986
41.50000000000032,0,1,5.623256535060136,5.623256535060136,52.87500000000011,-3.8430996703466107,-3.8430996703466107,69.00000000000018,-3.8430996703466107,-3.8430996703466107,48.37500000000008,2.220672297023512,2.220672297023512,25.499999999999975,-4.36860312423881,-3.8430996703466107,41.25000000000003,4.169702300432348,4.169702300432348,21.374999999999986
41.60000000000032,0,1,5.620938048649137,5.620938048649137,52.87500000000011,-3.834095602953596,-3.834095602953596,69.00000000000018,-3.834095602953596,-3.834095602953596,48.37500000000008,2.233834542035382,2.233834542035382,25.499999999999975,-4.388088062625293,-3.834095602953596,41.25000000000003,4.172668821802745,4.172668821802745,21.374999999999986
41.70000000000032,0,1,5.618592545717391,5.618592545717391,52.87500000000011,-3.825136685848335,-3.825136685848335,69.00000000000018,-3.825136685848335,-3.825136685848335,48.37500000000008,2.246947418582323,2.246947418582323,25.499999999999975,-4.407610429802901,-3.825136685848335,41.25000000000003,4.17557320297071,4.17557320297071,21.374999999999986
41.800000000000324,0,1,5.617067886002118,5.617067886002118,52.87500000000011,-3.8162229271603323,-3.8162229271603323,69.00000000000018,-3.8162229271603323,-3.8162229271603323,48.37500000000008,2.257450738578001,2.257450738578001,25.499999999999975,-4.427146238886607,-3.8162229271603323,41.25000000000003,4.292593402721067,4.292593402721067,21.749999999999986
41.900000000000325,0,1,5.614672141608835,5.614672141608835,52.87500000000011,-3.8073543349774255,-3.8073543349774255,69.00000000000018,-3.8073543349774255,-3.8073543349774255,48.37500000000008,2.2691042593437203,2.2691042593437203,25.499999999999975,-4.446741625850308,-3.8073543349774255,41.25000000000003,4.293895260757054,4.293895260757054,21.749999999999986
42.00000000000033,0,1,5.613697890435574,5.613697890435574,52.87500000000011,-3.7985309173456514,-3.7985309173456514,69.00000000000018,-3.7985309173456514,-3.7985309173456514,48.37500000000008,2.282080534825738,2.282080534825738,25.499999999999975,-4.466374287700937,-3.7985309173456514,41.25000000000003,4.296546960304809,4.296546960304809,21.749999999999986
42.10000000000033,0,1,5.6112451078782755,5.6112451078782755,52.87500000000011,-3.7897526822693948,-3.7897526822693948,69.00000000000018,-3.7897526822693948,-3.7897526822693948,48.37500000000008,2.2950008268532827,2.2950008268532827,25.499999999999975,-4.486032906030317,-3.7897526822693948,41.25000000000003,4.299148191385555,4.299148191385555,21.749999999999986
42.20000000000033,0,1,5.6090766107526235,5.6090766107526235,52.87500000000011,-3.78101963771136,-3.78101963771136,69.00000000000018,-3.78101963771136,-3.78101963771136,48.37500000000008,2.3078582423830625,2.3078582423830625,25.499999999999975,-4.50573169080964,-3.78101963771136,41.25000000000003,4.30170302129369,4.30170302129369,21.749999999999986
42.30000000000033,0,1,5.606539239761332,5.606539239761332,52.87500000000011,-3.772331791592535,-3.772331791592535,69.00000000000018,-3.772331791592535,-3.772331791592535,48.37500000000008,2.3194003991796706,2.3194003991796706,25.499999999999975,-4.525470611300065,-3.772331791592535,41.25000000000003,4.416982082345314,4.416982082345314,22.124999999999982
42.40000000000033,0,1,5.604750249835504,5.604750249835504,52.87500000000011,-3.7636891517922137,-3.7636891517922137,69.00000000000018,-3.7636891517922137,-3.7636891517922137,48.37500000000008,2.332168807082482,2.332168807082482,25.499999999999975,-4.54523609508113,-3.7636891517922137,41.25000000000003,4.419320381918354,4.419320381918354,22.124999999999982
42.500000000000334,0,1,5.603550757524658,5.603550757524658,52.87500000000011,-3.7550917261480166,-3.7550917261480166,69.00000000000018,-3.7550917261480166,-3.7550917261480166,48.37500000000008,2.344888635476039,2.344888635476039,25.499999999999975,-4.565047578243174,-3.7550917261480166,41.25000000000003,4.421568370725836,4.421568370725836,22.124999999999982
42.600000000000335,0,1,5.6009186174414936,5.6009186174414936,52.87500000000011,-3.746539522455876,-3.746539522455876,69.00000000000018,-3.746539522455876,-3.746539522455876,48.37500000000008,2.356381286358541,2.356381286358541,25.499999999999975,-4.584897412661462,-3.746539522455876,41.25000000000003,4.423669987455895,4.423669987455895,22.124999999999982
42.70000000000034,0,1,5.5982558718881705,5.5982558718881705,52.87500000000011,-3.738032548470038,-3.738032548470038,69.00000000000018,-3.738032548470038,-3.738032548470038,48.37500000000008,2.369011833696817,2.369011833696817,25.499999999999975,-4.604785567632597,-3.738032548470038,41.25000000000003,4.424491228229499,4.424491228229499,22.124999999999982
42.80000000000034,0,1,5.595587828856679,5.595587828856679,52.87500000000011,-3.729570811903109,-3.729570811903109,69.00000000000018,-3.729570811903109,-3.729570811903109,48.37500000000008,2.381589956523513,2.381589956523513,25.499999999999975,-4.771259508800576,-3.729570811903109,40.875000000000036,4.4266317805658275,4.4266317805658275,22.124999999999982
42.90000000000034,0,1,5.592863805897224,5.592863805897224,52.87500000000011,-3.721154320425974,-3.721154320425974,69.00000000000018,-3.721154320425974,-3.721154320425974,48.37500000000008,2.3941196497208495,2.3941196497208495,25.499999999999975,-4.791335734617157,-3.721154320425974,40.875000000000036,4.539853857211156,4.539853857211156,22.499999999999982
43.00000000000034,0,1,5.591110839565971,5.591110839565971,52.87500000000011,-3.7127830816678937,-3.7127830816678937,69.00000000000018,-3.7127830816678937,-3.7127830816678937,48.37500000000008,2.405525678794973,2.405525678794973,25.499999999999975,-4.811449547593533,-3.7127830816678937,40.875000000000036,4.541787766391678,4.541787766391678,22.499999999999982
43.10000000000034,0,1,5.589631475957717,5.589631475957717,52.87500000000011,-3.7044571032164484,-3.7044571032164484,69.00000000000018,-3.7044571032164484,-3.7044571032164484,48.37500000000008,2.4155050274034693,2.4155050274034693,25.499999999999975,-4.80528506132535,-3.7044571032164484,40.875000000000036,4.543673803833016,4.543673803833016,22.499999999999982
43.200000000000344,0,1,5.5868266885882605,5.5868266885882605,52.87500000000011,-3.6961763926175664,-3.6961763926175664,69.00000000000018,-3.6961763926175664,-3.6961763926175664,48.37500000000008,2.42789698209495,2.42789698209495,25.499999999999975,-4.794925671592175,-3.6961763926175664,40.875000000000036,4.545505594005618,4.545505594005618,22.499999999999982
43.300000000000345,0,1,5.583968473969165,5.583968473969165,52.87500000000011,-3.687940957375517,-3.687940957375517,69.00000000000018,-3.687940957375517,-3.687940957375517,48.37500000000008,2.4402405997499415,2.4402405997499415,25.499999999999975,-4.784609699329387,-3.687940957375517,40.875000000000036,4.547253588694119,4.547253588694119,22.499999999999982
43.40000000000035,0,1,5.581080681221522,5.581080681221522,52.87500000000011,-3.6797508049529313,-3.6797508049529313,69.00000000000018,-3.6797508049529313,-3.6797508049529313,48.37500000000008,2.451536434098884,2.451536434098884,25.499999999999975,-4.7743442268842955,-3.6797508049529313,40.875000000000036,4.548855355040629,4.548855355040629,22.499999999999982
43.50000000000035,0,1,5.5781648187910235,5.5781648187910235,52.87500000000011,-3.671605942770775,-3.671605942770775,69.00000000000018,-3.671605942770775,-3.671605942770775,48.37500000000008,2.552787736565975,2.552787736565975,25.874999999999975,-4.764129255406267,-3.671605942770775,40.875000000000036,4.658639970563613,4.658639970563613,22.874999999999982
43.60000000000035,0,1,5.57714453852968,5.57714453852968,52.87500000000011,-3.663506378208382,-3.663506378208382,69.00000000000018,-3.663506378208382,-3.663506378208382,48.37500000000008,2.565041629060474,2.565041629060474,25.874999999999975,-4.7539737363450385,-3.663506378208382,40.875000000000036,4.660157885132605,4.660157885132605,22.874999999999982
43.70000000000035,0,1,5.574152282061178,5.574152282061178,52.87500000000011,-3.6554521186034705,-3.6554521186034705,69.00000000000018,-3.6554521186034705,-3.6554521186034705,48.37500000000008,2.576349935486874,2.576349935486874,25.874999999999975,-4.743860914639114,-3.6554521186034705,40.875000000000036,4.661635077626272,4.661635077626272,22.874999999999982
43.80000000000035,0,1,5.57140228221607,5.57140228221607,52.87500000000011,-3.647443171252064,-3.647443171252064,69.00000000000018,-3.647443171252064,-3.647443171252064,48.37500000000008,2.585695984892766,2.585695984892766,25.874999999999975,-4.733798664691676,-3.647443171252064,40.875000000000036,4.663065297304513,4.663065297304513,22.874999999999982
43.900000000000354,0,1,5.568346002482542,5.568346002482542,52.87500000000011,-3.639479543408598,-3.639479543408598,69.00000000000018,-3.639479543408598,-3.639479543408598,48.37500000000008,2.5979803695509105,2.5979803695509105,25.874999999999975,-4.7237869872191425,-3.639479543408598,40.875000000000036,4.664447624005746,4.664447624005746,22.874999999999982
44.000000000000355,0,1,5.565292045033985,5.565292045033985,52.87500000000011,-3.6315612422858905,-3.6315612422858905,69.00000000000018,-3.6315612422858905,-3.6315612422858905,48.37500000000008,2.6102050810334134,2.6102050810334134,25.874999999999975,-4.713835174431843,-3.6315612422858905,40.875000000000036,4.665774995802138,4.665774995802138,22.874999999999982
44.10000000000036,0,1,5.5621820927582775,5.5621820927582775,52.87500000000011,-3.623688275055102,-3.623688275055102,69.00000000000018,-3.623688275055102,-3.623688275055102,48.37500000000008,2.622376281694784,2.622376281694784,25.874999999999975,-4.703925586984134,-3.623688275055102,40.875000000000036,4.774894684389167,4.774894684389167,23.24999999999998
44.20000000000036,0,1,5.560816005647283,5.560816005647283,52.87500000000011,-3.6158606488458247,-3.6158606488458247,69.00000000000018,-3.6158606488458247,-3.6158606488458247,48.37500000000008,2.634491037277755,2.634491037277755,25.874999999999975,-4.610952836872144,-3.6158606488458247,40.50000000000003,4.775880065869373,4.775880065869373,23.24999999999998
44.30000000000036,0,1,5.557632047307507,5.557632047307507,52.87500000000011,-3.6080783707459716,-3.6080783707459716,69.00000000000018,-3.6080783707459716,-3.6080783707459716,48.37500000000008,2.6441424109102343,2.6441424109102343,25.874999999999975,-4.601186790242188,-3.6080783707459716,40.50000000000003,4.77551949176943,4.77551949176943,23.24999999999998
44.40000000000036,0,1,5.554446050631327,5.554446050631327,52.87500000000011,-3.6003414478018456,-3.6003414478018456,69.00000000000018,-3.6003414478018456,-3.6003414478018456,48.37500000000008,2.6561459584311677,2.6561459584311677,25.874999999999975,-4.591481149923204,-3.6003414478018456,40.50000000000003,4.776533886304321,4.776533886304321,23.24999999999998
44.50000000000036,0,1,5.646662787415792,5.646662787415792,53.2500000000001,-3.5926498870182186,-3.5926498870182186,69.00000000000018,-3.5926498870182186,-3.5926498870182186,48.37500000000008,2.6680961277719604,2.6680961277719604,25.874999999999975,-4.581817432098674,-3.5926498870182186,40.50000000000003,4.7775077515148325,4.7775077515148325,23.24999999999998
44.600000000000364,0,1,5.643550704860573,5.643550704860573,53.2500000000001,-3.5850036953581537,-3.5850036953581537,69.00000000000018,-3.5850036953581537,-3.5850036953581537,48.37500000000008,2.6799898551972063,2.6799898551972063,25.874999999999975,-4.572204504948033,-3.5850036953581537,40.50000000000003,4.778435249820944,4.778435249820944,23.24999999999998
44.700000000000365,0,1,5.641310959282833,5.641310959282833,53.2500000000001,-3.577402879743211,-3.577402879743211,69.00000000000018,-3.577402879743211,-3.577402879743211,48.37500000000008,2.6918271932078284,2.6918271932078284,25.874999999999975,-4.562642368266566,-3.577402879743211,40.50000000000003,4.8855114958511905,4.8855114958511905,23.62499999999998
44.80000000000037,0,1,5.638485992067714,5.638485992067714,53.2500000000001,-3.5698474470532346,-3.5698474470532346,69.00000000000018,-3.5698474470532346,-3.5698474470532346,48.37500000000008,2.703605623241046,2.703605623241046,25.874999999999975,-4.553140836180582,-3.5698474470532346,40.50000000000003,4.8862193041957624,4.8862193041957624,23.62499999999998
44.90000000000037,0,1,5.635001953921048,5.635001953921048,53.2500000000001,-3.562337404126609,-3.562337404126609,69.00000000000018,-3.562337404126609,-3.562337404126609,48.37500000000008,2.7153319031110925,2.7153319031110925,25.874999999999975,-4.5436809835973975,-3.562337404126609,40.50000000000003,4.886886232130706,4.886886232130706,23.62499999999998
45.00000000000037,0,1,5.631493506211626,5.631493506211626,53.2500000000001,-3.554872757760002,-3.554872757760002,69.00000000000018,-3.554872757760002,-3.554872757760002,48.37500000000008,2.727002062702738,2.727002062702738,25.874999999999975,-4.534271944192483,-3.554872757760002,40.50000000000003,4.887446677334566,4.887446677334566,23.62499999999998
45.10000000000037,0,1,5.627969993891185,5.627969993891185,53.2500000000001,-3.5474535147085717,-3.5474535147085717,69.00000000000018,-3.5474535147085717,-3.5474535147085717,48.37500000000008,2.7386141393518955,2.7386141393518955,25.874999999999975,-4.524918328607676,-3.5474535147085717,40.50000000000003,4.887883737247321,4.887883737247321,23.62499999999998
45.20000000000037,0,1,5.624412195418628,5.624412195418628,53.2500000000001,-3.5400796816858673,-3.5400796816858673,69.00000000000018,-3.5400796816858673,-3.5400796816858673,48.37500000000008,2.750170158077893,2.750170158077893,25.874999999999975,-4.515614309354675,-3.5400796816858673,40.50000000000003,4.887015685140824,4.887015685140824,23.62499999999998
45.300000000000374,0,1,5.6221556315085195,5.6221556315085195,53.2500000000001,-3.532751265363835,-3.532751265363835,69.00000000000018,-3.532751265363835,-3.532751265363835,48.37500000000008,2.76167011698611,2.76167011698611,25.874999999999975,-4.50635988945772,-3.532751265363835,40.50000000000003,4.99204741189358,4.99204741189358,23.999999999999982
45.400000000000375,0,1,5.619088881998266,5.619088881998266,53.2500000000001,-3.5254682723728905,-3.5254682723728905,69.00000000000018,-3.5254682723728905,-3.5254682723728905,48.37500000000008,2.7731120907475457,2.7731120907475457,25.874999999999975,-4.497160589111694,-3.5254682723728905,40.50000000000003,4.992352289866417,4.992352289866417,23.999999999999982
45.50000000000038,0,1,5.61541640004701,5.61541640004701,53.2500000000001,-3.518230709301818,-3.518230709301818,69.00000000000018,-3.518230709301818,-3.518230709301818,48.37500000000008,2.784498843919124,2.784498843919124,25.874999999999975,-4.488008471009522,-3.518230709301818,40.50000000000003,4.992612656822729,4.992612656822729,23.999999999999982
45.60000000000038,0,1,5.61171363711469,5.61171363711469,53.2500000000001,-3.5110385826978643,-3.5110385826978643,69.00000000000018,-3.5110385826978643,-3.5110385826978643,48.37500000000008,2.79352070735645,2.79352070735645,25.874999999999975,-4.478906642545262,-3.5110385826978643,40.50000000000003,4.992825751393482,4.992825751393482,23.999999999999982
45.70000000000038,0,1,5.607983328554283,5.607983328554283,53.2500000000001,-3.5038918990667085,-3.5038918990667085,69.00000000000018,-3.5038918990667085,-3.5038918990667085,48.37500000000008,2.804800262752849,2.804800262752849,25.874999999999975,-4.387880087404902,-3.5038918990667085,40.12500000000003,4.9929915660598425,4.9929915660598425,23.999999999999982
45.80000000000038,0,1,5.605282713009402,5.605282713009402,53.2500000000001,-3.4967906648724494,-3.4967906648724494,69.00000000000018,-3.4967906648724494,-3.4967906648724494,48.37500000000008,2.8160209741612334,2.8160209741612334,25.874999999999975,-4.378931250985012,-3.4967906648724494,40.12500000000003,4.993104534941011,4.993104534941011,23.999999999999982
45.90000000000038,0,1,5.601481877027766,5.601481877027766,53.2500000000001,-3.489734886537626,-3.489734886537626,69.00000000000018,-3.489734886537626,-3.489734886537626,48.37500000000008,2.8271872772348132,2.8271872772348132,25.874999999999975,-4.370027374912979,-3.489734886537626,40.12500000000003,5.096035589001815,5.096035589001815,24.374999999999982
46.000000000000384,0,1,5.598172172291328,5.598172172291328,53.2500000000001,-3.4827245704432315,-3.4827245704432315,69.00000000000018,-3.4827245704432315,-3.4827245704432315,48.37500000000008,2.838297211725518,2.838297211725518,25.874999999999975,-4.361174147548077,-3.4827245704432315,40.12500000000003,5.094488164421321,5.094488164421321,24.374999999999982
46.100000000000385,0,1,5.594524113572348,5.594524113572348,53.2500000000001,-3.475759722928636,-3.475759722928636,69.00000000000018,-3.475759722928636,-3.475759722928636,48.37500000000008,2.849351939564741,2.849351939564741,25.874999999999975,-4.35237156834652,-3.475759722928636,40.12500000000003,5.094284013390691,5.094284013390691,24.374999999999982
46.20000000000039,0,1,5.590649769911508,5.590649769911508,53.2500000000001,-3.468840350291792,-3.468840350291792,69.00000000000018,-3.468840350291792,-3.468840350291792,48.37500000000008,2.8603476572702107,2.8603476572702107,25.874999999999975,-4.343627957544278,-3.468840350291792,40.12500000000003,5.09408606354377,5.09408606354377,24.374999999999982
46.30000000000039,0,1,5.586725039132759,5.586725039132759,53.2500000000001,-3.461966458788986,-3.461966458788986,69.00000000000018,-3.461966458788986,-3.461966458788986,48.37500000000008,2.8712916542314275,2.8712916542314275,25.874999999999975,-4.334928107930999,-3.461966458788986,40.12500000000003,5.09384767275381,5.09384767275381,24.374999999999982
46.40000000000039,0,1,5.5837336180698,5.5837336180698,53.2500000000001,-3.455138054634965,-3.455138054634965,69.00000000000018,-3.455138054634965,-3.455138054634965,48.37500000000008,2.8821842263881194,2.8821842263881194,25.874999999999975,-4.326279017027929,-3.455138054634965,40.12500000000003,5.194982773965378,5.194982773965378,24.74999999999998
46.50000000000039,0,1,5.5797394007765035,5.5797394007765035,53.2500000000001,-3.4483551440029814,-3.4483551440029814,69.00000000000018,-3.4483551440029814,-3.4483551440029814,48.37500000000008,2.9830659070071164,2.9830659070071164,26.249999999999975,-4.31768068371332,-3.4483551440029814,40.12500000000003,5.194534144313948,5.194534144313948,24.74999999999998
46.60000000000039,0,1,5.575740610191758,5.575740610191758,53.2500000000001,-3.441617733024728,-3.441617733024728,69.00000000000018,-3.441617733024728,-3.441617733024728,48.37500000000008,2.9939221745698035,2.9939221745698035,26.249999999999975,-4.309141950399912,-3.441617733024728,40.12500000000003,5.194031469022548,5.194031469022548,24.74999999999998
46.700000000000394,0,1,5.572166028968681,5.572166028968681,53.2500000000001,-3.4349258277903516,-3.4349258277903516,69.00000000000018,-3.4349258277903516,-3.4349258277903516,48.37500000000008,3.0018893432083047,3.0018893432083047,26.249999999999975,-4.300646259082143,-3.4349258277903516,40.12500000000003,5.193487289245255,5.193487289245255,24.74999999999998
46.800000000000395,0,1,5.568076613907763,5.568076613907763,53.2500000000001,-3.428279434348447,-3.428279434348447,69.00000000000018,-3.428279434348447,-3.428279434348447,48.37500000000008,3.01040985021406,3.01040985021406,26.249999999999975,-4.292201388390119,-3.428279434348447,40.12500000000003,5.192858627340442,5.192858627340442,24.74999999999998
46.9000000000004,0,1,5.565063890054219,5.565063890054219,53.2500000000001,-3.4216785587061196,-3.4216785587061196,69.00000000000018,-3.4216785587061196,-3.4216785587061196,48.37500000000008,3.0211076922162476,3.0211076922162476,26.249999999999975,-4.28380733675985,-3.4216785587061196,40.12500000000003,5.190776303267683,5.190776303267683,24.74999999999998
47.0000000000004,0,1,5.560930856376061,5.560930856376061,53.2500000000001,-3.4151232068288806,-3.4151232068288806,69.00000000000018,-3.4151232068288806,-3.4151232068288806,48.37500000000008,3.0317453398986345,3.0317453398986345,26.249999999999975,-4.27546356138366,-3.4151232068288806,40.12500000000003,5.289768029835045,5.289768029835045,25.12499999999998
47.1000000000004,0,1,5.5567412843255255,5.5567412843255255,53.2500000000001,-3.4086133846407947,-3.4086133846407947,69.00000000000018,-3.4086133846407947,-3.4086133846407947,48.37500000000008,3.0423293565086738,3.0423293565086738,26.249999999999975,-4.186329335979224,-3.4086133846407947,39.75000000000003,5.288914700111889,5.288914700111889,25.12499999999998
47.2000000000004,0,1,5.552523871689374,5.552523871689374,53.2500000000001,-3.40214909802436,-3.40214909802436,69.00000000000018,-3.40214909802436,-3.40214909802436,48.37500000000008,3.052856618458435,3.052856618458435,26.249999999999975,-4.178124967634197,-3.40214909802436,39.75000000000003,5.288016091423998,5.288016091423998,25.12499999999998
47.3000000000004,0,1,5.548720233593343,5.548720233593343,53.2500000000001,-3.395730352820557,-3.395730352820557,69.00000000000018,-3.395730352820557,-3.395730352820557,48.37500000000008,3.063328395987398,3.063328395987398,26.249999999999975,-4.169971633513441,-3.395730352820557,39.75000000000003,5.287070211563304,5.287070211563304,25.12499999999998
47.400000000000404,0,1,5.544467277832837,5.544467277832837,53.2500000000001,-3.389357154828801,-3.389357154828801,69.00000000000018,-3.389357154828801,-3.389357154828801,48.37500000000008,3.0737399084733,3.0737399084733,26.249999999999975,-4.161878952960826,-3.389357154828801,39.75000000000003,5.286069918728614,5.286069918728614,25.12499999999998
47.500000000000405,0,1,5.540994178978792,5.540994178978792,53.2500000000001,-3.3830295098070877,-3.3830295098070877,69.00000000000018,-3.3830295098070877,-3.3830295098070877,48.37500000000008,3.0840979044672707,3.0840979044672707,26.249999999999975,-4.153828488776696,-3.3830295098070877,39.75000000000003,5.285028901000501,5.285028901000501,25.12499999999998
47.600000000000406,0,1,5.53664243708721,5.53664243708721,53.2500000000001,-3.3767474234718264,-3.3767474234718264,69.00000000000018,-3.3767474234718264,-3.3767474234718264,48.37500000000008,3.0943991178575914,3.0943991178575914,26.249999999999975,-4.145829083399313,-3.3767474234718264,39.75000000000003,5.382125795308596,5.382125795308596,25.499999999999975
47.70000000000041,0,1,5.532440076557563,5.532440076557563,53.2500000000001,-3.370510901497944,-3.370510901497944,69.00000000000018,-3.370510901497944,-3.370510901497944,48.37500000000008,3.1046539718679327,3.1046539718679327,26.249999999999975,-4.137880734213759,-3.370510901497944,39.75000000000003,5.3808756566782705,5.3808756566782705,25.499999999999975
47.80000000000041,0,1,5.528057789466402,5.528057789466402,53.2500000000001,-3.3643199495188583,-3.3643199495188583,69.00000000000018,-3.3643199495188583,-3.3643199495188583,48.37500000000008,3.1148560452119085,3.1148560452119085,26.249999999999975,-4.129993224709331,-3.3643199495188583,39.75000000000003,5.378179716823965,5.378179716823965,25.499999999999975
47.90000000000041,0,1,5.5240280028719155,5.5240280028719155,53.2500000000001,-3.3581745731264476,-3.3581745731264476,69.00000000000018,-3.3581745731264476,-3.3581745731264476,48.37500000000008,3.1228769244842027,3.1228769244842027,26.249999999999975,-4.122147681295949,-3.3581745731264476,39.75000000000003,5.376723618222144,5.376723618222144,25.499999999999975
48.00000000000041,0,1,5.520336591465238,5.520336591465238,53.2500000000001,-3.3520747778711666,-3.3520747778711666,69.00000000000018,-3.3520747778711666,-3.3520747778711666,48.37500000000008,3.132975137908943,3.132975137908943,26.249999999999975,-4.114353209418752,-3.3520747778711666,39.75000000000003,5.375224027017211,5.375224027017211,25.499999999999975
48.10000000000041,0,1,5.5158346267165115,5.5158346267165115,53.2500000000001,-3.3460205692618956,-3.3460205692618956,69.00000000000018,-3.3460205692618956,-3.3460205692618956,48.37500000000008,3.1430145697168683,3.1430145697168683,26.249999999999975,-4.106614404644134,-3.3460205692618956,39.75000000000003,5.373778963629832,5.373778963629832,25.499999999999975
48.200000000000415,0,1,5.511299929859675,5.511299929859675,53.2500000000001,-3.340011952766055,-3.340011952766055,69.00000000000018,-3.340011952766055,-3.340011952766055,48.37500000000008,3.152997612513232,3.152997612513232,26.249999999999975,-4.09892545209253,-3.340011952766055,39.75000000000003,5.469162538287904,5.469162538287904,25.874999999999975
48.300000000000416,0,1,5.506732248942413,5.506732248942413,53.2500000000001,-3.334048933809534,-3.334048933809534,69.00000000000018,-3.334048933809534,-3.334048933809534,48.37500000000008,3.162924266084616,3.162924266084616,26.249999999999975,-4.091286352557162,-3.334048933809534,39.75000000000003,5.467445158978151,5.467445158978151,25.874999999999975
48.40000000000042,0,1,5.50214926847157,5.50214926847157,53.2500000000001,-3.328131517776775,-3.328131517776775,69.00000000000018,-3.328131517776775,-3.328131517776775,48.37500000000008,3.1727932208603704,3.1727932208603704,26.249999999999975,-4.0837026101989125,-3.328131517776775,39.75000000000003,5.465675973680078,5.465675973680078,25.874999999999975
48.50000000000042,0,1,5.498057897669526,5.498057897669526,53.2500000000001,-3.3222597100107194,-3.3222597100107194,69.00000000000018,-3.3222597100107194,-3.3222597100107194,48.37500000000008,3.1826070461036835,3.1826070461036835,26.249999999999975,-3.996524075586102,-3.3222597100107194,39.37500000000002,5.463860779404513,5.463860779404513,25.874999999999975
48.60000000000042,0,1,5.586461188433191,5.586461188433191,53.62500000000011,-3.316433515812797,-3.316433515812797,69.00000000000018,-3.316433515812797,-3.316433515812797,48.37500000000008,3.19236418113546,3.19236418113546,26.249999999999975,-3.9890881930225675,-3.316433515812797,39.37500000000002,5.461997315117728,5.461997315117728,25.874999999999975
48.70000000000042,0,1,5.581657604055408,5.581657604055408,53.62500000000011,-3.3106529404429708,-3.3106529404429708,69.00000000000018,-3.3106529404429708,-3.3106529404429708,48.37500000000008,3.2020646249821283,3.2020646249821283,26.249999999999975,-3.9817029658727066,-3.3106529404429708,39.37500000000002,5.554801058213997,5.554801058213997,26.249999999999975
48.80000000000042,0,1,5.576843965865947,5.576843965865947,53.62500000000011,-3.304917989119751,-3.304917989119751,69.00000000000018,-3.304917989119751,-3.304917989119751,48.37500000000008,3.211705349277807,3.211705349277807,26.249999999999975,-3.974375790795399,-3.304917989119751,39.37500000000002,5.551647110255473,5.551647110255473,26.249999999999975
48.900000000000425,0,1,5.571982434155061,5.571982434155061,53.62500000000011,-3.2992286670201025,-3.2992286670201025,69.00000000000018,-3.2992286670201025,-3.2992286670201025,48.37500000000008,3.221291607737797,3.221291607737797,26.249999999999975,-3.967093823883502,-3.2992286670201025,39.37500000000002,5.549757316236949,5.549757316236949,26.249999999999975
49.000000000000426,0,1,5.567091549690602,5.567091549690602,53.62500000000011,-3.293584979279572,-3.293584979279572,69.00000000000018,-3.293584979279572,-3.293584979279572,48.37500000000008,3.2287986528811103,3.2287986528811103,26.249999999999975,-3.9598627328029536,-3.293584979279572,39.37500000000002,5.546971443343892,5.546971443343892,26.249999999999975
49.10000000000043,0,1,5.563247629621088,5.563247629621088,53.62500000000011,-3.2879869309921688,-3.2879869309921688,69.00000000000018,-3.2879869309921688,-3.2879869309921688,48.37500000000008,3.2382778487575337,3.2382778487575337,26.249999999999975,-3.9526825146442377,-3.2879869309921688,39.37500000000002,5.5447616052771735,5.5447616052771735,26.249999999999975
49.20000000000043,0,1,5.5583044887215465,5.5583044887215465,53.62500000000011,-3.282434527210512,-3.282434527210512,69.00000000000018,-3.282434527210512,-3.282434527210512,48.37500000000008,3.2476968774005996,3.2476968774005996,26.249999999999975,-3.94556145843476,-3.282434527210512,39.37500000000002,5.542548974256803,5.542548974256803,26.249999999999975
49.30000000000043,0,1,5.553459250938786,5.553459250938786,53.62500000000011,-3.2769277729456903,-3.2769277729456903,69.00000000000018,-3.2769277729456903,-3.2769277729456903,48.37500000000008,3.2570619444218494,3.2570619444218494,26.249999999999975,-3.938484406827939,-3.2769277729456903,39.37500000000002,5.633580169619364,5.633580169619364,26.62499999999997
49.40000000000043,0,1,5.548435082488453,5.548435082488453,53.62500000000011,-3.271466673167339,-3.271466673167339,69.00000000000018,-3.271466673167339,-3.271466673167339,48.37500000000008,3.358672886774613,3.358672886774613,26.62499999999997,-3.9314583310543654,-3.271466673167339,39.37500000000002,5.631163957436414,5.631163957436414,26.62499999999997
49.50000000000043,0,1,5.543378860276178,5.543378860276178,53.62500000000011,-3.2660512328036404,-3.2660512328036404,69.00000000000018,-3.2660512328036404,-3.2660512328036404,48.37500000000008,3.3679985723829873,3.3679985723829873,26.62499999999997,-3.9244832276148855,-3.2660512328036404,39.37500000000002,5.62870081298658,5.62870081298658,26.62499999999997
49.600000000000435,0,1,5.538979488508588,5.538979488508588,53.62500000000011,-3.260681456741274,-3.260681456741274,69.00000000000018,-3.260681456741274,-3.260681456741274,48.37500000000008,3.3772635672339533,3.3772635672339533,26.62499999999997,-3.917567904176252,-3.260681456741274,39.37500000000002,5.626184234651845,5.626184234651845,26.62499999999997
49.700000000000436,0,1,5.534188488246912,5.534188488246912,53.62500000000011,-3.2553573498255233,-3.2553573498255233,69.00000000000018,-3.2553573498255233,-3.2553573498255233,48.37500000000008,3.3837306606362603,3.3837306606362603,26.62499999999997,-3.910695860466717,-3.2553573498255233,39.37500000000002,5.622516202579618,5.622516202579618,26.62499999999997
49.80000000000044,0,1,5.5290291714664335,5.5290291714664335,53.62500000000011,-3.2500789168601685,-3.2500789168601685,69.00000000000018,-3.2500789168601685,-3.2500789168601685,48.37500000000008,3.3928883899998397,3.3928883899998397,26.62499999999997,-3.903874844639965,-3.2500789168601685,39.37500000000002,5.620194826036283,5.620194826036283,26.62499999999997
49.90000000000044,0,1,5.523840616695736,5.523840616695736,53.62500000000011,-3.244846162607516,-3.244846162607516,69.00000000000018,-3.244846162607516,-3.244846162607516,48.37500000000008,3.4019890306323077,3.4019890306323077,26.62499999999997,-3.818696828069193,-3.244846162607516,39.00000000000002,5.708599364958673,5.708599364958673,26.99999999999997
50.00000000000044,0,1,5.518651501645579,5.518651501645579,53.62500000000011,-3.239659091788482,-3.239659091788482,69.00000000000018,-3.239659091788482,-3.239659091788482,48.37500000000008,3.4110214436292665,3.4110214436292665,26.62499999999997,-3.812039337199721,-3.239659091788482,39.00000000000002,5.705680423283525,5.705680423283525,26.99999999999997
50.10000000000044,0,1,5.513539920437168,5.513539920437168,53.62500000000011,-3.2345177090824393,-3.2345177090824393,69.00000000000018,-3.2345177090824393,-3.2345177090824393,48.37500000000008,3.418093762447043,3.418093762447043,26.62499999999997,-3.805424671935185,-3.2345177090824393,39.00000000000002,5.702721110348492,5.702721110348492,26.99999999999997
50.20000000000044,0,1,5.5088583667847075,5.5088583667847075,53.62500000000011,-3.2294220191274334,-3.2294220191274334,69.00000000000018,-3.2294220191274334,-3.2294220191274334,48.37500000000008,3.4270175511379364,3.4270175511379364,26.62499999999997,-3.7988611862749195,-3.2294220191274334,39.00000000000002,5.699748519733959,5.699748519733959,26.99999999999997
50.300000000000445,0,1,5.503842336137907,5.503842336137907,53.62500000000011,-3.22437202651993,-3.22437202651993,69.00000000000018,-3.22437202651993,-3.22437202651993,48.37500000000008,3.435884306868715,3.435884306868715,26.62499999999997,-3.7923488756653256,-3.22437202651993,39.00000000000002,5.696792074990839,5.696792074990839,26.99999999999997
50.400000000000446,0,1,5.49851951235236,5.49851951235236,53.62500000000011,-3.2193677358150197,-3.2193677358150197,69.00000000000018,-3.2193677358150197,-3.2193677358150197,48.37500000000008,3.4446903718861535,3.4446903718861535,26.62499999999997,-3.785897215354261,-3.2193677358150197,39.00000000000002,5.693781875501088,5.693781875501088,26.99999999999997
50.50000000000045,0,1,5.493140569192832,5.493140569192832,53.62500000000011,-3.2144091515263824,-3.2144091515263824,69.00000000000018,-3.2144091515263824,-3.2144091515263824,48.37500000000008,3.453442973280147,3.453442973280147,26.62499999999997,-3.7794880370290613,-3.2144091515263824,39.00000000000002,5.780796775006749,5.780796775006749,27.37499999999997
50.60000000000045,0,1,5.487732963455457,5.487732963455457,53.62500000000011,-3.209496278126146,-3.209496278126146,69.00000000000018,-3.209496278126146,-3.209496278126146,48.37500000000008,3.462139377830667,3.462139377830667,26.62499999999997,-3.7731300509530357,-3.209496278126146,39.00000000000002,5.777699820802951,5.777699820802951,27.37499999999997
50.70000000000045,0,1,5.482839472757419,5.482839472757419,53.62500000000011,-3.2046291200451336,-3.2046291200451336,69.00000000000018,-3.2046291200451336,-3.2046291200451336,48.37500000000008,3.4707791079598707,3.4707791079598707,26.62499999999997,-3.766823252233422,-3.2046291200451336,39.00000000000002,5.7734081193235625,5.7734081193235625,27.37499999999997
50.80000000000045,0,1,5.47739271661122,5.47739271661122,53.62500000000011,-3.1998076816725813,-3.1998076816725813,69.00000000000018,-3.1998076816725813,-3.1998076816725813,48.37500000000008,3.4793584315820567,3.4793584315820567,26.62499999999997,-3.7605772757595375,-3.1998076816725813,39.00000000000002,5.770286809364549,5.770286809364549,27.37499999999997
50.90000000000045,0,1,5.472269472022063,5.472269472022063,53.62500000000011,-3.1950319673564707,-3.1950319673564707,69.00000000000018,-3.1950319673564707,-3.1950319673564707,48.37500000000008,3.4878841505395997,3.4878841505395997,26.62499999999997,-3.7543735272568597,-3.1950319673564707,39.00000000000002,5.766335837623842,5.766335837623842,27.37499999999997
51.000000000000455,0,1,5.466727374012265,5.466727374012265,53.62500000000011,-3.1903019814031524,-3.1903019814031524,69.00000000000018,-3.1903019814031524,-3.1903019814031524,48.37500000000008,3.49635279188837,3.49635279188837,26.62499999999997,-3.748220974193849,-3.1903019814031524,39.00000000000002,5.8514558018840575,5.8514558018840575,27.749999999999968
51.100000000000456,0,1,5.4611702772940305,5.4611702772940305,53.62500000000011,-3.1856177280776947,-3.1856177280776947,69.00000000000018,-3.1856177280776947,-3.1856177280776947,48.37500000000008,3.5047625980131016,3.5047625980131016,26.62499999999997,-3.7421241416186675,-3.1856177280776947,39.00000000000002,5.8478005192632025,5.8478005192632025,27.749999999999968
51.20000000000046,0,1,5.455581198735587,5.455581198735587,53.62500000000011,-3.1809792116036704,-3.1809792116036704,69.00000000000018,-3.1809792116036704,-3.1809792116036704,48.37500000000008,3.511330304714832,3.511330304714832,26.62499999999997,-3.6588930087237372,-3.1809792116036704,38.62500000000002,5.8440997841044435,5.8440997841044435,27.749999999999968
51.30000000000046,0,1,5.450439876906927,5.450439876906927,53.62500000000011,-3.1763864361632272,-3.1763864361632272,69.00000000000018,-3.1763864361632272,-3.1763864361632272,48.37500000000008,3.519634054122079,3.519634054122079,26.62499999999997,-3.652950573733442,-3.1763864361632272,38.62500000000002,5.840353594160703,5.840353594160703,27.749999999999968
51.40000000000046,0,1,5.4447906314167795,5.4447906314167795,53.62500000000011,-3.17183940589711,-3.17183940589711,69.00000000000018,-3.17183940589711,-3.17183940589711,48.37500000000008,3.5278790947066057,3.5278790947066057,26.62499999999997,-3.6470637182653647,-3.17183940589711,38.62500000000002,5.836596973424449,5.836596973424449,27.749999999999968
51.50000000000046,0,1,5.43933756714118,5.43933756714118,53.62500000000011,-3.167338124904596,-3.167338124904596,69.00000000000018,-3.167338124904596,-3.167338124904596,48.37500000000008,3.5360608781036973,3.5360608781036973,26.62499999999997,-3.64122454416448,-3.167338124904596,38.62500000000002,5.8328480612578915,5.8328480612578915,27.749999999999968
51.60000000000046,0,1,5.433612875080172,5.433612875080172,53.62500000000011,-3.1628825972435948,-3.1628825972435948,69.00000000000018,-3.1628825972435948,-3.1628825972435948,48.37500000000008,3.5441773805920462,3.5441773805920462,26.62499999999997,-3.6354361369513057,-3.1628825972435948,38.62500000000002,5.916278942484212,5.916278942484212,28.124999999999968
51.700000000000465,0,1,5.427950406645792,5.427950406645792,53.62500000000011,-3.158472826930577,-3.158472826930577,69.00000000000018,-3.158472826930577,-3.158472826930577,48.37500000000008,3.5522371017999603,3.5522371017999603,26.62499999999997,-3.629698492457706,-3.158472826930577,38.62500000000002,5.911301448926039,5.911301448926039,28.124999999999968
51.800000000000466,0,1,5.422613739850831,5.422613739850831,53.62500000000011,-3.1541088179405534,-3.1541088179405534,69.37500000000018,-3.1541088179405534,-3.1541088179405534,48.37500000000008,3.5602375325391904,3.5602375325391904,26.62499999999997,-3.624018891971076,-3.1541088179405534,38.62500000000002,5.907385407828855,5.907385407828855,28.124999999999968
51.90000000000047,0,1,5.4167889287228945,5.4167889287228945,53.62500000000011,-3.1497905742071595,-3.1497905742071595,69.37500000000018,-3.1497905742071595,-3.1497905742071595,48.37500000000008,3.568183023333347,3.568183023333347,26.62499999999997,-3.6183846852425887,-3.1497905742071595,38.62500000000002,5.9027258692267,5.9027258692267,28.124999999999968
52.00000000000047,0,1,5.4109337654954714,5.4109337654954714,53.62500000000011,-3.1455180996226204,-3.1455180996226204,69.37500000000018,-3.1455180996226204,-3.1455180996226204,48.37500000000008,3.5760716521081406,3.5760716521081406,26.62499999999997,-3.6128014512868987,-3.1455180996226204,38.62500000000002,5.898640437202616,5.898640437202616,28.124999999999968
52.10000000000047,0,1,5.405253539142052,5.405253539142052,53.62500000000011,-3.1412913980377084,-3.1412913980377084,69.37500000000018,-3.1412913980377084,-3.1412913980377084,48.37500000000008,3.583903418637618,3.583903418637618,26.62499999999997,-3.607269184950148,-3.1412913980377084,38.62500000000002,5.894509130714837,5.894509130714837,28.124999999999968
52.20000000000047,0,1,5.399357448779227,5.399357448779227,53.62500000000011,-3.1371104732618136,-3.1371104732618136,69.37500000000018,-3.1371104732618136,-3.1371104732618136,48.37500000000008,3.5900042725398578,3.5900042725398578,26.62499999999997,-3.6017960444173767,-3.1371104732618136,38.62500000000002,5.975664534508027,5.975664534508027,28.499999999999968
52.30000000000047,0,1,5.393413012005794,5.393413012005794,53.62500000000011,-3.1329753290629156,-3.1329753290629156,69.37500000000018,-3.1329753290629156,-3.1329753290629156,48.37500000000008,3.6920792830617586,3.6920792830617586,26.99999999999997,-3.596367104585255,-3.1329753290629156,38.62500000000002,5.971231418729047,5.971231418729047,28.499999999999968
52.400000000000475,0,1,5.387807185334324,5.387807185334324,53.62500000000011,-3.128885969167584,-3.128885969167584,69.37500000000018,-3.128885969167584,-3.128885969167584,48.37500000000008,3.699813352628013,3.699813352628013,26.99999999999997,-3.590989226645476,-3.128885969167584,38.62500000000002,5.966752457598702,5.966752457598702,28.499999999999968
52.500000000000476,0,1,5.38186790385204,5.38186790385204,53.62500000000011,-3.124842397260963,-3.124842397260963,69.37500000000018,-3.124842397260963,-3.124842397260963,48.37500000000008,3.7074905079805376,3.7074905079805376,26.99999999999997,-3.585662404843333,-3.124842397260963,38.62500000000002,5.962261202417494,5.962261202417494,28.499999999999968
52.60000000000048,0,1,5.375846032136337,5.375846032136337,53.62500000000011,-3.1208446169868154,-3.1208446169868154,69.37500000000018,-3.1208446169868154,-3.1208446169868154,48.37500000000008,3.7151081813877767,3.7151081813877767,26.99999999999997,-3.5045296502563517,-3.1208446169868154,38.25000000000002,5.957943691474441,5.957943691474441,28.499999999999968
52.70000000000048,0,1,5.369771183075713,5.369771183075713,53.62500000000011,-3.116892631947465,-3.116892631947465,69.37500000000018,-3.116892631947465,-3.116892631947465,48.37500000000008,3.720117940845938,3.720117940845938,26.99999999999997,-3.4993626691214033,-3.116892631947465,38.25000000000002,5.953637459749245,5.953637459749245,28.499999999999968
52.80000000000048,0,1,5.45284650971891,5.45284650971891,54.00000000000011,-3.1129864457038963,-3.1129864457038963,69.37500000000018,-3.1129864457038963,-3.1129864457038963,48.37500000000008,3.727628136029196,3.727628136029196,26.99999999999997,-3.4942469078745404,-3.1129864457038963,38.25000000000002,6.0316779140894,6.0316779140894,28.874999999999964
52.90000000000048,0,1,5.446976892525541,5.446976892525541,54.00000000000011,-3.109126061775612,-3.109126061775612,69.37500000000018,-3.109126061775612,-3.109126061775612,48.37500000000008,3.7350811717144836,3.7350811717144836,26.99999999999997,-3.4891823600747216,-3.109126061775612,38.25000000000002,6.026317099101078,6.026317099101078,28.874999999999964
53.00000000000048,0,1,5.44072636746094,5.44072636746094,54.00000000000011,-3.105311483640776,-3.105311483640776,69.37500000000018,-3.105311483640776,-3.105311483640776,48.37500000000008,3.7424738976232845,3.7424738976232845,26.99999999999997,-3.4841781196491937,-3.105311483640776,38.25000000000002,6.0215360423704425,6.0215360423704425,28.874999999999964
53.100000000000485,0,1,5.434420308759485,5.434420308759485,54.00000000000011,-3.1015427147361407,-3.1015427147361407,69.37500000000018,-3.1015427147361407,-3.1015427147361407,48.37500000000008,3.749812292345837,3.749812292345837,26.99999999999997,-3.479216901301278,-3.1015427147361407,38.25000000000002,6.016716116692592,6.016716116692592,28.874999999999964
53.200000000000486,0,1,5.428084637575836,5.428084637575836,54.00000000000011,-3.0978197584570495,-3.0978197584570495,69.37500000000018,-3.0978197584570495,-3.0978197584570495,48.37500000000008,3.755538856177381,3.755538856177381,26.99999999999997,-3.474306920137714,-3.0978197584570495,38.25000000000002,6.011850072545684,6.011850072545684,28.874999999999964
53.30000000000049,0,1,5.421789192774952,5.421789192774952,54.00000000000011,-3.0941426181574485,-3.0941426181574485,69.37500000000018,-3.0941426181574485,-3.0941426181574485,48.37500000000008,3.7627707216614112,3.7627707216614112,26.99999999999997,-3.4694481693357204,-3.0941426181574485,38.25000000000002,6.08933311864142,6.08933311864142,29.249999999999968
53.40000000000049,0,1,5.415585092350767,5.415585092350767,54.00000000000011,-3.0905112971499307,-3.0905112971499307,69.37500000000018,-3.0905112971499307,-3.0905112971499307,48.37500000000008,3.769942199720603,3.769942199720603,26.99999999999997,-3.464649964349441,-3.0905112971499307,38.25000000000002,6.084254895606122,6.084254895606122,29.249999999999968
53.50000000000049,0,1,5.409467602878735,5.409467602878735,54.00000000000011,-3.08692579870565,-3.08692579870565,69.37500000000018,-3.08692579870565,-3.08692579870565,48.37500000000008,3.7770598669308413,3.7770598669308413,26.99999999999997,-3.4598944358540678,-3.08692579870565,38.25000000000002,6.079091668459,6.079091668459,29.249999999999968
53.60000000000049,0,1,5.402999502838796,5.402999502838796,54.00000000000011,-3.0833861260543642,-3.0833861260543642,69.37500000000018,-3.0833861260543642,-3.0833861260543642,48.37500000000008,3.7841207945375004,3.7841207945375004,26.99999999999997,-3.455190147505583,-3.0833861260543642,38.25000000000002,6.074093483382995,6.074093483382995,29.249999999999968
53.70000000000049,0,1,5.396502600782668,5.396502600782668,54.00000000000011,-3.0798922823845203,-3.0798922823845203,69.37500000000018,-3.0798922823845203,-3.0798922823845203,48.37500000000008,3.791125206489795,3.791125206489795,26.99999999999997,-3.450537092141623,-3.0798922823845203,38.25000000000002,6.069048796916164,6.069048796916164,29.249999999999968
53.800000000000495,0,1,5.390004391687782,5.390004391687782,54.00000000000011,-3.0764442708430266,-3.0764442708430266,69.37500000000018,-3.0764442708430266,-3.0764442708430266,48.37500000000008,3.7980691428333415,3.7980691428333415,26.99999999999997,-3.4459447401096313,-3.0764442708430266,38.25000000000002,6.063729158703268,6.063729158703268,29.249999999999968
53.900000000000496,0,1,5.383450436039823,5.383450436039823,54.00000000000011,-3.073042094535623,-3.073042094535623,69.37500000000018,-3.073042094535623,-3.073042094535623,48.37500000000008,3.8049589431122115,3.8049589431122115,26.99999999999997,-3.3668305346195666,-3.073042094535623,37.875000000000014,6.137323383490298,6.137323383490298,29.62499999999997
54.0000000000005,0,1,5.37726574843839,5.37726574843839,54.00000000000011,-3.0696857565264395,-3.0696857565264395,69.37500000000018,-3.0696857565264395,-3.0696857565264395,48.37500000000008,3.8117915434034444,3.8117915434034444,26.99999999999997,-3.3623905115776225,-3.0696857565264395,37.875000000000014,6.131785885231409,6.131785885231409,29.62499999999997
54.1000000000005,0,1,5.370704856790425,5.370704856790425,54.00000000000011,-3.0663752598384093,-3.0663752598384093,69.37500000000018,-3.0663752598384093,-3.0663752598384093,48.37500000000008,3.817126975879077,3.817126975879077,26.99999999999997,-3.358000567617566,-3.0663752598384093,37.875000000000014,6.126255248576584,6.126255248576584,29.62499999999997
54.2000000000005,0,1,5.364055783778426,5.364055783778426,54.00000000000011,-3.063110607452913,-3.063110607452913,69.37500000000018,-3.063110607452913,-3.063110607452913,48.37500000000008,3.8238521472271856,3.8238521472271856,26.99999999999997,-3.3536584619113867,-3.063110607452913,37.875000000000014,6.120704618886663,6.120704618886663,29.62499999999997
54.3000000000005,0,1,5.357373888729512,5.357373888729512,54.00000000000011,-3.059891802310105,-3.059891802310105,69.37500000000018,-3.059891802310105,-3.059891802310105,48.37500000000008,3.830520541948573,3.830520541948573,26.99999999999997,-3.3493665243707795,-3.059891802310105,37.875000000000014,6.11510899023709,6.11510899023709,29.62499999999997
54.4000000000005,0,1,5.350674640950999,5.350674640950999,54.00000000000011,-3.056718847308659,-3.056718847308659,69.37500000000018,-3.056718847308659,-3.056718847308659,48.37500000000008,3.8371305034830385,3.8371305034830385,26.99999999999997,-3.3451301991383176,-3.056718847308659,37.875000000000014,6.10946457003709,6.10946457003709,29.62499999999997
54.500000000000504,0,1,5.344102981501948,5.344102981501948,54.00000000000011,-3.0535917453059085,-3.0535917453059085,69.37500000000018,-3.0535917453059085,-3.0535917453059085,48.37500000000008,3.8436850561721627,3.8436850561721627,26.99999999999997,-3.340941640557716,-3.0535917453059085,37.875000000000014,6.183084047242261,6.183084047242261,29.99999999999997
54.600000000000506,0,1,5.337430114260911,5.337430114260911,54.00000000000011,-3.05051049911782,-3.05051049911782,69.37500000000018,-3.05051049911782,-3.05051049911782,48.37500000000008,3.8501825868508064,3.8501825868508064,26.99999999999997,-3.33680391047389,-3.05051049911782,37.875000000000014,6.177481563425616,6.177481563425616,29.99999999999997
54.70000000000051,0,1,5.330615020761144,5.330615020761144,54.00000000000011,-3.047475111518949,-3.047475111518949,69.37500000000018,-3.047475111518949,-3.047475111518949,48.37500000000008,3.856623095025654,3.856623095025654,26.99999999999997,-3.3327170024515453,-3.047475111518949,37.875000000000014,6.17184422080571,6.17184422080571,29.99999999999997
54.80000000000051,0,1,5.323790641911259,5.323790641911259,54.00000000000011,-3.0444855852424837,-3.0444855852424837,69.37500000000018,-3.0444855852424837,-3.0444855852424837,48.37500000000008,3.8630041094585863,3.8630041094585863,26.99999999999997,-3.328688143269467,-3.0444855852424837,37.875000000000014,6.165982193749059,6.165982193749059,29.99999999999997
54.90000000000051,0,1,5.316957212423404,5.316957212423404,54.00000000000011,-3.0415419229802865,-3.0415419229802865,69.37500000000018,-3.0415419229802865,-3.0415419229802865,48.37500000000008,3.8693299174931184,3.8693299174931184,26.99999999999997,-3.324704770635286,-3.0415419229802865,37.875000000000014,6.159923324480431,6.159923324480431,29.99999999999997
55.00000000000051,0,1,5.311640961005153,5.311640961005153,54.00000000000011,-3.0386441273828098,-3.0386441273828098,69.37500000000018,-3.0386441273828098,-3.0386441273828098,48.37500000000008,3.875598627492778,3.875598627492778,26.99999999999997,-3.320772421509105,-3.0386441273828098,37.875000000000014,6.151956997324206,6.151956997324206,29.99999999999997
55.10000000000051,0,1,5.306657235310723,5.306657235310723,54.00000000000011,-3.035792201059081,-3.035792201059081,69.37500000000018,-3.035792201059081,-3.035792201059081,48.37500000000008,3.9766226085348393,3.9766226085348393,27.37499999999997,-3.3168910884473064,-3.035792201059081,37.875000000000014,6.223583912546729,6.223583912546729,30.374999999999975
55.200000000000514,0,1,5.301063864109025,5.301063864109025,54.00000000000011,-3.032986146576846,-3.032986146576846,69.37500000000018,-3.032986146576846,-3.032986146576846,48.37500000000008,3.982841475818489,3.982841475818489,27.37499999999997,-3.313068867273664,-3.032986146576846,37.875000000000014,6.217306667434613,6.217306667434613,30.374999999999975
55.300000000000516,0,1,5.296002848968541,5.296002848968541,54.00000000000011,-3.0302259664624955,-3.0302259664624955,69.37500000000018,-3.0302259664624955,-3.0302259664624955,48.00000000000007,3.989005565131066,3.989005565131066,27.37499999999997,-3.2361247754094506,-3.0302259664624955,37.500000000000014,6.211212936522173,6.211212936522173,30.374999999999975
55.40000000000052,0,1,5.290904385711116,5.290904385711116,54.00000000000011,-3.027511663200926,-3.027511663200926,69.37500000000018,-3.027511663200926,-3.027511663200926,48.00000000000007,3.995112720103677,3.995112720103677,27.37499999999997,-3.2324587056381944,-3.027511663200926,37.500000000000014,6.205034082850062,6.205034082850062,30.374999999999975
55.50000000000052,0,1,5.28576702942091,5.28576702942091,54.00000000000011,-3.024843239235807,-3.024843239235807,69.37500000000018,-3.024843239235807,-3.024843239235807,48.00000000000007,4.001162485772724,4.001162485772724,27.37499999999997,-3.2288438377885527,-3.024843239235807,37.500000000000014,6.198769591621101,6.198769591621101,30.374999999999975
55.60000000000052,0,1,5.280611701107375,5.280611701107375,54.00000000000011,-3.0222206969693275,-3.0222206969693275,69.37500000000018,-3.0222206969693275,-3.0222206969693275,48.00000000000007,4.0047536606895875,4.0047536606895875,27.37499999999997,-3.225288864318955,-3.0222206969693275,37.500000000000014,6.268446902597745,6.268446902597745,30.74999999999998
55.70000000000052,0,1,5.2751629922182275,5.2751629922182275,54.00000000000011,-3.019644038762408,-3.019644038762408,69.37500000000018,-3.019644038762408,-3.019644038762408,48.00000000000007,4.010692972661502,4.010692972661502,27.37499999999997,-3.2217774858313035,-3.019644038762408,37.500000000000014,6.262225233004401,6.262225233004401,30.74999999999998
55.80000000000052,0,1,5.269306154468808,5.269306154468808,54.00000000000011,-3.017113266934544,-3.017113266934544,69.37500000000018,-3.017113266934544,-3.017113266934544,48.00000000000007,4.0165748857791925,4.0165748857791925,27.37499999999997,-3.218317349371077,-3.017113266934544,37.500000000000014,6.255696001970421,6.255696001970421,30.74999999999998
55.900000000000524,0,1,5.2640158898107785,5.2640158898107785,54.00000000000011,-3.0146283837638634,-3.0146283837638634,69.37500000000018,-3.0146283837638634,-3.0146283837638634,48.00000000000007,4.022399400098493,4.022399400098493,27.37499999999997,-3.214908446193604,-3.0146283837638634,37.500000000000014,6.248828630344818,6.248828630344818,30.74999999999998
56.000000000000526,0,1,5.258704761153439,5.258704761153439,54.00000000000011,-3.0121893914871833,-3.0121893914871833,69.37500000000018,-3.0121893914871833,-3.0121893914871833,48.00000000000007,4.026977395130643,4.026977395130643,27.37499999999997,-3.211559792441868,-3.0121893914871833,37.500000000000014,6.241907524244695,6.241907524244695,30.74999999999998
56.10000000000053,0,1,5.25333956988095,5.25333956988095,54.00000000000011,-3.0097962922999386,-3.0097962922999386,69.37500000000018,-3.0097962922999386,-3.0097962922999386,48.00000000000007,4.032695511025182,4.032695511025182,27.37499999999997,-3.2082542433488257,-3.0097962922999386,37.500000000000014,6.234267549387624,6.234267549387624,30.74999999999998
56.20000000000053,0,1,5.247935852733292,5.247935852733292,54.00000000000011,-3.0074490883561964,-3.0074490883561964,69.37500000000018,-3.0074490883561964,-3.0074490883561964,48.00000000000007,4.038356522497011,4.038356522497011,27.37499999999997,-3.204999943921038,-3.0074490883561964,37.500000000000014,6.298996399194436,6.298996399194436,31.12499999999998
56.30000000000053,0,1,5.242494835120226,5.242494835120226,54.00000000000011,-3.0051477817686276,-3.0051477817686276,69.37500000000018,-3.0051477817686276,-3.0051477817686276,48.00000000000007,4.043960446580712,4.043960446580712,27.37499999999997,-3.2017968850337937,-3.0051477817686276,37.500000000000014,6.292308628254688,6.292308628254688,31.12499999999998
56.40000000000053,0,1,5.236165289915306,5.236165289915306,54.00000000000011,-3.0028923746086207,-3.0028923746086207,69.37500000000018,-3.0028923746086207,-3.0028923746086207,48.00000000000007,4.049503789452345,4.049503789452345,27.37499999999997,-3.1986543007688084,-3.0028923746086207,37.500000000000014,6.285541315695539,6.285541315695539,31.12499999999998
56.50000000000053,0,1,5.230647301320786,5.230647301320786,54.00000000000011,-3.0006828689061678,-3.0006828689061678,69.37500000000018,-3.0006828689061678,-3.0006828689061678,48.00000000000007,4.054992626211259,4.054992626211259,27.37499999999997,-3.195554470524044,-3.0006828689061678,37.500000000000014,6.278734098810986,6.278734098810986,31.12499999999998
56.600000000000534,0,1,5.225090787455798,5.225090787455798,54.00000000000011,-2.9985192666498364,-2.9985192666498364,69.37500000000018,-2.9985192666498364,-2.9985192666498364,48.00000000000007,4.060424488334391,4.060424488334391,27.37499999999997,-3.1207141684085826,-2.9985192666498364,37.125000000000014,6.271879969058091,6.271879969058091,31.12499999999998
56.700000000000536,0,1,5.219493502998333,5.219493502998333,54.00000000000011,-2.996401569787011,-2.996401569787011,69.37500000000018,-2.996401569787011,-2.996401569787011,48.00000000000007,4.06579906636054,4.06579906636054,27.37499999999997,-3.1177794762739097,-2.996401569787011,37.125000000000014,6.265162616996648,6.265162616996648,31.12499999999998
56.80000000000054,0,1,5.213882461730421,5.213882461730421,54.00000000000011,-2.9943297802235804,-2.9943297802235804,69.37500000000018,-2.9943297802235804,-2.9943297802235804,48.00000000000007,4.0711129928998275,4.0711129928998275,27.37499999999997,-3.114905608792185,-2.9943297802235804,37.125000000000014,6.331401126068073,6.331401126068073,31.49999999999998
56.90000000000054,0,1,5.284565547584876,5.284565547584876,54.37500000000011,-2.9923038998241083,-2.9923038998241083,69.37500000000018,-2.9923038998241083,-2.9923038998241083,48.00000000000007,4.075316299056979,4.075316299056979,27.37499999999997,-3.112074243941777,-2.9923038998241083,37.125000000000014,6.324198659776897,6.324198659776897,31.49999999999998
57.00000000000054,0,1,5.278157437667332,5.278157437667332,54.37500000000011,-2.990323930411776,-2.990323930411776,69.37500000000018,-2.990323930411776,-2.990323930411776,48.00000000000007,4.080527413341073,4.080527413341073,27.37499999999997,-3.1092942110775823,-2.990323930411776,37.125000000000014,6.316749998466392,6.316749998466392,31.49999999999998
57.10000000000054,0,1,5.272345482044258,5.272345482044258,54.37500000000011,-2.9883898737684973,-2.9883898737684973,69.37500000000018,-2.9883898737684973,-2.9883898737684973,48.00000000000007,4.085680066438499,4.085680066438499,27.37499999999997,-3.106569963547969,-2.9883898737684973,37.125000000000014,6.309253770554733,6.309253770554733,31.49999999999998
57.20000000000054,0,1,5.266245716260215,5.266245716260215,54.37500000000011,-2.9865017316347746,-2.9865017316347746,69.37500000000018,-2.9865017316347746,-2.9865017316347746,48.00000000000007,4.090775693135512,4.090775693135512,27.37499999999997,-3.1038958472386042,-2.9865017316347746,37.125000000000014,6.301006733861698,6.301006733861698,31.49999999999998
57.300000000000544,0,1,5.2603507458803875,5.2603507458803875,54.37500000000011,-2.9846595057097716,-2.9846595057097716,69.37500000000018,-2.9846595057097716,-2.9846595057097716,48.00000000000007,4.095814293716629,4.095814293716629,27.37499999999997,-3.101271856374453,-2.9846595057097716,37.125000000000014,6.291814948677654,6.291814948677654,31.49999999999998
57.400000000000546,0,1,5.254426810284656,5.254426810284656,54.37500000000011,-2.9828631976513122,-2.9828631976513122,69.37500000000018,-2.9828631976513122,-2.9828631976513122,48.00000000000007,4.100794044272007,4.100794044272007,27.37499999999997,-3.0987033302250637,-2.9828631976513122,37.125000000000014,6.356161887931208,6.356161887931208,31.874999999999982
57.50000000000055,0,1,5.248457620259302,5.248457620259302,54.37500000000011,-2.981112809075853,-2.981112809075853,69.37500000000018,-2.981112809075853,-2.981112809075853,48.00000000000007,4.105717567702683,4.105717567702683,27.37499999999997,-3.0961825684646698,-2.981112809075853,37.125000000000014,6.347609535217117,6.347609535217117,31.874999999999982
57.60000000000055,0,1,5.241805417946637,5.241805417946637,54.37500000000011,-2.9794083415585106,-2.9794083415585106,69.37500000000018,-2.9794083415585106,-2.9794083415585106,48.00000000000007,4.110583837131614,4.110583837131614,27.37499999999997,-3.093712573074825,-2.9794083415585106,37.125000000000014,6.340164234762071,6.340164234762071,31.874999999999982
57.70000000000055,0,1,5.235756993841335,5.235756993841335,54.37500000000011,-2.9777497966330486,-2.9777497966330486,69.37500000000018,-2.9777497966330486,-2.9777497966330486,48.00000000000007,4.114461607556237,4.114461607556237,27.37499999999997,-3.091293335453983,-2.9777497966330486,37.125000000000014,6.332672452108497,6.332672452108497,31.874999999999982
57.80000000000055,0,1,5.229685669161441,5.229685669161441,54.37500000000011,-2.976137175791848,-2.976137175791848,69.37500000000018,-2.976137175791848,-2.976137175791848,48.00000000000007,4.216852553690202,4.216852553690202,27.749999999999968,-3.088931942126962,-2.976137175791848,37.125000000000014,6.325305106039039,6.325305106039039,31.874999999999982
57.90000000000055,0,1,5.22356241780507,5.22356241780507,54.37500000000011,-2.974570480486051,-2.974570480486051,69.37500000000018,-2.974570480486051,-2.974570480486051,48.00000000000007,4.2216077950453155,4.2216077950453155,27.749999999999968,-3.0161871651661443,-2.974570480486051,36.750000000000014,6.317680627628874,6.317680627628874,31.874999999999982
58.000000000000554,0,1,5.217400089633358,5.217400089633358,54.37500000000011,-2.9730497121253308,-2.9730497121253308,69.37500000000018,-2.9730497121253308,-2.9730497121253308,48.00000000000007,4.226305456562827,4.226305456562827,27.749999999999968,-3.0139859848617903,-2.9730497121253308,36.750000000000014,6.38003008954594,6.38003008954594,32.249999999999986
58.100000000000556,0,1,5.210944391925693,5.210944391925693,54.37500000000011,-2.9715748720780937,-2.9715748720780937,69.37500000000018,-2.9715748720780937,-2.9715748720780937,48.00000000000007,4.230945535269541,4.230945535269541,27.749999999999968,-3.011835858512967,-2.9715748720780937,36.750000000000014,6.371887568150498,6.371887568150498,32.249999999999986
58.20000000000056,0,1,5.204062176854009,5.204062176854009,54.37500000000011,-2.970145961671392,-2.970145961671392,69.37500000000018,-2.970145961671392,-2.970145961671392,48.00000000000007,4.2355252802170185,4.2355252802170185,27.749999999999968,-3.009744814847892,-2.970145961671392,36.750000000000014,6.363688258226304,6.363688258226304,32.249999999999986
58.30000000000056,0,1,5.197785716538931,5.197785716538931,54.37500000000011,-2.9687629821908814,-2.9687629821908814,69.37500000000018,-2.9687629821908814,-2.9687629821908814,48.00000000000007,4.240049720678144,4.240049720678144,27.749999999999968,-3.0076981502042486,-2.9687629821908814,36.750000000000014,6.3536265673393615,6.3536265673393615,32.249999999999986
58.40000000000056,0,1,5.191471244228239,5.191471244228239,54.37500000000011,-2.9674259348809215,-2.9674259348809215,69.37500000000018,-2.9674259348809215,-2.9674259348809215,48.00000000000007,4.244516543018037,4.244516543018037,27.749999999999968,-3.005702616961301,-2.9674259348809215,36.750000000000014,6.344897799493623,6.344897799493623,32.249999999999986
58.50000000000056,0,1,5.185117975636615,5.185117975636615,54.37500000000011,-2.9661348209445038,-2.9661348209445038,69.37500000000018,-2.9661348209445038,-2.9661348209445038,48.00000000000007,4.248122166492507,4.248122166492507,27.749999999999968,-3.0037582044166413,-2.9661348209445038,36.750000000000014,6.405636775152587,6.405636775152587,32.624999999999986
58.60000000000056,0,1,5.178745788984955,5.178745788984955,54.37500000000011,-2.964889641543323,-2.964889641543323,69.37500000000018,-2.964889641543323,-2.964889641543323,48.00000000000007,4.250260189434272,4.250260189434272,27.749999999999968,-3.0018734378952416,-2.964889641543323,36.750000000000014,6.397455469733657,6.397455469733657,32.624999999999986
58.700000000000564,0,1,5.172318483910175,5.172318483910175,54.37500000000011,-2.963690397797663,-2.963690397797663,69.37500000000018,-2.963690397797663,-2.963690397797663,48.00000000000007,4.254568879832107,4.254568879832107,27.749999999999968,-3.0000323232658985,-2.963690397797663,36.750000000000014,6.389232861756028,6.389232861756028,32.624999999999986
58.800000000000566,0,1,5.165178608479209,5.165178608479209,54.37500000000011,-2.962537090786512,-2.962537090786512,69.37500000000018,-2.962537090786512,-2.962537090786512,48.00000000000007,4.258819978716687,4.258819978716687,27.749999999999968,-2.9982423607963824,-2.962537090786512,36.750000000000014,6.379859029935659,6.379859029935659,32.624999999999986
58.90000000000057,0,1,5.15840994272088,5.15840994272088,54.37500000000011,-2.9614297215475034,-2.9614297215475034,69.37500000000018,-2.9614297215475034,-2.9614297215475034,48.00000000000007,4.263013454382147,4.263013454382147,27.749999999999968,-2.9965035393260138,-2.9614297215475034,36.750000000000014,6.371641155598411,6.371641155598411,32.624999999999986
59.00000000000057,0,1,5.151882699503304,5.151882699503304,54.37500000000011,-2.960368291076904,-2.960368291076904,69.37500000000018,-2.960368291076904,-2.960368291076904,48.00000000000007,4.267146282243232,4.267146282243232,27.749999999999968,-2.9948246990967675,-2.960368291076904,36.750000000000014,6.363210111931153,6.363210111931153,32.624999999999986
59.10000000000057,0,1,5.14530264172646,5.14530264172646,54.37500000000011,-2.9593528003297394,-2.9593528003297394,69.37500000000018,-2.9593528003297394,-2.9593528003297394,48.00000000000007,4.271224208985885,4.271224208985885,27.749999999999968,-2.993189021593736,-2.9593528003297394,36.750000000000014,6.422055304451348,6.422055304451348,32.999999999999986
59.20000000000057,0,1,5.138684050796641,5.138684050796641,54.37500000000011,-2.9583832502195406,-2.9583832502195406,69.37500000000018,-2.9583832502195406,-2.9583832502195406,48.00000000000007,4.275244502860431,4.275244502860431,27.749999999999968,-2.9583832502195406,-2.9583832502195406,36.37500000000001,6.4133417680195635,6.4133417680195635,32.999999999999986
59.30000000000057,0,1,5.13202780454364,5.13202780454364,54.37500000000011,-2.9574596416186267,-2.9574596416186267,69.37500000000018,-2.9574596416186267,-2.9574596416186267,48.00000000000007,4.278536392775507,4.278536392775507,27.749999999999968,-2.9574596416186267,-2.9574596416186267,36.37500000000001,6.404520833718379,6.404520833718379,32.999999999999986
59.400000000000574,0,1,5.125354892335068,5.125354892335068,54.37500000000011,-2.9565819753579063,-2.9565819753579063,69.37500000000018,-2.9565819753579063,-2.9565819753579063,48.00000000000007,4.282448187464681,4.282448187464681,27.749999999999968,-2.9565819753579063,-2.9565819753579063,36.37500000000001,6.393839666669123,6.393839666669123,32.999999999999986
59.500000000000576,0,1,5.117930989670896,5.117930989670896,54.37500000000011,-2.9557502522270056,-2.9557502522270056,69.37500000000018,-2.9557502522270056,-2.9557502522270056,48.00000000000007,4.28630585719921,4.28630585719921,27.749999999999968,-2.9557502522270056,-2.9557502522270056,36.37500000000001,6.385231935488022,6.385231935488022,32.999999999999986
59.60000000000058,0,1,5.111161207442947,5.111161207442947,54.37500000000011,-2.95496447297414,-2.95496447297414,69.37500000000018,-2.95496447297414,-2.95496447297414,48.00000000000007,4.2901059533419925,4.2901059533419925,27.749999999999968,-2.95496447297414,-2.95496447297414,36.37500000000001,6.375804884149744,6.375804884149744,32.999999999999986
59.70000000000058,0,1,5.104078820615911,5.104078820615911,54.37500000000011,-2.9542246383062576,-2.9542246383062576,69.37500000000018,-2.9542246383062576,-2.9542246383062576,48.00000000000007,4.293848407108939,4.293848407108939,27.749999999999968,-2.9542246383062576,-2.9542246383062576,36.37500000000001,6.432977710926863,6.432977710926863,33.37499999999999
59.80000000000058,0,1,5.097253522338846,5.097253522338846,54.37500000000011,-2.953530748888923,-2.953530748888923,69.37500000000018,-2.953530748888923,-2.953530748888923,48.00000000000007,4.297530072459807,4.297530072459807,27.749999999999968,-2.953530748888923,-2.953530748888923,36.37500000000001,6.424058376005334,6.424058376005334,33.37499999999999
59.90000000000058,0,1,5.090370380050942,5.090370380050942,54.37500000000011,-2.9528828053463485,-2.9528828053463485,69.37500000000018,-2.9528828053463485,-2.9528828053463485,48.00000000000007,4.3011570211269685,4.3011570211269685,27.749999999999968,-2.9528828053463485,-2.9528828053463485,36.37500000000001,6.415092792505263,6.415092792505263,33.37499999999999
60.00000000000058,0,1,5.083449849541992,5.083449849541992,54.37500000000011,-2.9522808082614915,-2.9522808082614915,69.37500000000018,-2.9522808082614915,-2.9522808082614915,48.00000000000007,4.304726323685443,4.304726323685443,27.749999999999968,-2.9522808082614915,-2.9522808082614915,36.37500000000001,6.406079694285992,6.406079694285992,33.37499999999999
60.100000000000584,0,1,5.075790260469418,5.075790260469418,54.37500000000011,-2.9517247581758568,-2.9517247581758568,69.37500000000018,-2.9517247581758568,-2.9517247581758568,48.00000000000007,4.307702385948332,4.307702385948332,27.749999999999968,-2.9517247581758568,-2.9517247581758568,36.37500000000001,6.395857989184506,6.395857989184506,33.37499999999999
60.200000000000585,0,1,5.068799997352514,5.068799997352514,54.37500000000011,-2.951214655589709,-2.951214655589709,69.37500000000018,-2.951214655589709,-2.951214655589709,48.00000000000007,4.311165544806542,4.311165544806542,27.749999999999968,-2.951214655589709,-2.951214655589709,36.37500000000001,6.38669106300847,6.38669106300847,33.37499999999999
60.30000000000059,0,1,5.0617686488685365,5.0617686488685365,54.37500000000011,-2.950750500961931,-2.950750500961931,69.37500000000018,-2.950750500961931,-2.950750500961931,48.00000000000007,4.314571488383422,4.314571488383422,27.749999999999968,-2.950750500961931,-2.950750500961931,36.37500000000001,6.442543901756949,6.442543901756949,33.74999999999999
60.40000000000059,0,1,5.054706633286941,5.054706633286941,54.37500000000011,-2.95033229471008,-2.95033229471008,69.37500000000018,-2.95033229471008,-2.95033229471008,48.00000000000007,4.317918403977117,4.317918403977117,27.749999999999968,-2.95033229471008,-2.95033229471008,36.37500000000001,6.4332221770341675,6.4332221770341675,33.74999999999999
60.50000000000059,0,1,5.047322678256904,5.047322678256904,54.37500000000011,-2.94996003721036,-2.94996003721036,69.37500000000018,-2.94996003721036,-2.94996003721036,48.00000000000007,4.420150162702242,4.420150162702242,28.124999999999968,-2.94996003721036,-2.94996003721036,36.00000000000001,6.423730020073279,6.423730020073279,33.74999999999999
60.60000000000059,0,1,5.040178035477467,5.040178035477467,54.37500000000011,-2.9496337287976644,-2.9496337287976644,69.37500000000018,-2.9496337287976644,-2.9496337287976644,48.00000000000007,4.423427549074447,4.423427549074447,28.124999999999968,-2.9496337287976644,-2.9496337287976644,36.00000000000001,6.412564920552143,6.412564920552143,33.74999999999999
60.70000000000059,0,1,5.032265506771992,5.032265506771992,54.37500000000011,-2.949353369765518,-2.949353369765518,69.37500000000018,-2.949353369765518,-2.949353369765518,48.00000000000007,4.426647210750076,4.426647210750076,28.124999999999968,-2.949353369765518,-2.949353369765518,36.00000000000001,6.4031918874460985,6.4031918874460985,33.74999999999999
60.800000000000594,0,1,5.025057757152496,5.025057757152496,54.37500000000011,-2.949118960366121,-2.949118960366121,69.37500000000018,-2.949118960366121,-2.949118960366121,48.00000000000007,4.4298067544958,4.4298067544958,28.124999999999968,-2.949118960366121,-2.949118960366121,36.00000000000001,6.3929250574566225,6.3929250574566225,33.74999999999999
60.900000000000595,0,1,5.017798590956303,5.017798590956303,54.37500000000011,-2.9489305008104054,-2.9489305008104054,69.37500000000018,-2.9489305008104054,-2.9489305008104054,48.00000000000007,4.4325185386252315,4.4325185386252315,28.124999999999968,-2.9489305008104054,-2.9489305008104054,36.00000000000001,6.443787219234508,6.443787219234508,34.125
61.0000000000006,0,1,5.0842133566601575,5.0842133566601575,54.750000000000114,-2.9487879912678494,-2.9487879912678494,69.37500000000018,-2.9487879912678494,-2.9487879912678494,48.00000000000007,4.435577954106847,4.435577954106847,28.124999999999968,-2.9487879912678494,-2.9487879912678494,36.00000000000001,6.434112591495676,6.434112591495676,34.125
61.1000000000006,0,1,5.076801698757123,5.076801698757123,54.750000000000114,-2.9486914318666493,-2.9486914318666493,69.37500000000018,-2.9486914318666493,-2.9486914318666493,48.00000000000007,4.438579624214711,4.438579624214711,28.124999999999968,-2.9486914318666493,-2.9486914318666493,36.00000000000001,6.424392272842013,6.424392272842013,34.125
61.2000000000006,0,1,5.069370563501934,5.069370563501934,54.750000000000114,-2.94864082269369,-2.94864082269369,69.37500000000018,-2.94864082269369,-2.94864082269369,48.00000000000007,4.4415210976993365,4.4415210976993365,28.124999999999968,-2.94864082269369,-2.94864082269369,36.00000000000001,6.414670062763733,6.414670062763733,34.125
61.3000000000006,0,1,5.0608814966820574,5.0608814966820574,54.750000000000114,-2.9486361637945038,-2.9486361637945038,69.37500000000018,-2.9486361637945038,-2.9486361637945038,48.00000000000007,4.444406858173025,4.444406858173025,28.124999999999968,-2.9486361637945038,-2.9486361637945038,36.00000000000001,6.405113927598904,6.405113927598904,34.125
61.4000000000006,0,1,5.0533572739914945,5.0533572739914945,54.750000000000114,-2.948677455173268,-2.948677455173268,69.37500000000018,-2.948677455173268,-2.948677455173268,48.00000000000007,4.447234844313627,4.447234844313627,28.124999999999968,-2.948677455173268,-2.948677455173268,36.00000000000001,6.4570945385221705,6.4570945385221705,34.49999999999999
61.500000000000604,0,1,5.045794357284208,5.045794357284208,54.750000000000114,-2.9487646967928356,-2.9487646967928356,69.37500000000018,-2.9487646967928356,-2.9487646967928356,48.00000000000007,4.447990665822644,4.447990665822644,28.124999999999968,-2.9487646967928356,-2.9487646967928356,36.00000000000001,6.4474003174120895,6.4474003174120895,34.49999999999999
61.600000000000605,0,1,5.038212172252457,5.038212172252457,54.750000000000114,-2.94889788857472,-2.94889788857472,69.37500000000018,-2.94889788857472,-2.94889788857472,48.00000000000007,4.450447927421493,4.450447927421493,28.124999999999968,-2.94889788857472,-2.94889788857472,36.00000000000001,6.4365857739365,6.4365857739365,34.49999999999999
61.70000000000061,0,1,5.030574470005774,5.030574470005774,54.750000000000114,-2.9490770303991525,-2.9490770303991525,69.37500000000018,-2.9490770303991525,-2.9490770303991525,48.00000000000007,4.453118441074949,4.453118441074949,28.124999999999968,-2.9490770303991525,-2.9490770303991525,35.62500000000001,6.42205629709656,6.42205629709656,34.49999999999999
61.80000000000061,0,1,5.022899734052871,5.022899734052871,54.750000000000114,-2.9493021221049105,-2.9493021221049105,69.37500000000018,-2.9493021221049105,-2.9493021221049105,48.00000000000007,4.455731178638317,4.455731178638317,28.124999999999968,-2.9493021221049105,-2.9493021221049105,35.62500000000001,6.4123366621656,6.4123366621656,34.49999999999999
61.90000000000061,0,1,5.0144506729831875,5.0144506729831875,54.750000000000114,-2.9495731634895463,-2.9495731634895463,69.37500000000018,-2.9495731634895463,-2.9495731634895463,48.00000000000007,4.458286141198272,4.458286141198272,28.124999999999968,-2.9495731634895463,-2.9495731634895463,35.62500000000001,6.402516875009852,6.402516875009852,34.49999999999999
62.00000000000061,0,1,5.006713001010652,5.006713001010652,54.750000000000114,-2.949890154309216,-2.949890154309216,69.37500000000018,-2.949890154309216,-2.949890154309216,48.00000000000007,4.460780645209567,4.460780645209567,28.124999999999968,-2.949890154309216,-2.949890154309216,35.62500000000001,6.45275518780268,6.45275518780268,34.875
62.10000000000061,0,1,4.998640389283636,4.998640389283636,54.750000000000114,-2.9502530942787644,-2.9502530942787644,69.37500000000018,-2.9502530942787644,-2.9502530942787644,48.00000000000007,4.463219793053142,4.463219793053142,28.124999999999968,-2.9502530942787644,-2.9502530942787644,35.62500000000001,6.441577533342482,6.441577533342482,34.875
62.200000000000614,0,1,4.990813377792605,4.990813377792605,54.750000000000114,-2.9506619830717398,-2.9506619830717398,69.37500000000018,-2.9506619830717398,-2.9506619830717398,48.00000000000007,4.465601159713984,4.465601159713984,28.124999999999968,-2.9506619830717398,-2.9506619830717398,35.62500000000001,6.431177118821893,6.431177118821893,34.875
62.300000000000615,0,1,4.982947929206375,4.982947929206375,54.750000000000114,-2.951116820320209,-2.951116820320209,69.37500000000018,-2.951116820320209,-2.951116820320209,48.00000000000007,4.467802943961615,4.467802943961615,28.124999999999968,-2.951116820320209,-2.951116820320209,35.62500000000001,6.420887894139355,6.420887894139355,34.875
62.40000000000062,0,1,4.975066287499175,4.975066287499175,54.750000000000114,-2.9516176056150982,-2.9516176056150982,69.37500000000018,-2.9516176056150982,-2.9516176056150982,48.00000000000007,4.470077124713029,4.470077124713029,28.124999999999968,-2.9516176056150982,-2.9516176056150982,35.62500000000001,6.410469575804498,6.410469575804498,34.875
62.50000000000062,0,1,4.966375012201041,4.966375012201041,54.750000000000114,-2.9521643385058525,-2.9521643385058525,69.37500000000018,-2.9521643385058525,-2.9521643385058525,48.00000000000007,4.472296037131727,4.472296037131727,28.124999999999968,-2.9521643385058525,-2.9521643385058525,35.62500000000001,6.400100068701022,6.400100068701022,34.875
62.60000000000062,0,1,4.958397732729836,4.958397732729836,54.750000000000114,-2.952757018500634,-2.952757018500634,69.37500000000018,-2.952757018500634,-2.952757018500634,48.00000000000007,4.474457159826699,4.474457159826699,28.124999999999968,-2.952757018500634,-2.952757018500634,35.62500000000001,6.448592385829855,6.448592385829855,35.25
62.70000000000062,0,1,4.9503783092393405,4.9503783092393405,54.750000000000114,-2.9533956450662657,-2.9533956450662657,69.37500000000018,-2.9533956450662657,-2.9533956450662657,48.00000000000007,4.476560496103019,4.476560496103019,28.124999999999968,-2.9533956450662657,-2.9533956450662657,35.62500000000001,6.438154453872045,6.438154453872045,35.25
62.80000000000062,0,1,4.9423447871429715,4.9423447871429715,54.750000000000114,-2.954080217628203,-2.954080217628203,69.37500000000018,-2.954080217628203,-2.954080217628203,48.00000000000007,4.478603266175554,4.478603266175554,28.124999999999968,-2.954080217628203,-2.954080217628203,35.62500000000001,6.424840854531311,6.424840854531311,35.25
62.900000000000624,0,1,4.933963671659285,4.933963671659285,54.750000000000114,-2.954810735570632,-2.954810735570632,69.37500000000018,-2.954810735570632,-2.954810735570632,48.00000000000007,4.480590836340312,4.480590836340312,28.124999999999968,-2.954810735570632,-2.954810735570632,35.62500000000001,6.412457891436034,6.412457891436034,35.25
63.000000000000625,0,1,4.925835702612758,4.925835702612758,54.750000000000114,-2.95558719823633,-2.95558719823633,69.37500000000018,-2.95558719823633,-2.95558719823633,48.00000000000007,4.482538312853507,4.482538312853507,28.124999999999968,-2.95558719823633,-2.95558719823633,35.25,6.401959661547593,6.401959661547593,35.25
63.10000000000063,0,1,4.916910930910419,4.916910930910419,54.750000000000114,-2.9564096049267903,-2.9564096049267903,69.37500000000018,-2.9564096049267903,-2.9564096049267903,48.00000000000007,4.584426250620382,4.584426250620382,28.499999999999968,-2.9564096049267903,-2.9564096049267903,35.25,6.390439242931933,6.390439242931933,35.25
63.20000000000063,0,1,4.908714191464384,4.908714191464384,54.750000000000114,-2.9572779549020964,-2.9572779549020964,69.37500000000018,-2.9572779549020964,-2.9572779549020964,48.00000000000007,4.586287756352746,4.586287756352746,28.499999999999968,-2.9572779549020964,-2.9572779549020964,35.25,6.437053672100305,6.437053672100305,35.62500000000001
63.30000000000063,0,1,4.900476550369831,4.900476550369831,54.750000000000114,-2.9581922473810636,-2.9581922473810636,69.37500000000018,-2.9581922473810636,-2.9581922473810636,48.00000000000007,4.588091559056323,4.588091559056323,28.499999999999968,-2.9581922473810636,-2.9581922473810636,35.25,6.425997079349273,6.425997079349273,35.62500000000001
63.37500000000015,0,1,4.894271449622323,4.894271449622323,54.750000000000114,-2.958908116015067,-2.958908116015067,69.37500000000018,-2.958908116015067,-2.958908116015067,48.00000000000007,4.5894050297254125,4.5894050297254125,28.499999999999968,-2.958908116015067,-2.958908116015067,35.25,6.417675686728302,6.417675686728302,35.62500000000001
