alpha,blueOver,pushedRed,m0m,x0m,l0m
2,0,1,3.528707339889337,3.528707339889337,46.125000000000064
2.01,0,1,3.524184188743689,3.524184188743689,46.125000000000064
2.0199999999999996,0,1,3.522261666074371,3.522261666074371,46.125000000000064
2.0299999999999994,0,1,3.5203369186370566,3.5203369186370566,46.125000000000064
2.039999999999999,0,1,3.5184099521234486,3.5184099521234486,46.125000000000064
2.049999999999999,0,1,3.5164807722011915,3.5164807722011915,46.125000000000064
2.0599999999999987,0,1,3.514549384513913,3.514549384513913,46.125000000000064
2.0699999999999985,0,1,3.50665451202336,3.50665451202336,46.125000000000064
2.0799999999999983,0,1,3.5047313861097678,3.5047313861097678,46.125000000000064
2.089999999999998,0,1,3.502806021805654,3.502806021805654,46.125000000000064
2.099999999999998,0,1,3.5008784248933864,3.5008784248933864,46.125000000000064
2.1099999999999977,0,1,3.4989486011305218,3.4989486011305218,46.125000000000064
2.1199999999999974,0,1,3.4970165562501165,3.4970165562501165,46.125000000000064
2.1299999999999972,0,1,3.4950906511989928,3.4950906511989928,46.125000000000064
2.139999999999997,0,1,3.4931565033069205,3.4931565033069205,46.125000000000064
2.149999999999997,0,1,3.491219837582321,3.491219837582321,46.125000000000064
2.1599999999999966,0,1,3.4810492004647102,3.4810492004647102,46.125000000000064
2.1699999999999964,0,1,3.4771575385319125,3.4771575385319125,46.125000000000064
2.179999999999996,0,1,3.4732653602293055,3.4732653602293055,46.125000000000064
2.189999999999996,0,1,3.4693745545976213,3.4693745545976213,46.125000000000064
2.1999999999999957,0,1,3.4654836956170953,3.4654836956170953,46.125000000000064
2.2099999999999955,0,1,3.460172094737743,3.460172094737743,46.125000000000064
2.2199999999999953,0,1,3.4562771458568022,3.4562771458568022,46.125000000000064
2.229999999999995,0,1,3.4575151605350527,3.4575151605350527,46.125000000000064
2.239999999999995,0,1,3.451521599476692,3.451521599476692,46.125000000000064
2.2499999999999947,0,1,3.4476430974199985,3.4476430974199985,46.125000000000064
2.2599999999999945,0,1,3.4437663392889846,3.4437663392889846,46.125000000000064
2.2699999999999942,0,1,3.440465982673615,3.440465982673615,46.125000000000064
2.279999999999994,0,1,3.43747566775788,3.43747566775788,46.125000000000064
2.289999999999994,0,1,3.4344819432673432,3.4344819432673432,46.125000000000064
2.2999999999999936,0,1,3.431484815947357,3.431484815947357,46.125000000000064
2.3099999999999934,0,1,3.428484292518249,3.428484292518249,46.125000000000064
2.319999999999993,0,1,3.425480379674724,3.425480379674724,46.125000000000064
2.329999999999993,0,1,3.4224730840866187,3.4224730840866187,46.125000000000064
2.3399999999999928,0,1,3.4194624123987865,3.4194624123987865,46.125000000000064
2.3499999999999925,0,1,3.41644837123134,3.41644837123134,46.125000000000064
2.3599999999999923,0,1,3.413430967179778,3.413430967179778,46.125000000000064
2.369999999999992,0,1,3.410410206814859,3.410410206814859,46.125000000000064
2.379999999999992,0,1,3.407386534929742,3.407386534929742,46.125000000000064
2.3899999999999917,0,1,3.404362875270593,3.404362875270593,46.125000000000064
2.3999999999999915,0,1,3.4013357286533648,3.4013357286533648,46.125000000000064
2.4099999999999913,0,1,3.397164881727022,3.397164881727022,46.125000000000064
2.419999999999991,0,1,3.394119092740141,3.394119092740141,46.125000000000064
2.429999999999991,0,1,3.391069765800296,3.391069765800296,46.125000000000064
2.4399999999999906,0,1,3.388016960050166,3.388016960050166,46.125000000000064
2.4499999999999904,0,1,3.3849606830229817,3.3849606830229817,46.125000000000064
2.45999999999999,0,1,3.381900942220952,3.381900942220952,46.125000000000064
2.46999999999999,0,1,3.3788377451151064,3.3788377451151064,46.125000000000064
2.4799999999999898,0,1,3.3757877329970682,3.3757877329970682,46.125000000000064
2.4899999999999896,0,1,3.372734741796421,3.372734741796421,46.125000000000064
2.4999999999999893,0,1,3.3696651162349127,3.3696651162349127,46.125000000000064
2.509999999999989,0,1,3.525231971478064,3.525231971478064,46.50000000000007
2.519999999999989,0,1,3.523284245580598,3.523284245580598,46.50000000000007
2.5299999999999887,0,1,3.521334297741035,3.521334297741035,46.50000000000007
2.5399999999999885,0,1,3.518383403201142,3.518383403201142,46.50000000000007
2.5499999999999883,0,1,3.515365730166309,3.515365730166309,46.50000000000007
2.559999999999988,0,1,3.5123446298519525,3.5123446298519525,46.50000000000007
2.569999999999988,0,1,3.5093193987322024,3.5093193987322024,46.50000000000007
2.5799999999999876,0,1,3.506290772986773,3.506290772986773,46.50000000000007
2.5899999999999874,0,1,3.5032587592602056,3.5032587592602056,46.50000000000007
2.599999999999987,0,1,3.501633413522214,3.501633413522214,46.50000000000007
2.609999999999987,0,1,3.4986056859124943,3.4986056859124943,46.50000000000007
2.619999999999987,0,1,3.484510646057018,3.484510646057018,46.50000000000007
2.6299999999999866,0,1,3.4841435474047984,3.4841435474047984,46.50000000000007
2.6399999999999864,0,1,3.481121529539692,3.481121529539692,46.50000000000007
2.649999999999986,0,1,3.478096140692074,3.478096140692074,46.50000000000007
2.659999999999986,0,1,3.475067387448462,3.475067387448462,46.50000000000007
2.6699999999999857,0,1,3.4720352763708178,3.4720352763708178,46.50000000000007
2.6799999999999855,0,1,3.468999813996888,3.468999813996888,46.50000000000007
2.6899999999999853,0,1,3.465961006840189,3.465961006840189,46.50000000000007
2.699999999999985,0,1,3.4518994961503893,3.4518994961503893,46.50000000000007
2.709999999999985,0,1,3.4488144839099135,3.4488144839099135,46.50000000000007
2.7199999999999847,0,1,3.4457290735996082,3.4457290735996082,46.50000000000007
2.7299999999999844,0,1,3.442643263945129,3.442643263945129,46.50000000000007
2.7399999999999842,0,1,3.439744913298597,3.439744913298597,46.50000000000007
2.749999999999984,0,1,3.4369074359112517,3.4369074359112517,46.50000000000007
2.759999999999984,0,1,3.4340685048201465,3.4340685048201465,46.50000000000007
2.7699999999999836,0,1,3.4312329888282704,3.4312329888282704,46.50000000000007
2.7799999999999834,0,1,3.4283953476185474,3.4283953476185474,46.50000000000007
2.789999999999983,0,1,3.4255531836561346,3.4255531836561346,46.50000000000007
2.799999999999983,0,1,3.4227095744915346,3.4227095744915346,46.50000000000007
2.8099999999999827,0,1,3.4157426843735124,3.4157426843735124,46.50000000000007
2.8199999999999825,0,1,3.4128910949019655,3.4128910949019655,46.50000000000007
2.8299999999999823,0,1,3.410036064388379,3.410036064388379,46.50000000000007
2.839999999999982,0,1,3.4071774471516676,3.4071774471516676,46.50000000000007
2.849999999999982,0,1,3.4043173814338417,3.4043173814338417,46.50000000000007
2.8599999999999817,0,1,3.4014558694716186,3.4014558694716186,46.50000000000007
2.8699999999999815,0,1,3.3985929134923367,3.3985929134923367,46.50000000000007
2.8799999999999812,0,1,3.395728515714751,3.395728515714751,46.50000000000007
2.889999999999981,0,1,3.3928635313283877,3.3928635313283877,46.50000000000007
2.899999999999981,0,1,3.3899974075738726,3.3899974075738726,46.50000000000007
2.9099999999999806,0,1,3.387129799859622,3.387129799859622,46.50000000000007
2.9199999999999804,0,1,3.384260710686206,3.384260710686206,46.50000000000007
2.92999999999998,0,1,3.381390142543367,3.381390142543367,46.50000000000007
2.93999999999998,0,1,3.3785180979095486,3.3785180979095486,46.50000000000007
2.9499999999999797,0,1,3.375644454588411,3.375644454588411,46.50000000000007
2.9599999999999795,0,1,3.3727686020469605,3.3727686020469605,46.50000000000007
2.9699999999999793,0,1,3.372540153399811,3.372540153399811,46.50000000000007
2.979999999999979,0,1,3.3696746186144253,3.3696746186144253,46.50000000000007
2.989999999999979,0,1,3.36680759960187,3.36680759960187,46.50000000000007
2.9999999999999787,0,1,3.3639391257875815,3.3639391257875815,46.50000000000007
3.0099999999999785,0,1,3.361076320816821,3.361076320816821,46.50000000000007
3.0199999999999783,0,1,3.3582120560207755,3.3582120560207755,46.50000000000007
3.029999999999978,0,1,3.355349832649665,3.355349832649665,46.50000000000007
3.039999999999978,0,1,3.3517924766852474,3.3517924766852474,46.50000000000007
3.0499999999999776,0,1,3.348137326719737,3.348137326719737,46.50000000000007
3.0599999999999774,0,1,3.3444831647578184,3.3444831647578184,46.50000000000007
3.069999999999977,0,1,3.3408299871078384,3.3408299871078384,46.50000000000007
3.079999999999977,0,1,3.337177790094273,3.337177790094273,46.50000000000007
3.0899999999999768,0,1,3.3335265700580266,3.3335265700580266,46.50000000000007
3.0999999999999766,0,1,3.3298763233560322,3.3298763233560322,46.50000000000007
3.1099999999999763,0,1,3.3262270463614954,3.3262270463614954,46.50000000000007
3.119999999999976,0,1,3.3225787354634946,3.3225787354634946,46.50000000000007
3.129999999999976,0,1,3.3189313870670816,3.3189313870670816,46.50000000000007
3.1399999999999757,0,1,3.319261118190795,3.319261118190795,46.50000000000007
3.1499999999999755,0,1,3.3163811607002316,3.3163811607002316,46.50000000000007
3.1599999999999753,0,1,3.3134998042392283,3.3134998042392283,46.50000000000007
3.169999999999975,0,1,3.3070951019014103,3.3070951019014103,46.50000000000007
3.179999999999975,0,1,3.303441675011726,3.303441675011726,46.50000000000007
3.1899999999999746,0,1,3.2997892223001912,3.2997892223001912,46.50000000000007
3.1999999999999744,0,1,3.2961377406667935,3.2961377406667935,46.50000000000007
3.209999999999974,0,1,3.2924872264927814,3.2924872264927814,46.50000000000007
3.219999999999974,0,1,3.293293916098662,3.293293916098662,46.50000000000007
3.229999999999974,0,1,3.290406591146265,3.290406591146265,46.50000000000007
3.2399999999999736,0,1,3.2875178691163,3.2875178691163,46.50000000000007
3.2499999999999734,0,1,3.284125272623669,3.284125272623669,46.50000000000007
3.259999999999973,0,1,3.280468297237178,3.280468297237178,46.50000000000007
3.269999999999973,0,1,3.27680798129299,3.27680798129299,46.50000000000007
3.2799999999999727,0,1,3.2731435006745926,3.2731435006745926,46.50000000000007
3.2899999999999725,0,1,3.2694800228124308,3.2694800228124308,46.50000000000007
3.2999999999999723,0,1,3.2658175439450474,3.2658175439450474,46.50000000000007
3.309999999999972,0,1,3.2621560603276833,3.2621560603276833,46.50000000000007
3.319999999999972,0,1,3.258495568232547,3.258495568232547,46.50000000000007
3.3299999999999716,0,1,3.2548360639482325,3.2548360639482325,46.50000000000007
3.3399999999999714,0,1,3.2511775437800736,3.2511775437800736,46.50000000000007
3.3499999999999712,0,1,3.2475200040497896,3.2475200040497896,46.50000000000007
3.359999999999971,0,1,3.243863441095556,3.243863441095556,46.50000000000007
3.369999999999971,0,1,3.24020785127162,3.24020785127162,46.50000000000007
3.3799999999999706,0,1,3.2365517607360346,3.2365517607360346,46.50000000000007
3.3899999999999704,0,1,3.2328936480024595,3.2328936480024595,46.50000000000007
3.39999999999997,0,1,3.229236636962767,3.229236636962767,46.50000000000007
3.40999999999997,0,1,3.226867585202598,3.226867585202598,46.50000000000007
3.4199999999999697,0,1,3.223211579579271,3.223211579579271,46.50000000000007
3.4299999999999695,0,1,3.219555250730295,3.219555250730295,46.50000000000007
3.4399999999999693,0,1,3.2158995268098494,3.2158995268098494,46.50000000000007
3.449999999999969,0,1,3.212244332125337,3.212244332125337,46.50000000000007
3.459999999999969,0,1,3.2085880427388958,3.2085880427388958,46.50000000000007
3.4699999999999687,0,1,3.2049328249885036,3.2049328249885036,46.50000000000007
3.4799999999999685,0,1,3.201279876170517,3.201279876170517,46.50000000000007
3.4899999999999682,0,1,3.197628788658278,3.197628788658278,46.50000000000007
3.499999999999968,0,1,3.193978734390342,3.193978734390342,46.50000000000007
3.509999999999968,0,1,3.1903297091268854,3.1903297091268854,46.50000000000007
3.5199999999999676,0,1,3.1866816641995968,3.1866816641995968,46.50000000000007
3.5299999999999674,0,1,3.18303462935512,3.18303462935512,46.50000000000007
3.539999999999967,0,1,3.1793886076885087,3.1793886076885087,46.50000000000007
3.549999999999967,0,1,3.1772306551777376,3.1772306551777376,46.50000000000007
3.5599999999999667,0,1,3.175503678927825,3.175503678927825,46.50000000000007
3.5699999999999665,0,1,3.1737876699895367,3.1737876699895367,46.50000000000007
3.5799999999999663,0,1,3.1720711346218593,3.1720711346218593,46.50000000000007
3.589999999999966,0,1,3.1703540735731934,3.1703540735731934,46.50000000000007
3.599999999999966,0,1,3.1686364875887705,3.1686364875887705,46.50000000000007
3.6099999999999657,0,1,3.166918377411193,3.166918377411193,46.50000000000007
3.6199999999999655,0,1,3.165199743780164,3.165199743780164,46.50000000000007
3.6299999999999653,0,1,3.163480587432659,3.163480587432659,46.50000000000007
3.639999999999965,0,1,3.1617609091027106,3.1617609091027106,46.50000000000007
3.649999999999965,0,1,3.160040709521695,3.160040709521695,46.50000000000007
3.6599999999999646,0,1,3.141454689070713,3.141454689070713,46.50000000000007
3.6699999999999644,0,1,3.1378074191930665,3.1378074191930665,46.50000000000007
3.679999999999964,0,1,3.1341610754799376,3.1341610754799376,46.50000000000007
3.689999999999964,0,1,3.13227692732481,3.13227692732481,46.50000000000007
3.6999999999999638,0,1,3.1305330671472404,3.1305330671472404,46.50000000000007
3.7099999999999635,0,1,3.1381284889091035,3.1381284889091035,46.50000000000007
3.7199999999999633,0,1,3.13640950912675,3.13640950912675,46.50000000000007
3.729999999999963,0,1,3.1346900036930805,3.1346900036930805,46.50000000000007
3.739999999999963,0,1,3.114734275388898,3.114734275388898,46.50000000000007
3.7499999999999627,0,1,3.111084262473838,3.111084262473838,46.50000000000007
3.7599999999999625,0,1,3.108646084253891,3.108646084253891,46.50000000000007
3.7699999999999623,0,1,3.106902481714201,3.106902481714201,46.50000000000007
3.779999999999962,0,1,3.105158385379738,3.105158385379738,46.50000000000007
3.789999999999962,0,1,3.10341379589795,3.10341379589795,46.50000000000007
3.7999999999999616,0,1,3.1016776692333536,3.1016776692333536,46.50000000000007
3.8099999999999614,0,1,3.0999523634894075,3.0999523634894075,46.50000000000007
3.819999999999961,0,1,3.0982346433923595,3.0982346433923595,46.50000000000007
3.829999999999961,0,1,3.096516386382021,3.096516386382021,46.50000000000007
3.839999999999961,0,1,3.0947975932502345,3.0947975932502345,46.50000000000007
3.8499999999999606,0,1,3.093078264785703,3.093078264785703,46.50000000000007
3.8599999999999604,0,1,3.091358401774116,3.091358401774116,46.50000000000007
3.86999999999996,0,1,3.0896380049980934,3.0896380049980934,46.50000000000007
3.87999999999996,0,1,3.0879170752374705,3.0879170752374705,46.50000000000007
3.8899999999999597,0,1,3.0861956132690125,3.0861956132690125,46.50000000000007
3.8999999999999595,0,1,3.0844741359095025,3.0844741359095025,46.50000000000007
3.9099999999999593,0,1,3.0827572122378086,3.0827572122378086,46.50000000000007
3.919999999999959,0,1,3.0810395607176986,3.0810395607176986,46.50000000000007
3.929999999999959,0,1,3.0793211826300677,3.0793211826300677,46.50000000000007
3.9399999999999586,0,1,3.0776020792506955,3.0776020792506955,46.50000000000007
3.9499999999999584,0,1,3.075882251850544,3.075882251850544,46.50000000000007
3.959999999999958,0,1,3.0741617016958003,3.0741617016958003,46.50000000000007
3.969999999999958,0,1,3.0724404300474504,3.0724404300474504,46.50000000000007
3.979999999999958,0,1,3.0707184381617054,3.0707184381617054,46.50000000000007
3.9899999999999576,0,1,3.0622059416892142,3.0622059416892142,46.50000000000007
3.9999999999999574,0,1,3.060486606818415,3.060486606818415,46.50000000000007
4.009999999999957,0,1,3.0587665471510377,3.0587665471510377,46.50000000000007
4.019999999999957,0,1,3.0570457639547897,3.0570457639547897,46.50000000000007
4.029999999999957,0,1,3.0553242584925044,3.0553242584925044,46.50000000000007
4.0399999999999565,0,1,3.0536020320224395,3.0536020320224395,46.50000000000007
4.049999999999956,0,1,3.0518790857976654,3.0518790857976654,46.50000000000007
4.059999999999956,0,1,3.0501538792605913,3.0501538792605913,46.50000000000007
4.069999999999956,0,1,3.0484409882171946,3.0484409882171946,46.50000000000007
4.079999999999956,0,1,3.046709754184832,3.046709754184832,46.50000000000007
4.0899999999999554,0,1,3.044988298497543,3.044988298497543,46.50000000000007
4.099999999999955,0,1,3.0432770995372493,3.0432770995372493,46.50000000000007
4.109999999999955,0,1,3.041558778624264,3.041558778624264,46.50000000000007
4.119999999999955,0,1,3.039839921508957,3.039839921508957,46.50000000000007
4.129999999999955,0,1,3.0381205289661892,3.0381205289661892,46.50000000000007
4.139999999999954,0,1,3.0364006017680367,3.0364006017680367,46.50000000000007
4.149999999999954,0,1,3.0346801406836192,3.0346801406836192,46.50000000000007
4.159999999999954,0,1,3.0329591464791434,3.0329591464791434,46.50000000000007
4.169999999999954,0,1,3.031237619917846,3.031237619917846,46.50000000000007
4.1799999999999535,0,1,3.0084872575446866,3.0084872575446866,46.50000000000007
4.189999999999953,0,1,3.006743321199366,3.006743321199366,46.50000000000007
4.199999999999953,0,1,3.004998882914734,3.004998882914734,46.50000000000007
4.209999999999953,0,1,3.003245009047305,3.003245009047305,46.50000000000007
4.219999999999953,0,1,3.001499430317608,3.001499430317608,46.50000000000007
4.2299999999999525,0,1,2.99975335072331,2.99975335072331,46.50000000000007
4.239999999999952,0,1,2.9980067709273186,2.9980067709273186,46.50000000000007
4.249999999999952,0,1,3.0057422267243368,3.0057422267243368,46.50000000000007
4.259999999999952,0,1,2.9829692987329253,2.9829692987329253,46.50000000000007
4.269999999999952,0,1,2.981225873574971,2.981225873574971,46.50000000000007
4.279999999999951,0,1,2.9794819415161555,2.9794819415161555,46.50000000000007
4.289999999999951,0,1,2.9777375032418405,2.9777375032418405,46.50000000000007
4.299999999999951,0,1,2.9759925594348005,2.9759925594348005,46.50000000000007
4.309999999999951,0,1,2.974247110775295,2.974247110775295,46.50000000000007
4.3199999999999505,0,1,2.972501157941153,2.972501157941153,46.50000000000007
4.32999999999995,0,1,2.9707594540207367,2.9707594540207367,46.50000000000007
4.33999999999995,0,1,2.969041341471481,2.969041341471481,46.50000000000007
4.34999999999995,0,1,2.9673219807106648,2.9673219807106648,46.50000000000007
4.35999999999995,0,1,2.9656020737093343,2.9656020737093343,46.50000000000007
4.3699999999999495,0,1,2.963881621284557,2.963881621284557,46.50000000000007
4.379999999999949,0,1,2.9621606242504015,2.9621606242504015,46.50000000000007
4.389999999999949,0,1,2.9604390834177536,2.9604390834177536,46.50000000000007
4.399999999999949,0,1,2.9587169995945146,2.9587169995945146,46.50000000000007
4.409999999999949,0,1,2.9569943735856015,2.9569943735856015,46.50000000000007
4.419999999999948,0,1,2.955271400281873,2.955271400281873,46.50000000000007
4.429999999999948,0,1,2.9535533662229625,2.9535533662229625,46.50000000000007
4.439999999999948,0,1,2.951834591989723,2.951834591989723,46.50000000000007
4.449999999999948,0,1,2.9501150789027264,2.9501150789027264,46.50000000000007
4.459999999999948,0,1,2.9483948282773014,2.9483948282773014,46.50000000000007
4.469999999999947,0,1,2.9466738414238307,2.9466738414238307,46.50000000000007
4.479999999999947,0,1,2.9449521196475104,2.9449521196475104,46.50000000000007
4.489999999999947,0,1,2.9432296642486904,2.9432296642486904,46.50000000000007
4.499999999999947,0,1,2.9415064765225765,2.9415064765225765,46.50000000000007
4.5099999999999465,0,1,2.9397825577593295,2.9397825577593295,46.50000000000007
4.519999999999946,0,1,2.9380579092442787,2.9380579092442787,46.50000000000007
4.529999999999946,0,1,2.9363325322578078,2.9363325322578078,46.50000000000007
4.539999999999946,0,1,2.934606428075284,2.934606428075284,46.50000000000007
4.549999999999946,0,1,2.93287266722983,2.93287266722983,46.50000000000007
4.559999999999945,0,1,2.931120927296945,2.931120927296945,46.50000000000007
4.569999999999945,0,1,2.922589111365653,2.922589111365653,46.50000000000007
4.579999999999945,0,1,2.9208642296155602,2.9208642296155602,46.50000000000007
4.589999999999945,0,1,2.919138618709752,2.919138618709752,46.50000000000007
4.599999999999945,0,1,2.9173919232984105,2.9173919232984105,46.50000000000007
4.609999999999944,0,1,2.9156312667630004,2.9156312667630004,46.50000000000007
4.619999999999944,0,1,2.9138849683391896,2.9138849683391896,46.50000000000007
4.629999999999944,0,1,2.9121616573054325,2.9121616573054325,46.50000000000007
4.639999999999944,0,1,2.9104377955720224,2.9104377955720224,46.50000000000007
4.6499999999999435,0,1,2.9087133839663153,2.9087133839663153,46.50000000000007
4.659999999999943,0,1,2.9069884233123844,2.9069884233123844,46.50000000000007
4.669999999999943,0,1,2.9052629144311624,2.9052629144311624,46.50000000000007
4.679999999999943,0,1,2.9035428557636322,2.9035428557636322,46.50000000000007
4.689999999999943,0,1,2.9018333382014987,2.9018333382014987,46.50000000000007
4.6999999999999424,0,1,2.878888794424526,2.878888794424526,46.50000000000007
4.709999999999942,0,1,2.8771564544743455,2.8771564544743455,46.50000000000007
4.719999999999942,0,1,2.8754192060555823,2.8754192060555823,46.50000000000007
4.729999999999942,0,1,2.8736726919394755,2.8736726919394755,46.50000000000007
4.739999999999942,0,1,2.87192566790236,2.87192566790236,46.50000000000007
4.749999999999941,0,1,2.870178134632127,2.870178134632127,46.50000000000007
4.759999999999941,0,1,2.868430092813881,2.868430092813881,46.50000000000007
4.769999999999941,0,1,2.866681543130568,2.866681543130568,46.50000000000007
4.779999999999941,0,1,2.8649437675335747,2.8649437675335747,46.50000000000007
4.7899999999999405,0,1,2.8515278833144606,2.8515278833144606,46.50000000000007
4.79999999999994,0,1,2.849782580621408,2.849782580621408,46.50000000000007
4.80999999999994,0,1,2.848036763260737,2.848036763260737,46.50000000000007
4.81999999999994,0,1,2.8462904319374758,2.8462904319374758,46.50000000000007
4.82999999999994,0,1,2.844543587354508,2.844543587354508,46.50000000000007
4.8399999999999395,0,1,2.8427962302120307,2.8427962302120307,46.50000000000007
4.849999999999939,0,1,2.8410483612075836,2.8410483612075836,46.50000000000007
4.859999999999939,0,1,2.8393014247783412,2.8393014247783412,46.50000000000007
4.869999999999939,0,1,2.837581928209673,2.837581928209673,46.50000000000007
4.879999999999939,0,1,2.8358618750505826,2.8358618750505826,46.50000000000007
4.889999999999938,0,1,2.834141266146304,2.834141266146304,46.50000000000007
4.899999999999938,0,1,2.8324201023385314,2.8324201023385314,46.50000000000007
4.909999999999938,0,1,2.8306983844660323,2.8306983844660323,46.50000000000007
4.919999999999938,0,1,2.8289761133642912,2.8289761133642912,46.50000000000007
4.9299999999999375,0,1,2.8272526012976726,2.8272526012976726,46.50000000000007
4.939999999999937,0,1,2.82552839186161,2.82552839186161,46.50000000000007
4.949999999999937,0,1,2.8238093550989163,2.8238093550989163,46.50000000000007
4.959999999999937,0,1,2.8220895665364765,2.8220895665364765,46.50000000000007
4.969999999999937,0,1,2.9333556706130253,2.9333556706130253,46.87500000000007
4.9799999999999365,0,1,2.931607839060959,2.931607839060959,46.87500000000007
4.989999999999936,0,1,2.929859269453985,2.929859269453985,46.87500000000007
4.999999999999936,0,1,2.9281099631100744,2.9281099631100744,46.87500000000007
5.009999999999936,0,1,2.926349353439278,2.926349353439278,46.87500000000007
5.019999999999936,0,1,2.92459848813445,2.92459848813445,46.87500000000007
5.029999999999935,0,1,2.922846889774249,2.922846889774249,46.87500000000007
5.039999999999935,0,1,2.921094559657888,2.921094559657888,46.87500000000007
5.049999999999935,0,1,2.9193414990798345,2.9193414990798345,46.87500000000007
5.059999999999935,0,1,2.9175877093290694,2.9175877093290694,46.87500000000007
5.069999999999935,0,1,2.915830044010491,2.915830044010491,46.87500000000007
5.079999999999934,0,1,2.9140526286903707,2.9140526286903707,46.87500000000007
5.089999999999934,0,1,2.912273503278584,2.912273503278584,46.87500000000007
5.099999999999934,0,1,2.910492979565362,2.910492979565362,46.87500000000007
5.109999999999934,0,1,2.90873350670482,2.90873350670482,46.87500000000007
5.1199999999999335,0,1,2.906980955156797,2.906980955156797,46.87500000000007
5.129999999999933,0,1,2.905227854883762,2.905227854883762,46.87500000000007
5.139999999999933,0,1,2.903474206710868,2.903474206710868,46.87500000000007
5.149999999999933,0,1,2.8948668379263864,2.8948668379263864,46.87500000000007
5.159999999999933,0,1,2.893115462153304,2.893115462153304,46.87500000000007
5.169999999999932,0,1,2.8913635351225224,2.8913635351225224,46.87500000000007
5.179999999999932,0,1,2.889611057667423,2.889611057667423,46.87500000000007
5.189999999999932,0,1,2.8878580306183466,2.8878580306183466,46.87500000000007
5.199999999999932,0,1,2.886104454802293,2.886104454802293,46.87500000000007
5.209999999999932,0,1,2.884350331043308,2.884350331043308,46.87500000000007
5.219999999999931,0,1,2.8613623077456936,2.8613623077456936,46.87500000000007
5.229999999999931,0,1,2.859585516802767,2.859585516802767,46.87500000000007
5.239999999999931,0,1,2.8578082096239257,2.8578082096239257,46.87500000000007
5.249999999999931,0,1,2.85603038693219,2.85603038693219,46.87500000000007
5.2599999999999305,0,1,2.8542520494478936,2.8542520494478936,46.87500000000007
5.26999999999993,0,1,2.8524731978888695,2.8524731978888695,46.87500000000007
5.27999999999993,0,1,2.8506938329702507,2.8506938329702507,46.87500000000007
5.28999999999993,0,1,2.8489139554045977,2.8489139554045977,46.87500000000007
5.29999999999993,0,1,2.847148746622878,2.847148746622878,46.87500000000007
5.309999999999929,0,1,2.8453916130091557,2.8453916130091557,46.87500000000007
5.319999999999929,0,1,2.8436565981179456,2.8436565981179456,46.87500000000007
5.329999999999929,0,1,2.830197942735637,2.830197942735637,46.87500000000007
5.339999999999929,0,1,2.828435055729443,2.828435055729443,46.87500000000007
5.349999999999929,0,1,2.8266605724417104,2.8266605724417104,46.87500000000007
5.359999999999928,0,1,2.824885575819124,2.824885575819124,46.87500000000007
5.369999999999928,0,1,2.8231100665664,2.8231100665664,46.87500000000007
5.379999999999928,0,1,2.82133404538574,2.82133404538574,46.87500000000007
5.389999999999928,0,1,2.8195575129768002,2.8195575129768002,46.87500000000007
5.3999999999999275,0,1,2.817808530798075,2.817808530798075,46.87500000000007
5.409999999999927,0,1,2.8160492104344854,2.8160492104344854,46.87500000000007
5.419999999999927,0,1,2.8143004694774305,2.8143004694774305,46.87500000000007
5.429999999999927,0,1,2.8125511730534782,2.8125511730534782,46.87500000000007
5.439999999999927,0,1,2.810801322007322,2.810801322007322,46.87500000000007
5.4499999999999265,0,1,2.8090509171804996,2.8090509171804996,46.87500000000007
5.459999999999926,0,1,2.8072999594116226,2.8072999594116226,46.87500000000007
5.469999999999926,0,1,2.8055540511217174,2.8055540511217174,46.87500000000007
5.479999999999926,0,1,2.803807541454077,2.803807541454077,46.87500000000007
5.489999999999926,0,1,2.802060278763875,2.802060278763875,46.87500000000007
5.499999999999925,0,1,2.800312264417215,2.800312264417215,46.87500000000007
5.509999999999925,0,1,2.798563146874656,2.798563146874656,46.87500000000007
5.519999999999925,0,1,2.796812780007542,2.796812780007542,46.87500000000007
5.529999999999925,0,1,2.7950616665476247,2.7950616665476247,46.87500000000007
5.5399999999999245,0,1,2.7933098078374883,2.7933098078374883,46.87500000000007
5.549999999999924,0,1,2.791557205214488,2.791557205214488,46.87500000000007
5.559999999999924,0,1,2.789803860010963,2.789803860010963,46.87500000000007
5.569999999999924,0,1,2.7880497735542207,2.7880497735542207,46.87500000000007
5.579999999999924,0,1,2.786294947166084,2.786294947166084,46.87500000000007
5.5899999999999235,0,1,2.784537947147669,2.784537947147669,46.87500000000007
5.599999999999923,0,1,2.782759192287628,2.782759192287628,46.87500000000007
5.609999999999923,0,1,2.7809799220741382,2.7809799220741382,46.87500000000007
5.619999999999923,0,1,2.7792001372149002,2.7792001372149002,46.87500000000007
5.629999999999923,0,1,2.7774187047184142,2.7774187047184142,46.87500000000007
5.639999999999922,0,1,2.775653467803025,2.775653467803025,46.87500000000007
5.649999999999922,0,1,2.7738994049739034,2.7738994049739034,46.87500000000007
5.659999999999922,0,1,2.7721447852829044,2.7721447852829044,46.87500000000007
5.669999999999922,0,1,2.770389609576611,2.770389609576611,46.87500000000007
5.679999999999922,0,1,2.7686338786984095,2.7686338786984095,46.87500000000007
5.689999999999921,0,1,2.7668775934884025,2.7668775934884025,46.87500000000007
5.699999999999921,0,1,2.7436916268537885,2.7436916268537885,46.87500000000007
5.709999999999921,0,1,2.7419125293621534,2.7419125293621534,46.87500000000007
5.719999999999921,0,1,2.7401329098461957,2.7401329098461957,46.87500000000007
5.7299999999999205,0,1,2.7383527690433453,2.7383527690433453,46.87500000000007
5.73999999999992,0,1,2.72976204730719,2.72976204730719,46.87500000000007
5.74999999999992,0,1,2.7279840750135946,2.7279840750135946,46.87500000000007
5.75999999999992,0,1,2.7262055784471357,2.7262055784471357,46.87500000000007
5.76999999999992,0,1,2.7244265583519933,2.7244265583519933,46.87500000000007
5.779999999999919,0,1,2.7226470154693203,2.7226470154693203,46.87500000000007
5.789999999999919,0,1,2.7208669505379106,2.7208669505379106,46.87500000000007
5.799999999999919,0,1,2.7190863642939433,2.7190863642939433,46.87500000000007
5.809999999999919,0,1,2.7172944216183055,2.7172944216183055,46.87500000000007
5.819999999999919,0,1,2.715512729429406,2.715512729429406,46.87500000000007
5.829999999999918,0,1,2.7137305179894327,2.7137305179894327,46.87500000000007
5.839999999999918,0,1,2.7119507624003347,2.7119507624003347,46.87500000000007
5.849999999999918,0,1,2.710197181081554,2.710197181081554,46.87500000000007
5.859999999999918,0,1,2.708443035174355,2.708443035174355,46.87500000000007
5.8699999999999175,0,1,2.694837614909872,2.694837614909872,46.87500000000007
5.879999999999917,0,1,2.6930576801061505,2.6930576801061505,46.87500000000007
5.889999999999917,0,1,2.691277220782524,2.691277220782524,46.87500000000007
5.899999999999917,0,1,2.689496237684125,2.689496237684125,46.87500000000007
5.909999999999917,0,1,2.687721245832307,2.687721245832307,46.87500000000007
5.919999999999916,0,1,2.685956128313336,2.685956128313336,46.87500000000007
5.929999999999916,0,1,2.6842148728868835,2.6842148728868835,46.87500000000007
5.939999999999916,0,1,2.682478769620033,2.682478769620033,46.87500000000007
5.949999999999916,0,1,2.6807420818893206,2.6807420818893206,46.87500000000007
5.959999999999916,0,1,2.679004810617556,2.679004810617556,46.87500000000007
5.969999999999915,0,1,2.677255074922698,2.677255074922698,46.87500000000007
5.979999999999915,0,1,2.675503273547889,2.675503273547889,46.87500000000007
5.989999999999915,0,1,2.673756664960365,2.673756664960365,46.87500000000007
5.999999999999915,0,1,2.6720093501570403,2.6720093501570403,46.87500000000007
6.0099999999999145,0,1,2.6702606567887273,2.6702606567887273,46.87500000000007
6.019999999999914,0,1,2.668511217207879,2.668511217207879,46.87500000000007
6.029999999999914,0,1,2.666761032738279,2.666761032738279,46.87500000000007
6.039999999999914,0,1,2.665010104698837,2.665010104698837,46.87500000000007
6.049999999999914,0,1,2.6632584344034598,2.6632584344034598,46.87500000000007
6.0599999999999135,0,1,2.6615060231608254,2.6615060231608254,46.87500000000007
6.069999999999913,0,1,2.6597528722747086,2.6597528722747086,46.87500000000007
6.079999999999913,0,1,2.657998983044024,2.657998983044024,46.87500000000007
6.089999999999913,0,1,2.656244313415897,2.656244313415897,46.87500000000007
6.099999999999913,0,1,2.654488096816891,2.654488096816891,46.87500000000007
6.109999999999912,0,1,2.6527311467007877,2.6527311467007877,46.87500000000007
6.119999999999912,0,1,2.6509510620302734,2.6509510620302734,46.87500000000007
6.129999999999912,0,1,2.6491701646229586,2.6491701646229586,46.87500000000007
6.139999999999912,0,1,2.6473887591996856,2.6473887591996856,46.87500000000007
6.1499999999999115,0,1,2.6456068464402165,2.6456068464402165,46.87500000000007
6.159999999999911,0,1,2.643824427022153,2.643824427022153,46.87500000000007
6.169999999999911,0,1,2.6420541127650665,2.6420541127650665,46.87500000000007
6.179999999999911,0,1,2.640298286987516,2.640298286987516,46.87500000000007
6.189999999999911,0,1,2.6385419114943005,2.6385419114943005,46.87500000000007
6.1999999999999105,0,1,2.636784987102203,2.636784987102203,46.87500000000007
6.20999999999991,0,1,2.6134295798893987,2.6134295798893987,46.87500000000007
6.21999999999991,0,1,2.6116496419023036,2.6116496419023036,46.87500000000007
6.22999999999991,0,1,2.6098691875586297,2.6098691875586297,46.87500000000007
6.23999999999991,0,1,2.608088217573041,2.608088217573041,46.87500000000007
6.249999999999909,0,1,2.6063067326577993,2.6063067326577993,46.87500000000007
6.259999999999909,0,1,2.604524733522595,2.604524733522595,46.87500000000007
6.269999999999909,0,1,2.602742220874447,2.602742220874447,46.87500000000007
6.279999999999909,0,1,2.6009591954178717,2.6009591954178717,46.87500000000007
6.2899999999999086,0,1,2.599175657855028,2.599175657855028,46.87500000000007
6.299999999999908,0,1,2.597391608885232,2.597391608885232,46.87500000000007
6.309999999999908,0,1,2.5956070492054835,2.5956070492054835,46.87500000000007
6.319999999999908,0,1,2.5869691897897837,2.5869691897897837,46.87500000000007
6.329999999999908,0,1,2.5851868453356843,2.5851868453356843,46.87500000000007
6.3399999999999075,0,1,2.5834039872065233,2.5834039872065233,46.87500000000007
6.349999999999907,0,1,2.5816206161057096,2.5816206161057096,46.87500000000007
6.359999999999907,0,1,2.579836732734549,2.579836732734549,46.87500000000007
6.369999999999907,0,1,2.578053043907545,2.578053043907545,46.87500000000007
6.379999999999907,0,1,2.576298178264551,2.576298178264551,46.87500000000007
6.389999999999906,0,1,2.574542754863131,2.574542754863131,46.87500000000007
6.399999999999906,0,1,2.5727867745510196,2.5727867745510196,46.87500000000007
6.409999999999906,0,1,2.559046434761001,2.559046434761001,46.87500000000007
6.419999999999906,0,1,2.55726413155611,2.55726413155611,46.87500000000007
6.429999999999906,0,1,2.5554813042379294,2.5554813042379294,46.87500000000007
6.439999999999905,0,1,2.5536979535448836,2.5536979535448836,46.87500000000007
6.449999999999905,0,1,2.551914080212711,2.551914080212711,46.87500000000007
6.459999999999905,0,1,2.5501515042810894,2.5501515042810894,46.87500000000007
6.469999999999905,0,1,2.5483966966478278,2.5483966966478278,46.87500000000007
6.4799999999999045,0,1,2.5466413202528173,2.5466413202528173,46.87500000000007
6.489999999999904,0,1,2.544885375981849,2.544885375981849,46.87500000000007
6.499999999999904,0,1,2.543128864717289,2.543128864717289,46.87500000000007
6.509999999999904,0,1,2.541377467539391,2.541377467539391,46.87500000000007
6.519999999999904,0,1,2.539625480889214,2.539625480889214,46.87500000000007
6.529999999999903,0,1,2.537887326439545,2.537887326439545,46.87500000000007
6.539999999999903,0,1,2.536151115765989,2.536151115765989,46.87500000000007
6.549999999999903,0,1,2.53441411727421,2.53441411727421,46.87500000000007
6.559999999999903,0,1,2.532676332425382,2.532676332425382,46.87500000000007
6.569999999999903,0,1,2.5309377626751655,2.5309377626751655,46.87500000000007
6.579999999999902,0,1,2.5291984094735795,2.5291984094735795,46.87500000000007
6.589999999999902,0,1,2.527450515706221,2.527450515706221,46.87500000000007
6.599999999999902,0,1,2.525696188313532,2.525696188313532,46.87500000000007
6.609999999999902,0,1,2.523941104710758,2.523941104710758,46.87500000000007
6.6199999999999015,0,1,2.5221852662548656,2.5221852662548656,46.87500000000007
6.629999999999901,0,1,2.5204286742976905,2.5204286742976905,46.87500000000007
6.639999999999901,0,1,2.51865016927826,2.51865016927826,46.87500000000007
6.649999999999901,0,1,2.5168693071743746,2.5168693071743746,46.87500000000007
6.659999999999901,0,1,2.5150879206256036,2.5150879206256036,46.87500000000007
6.6699999999999005,0,1,2.51330601035761,2.51330601035761,46.87500000000007
6.6799999999999,0,1,2.511522987012526,2.511522987012526,46.87500000000007
6.6899999999999,0,1,2.5097391840634913,2.5097391840634913,46.87500000000007
6.6999999999999,0,1,2.5079652042307856,2.5079652042307856,46.87500000000007
6.7099999999999,0,1,2.506209424364215,2.506209424364215,46.87500000000007
6.719999999999899,0,1,2.5044519899730346,2.5044519899730346,46.87500000000007
6.729999999999899,0,1,2.480911784263867,2.480911784263867,46.87500000000007
6.739999999999899,0,1,2.4791311030918166,2.4791311030918166,46.87500000000007
6.749999999999899,0,1,2.4773498898168214,2.4773498898168214,46.87500000000007
6.7599999999998985,0,1,2.475568145198693,2.475568145198693,46.87500000000007
6.769999999999898,0,1,2.473785869994387,2.473785869994387,46.87500000000007
6.779999999999898,0,1,2.47200306495823,2.47200306495823,46.87500000000007
6.789999999999898,0,1,2.470219730841862,2.470219730841862,46.87500000000007
6.799999999999898,0,1,2.468435868394053,2.468435868394053,46.87500000000007
6.8099999999998975,0,1,2.4666427681336387,2.4666427681336387,46.87500000000007
6.819999999999897,0,1,2.464857644314648,2.464857644314648,46.87500000000007
6.829999999999897,0,1,2.4630719921851068,2.4630719921851068,46.87500000000007
6.839999999999897,0,1,2.461285812490388,2.461285812490388,46.87500000000007
6.849999999999897,0,1,2.4594991059731086,2.4594991059731086,46.87500000000007
6.859999999999896,0,1,2.4577292366549415,2.4577292366549415,46.87500000000007
6.869999999999896,0,1,2.4559717685962283,2.4559717685962283,46.87500000000007
6.879999999999896,0,1,2.4542137271126307,2.4542137271126307,46.87500000000007
6.889999999999896,0,1,2.4524551130981536,2.4524551130981536,46.87500000000007
6.8999999999998956,0,1,2.443664689326482,2.443664689326482,46.87500000000007
6.909999999999895,0,1,2.441906744740834,2.441906744740834,46.87500000000007
6.919999999999895,0,1,2.4401499716864095,2.4401499716864095,46.87500000000007
6.929999999999895,0,1,2.438392623557803,2.438392623557803,46.87500000000007
6.939999999999895,0,1,2.4366347012534675,2.4366347012534675,46.87500000000007
6.9499999999998945,0,1,2.4227757107703383,2.4227757107703383,46.87500000000007
6.959999999999894,0,1,2.420991538047062,2.420991538047062,46.87500000000007
6.969999999999894,0,1,2.4192068324248623,2.4192068324248623,46.87500000000007
6.979999999999894,0,1,2.417421594664063,2.417421594664063,46.87500000000007
6.989999999999894,0,1,2.415656643575474,2.415656643575474,46.87500000000007
6.999999999999893,0,1,2.413900822333929,2.413900822333929,46.87500000000007
7.009999999999893,0,1,2.4121444217662997,2.4121444217662997,46.87500000000007
7.019999999999893,0,1,2.4103877389167394,2.4103877389167394,46.87500000000007
7.029999999999893,0,1,2.4086360901413144,2.4086360901413144,46.87500000000007
7.039999999999893,0,1,2.4068836563825045,2.4068836563825045,46.87500000000007
7.049999999999892,0,1,2.405130439108177,2.405130439108177,46.87500000000007
7.059999999999892,0,1,2.4033764397807715,2.4033764397807715,46.87500000000007
7.069999999999892,0,1,2.4016216598569144,2.4016216598569144,46.87500000000007
7.079999999999892,0,1,2.39986610078779,2.39986610078779,46.87500000000007
7.0899999999998915,0,1,2.3981097640189546,2.3981097640189546,46.87500000000007
7.099999999999891,0,1,2.3963526509903943,2.3963526509903943,46.87500000000007
7.109999999999891,0,1,2.394594763136709,2.394594763136709,46.87500000000007
7.119999999999891,0,1,2.392836101886985,2.392836101886985,46.87500000000007
7.129999999999891,0,1,2.391076668664809,2.391076668664809,46.87500000000007
7.13999999999989,0,1,2.3893215853127856,2.3893215853127856,46.87500000000007
7.14999999999989,0,1,2.3875779562210226,2.3875779562210226,46.87500000000007
7.15999999999989,0,1,2.385814101077756,2.385814101077756,46.87500000000007
7.16999999999989,0,1,2.3840456829891394,2.3840456829891394,46.87500000000007
7.17999999999989,0,1,2.382276711008359,2.382276711008359,46.87500000000007
7.189999999999889,0,1,2.3805071859371765,2.3805071859371765,46.87500000000007
7.199999999999889,0,1,2.378737108574427,2.378737108574427,46.87500000000007
7.209999999999889,0,1,2.376953209558266,2.376953209558266,46.87500000000007
7.219999999999889,0,1,2.3751686299496555,2.3751686299496555,46.87500000000007
7.2299999999998885,0,1,2.3733904680460682,2.3733904680460682,46.87500000000007
7.239999999999888,0,1,2.371635347354868,2.371635347354868,46.87500000000007
7.249999999999888,0,1,2.3479187491087856,2.3479187491087856,46.87500000000007
7.259999999999888,0,1,2.3461376773982607,2.3461376773982607,46.87500000000007
7.269999999999888,0,1,2.3443554994662605,2.3443554994662605,46.87500000000007
7.2799999999998875,0,1,2.342572778944586,2.342572778944586,46.87500000000007
7.289999999999887,0,1,2.3407895166207737,2.3407895166207737,46.87500000000007
7.299999999999887,0,1,2.3390057132794198,2.3390057132794198,46.87500000000007
7.309999999999887,0,1,2.337221369702121,2.337221369702121,46.87500000000007
7.319999999999887,0,1,2.3354364866680584,2.3354364866680584,46.87500000000007
7.329999999999886,0,1,2.3336510649532727,2.3336510649532727,46.87500000000007
7.339999999999886,0,1,2.441117971731259,2.441117971731259,47.250000000000064
7.349999999999886,0,1,2.4393051159999857,2.4393051159999857,47.250000000000064
7.359999999999886,0,1,2.437491731148725,2.437491731148725,47.250000000000064
7.3699999999998855,0,1,2.4356778179298857,2.4356778179298857,47.250000000000064
7.379999999999885,0,1,2.433863377092848,2.433863377092848,47.250000000000064
7.389999999999885,0,1,2.4320640116324483,2.4320640116324483,47.250000000000064
7.399999999999885,0,1,2.4302788979309895,2.4302788979309895,47.250000000000064
7.409999999999885,0,1,2.428493209681122,2.428493209681122,47.250000000000064
7.4199999999998845,0,1,2.4267075087957295,2.4267075087957295,47.250000000000064
7.429999999999884,0,1,2.4249265516996985,2.4249265516996985,47.250000000000064
7.439999999999884,0,1,2.4110218600251017,2.4110218600251017,47.250000000000064
7.449999999999884,0,1,2.409208789232551,2.409208789232551,47.250000000000064
7.459999999999884,0,1,2.407395187003033,2.407395187003033,47.250000000000064
7.469999999999883,0,1,2.405589045602909,2.405589045602909,47.250000000000064
7.479999999999883,0,1,2.4089707620862555,2.4089707620862555,47.250000000000064
7.489999999999883,0,1,2.3950486844447454,2.3950486844447454,47.250000000000064
7.499999999999883,0,1,2.393236249142703,2.393236249142703,47.250000000000064
7.5099999999998825,0,1,2.391423280985009,2.391423280985009,47.250000000000064
7.519999999999882,0,1,2.3896300680179223,2.3896300680179223,47.250000000000064
7.529999999999882,0,1,2.3878465998208895,2.3878465998208895,47.250000000000064
7.539999999999882,0,1,2.38606350491969,2.38606350491969,47.250000000000064
7.549999999999882,0,1,2.3842847703865715,2.3842847703865715,47.250000000000064
7.5599999999998815,0,1,2.3825052487785143,2.3825052487785143,47.250000000000064
7.569999999999881,0,1,2.3807249415774976,2.3807249415774976,47.250000000000064
7.579999999999881,0,1,2.378943850259631,2.378943850259631,47.250000000000064
7.589999999999881,0,1,2.3771619762955964,2.3771619762955964,47.250000000000064
7.599999999999881,0,1,2.375379321150234,2.375379321150234,47.250000000000064
7.60999999999988,0,1,2.3735847811098267,2.3735847811098267,47.250000000000064
7.61999999999988,0,1,2.3718004460323385,2.3718004460323385,47.250000000000064
7.62999999999988,0,1,2.3700153336478564,2.3700153336478564,47.250000000000064
7.63999999999988,0,1,2.3682294454016244,2.3682294454016244,47.250000000000064
7.64999999999988,0,1,2.366442782733131,2.366442782733131,47.250000000000064
7.659999999999879,0,1,2.364655347076692,2.364655347076692,47.250000000000064
7.669999999999879,0,1,2.3628671398609242,2.3628671398609242,47.250000000000064
7.679999999999879,0,1,2.3610601198102614,2.3610601198102614,47.250000000000064
7.689999999999879,0,1,2.359247351892165,2.359247351892165,47.250000000000064
7.6999999999998785,0,1,2.3574340436491354,2.3574340436491354,47.250000000000064
7.709999999999878,0,1,2.3556201958666634,2.3556201958666634,47.250000000000064
7.719999999999878,0,1,2.3538058093270138,2.3538058093270138,47.250000000000064
7.729999999999878,0,1,2.351990884809865,2.351990884809865,47.250000000000064
7.739999999999878,0,1,2.3501754230922245,2.3501754230922245,47.250000000000064
7.749999999999877,0,1,2.3483594249479864,2.3483594249479864,47.250000000000064
7.759999999999877,0,1,2.346557172426003,2.346557172426003,47.250000000000064
7.769999999999877,0,1,2.322843921972037,2.322843921972037,47.250000000000064
7.779999999999877,0,1,2.3210515416410544,2.3210515416410544,47.250000000000064
7.789999999999877,0,1,2.3192574955763092,2.3192574955763092,47.250000000000064
7.799999999999876,0,1,2.317461796850111,2.317461796850111,47.250000000000064
7.809999999999876,0,1,2.3156655350865663,2.3156655350865663,47.250000000000064
7.819999999999876,0,1,2.3138687111297855,2.3138687111297855,47.250000000000064
7.829999999999876,0,1,2.3120713258209094,2.3120713258209094,47.250000000000064
7.8399999999998755,0,1,2.3102621164224217,2.3102621164224217,47.250000000000064
7.849999999999875,0,1,2.3084495420696953,2.3084495420696953,47.250000000000064
7.859999999999875,0,1,2.306636428907055,2.306636428907055,47.250000000000064
7.869999999999875,0,1,2.3048227777124026,2.3048227777124026,47.250000000000064
7.879999999999875,0,1,2.3030085892611396,2.3030085892611396,47.250000000000064
7.8899999999998744,0,1,2.3011938643254553,2.3011938643254553,47.250000000000064
7.899999999999874,0,1,2.2993786036752653,2.2993786036752653,47.250000000000064
7.909999999999874,0,1,2.2975628080774158,2.2975628080774158,47.250000000000064
7.919999999999874,0,1,2.295761068284989,2.295761068284989,47.250000000000064
7.929999999999874,0,1,2.293974938479465,2.293974938479465,47.250000000000064
7.939999999999873,0,1,2.2921893726417437,2.2921893726417437,47.250000000000064
7.949999999999873,0,1,2.290407996190609,2.290407996190609,47.250000000000064
7.959999999999873,0,1,2.288625829701388,2.288625829701388,47.250000000000064
7.969999999999873,0,1,2.286842874658717,2.286842874658717,47.250000000000064
7.9799999999998725,0,1,2.2728044158129848,2.2728044158129848,47.250000000000064
7.989999999999872,0,1,2.2709894975607483,2.2709894975607483,47.250000000000064
7.999999999999872,0,1,2.2691817123246096,2.2691817123246096,47.250000000000064
8.009999999999872,0,1,2.267384846963097,2.267384846963097,47.250000000000064
8.019999999999872,0,1,2.2656021998173657,2.2656021998173657,47.250000000000064
8.029999999999871,0,1,2.263821652496162,2.263821652496162,47.250000000000064
8.039999999999871,0,1,2.26204031001528,2.26204031001528,47.250000000000064
8.049999999999871,0,1,2.2602581738800183,2.2602581738800183,47.250000000000064
8.05999999999987,0,1,2.258475245589679,2.258475245589679,47.250000000000064
8.06999999999987,0,1,2.249589624587628,2.249589624587628,47.250000000000064
8.07999999999987,0,1,2.247809618772706,2.247809618772706,47.250000000000064
8.08999999999987,0,1,2.2460288161022675,2.2460288161022675,47.250000000000064
8.09999999999987,0,1,2.244247218086656,2.244247218086656,47.250000000000064
8.10999999999987,0,1,2.2424648262303606,2.2424648262303606,47.250000000000064
8.11999999999987,0,1,2.2406816420320013,2.2406816420320013,47.250000000000064
8.12999999999987,0,1,2.238897666984755,2.238897666984755,47.250000000000064
8.13999999999987,0,1,2.2371129025756744,2.2371129025756744,47.250000000000064
8.149999999999869,0,1,2.235327350286596,2.235327350286596,47.250000000000064
8.159999999999869,0,1,2.23354101159336,2.23354101159336,47.250000000000064
8.169999999999868,0,1,2.231753887966363,2.231753887966363,47.250000000000064
8.179999999999868,0,1,2.229965980870375,2.229965980870375,47.250000000000064
8.189999999999868,0,1,2.2281772917646663,2.2281772917646663,47.250000000000064
8.199999999999868,0,1,2.2263697303761063,2.2263697303761063,47.250000000000064
8.209999999999868,0,1,2.224556230623776,2.224556230623776,47.250000000000064
8.219999999999867,0,1,2.222742182541495,2.222742182541495,47.250000000000064
8.229999999999867,0,1,2.220927586934252,2.220927586934252,47.250000000000064
8.239999999999867,0,1,2.2191124446041215,2.2191124446041215,47.250000000000064
8.249999999999867,0,1,2.2172967563505352,2.2172967563505352,47.250000000000064
8.259999999999867,0,1,2.2154805229697843,2.2154805229697843,47.250000000000064
8.269999999999866,0,1,2.213663745255502,2.213663745255502,47.250000000000064
8.279999999999866,0,1,2.211846423998523,2.211846423998523,47.250000000000064
8.289999999999866,0,1,2.18791686666259,2.18791686666259,47.250000000000064
8.299999999999866,0,1,2.1861067975810897,2.1861067975810897,47.250000000000064
8.309999999999865,0,1,2.1842961700123595,2.1842961700123595,47.250000000000064
8.319999999999865,0,1,2.1829293703768258,2.1829293703768258,47.250000000000064
8.329999999999865,0,1,2.1836846644733328,2.1836846644733328,47.250000000000064
8.339999999999865,0,1,2.1844412778113025,2.1844412778113025,47.250000000000064
8.349999999999865,0,1,2.1851982413082567,2.1851982413082567,47.250000000000064
8.359999999999864,0,1,2.1859555533119988,2.1859555533119988,47.250000000000064
8.369999999999864,0,1,2.1867117937445357,2.1867117937445357,47.250000000000064
8.379999999999864,0,1,2.1874531492673412,2.1874531492673412,47.250000000000064
8.389999999999864,0,1,2.1881948784411662,2.1881948784411662,47.250000000000064
8.399999999999864,0,1,2.1889369795777043,2.1889369795777043,47.250000000000064
8.409999999999863,0,1,2.189732498154939,2.189732498154939,47.250000000000064
8.419999999999863,0,1,2.1904757571461033,2.1904757571461033,47.250000000000064
8.429999999999863,0,1,2.191219974721591,2.191219974721591,47.250000000000064
8.439999999999863,0,1,2.191964809215534,2.191964809215534,47.250000000000064
8.449999999999863,0,1,2.1926972137846548,2.1926972137846548,47.250000000000064
8.459999999999862,0,1,2.19341597840112,2.19341597840112,47.250000000000064
8.469999999999862,0,1,2.194139025370845,2.194139025370845,47.250000000000064
8.479999999999862,0,1,2.1948626863491256,2.1948626863491256,47.250000000000064
8.489999999999862,0,1,2.195586958694051,2.195586958694051,47.250000000000064
8.499999999999861,0,1,2.196311839773216,2.196311839773216,47.250000000000064
8.509999999999861,0,1,2.1970373269635814,2.1970373269635814,47.250000000000064
8.519999999999861,0,1,2.209707345678652,2.209707345678652,47.250000000000064
8.52999999999986,0,1,2.2104509841931304,2.2104509841931304,47.250000000000064
8.53999999999986,0,1,2.2111678898509552,2.2111678898509552,47.250000000000064
8.54999999999986,0,1,2.2118834857428595,2.2118834857428595,47.250000000000064
8.55999999999986,0,1,2.212599698990985,2.212599698990985,47.250000000000064
8.56999999999986,0,1,2.2133165269418527,2.2133165269418527,47.250000000000064
8.57999999999986,0,1,2.2140339669513907,2.2140339669513907,47.250000000000064
8.58999999999986,0,1,2.214752016384722,2.214752016384722,47.250000000000064
8.59999999999986,0,1,2.215470672616661,2.215470672616661,47.250000000000064
8.609999999999859,0,1,2.2161899330310604,2.2161899330310604,47.250000000000064
8.619999999999859,0,1,2.2169097950213654,2.2169097950213654,47.250000000000064
8.629999999999859,0,1,2.2176302559901586,2.2176302559901586,47.250000000000064
8.639999999999858,0,1,2.218351313348876,2.218351313348876,47.250000000000064
8.649999999999858,0,1,2.225911281242844,2.225911281242844,47.250000000000064
8.659999999999858,0,1,2.2266262532265273,2.2266262532265273,47.250000000000064
8.669999999999858,0,1,2.2273418273358914,2.2273418273358914,47.250000000000064
8.679999999999858,0,1,2.228058000974599,2.228058000974599,47.250000000000064
8.689999999999857,0,1,2.2287747715560613,2.2287747715560613,47.250000000000064
8.699999999999857,0,1,2.229492136502131,2.229492136502131,47.250000000000064
8.709999999999857,0,1,2.230210093244054,2.230210093244054,47.250000000000064
8.719999999999857,0,1,2.2309462484425495,2.2309462484425495,47.250000000000064
8.729999999999857,0,1,2.231687745162816,2.231687745162816,47.250000000000064
8.739999999999856,0,1,2.232429585443356,2.232429585443356,47.250000000000064
8.749999999999856,0,1,2.233171767670001,2.233171767670001,47.250000000000064
8.759999999999856,0,1,2.233914290233855,2.233914290233855,47.250000000000064
8.769999999999856,0,1,2.2346571515306266,2.2346571515306266,47.250000000000064
8.779999999999855,0,1,2.23540034996158,2.23540034996158,47.250000000000064
8.789999999999855,0,1,2.23614388393257,2.23614388393257,47.250000000000064
8.799999999999855,0,1,2.2580704787591515,2.2580704787591515,47.250000000000064
8.809999999999855,0,1,2.2588501863663026,2.2588501863663026,47.250000000000064
8.819999999999855,0,1,2.2595775159923335,2.2595775159923335,47.250000000000064
8.829999999999854,0,1,2.2603052038905247,2.2603052038905247,47.250000000000064
8.839999999999854,0,1,2.261033248400011,2.261033248400011,47.250000000000064
8.849999999999854,0,1,2.261761647865441,2.261761647865441,47.250000000000064
8.859999999999854,0,1,2.262490400636608,2.262490400636608,47.250000000000064
8.869999999999854,0,1,2.2632208024509453,2.2632208024509453,47.250000000000064
8.879999999999853,0,1,2.263952336765712,2.263952336765712,47.250000000000064
8.889999999999853,0,1,2.264684216153668,2.264684216153668,47.250000000000064
8.899999999999853,0,1,2.2654164389921903,2.2654164389921903,47.250000000000064
8.909999999999853,0,1,2.2661490036646654,2.2661490036646654,47.250000000000064
8.919999999999852,0,1,2.2668819085590144,2.2668819085590144,47.250000000000064
8.929999999999852,0,1,2.267615152068686,2.267615152068686,47.250000000000064
8.939999999999852,0,1,2.2683487325919174,2.2683487325919174,47.250000000000064
8.949999999999852,0,1,2.26908264853229,2.26908264853229,47.250000000000064
8.959999999999852,0,1,2.2698168982981315,2.2698168982981315,47.250000000000064
8.969999999999851,0,1,2.2705514803030553,2.2705514803030553,47.250000000000064
8.979999999999851,0,1,2.271273955593955,2.271273955593955,47.250000000000064
8.989999999999851,0,1,2.2719672596565204,2.2719672596565204,47.250000000000064
8.99999999999985,0,1,2.2726515134645666,2.2726515134645666,47.250000000000064
9.00999999999985,0,1,2.2733395868188353,2.2733395868188353,47.250000000000064
9.01999999999985,0,1,2.274028710024268,2.274028710024268,47.250000000000064
9.02999999999985,0,1,2.2747183961086392,2.2747183961086392,47.250000000000064
9.03999999999985,0,1,2.2754086424999542,2.2754086424999542,47.250000000000064
9.04999999999985,0,1,2.276099446635399,2.276099446635399,47.250000000000064
9.05999999999985,0,1,2.288515383608484,2.288515383608484,47.250000000000064
9.06999999999985,0,1,2.28919516985421,2.28919516985421,47.250000000000064
9.079999999999849,0,1,2.2898755302071265,2.2898755302071265,47.250000000000064
9.089999999999849,0,1,2.2905681763491685,2.2905681763491685,47.250000000000064
9.099999999999849,0,1,2.291262362835056,2.291262362835056,47.250000000000064
9.109999999999848,0,1,2.291957083160284,2.291957083160284,47.250000000000064
9.119999999999848,0,1,2.292652334842103,2.292652334842103,47.250000000000064
9.129999999999848,0,1,2.2933481154064026,2.2933481154064026,47.250000000000064
9.139999999999848,0,1,2.294044422388069,2.294044422388069,47.250000000000064
9.149999999999848,0,1,2.294741253330585,2.294741253330585,47.250000000000064
9.159999999999847,0,1,2.2954386057861456,2.2954386057861456,47.250000000000064
9.169999999999847,0,1,2.2961364773154003,2.2961364773154003,47.250000000000064
9.179999999999847,0,1,2.2968348654878383,2.2968348654878383,47.250000000000064
9.189999999999847,0,1,2.297534789833705,2.297534789833705,47.250000000000064
9.199999999999847,0,1,2.298256350845051,2.298256350845051,47.250000000000064
9.209999999999846,0,1,2.2989781851879343,2.2989781851879343,47.250000000000064
9.219999999999846,0,1,2.2997002913514706,2.2997002913514706,47.250000000000064
9.229999999999846,0,1,2.307000559286948,2.307000559286948,47.250000000000064
9.239999999999846,0,1,2.3077122884442645,2.3077122884442645,47.250000000000064
9.249999999999845,0,1,2.3084291396149865,2.3084291396149865,47.250000000000064
9.259999999999845,0,1,2.3091462656164055,2.3091462656164055,47.250000000000064
9.269999999999845,0,1,2.3098636649365716,2.3098636649365716,47.250000000000064
9.279999999999845,0,1,2.310581336068239,2.310581336068239,47.250000000000064
9.289999999999845,0,1,2.3112992775092636,2.3112992775092636,47.250000000000064
9.299999999999844,0,1,2.3120174877617927,2.3120174877617927,47.250000000000064
9.309999999999844,0,1,2.312735965333246,2.312735965333246,47.250000000000064
9.319999999999844,0,1,2.3342527270319806,2.3342527270319806,47.250000000000064
9.329999999999844,0,1,2.3349544005919256,2.3349544005919256,47.250000000000064
9.339999999999844,0,1,2.335656364577545,2.335656364577545,47.250000000000064
9.349999999999843,0,1,2.3363586174263418,2.3363586174263418,47.250000000000064
9.359999999999843,0,1,2.3370611575814877,2.3370611575814877,47.250000000000064
9.369999999999843,0,1,2.337763983490845,2.337763983490845,47.250000000000064
9.379999999999843,0,1,2.3384670936072354,2.3384670936072354,47.250000000000064
9.389999999999842,0,1,2.3391704863885394,2.3391704863885394,47.250000000000064
9.399999999999842,0,1,2.339874160297441,2.339874160297441,47.250000000000064
9.409999999999842,0,1,2.3406104670966386,2.3406104670966386,47.250000000000064
9.419999999999842,0,1,2.3413182430736867,2.3413182430736867,47.250000000000064
9.429999999999842,0,1,2.342026327818189,2.342026327818189,47.250000000000064
9.439999999999841,0,1,2.3427347197767148,2.3427347197767148,47.250000000000064
9.449999999999841,0,1,2.3434434174000813,2.3434434174000813,47.250000000000064
9.459999999999841,0,1,2.3441524191444927,2.3441524191444927,47.250000000000064
9.46999999999984,0,1,2.3448617234707,2.3448617234707,47.250000000000064
9.47999999999984,0,1,2.345571328844514,2.345571328844514,47.250000000000064
9.48999999999984,0,1,2.3462812337368177,2.3462812337368177,47.250000000000064
9.49999999999984,0,1,2.3469884414540445,2.3469884414540445,47.250000000000064
9.50999999999984,0,1,2.3476829353293738,2.3476829353293738,47.250000000000064
9.51999999999984,0,1,2.3483594891691837,2.3483594891691837,47.250000000000064
9.52999999999984,0,1,2.34903660950188,2.34903660950188,47.250000000000064
9.53999999999984,0,1,2.349714293791905,2.349714293791905,47.250000000000064
9.549999999999839,0,1,2.3503925395125265,2.3503925395125265,47.250000000000064
9.559999999999839,0,1,2.351071344146007,2.351071344146007,47.250000000000064
9.569999999999839,0,1,2.3517507051836475,2.3517507051836475,47.250000000000064
9.579999999999838,0,1,2.3524306201255882,2.3524306201255882,47.250000000000064
9.589999999999838,0,1,2.364601000588621,2.364601000588621,47.250000000000064
9.599999999999838,0,1,2.365270973423989,2.365270973423989,47.250000000000064
9.609999999999838,0,1,2.3659299794685893,2.3659299794685893,47.250000000000064
9.619999999999838,0,1,2.3665850568200284,2.3665850568200284,47.250000000000064
9.629999999999837,0,1,2.3672407306227825,2.3672407306227825,47.250000000000064
9.639999999999837,0,1,2.3678969982684777,2.3678969982684777,47.250000000000064
9.649999999999837,0,1,2.368553857158062,2.368553857158062,47.250000000000064
9.659999999999837,0,1,2.369211304702006,2.369211304702006,47.250000000000064
9.669999999999837,0,1,2.369869338319745,2.369869338319745,47.250000000000064
9.679999999999836,0,1,2.4798211852243384,2.4798211852243384,47.62500000000007
9.689999999999836,0,1,2.480476058604026,2.480476058604026,47.62500000000007
9.699999999999836,0,1,2.481131516507233,2.481131516507233,47.62500000000007
9.709999999999836,0,1,2.481793924428345,2.481793924428345,47.62500000000007
9.719999999999835,0,1,2.4824850422200058,2.4824850422200058,47.62500000000007
9.729999999999835,0,1,2.4831764695619967,2.4831764695619967,47.62500000000007
9.739999999999835,0,1,2.4838682049006167,2.4838682049006167,47.62500000000007
9.749999999999835,0,1,2.4845602466873373,2.4845602466873373,47.62500000000007
9.759999999999835,0,1,2.485252593378533,2.485252593378533,47.62500000000007
9.769999999999834,0,1,2.4859452434352534,2.4859452434352534,47.62500000000007
9.779999999999834,0,1,2.486638195323593,2.486638195323593,47.62500000000007
9.789999999999834,0,1,2.487331447514464,2.487331447514464,47.62500000000007
9.799999999999834,0,1,2.5087440071758778,2.5087440071758778,47.62500000000007
9.809999999999834,0,1,2.495250401339476,2.495250401339476,47.62500000000007
9.819999999999833,0,1,2.49593955629274,2.49593955629274,47.62500000000007
9.829999999999833,0,1,2.496629025780308,2.496629025780308,47.62500000000007
9.839999999999833,0,1,2.5180011155253226,2.5180011155253226,47.62500000000007
9.849999999999833,0,1,2.5186739409904106,2.5186739409904106,47.62500000000007
9.859999999999832,0,1,2.5193471039106754,2.5193471039106754,47.62500000000007
9.869999999999832,0,1,2.5200206026694048,2.5200206026694048,47.62500000000007
9.879999999999832,0,1,2.52069443565469,2.52069443565469,47.62500000000007
9.889999999999832,0,1,2.521368601259937,2.521368601259937,47.62500000000007
9.899999999999832,0,1,2.5220430978837527,2.5220430978837527,47.62500000000007
9.909999999999831,0,1,2.5227179239294912,2.5227179239294912,47.62500000000007
9.919999999999831,0,1,2.5233930778061335,2.5233930778061335,47.62500000000007
9.929999999999831,0,1,2.524068557927208,2.524068557927208,47.62500000000007
9.93999999999983,0,1,2.5247443627116866,2.5247443627116866,47.62500000000007
9.94999999999983,0,1,2.5254222515560656,2.5254222515560656,47.62500000000007
9.95999999999983,0,1,2.5261007142100027,2.5261007142100027,47.62500000000007
9.96999999999983,0,1,2.526779493615166,2.526779493615166,47.62500000000007
9.97999999999983,0,1,2.527458588217087,2.527458588217087,47.62500000000007
9.98999999999983,0,1,2.528137996466299,2.528137996466299,47.62500000000007
9.99999999999983,0,1,2.5288177168180823,2.5288177168180823,47.62500000000007
10.00999999999983,0,1,2.529497747732705,2.529497747732705,47.62500000000007
10.019999999999829,0,1,2.5301739432349137,2.5301739432349137,47.62500000000007
10.029999999999829,0,1,2.5308492769380706,2.5308492769380706,47.62500000000007
10.039999999999829,0,1,2.5315131098907386,2.5315131098907386,47.62500000000007
10.049999999999828,0,1,2.532160497215912,2.532160497215912,47.62500000000007
10.059999999999828,0,1,2.532808458489967,2.532808458489967,47.62500000000007
10.069999999999828,0,1,2.533456991175882,2.533456991175882,47.62500000000007
10.079999999999828,0,1,2.534106092746228,2.534106092746228,47.62500000000007
10.089999999999828,0,1,2.534755760682316,2.534755760682316,47.62500000000007
10.099999999999827,0,1,2.5354059924741392,2.5354059924741392,47.62500000000007
10.109999999999827,0,1,2.5360567856209286,2.5360567856209286,47.62500000000007
10.119999999999827,0,1,2.5367081376308107,2.5367081376308107,47.62500000000007
10.129999999999827,0,1,2.5487489113936874,2.5487489113936874,47.62500000000007
10.139999999999826,0,1,2.5493896478956373,2.5493896478956373,47.62500000000007
10.149999999999826,0,1,2.5500309587557837,2.5500309587557837,47.62500000000007
10.159999999999826,0,1,2.55067284143675,2.55067284143675,47.62500000000007
10.169999999999826,0,1,2.5513152934100845,2.5513152934100845,47.62500000000007
10.179999999999826,0,1,2.551959003616716,2.551959003616716,47.62500000000007
10.189999999999825,0,1,2.5526033741256526,2.5526033741256526,47.62500000000007
10.199999999999825,0,1,2.553248304819121,2.553248304819121,47.62500000000007
10.209999999999825,0,1,2.5539386600134435,2.5539386600134435,47.62500000000007
10.219999999999825,0,1,2.55458542570355,2.55458542570355,47.62500000000007
10.229999999999825,0,1,2.5552172858260604,2.5552172858260604,47.62500000000007
10.239999999999824,0,1,2.555871277508075,2.555871277508075,47.62500000000007
10.249999999999824,0,1,2.5565256204804996,2.5565256204804996,47.62500000000007
10.259999999999824,0,1,2.557180313115367,2.557180313115367,47.62500000000007
10.269999999999824,0,1,2.5578353537898124,2.5578353537898124,47.62500000000007
10.279999999999824,0,1,2.5584907408861994,2.5584907408861994,47.62500000000007
10.289999999999823,0,1,2.5591464727920226,2.5591464727920226,47.62500000000007
10.299999999999823,0,1,2.5598025478999205,2.5598025478999205,47.62500000000007
10.309999999999823,0,1,2.5808155862961826,2.5808155862961826,47.62500000000007
10.319999999999823,0,1,2.5814552307098495,2.5814552307098495,47.62500000000007
10.329999999999822,0,1,2.582095241121621,2.582095241121621,47.62500000000007
10.339999999999822,0,1,2.582745273397748,2.582745273397748,47.62500000000007
10.349999999999822,0,1,2.583397961202934,2.583397961202934,47.62500000000007
10.359999999999822,0,1,2.5840509821396296,2.5840509821396296,47.62500000000007
10.369999999999822,0,1,2.5847043346211223,2.5847043346211223,47.62500000000007
10.379999999999821,0,1,2.585358017065829,2.585358017065829,47.62500000000007
10.389999999999821,0,1,2.592392632483751,2.592392632483751,47.62500000000007
10.399999999999821,0,1,2.593029094985255,2.593029094985255,47.62500000000007
10.40999999999982,0,1,2.5936724181628676,2.5936724181628676,47.62500000000007
10.41999999999982,0,1,2.5943215142147125,2.5943215142147125,47.62500000000007
10.42999999999982,0,1,2.5949709412412147,2.5949709412412147,47.62500000000007
10.43999999999982,0,1,2.5956206976658223,2.5956206976658223,47.62500000000007
10.44999999999982,0,1,2.596270781916985,2.596270781916985,47.62500000000007
10.45999999999982,0,1,2.5969211924281694,2.5969211924281694,47.62500000000007
10.46999999999982,0,1,2.597571927637645,2.597571927637645,47.62500000000007
10.47999999999982,0,1,2.5982230722533615,2.5982230722533615,47.62500000000007
10.489999999999819,0,1,2.5988764253900456,2.5988764253900456,47.62500000000007
10.499999999999819,0,1,2.5995300954239724,2.5995300954239724,47.62500000000007
10.509999999999819,0,1,2.600184080820071,2.600184080820071,47.62500000000007
10.519999999999818,0,1,2.6008383800477617,2.6008383800477617,47.62500000000007
10.529999999999818,0,1,2.6014929893732415,2.6014929893732415,47.62500000000007
10.539999999999818,0,1,2.6021425401759046,2.6021425401759046,47.62500000000007
10.549999999999818,0,1,2.6027925917989876,2.6027925917989876,47.62500000000007
10.559999999999818,0,1,2.603443141981714,2.603443141981714,47.62500000000007
10.569999999999817,0,1,2.6040803287534544,2.6040803287534544,47.62500000000007
10.579999999999817,0,1,2.604703423500368,2.604703423500368,47.62500000000007
10.589999999999817,0,1,2.6053270869570895,2.6053270869570895,47.62500000000007
10.599999999999817,0,1,2.6059513166242283,2.6059513166242283,47.62500000000007
10.609999999999816,0,1,2.6066234449976378,2.6066234449976378,47.62500000000007
10.619999999999816,0,1,2.6072493658541305,2.6072493658541305,47.62500000000007
10.629999999999816,0,1,2.607875848588037,2.607875848588037,47.62500000000007
10.639999999999816,0,1,2.6085028907315007,2.6085028907315007,47.62500000000007
10.649999999999816,0,1,2.60913048982502,2.60913048982502,47.62500000000007
10.659999999999815,0,1,2.609758643417848,2.609758643417848,47.62500000000007
10.669999999999815,0,1,2.6215343126526136,2.6215343126526136,47.62500000000007
10.679999999999815,0,1,2.6221520887041834,2.6221520887041834,47.62500000000007
10.689999999999815,0,1,2.62277043431412,2.62277043431412,47.62500000000007
10.699999999999815,0,1,2.62338934698802,2.62338934698802,47.62500000000007
10.709999999999814,0,1,2.6240088242398514,2.6240088242398514,47.62500000000007
10.719999999999814,0,1,2.6246288635929886,2.6246288635929886,47.62500000000007
10.729999999999814,0,1,2.6252494625789495,2.6252494625789495,47.62500000000007
10.739999999999814,0,1,2.6258706187383893,2.6258706187383893,47.62500000000007
10.749999999999813,0,1,2.6264936666458,2.6264936666458,47.62500000000007
10.759999999999813,0,1,2.627137606330706,2.627137606330706,47.62500000000007
10.769999999999813,0,1,2.6277821618874526,2.6277821618874526,47.62500000000007
10.779999999999813,0,1,2.6284270381455883,2.6284270381455883,47.62500000000007
10.789999999999813,0,1,2.629072233554581,2.629072233554581,47.62500000000007
10.799999999999812,0,1,2.6297177465682893,2.6297177465682893,47.62500000000007
10.809999999999812,0,1,2.630363575645788,2.630363575645788,47.62500000000007
10.819999999999812,0,1,2.6310097192510256,2.6310097192510256,47.62500000000007
10.829999999999812,0,1,2.651637485978185,2.651637485978185,47.62500000000007
10.839999999999812,0,1,2.6522633784755385,2.6522633784755385,47.62500000000007
10.849999999999811,0,1,2.6528785671545734,2.6528785671545734,47.62500000000007
10.859999999999811,0,1,2.653494118798605,2.653494118798605,47.62500000000007
10.869999999999811,0,1,2.654110031754854,2.654110031754854,47.62500000000007
10.87999999999981,0,1,2.6547263043754725,2.6547263043754725,47.62500000000007
10.88999999999981,0,1,2.6553429350179414,2.6553429350179414,47.62500000000007
10.89999999999981,0,1,2.6559599220452696,2.6559599220452696,47.62500000000007
10.90999999999981,0,1,2.6565772638253122,2.6565772638253122,47.62500000000007
10.91999999999981,0,1,2.6571949587314947,2.6571949587314947,47.62500000000007
10.92999999999981,0,1,2.657813005142316,2.657813005142316,47.62500000000007
10.93999999999981,0,1,2.658431401441277,2.658431401441277,47.62500000000007
10.94999999999981,0,1,2.659050146017478,2.659050146017478,47.62500000000007
10.959999999999809,0,1,2.6596717286224134,2.6596717286224134,47.62500000000007
10.969999999999809,0,1,2.660302760099185,2.660302760099185,47.62500000000007
10.979999999999809,0,1,2.667192524821445,2.667192524821445,47.62500000000007
10.989999999999808,0,1,2.66780675727847,2.66780675727847,47.62500000000007
10.999999999999808,0,1,2.668421338968514,2.668421338968514,47.62500000000007
11.009999999999808,0,1,2.6690849133701136,2.6690849133701136,47.62500000000007
11.019999999999808,0,1,2.6697010538365618,2.6697010538365618,47.62500000000007
11.029999999999808,0,1,2.670319087670066,2.670319087670066,47.62500000000007
11.039999999999807,0,1,2.67094820593735,2.67094820593735,47.62500000000007
11.049999999999807,0,1,2.671577074452344,2.671577074452344,47.62500000000007
11.059999999999807,0,1,2.67220237601758,2.67220237601758,47.62500000000007
11.069999999999807,0,1,2.6728281757605856,2.6728281757605856,47.62500000000007
11.079999999999806,0,1,2.673454471448224,2.673454471448224,47.62500000000007
11.089999999999806,0,1,2.67408126085526,2.67408126085526,47.62500000000007
11.099999999999806,0,1,2.674692984547548,2.674692984547548,47.62500000000007
11.109999999999806,0,1,2.6752928126900457,2.6752928126900457,47.62500000000007
11.119999999999806,0,1,2.6758932036161127,2.6758932036161127,47.62500000000007
11.129999999999805,0,1,2.676494154865253,2.676494154865253,47.62500000000007
11.139999999999805,0,1,2.6770956639858383,2.6770956639858383,47.62500000000007
11.149999999999805,0,1,2.6776977285349517,2.6776977285349517,47.62500000000007
11.159999999999805,0,1,2.67830034607789,2.67830034607789,47.62500000000007
11.169999999999805,0,1,2.678903514189116,2.678903514189116,47.62500000000007
11.179999999999804,0,1,2.6795072304511223,2.6795072304511223,47.62500000000007
11.189999999999804,0,1,2.6801114924551115,2.6801114924551115,47.62500000000007
11.199999999999804,0,1,2.680731680600857,2.680731680600857,47.62500000000007
11.209999999999804,0,1,2.69223022167931,2.69223022167931,47.62500000000007
11.219999999999803,0,1,2.6928248694168673,2.6928248694168673,47.62500000000007
11.229999999999803,0,1,2.6934200751508968,2.6934200751508968,47.62500000000007
11.239999999999803,0,1,2.6940158364384104,2.6940158364384104,47.62500000000007
11.249999999999803,0,1,2.694612150845302,2.694612150845302,47.62500000000007
11.259999999999803,0,1,2.6952090159458066,2.6952090159458066,47.62500000000007
11.269999999999802,0,1,2.6958094059684896,2.6958094059684896,47.62500000000007
11.279999999999802,0,1,2.696428171486474,2.696428171486474,47.62500000000007
11.289999999999802,0,1,2.6970472584183085,2.6970472584183085,47.62500000000007
11.299999999999802,0,1,2.697666665224375,2.697666665224375,47.62500000000007
11.309999999999802,0,1,2.6982863903697876,2.6982863903697876,47.62500000000007
11.319999999999801,0,1,2.698906432324904,2.698906432324904,47.62500000000007
11.329999999999801,0,1,2.699526789564729,2.699526789564729,47.62500000000007
11.339999999999801,0,1,2.7001477570129566,2.7001477570129566,47.62500000000007
11.3499999999998,0,1,2.720378850454665,2.720378850454665,47.62500000000007
11.3599999999998,0,1,2.720984335802882,2.720984335802882,47.62500000000007
11.3699999999998,0,1,2.721590155393514,2.721590155393514,47.62500000000007
11.3799999999998,0,1,2.7221963076433724,2.7221963076433724,47.62500000000007
11.3899999999998,0,1,2.7228027909745833,2.7228027909745833,47.62500000000007
11.3999999999998,0,1,2.72340960381419,2.72340960381419,47.62500000000007
11.4099999999998,0,1,2.724065729325872,2.724065729325872,47.62500000000007
11.4199999999998,0,1,2.7246735842036003,2.7246735842036003,47.62500000000007
11.429999999999799,0,1,2.72528176529309,2.72528176529309,47.62500000000007
11.439999999999799,0,1,2.7258902710399155,2.7258902710399155,47.62500000000007
11.449999999999799,0,1,2.7264990998951077,2.7264990998951077,47.62500000000007
11.459999999999798,0,1,2.727101120124871,2.727101120124871,47.62500000000007
11.469999999999798,0,1,2.7276959348912726,2.7276959348912726,47.62500000000007
11.479999999999798,0,1,2.7282910951495296,2.7282910951495296,47.62500000000007
11.489999999999798,0,1,2.7288865993171356,2.7288865993171356,47.62500000000007
11.499999999999797,0,1,2.7294824458167,2.7294824458167,47.62500000000007
11.509999999999797,0,1,2.730078811169676,2.730078811169676,47.62500000000007
11.519999999999797,0,1,2.7306772459352544,2.7306772459352544,47.62500000000007
11.529999999999797,0,1,2.7312726511512153,2.7312726511512153,47.62500000000007
11.539999999999797,0,1,2.7318666366883235,2.7318666366883235,47.62500000000007
11.549999999999796,0,1,2.732461140519959,2.732461140519959,47.62500000000007
11.559999999999796,0,1,2.73919287817408,2.73919287817408,47.62500000000007
11.569999999999796,0,1,2.7397846905977303,2.7397846905977303,47.62500000000007
11.579999999999796,0,1,2.7403742570005534,2.7403742570005534,47.62500000000007
11.589999999999796,0,1,2.74096434423835,2.74096434423835,47.62500000000007
11.599999999999795,0,1,2.74155495002195,2.74155495002195,47.62500000000007
11.609999999999795,0,1,2.742146072070426,2.742146072070426,47.62500000000007
11.619999999999795,0,1,2.742737708110681,2.742737708110681,47.62500000000007
11.629999999999795,0,1,2.7433120868238063,2.7433120868238063,47.62500000000007
11.639999999999795,0,1,2.7438770743602277,2.7438770743602277,47.62500000000007
11.649999999999794,0,1,2.7444426448579833,2.7444426448579833,47.62500000000007
11.659999999999794,0,1,2.7450123699890128,2.7450123699890128,47.62500000000007
11.669999999999794,0,1,2.745590507958397,2.745590507958397,47.62500000000007
11.679999999999794,0,1,2.746169191663782,2.746169191663782,47.62500000000007
11.689999999999793,0,1,2.7467484187140627,2.7467484187140627,47.62500000000007
11.699999999999793,0,1,2.7473281867266053,2.7473281867266053,47.62500000000007
11.709999999999793,0,1,2.7479084933270457,2.7479084933270457,47.62500000000007
11.719999999999793,0,1,2.7485059814794965,2.7485059814794965,47.62500000000007
11.729999999999793,0,1,2.74910767640597,2.74910767640597,47.62500000000007
11.739999999999792,0,1,2.760337371493975,2.760337371493975,47.62500000000007
11.749999999999792,0,1,2.7609087887483525,2.7609087887483525,47.62500000000007
11.759999999999792,0,1,2.7614807541768442,2.7614807541768442,47.62500000000007
11.769999999999792,0,1,2.76205326538026,2.76205326538026,47.62500000000007
11.779999999999792,0,1,2.762626319968007,2.762626319968007,47.62500000000007
11.789999999999791,0,1,2.7632047862385605,2.7632047862385605,47.62500000000007
11.799999999999791,0,1,2.763799321334858,2.763799321334858,47.62500000000007
11.80999999999979,0,1,2.764443727240973,2.764443727240973,47.62500000000007
11.81999999999979,0,1,2.7650392313335743,2.7650392313335743,47.62500000000007
11.82999999999979,0,1,2.7656350517789434,2.7656350517789434,47.62500000000007
11.83999999999979,0,1,2.7662311870661256,2.7662311870661256,47.62500000000007
11.84999999999979,0,1,2.7668276356889407,2.7668276356889407,47.62500000000007
11.85999999999979,0,1,2.7866822639764877,2.7866822639764877,47.62500000000007
11.86999999999979,0,1,2.7872630078291536,2.7872630078291536,47.62500000000007
11.87999999999979,0,1,2.7878440865436147,2.7878440865436147,47.62500000000007
11.88999999999979,0,1,2.788425498549117,2.788425498549117,47.62500000000007
11.899999999999789,0,1,2.789007242279709,2.789007242279709,47.62500000000007
11.909999999999789,0,1,2.789589316174286,2.789589316174286,47.62500000000007
11.919999999999789,0,1,2.7901718441960384,2.7901718441960384,47.62500000000007
11.929999999999788,0,1,2.790755293942212,2.790755293942212,47.62500000000007
11.939999999999788,0,1,2.791339067903081,2.791339067903081,47.62500000000007
11.949999999999788,0,1,2.7919231645400515,2.7919231645400515,47.62500000000007
11.959999999999788,0,1,2.7925075823201695,2.7925075823201695,47.62500000000007
11.969999999999787,0,1,2.9033939078075264,2.9033939078075264,48.00000000000007
11.979999999999787,0,1,2.9039739417976023,2.9039739417976023,48.00000000000007
11.989999999999787,0,1,2.9045542954798265,2.9045542954798265,48.00000000000007
11.999999999999787,0,1,2.905134967324031,2.905134967324031,48.00000000000007
12.009999999999787,0,1,2.9057185574358897,2.9057185574358897,48.00000000000007
12.019999999999786,0,1,2.906302399631258,2.906302399631258,48.00000000000007
12.029999999999786,0,1,2.906886492472367,2.906886492472367,48.00000000000007
12.039999999999786,0,1,2.9074708345256255,2.9074708345256255,48.00000000000007
12.049999999999786,0,1,2.908051272704455,2.908051272704455,48.00000000000007
12.059999999999786,0,1,2.908632970806977,2.908632970806977,48.00000000000007
12.069999999999785,0,1,2.909215092519844,2.909215092519844,48.00000000000007
12.079999999999785,0,1,2.909787569229877,2.909787569229877,48.00000000000007
12.089999999999785,0,1,2.910356154270474,2.910356154270474,48.00000000000007
12.099999999999785,0,1,2.91092518565776,2.91092518565776,48.00000000000007
12.109999999999784,0,1,2.911490372276745,2.911490372276745,48.00000000000007
12.119999999999784,0,1,2.9120327135120903,2.9120327135120903,48.00000000000007
12.129999999999784,0,1,2.9125755692507767,2.9125755692507767,48.00000000000007
12.139999999999784,0,1,2.9192589794079424,2.9192589794079424,48.00000000000007
12.149999999999784,0,1,2.9198279322013434,2.9198279322013434,48.00000000000007
12.159999999999783,0,1,2.920374470387202,2.920374470387202,48.00000000000007
12.169999999999783,0,1,2.920912696294934,2.920912696294934,48.00000000000007
12.179999999999783,0,1,2.921451437211232,2.921451437211232,48.00000000000007
12.189999999999783,0,1,2.92199069074141,2.92199069074141,48.00000000000007
12.199999999999783,0,1,2.9225304544991246,2.9225304544991246,48.00000000000007
12.209999999999782,0,1,2.9230707261065447,2.9230707261065447,48.00000000000007
12.219999999999782,0,1,2.923611503194465,2.923611503194465,48.00000000000007
12.229999999999782,0,1,2.924152783401638,2.924152783401638,48.00000000000007
12.239999999999782,0,1,2.9247118914318264,2.9247118914318264,48.00000000000007
12.249999999999782,0,1,2.9252745088444954,2.9252745088444954,48.00000000000007
12.259999999999781,0,1,2.925837403540939,2.925837403540939,48.00000000000007
12.269999999999781,0,1,2.9264005740271557,2.9264005740271557,48.00000000000007
12.27999999999978,0,1,2.9374560922915975,2.9374560922915975,48.00000000000007
12.28999999999978,0,1,2.937996268381113,2.937996268381113,48.00000000000007
12.29999999999978,0,1,2.9385412736242955,2.9385412736242955,48.00000000000007
12.30999999999978,0,1,2.9390933812189672,2.9390933812189672,48.00000000000007
12.31999999999978,0,1,2.9396595992761263,2.9396595992761263,48.00000000000007
12.32999999999978,0,1,2.9402260740963158,2.9402260740963158,48.00000000000007
12.33999999999978,0,1,2.9407928042382565,2.9407928042382565,48.00000000000007
12.34999999999978,0,1,2.941359788265146,2.941359788265146,48.00000000000007
12.35999999999978,0,1,2.9419270247447713,2.9419270247447713,48.00000000000007
12.369999999999779,0,1,2.9424945122493256,2.9424945122493256,48.00000000000007
12.379999999999779,0,1,2.9621937933297744,2.9621937933297744,48.00000000000007
12.389999999999779,0,1,2.9627612255190883,2.9627612255190883,48.00000000000007
12.399999999999778,0,1,2.9633132247718947,2.9633132247718947,48.00000000000007
12.409999999999778,0,1,2.9638946445257375,2.9638946445257375,48.00000000000007
12.419999999999778,0,1,2.964448611315703,2.964448611315703,48.00000000000007
12.429999999999778,0,1,2.965002879734314,2.965002879734314,48.00000000000007
12.439999999999777,0,1,2.965557448264775,2.965557448264775,48.00000000000007
12.449999999999777,0,1,2.966112315395364,2.966112315395364,48.00000000000007
12.459999999999777,0,1,2.966667479618863,2.966667479618863,48.00000000000007
12.469999999999777,0,1,2.967222939433114,2.967222939433114,48.00000000000007
12.479999999999777,0,1,2.967778693340435,2.967778693340435,48.00000000000007
12.489999999999776,0,1,2.968334739848487,2.968334739848487,48.00000000000007
12.499999999999776,0,1,2.9688910774689816,2.9688910774689816,48.00000000000007
12.509999999999776,0,1,2.9694483942182757,2.9694483942182757,48.00000000000007
12.519999999999776,0,1,2.9700060166690605,2.9700060166690605,48.00000000000007
12.529999999999776,0,1,2.9705639245394906,2.9705639245394906,48.00000000000007
12.539999999999775,0,1,2.971122116363148,2.971122116363148,48.00000000000007
12.549999999999775,0,1,2.9716805906781616,2.9716805906781616,48.00000000000007
12.559999999999775,0,1,2.9722380953173797,2.9722380953173797,48.00000000000007
12.569999999999775,0,1,2.9727920817315407,2.9727920817315407,48.00000000000007
12.579999999999774,0,1,2.9733465256480542,2.9733465256480542,48.00000000000007
12.589999999999774,0,1,2.9739023760140526,2.9739023760140526,48.00000000000007
12.599999999999774,0,1,2.974459558024847,2.974459558024847,48.00000000000007
12.609999999999774,0,1,2.975017187845964,2.975017187845964,48.00000000000007
12.619999999999774,0,1,2.975575263361577,2.975575263361577,48.00000000000007
12.629999999999773,0,1,2.976133782463279,2.976133782463279,48.00000000000007
12.639999999999773,0,1,2.9766856892401137,2.9766856892401137,48.00000000000007
12.649999999999773,0,1,2.977218269548075,2.977218269548075,48.00000000000007
12.659999999999773,0,1,2.977751359617244,2.977751359617244,48.00000000000007
12.669999999999773,0,1,2.9782849571162444,2.9782849571162444,48.00000000000007
12.679999999999772,0,1,2.9788190597221984,2.9788190597221984,48.00000000000007
12.689999999999772,0,1,2.979353665119973,2.979353665119973,48.00000000000007
12.699999999999772,0,1,2.97987632247532,2.97987632247532,48.00000000000007
12.709999999999772,0,1,2.980398706874368,2.980398706874368,48.00000000000007
12.719999999999771,0,1,2.986881699734184,2.986881699734184,48.00000000000007
12.729999999999771,0,1,2.987411954642141,2.987411954642141,48.00000000000007
12.739999999999771,0,1,2.987942712553064,2.987942712553064,48.00000000000007
12.74999999999977,0,1,2.988473971162364,2.988473971162364,48.00000000000007
12.75999999999977,0,1,2.989023184796565,2.989023184796565,48.00000000000007
12.76999999999977,0,1,2.9895623289589395,2.9895623289589395,48.00000000000007
12.77999999999977,0,1,2.9901006665818812,2.9901006665818812,48.00000000000007
12.78999999999977,0,1,2.990639311123232,2.990639311123232,48.00000000000007
12.79999999999977,0,1,2.9911782610706013,2.9911782610706013,48.00000000000007
12.80999999999977,0,1,2.9917554498141783,2.9917554498141783,48.00000000000007
12.81999999999977,0,1,3.0025222265850147,3.0025222265850147,48.00000000000007
12.82999999999977,0,1,3.0030410424471086,3.0030410424471086,48.00000000000007
12.839999999999769,0,1,3.0035730060881747,3.0035730060881747,48.00000000000007
12.849999999999769,0,1,3.004105293167811,3.004105293167811,48.00000000000007
12.859999999999769,0,1,3.004637902144424,3.004637902144424,48.00000000000007
12.869999999999768,0,1,3.005170831481095,3.005170831481095,48.00000000000007
12.879999999999768,0,1,3.005704079645895,3.005704079645895,48.00000000000007
12.889999999999768,0,1,3.0249743393595026,3.0249743393595026,48.00000000000007
12.899999999999768,0,1,3.0255187983964476,3.0255187983964476,48.00000000000007
12.909999999999767,0,1,3.026063529108626,3.026063529108626,48.00000000000007
12.919999999999767,0,1,3.0266021139928796,3.0266021139928796,48.00000000000007
12.929999999999767,0,1,3.027131651091878,3.027131651091878,48.00000000000007
12.939999999999767,0,1,3.0276614985054238,3.0276614985054238,48.00000000000007
12.949999999999767,0,1,3.0281916547192935,3.0281916547192935,48.00000000000007
12.959999999999766,0,1,3.028722118224536,3.028722118224536,48.00000000000007
12.969999999999766,0,1,3.029252887516492,3.029252887516492,48.00000000000007
12.979999999999766,0,1,3.029783961095589,3.029783961095589,48.00000000000007
12.989999999999766,0,1,3.030315337466888,3.030315337466888,48.00000000000007
12.999999999999766,0,1,3.0308470151404805,3.0308470151404805,48.00000000000007
13.009999999999765,0,1,3.0313789926309624,3.0313789926309624,48.00000000000007
13.019999999999765,0,1,3.031911268457634,3.031911268457634,48.00000000000007
13.029999999999765,0,1,3.032443841144584,3.032443841144584,48.00000000000007
13.039999999999765,0,1,3.032976709220492,3.032976709220492,48.00000000000007
13.049999999999764,0,1,3.0335098712187687,3.0335098712187687,48.00000000000007
13.059999999999764,0,1,3.0340433256773878,3.0340433256773878,48.00000000000007
13.069999999999764,0,1,3.0345770711392532,3.0345770711392532,48.00000000000007
13.079999999999764,0,1,3.035107949417892,3.035107949417892,48.00000000000007
13.089999999999764,0,1,3.0356379305326158,3.0356379305326158,48.00000000000007
13.099999999999763,0,1,3.0361685034714583,3.0361685034714583,48.00000000000007
13.109999999999763,0,1,3.0366995355525006,3.0366995355525006,48.00000000000007
13.119999999999763,0,1,3.0372310246542042,3.0372310246542042,48.00000000000007
13.129999999999763,0,1,3.037764417031113,3.037764417031113,48.00000000000007
13.139999999999763,0,1,3.038298602598033,3.038298602598033,48.00000000000007
13.149999999999762,0,1,3.0388332356491645,3.0388332356491645,48.00000000000007
13.159999999999762,0,1,3.0393683140994625,3.0393683140994625,48.00000000000007
13.169999999999762,0,1,3.0398922955255756,3.0398922955255756,48.00000000000007
13.179999999999762,0,1,3.0404019244348177,3.0404019244348177,48.00000000000007
13.189999999999761,0,1,3.0409120639296248,3.0409120639296248,48.00000000000007
13.199999999999761,0,1,3.041422711705607,3.041422711705607,48.00000000000007
13.209999999999761,0,1,3.041975764837801,3.041975764837801,48.00000000000007
13.21999999999976,0,1,3.042488097463348,3.042488097463348,48.00000000000007
13.22999999999976,0,1,3.043003651630869,3.043003651630869,48.00000000000007
13.23999999999976,0,1,3.043536556729933,3.043536556729933,48.00000000000007
13.24999999999976,0,1,3.044069755990222,3.044069755990222,48.00000000000007
13.25999999999976,0,1,3.0446032479463554,3.0446032479463554,48.00000000000007
13.26999999999976,0,1,3.045137031137898,3.045137031137898,48.00000000000007
13.27999999999976,0,1,3.045671104108905,3.045671104108905,48.00000000000007
13.28999999999976,0,1,3.064681553360103,3.064681553360103,48.00000000000007
13.29999999999976,0,1,3.052429788926034,3.052429788926034,48.00000000000007
13.309999999999759,0,1,3.0529594004716927,3.0529594004716927,48.00000000000007
13.319999999999759,0,1,3.0534893040141498,3.0534893040141498,48.00000000000007
13.329999999999758,0,1,3.0724498038898957,3.0724498038898957,48.00000000000007
13.339999999999758,0,1,3.072990490101418,3.072990490101418,48.00000000000007
13.349999999999758,0,1,3.0650832587767525,3.0650832587767525,48.00000000000007
13.359999999999758,0,1,3.0656053613641916,3.0656053613641916,48.00000000000007
13.369999999999758,0,1,3.066127762977473,3.066127762977473,48.00000000000007
13.379999999999757,0,1,3.0666494523484005,3.0666494523484005,48.00000000000007
13.389999999999757,0,1,3.067158862960568,3.067158862960568,48.00000000000007
13.399999999999757,0,1,3.0676685934290475,3.0676685934290475,48.00000000000007
13.409999999999757,0,1,3.086535412410143,3.086535412410143,48.00000000000007
13.419999999999757,0,1,3.087056186482343,3.087056186482343,48.00000000000007
13.429999999999756,0,1,3.0875772337183776,3.0875772337183776,48.00000000000007
13.439999999999756,0,1,3.0880985527534506,3.0880985527534506,48.00000000000007
13.449999999999756,0,1,3.0886010454266284,3.0886010454266284,48.00000000000007
13.459999999999756,0,1,3.089096920325659,3.089096920325659,48.00000000000007
13.469999999999756,0,1,3.0895931297625907,3.0895931297625907,48.00000000000007
13.479999999999755,0,1,3.0900896721774416,3.0900896721774416,48.00000000000007
13.489999999999755,0,1,3.090586546015004,3.090586546015004,48.00000000000007
13.499999999999755,0,1,3.0910837497250157,3.0910837497250157,48.00000000000007
13.509999999999755,0,1,3.0915812817622594,3.0915812817622594,48.00000000000007
13.519999999999754,0,1,3.0920791405863923,3.0920791405863923,48.00000000000007
13.529999999999754,0,1,3.0925773246622725,3.0925773246622725,48.00000000000007
13.539999999999754,0,1,3.093077047897225,3.093077047897225,48.00000000000007
13.549999999999754,0,1,3.0935862830145027,3.0935862830145027,48.00000000000007
13.559999999999754,0,1,3.0940958145536968,3.0940958145536968,48.00000000000007
13.569999999999753,0,1,3.094605641063154,3.094605641063154,48.00000000000007
13.579999999999753,0,1,3.0951157610955136,3.0951157610955136,48.00000000000007
13.589999999999753,0,1,3.0956259835427744,3.0956259835427744,48.00000000000007
13.599999999999753,0,1,3.0961317592277453,3.0961317592277453,48.00000000000007
13.609999999999753,0,1,3.0966817365433883,3.0966817365433883,48.00000000000007
13.619999999999752,0,1,3.0971889595773803,3.0971889595773803,48.00000000000007
13.629999999999752,0,1,3.0976966436160893,3.0976966436160893,48.00000000000007
13.639999999999752,0,1,3.098204786557261,3.098204786557261,48.00000000000007
13.649999999999752,0,1,3.0987133863058176,3.0987133863058176,48.00000000000007
13.659999999999751,0,1,3.099222619107124,3.099222619107124,48.00000000000007
13.669999999999751,0,1,3.09973431087154,3.09973431087154,48.00000000000007
13.679999999999751,0,1,3.100246687342903,3.100246687342903,48.00000000000007
13.68999999999975,0,1,3.100759507835832,3.100759507835832,48.00000000000007
13.69999999999975,0,1,3.1012569243602286,3.1012569243602286,48.00000000000007
13.70999999999975,0,1,3.1017447883923666,3.1017447883923666,48.00000000000007
13.71999999999975,0,1,3.102233160651835,3.102233160651835,48.00000000000007
13.72999999999975,0,1,3.102722038867583,3.102722038867583,48.00000000000007
13.73999999999975,0,1,3.1032114207760912,3.1032114207760912,48.00000000000007
13.74999999999975,0,1,3.10370663579846,3.10370663579846,48.00000000000007
13.75999999999975,0,1,3.104216179532685,3.104216179532685,48.00000000000007
13.769999999999749,0,1,3.104726016407227,3.104726016407227,48.00000000000007
13.779999999999749,0,1,3.105236144974441,3.105236144974441,48.00000000000007
13.789999999999749,0,1,3.105746563790973,3.105746563790973,48.00000000000007
13.799999999999748,0,1,3.106257271418201,3.106257271418201,48.00000000000007
13.809999999999748,0,1,3.124869482074658,3.124869482074658,48.00000000000007
13.819999999999748,0,1,3.125390768179969,3.125390768179969,48.00000000000007
13.829999999999748,0,1,3.125912298051176,3.125912298051176,48.00000000000007
13.839999999999748,0,1,3.1181181080656444,3.1181181080656444,48.00000000000007
13.849999999999747,0,1,3.11862143795085,3.11862143795085,48.00000000000007
13.859999999999747,0,1,3.1191250620777993,3.1191250620777993,48.00000000000007
13.869999999999747,0,1,3.119628978996772,3.119628978996772,48.00000000000007
13.879999999999747,0,1,3.133984649938313,3.133984649938313,48.00000000000007
13.889999999999747,0,1,3.1261918953356513,3.1261918953356513,48.00000000000007
13.899999999999746,0,1,3.1266914694535046,3.1266914694535046,48.00000000000007
13.909999999999746,0,1,3.1271913384602925,3.1271913384602925,48.00000000000007
13.919999999999746,0,1,3.1456648879226776,3.1456648879226776,48.00000000000007
13.929999999999746,0,1,3.1461754136628173,3.1461754136628173,48.00000000000007
13.939999999999745,0,1,3.14668618892523,3.14668618892523,48.00000000000007
13.949999999999745,0,1,3.1471972124024035,3.1471972124024035,48.00000000000007
13.959999999999745,0,1,3.1477084827906623,3.1477084827906623,48.00000000000007
13.969999999999745,0,1,3.1482199987903954,3.1482199987903954,48.00000000000007
13.979999999999745,0,1,3.1487083822365634,3.1487083822365634,48.00000000000007
13.989999999999744,0,1,3.1491951407762144,3.1491951407762144,48.00000000000007
13.999999999999744,0,1,3.1496790208284153,3.1496790208284153,48.00000000000007
14.009999999999744,0,1,3.150198631053229,3.150198631053229,48.00000000000007
14.019999999999744,0,1,3.1506735428094004,3.1506735428094004,48.00000000000007
14.029999999999744,0,1,3.1511487831241425,3.1511487831241425,48.00000000000007
14.039999999999743,0,1,3.151624350474137,3.151624350474137,48.00000000000007
14.049999999999743,0,1,3.1521002433412946,3.1521002433412946,48.00000000000007
14.059999999999743,0,1,3.152576460212174,3.152576460212174,48.00000000000007
14.069999999999743,0,1,3.153052999578108,3.153052999578108,48.00000000000007
14.079999999999742,0,1,3.1535298599353325,3.1535298599353325,48.00000000000007
14.089999999999742,0,1,3.1540070397846023,3.1540070397846023,48.00000000000007
14.099999999999742,0,1,3.1544845376321007,3.1544845376321007,48.00000000000007
14.109999999999742,0,1,3.154960308551196,3.154960308551196,48.00000000000007
14.119999999999742,0,1,3.155433620737071,3.155433620737071,48.00000000000007
14.129999999999741,0,1,3.1559074184449685,3.1559074184449685,48.00000000000007
14.139999999999741,0,1,3.1563816995105185,3.1563816995105185,48.00000000000007
14.149999999999741,0,1,3.156856461776684,3.156856461776684,48.00000000000007
14.15999999999974,0,1,3.157331703093959,3.157331703093959,48.00000000000007
14.16999999999974,0,1,3.1578102841499742,3.1578102841499742,48.00000000000007
14.17999999999974,0,1,3.1582965647947816,3.1582965647947816,48.00000000000007
14.18999999999974,0,1,3.1587832923001002,3.1587832923001002,48.00000000000007
14.19999999999974,0,1,3.159271219677848,3.159271219677848,48.00000000000007
14.20999999999974,0,1,3.159760546705158,3.159760546705158,48.00000000000007
14.21999999999974,0,1,3.271039965287798,3.271039965287798,48.37500000000008
14.22999999999974,0,1,3.2715028178026557,3.2715028178026557,48.37500000000008
14.239999999999739,0,1,3.271961742694799,3.271961742694799,48.37500000000008
14.249999999999739,0,1,3.2724215285629867,3.2724215285629867,48.37500000000008
14.259999999999739,0,1,3.2728821342517875,3.2728821342517875,48.37500000000008
14.269999999999738,0,1,3.2733515172875514,3.2733515172875514,48.37500000000008
14.279999999999738,0,1,3.273832139570686,3.273832139570686,48.37500000000008
14.289999999999738,0,1,3.2743130557040985,3.2743130557040985,48.37500000000008
14.299999999999738,0,1,3.274794264243127,3.274794264243127,48.37500000000008
14.309999999999738,0,1,3.2752757637477714,3.2752757637477714,48.37500000000008
14.319999999999737,0,1,3.2937231444444137,3.2937231444444137,48.37500000000008
14.329999999999737,0,1,3.2942152752820277,3.2942152752820277,48.37500000000008
14.339999999999737,0,1,3.294707651873736,3.294707651873736,48.37500000000008
14.349999999999737,0,1,3.295200272924802,3.295200272924802,48.37500000000008
14.359999999999737,0,1,3.295693137144454,3.295693137144454,48.37500000000008
14.369999999999736,0,1,3.2961862432455717,3.2961862432455717,48.37500000000008
14.379999999999736,0,1,3.288383582531509,3.288383582531509,48.37500000000008
14.389999999999736,0,1,3.288858640303701,3.288858640303701,48.37500000000008
14.399999999999736,0,1,3.3072270960324204,3.3072270960324204,48.37500000000008
14.409999999999735,0,1,3.307758508989167,3.307758508989167,48.37500000000008
14.419999999999735,0,1,3.308244816341002,3.308244816341002,48.37500000000008
14.429999999999735,0,1,3.3087313718760925,3.3087313718760925,48.37500000000008
14.439999999999735,0,1,3.309218174296504,3.309218174296504,48.37500000000008
14.449999999999735,0,1,3.3097052223079118,3.3097052223079118,48.37500000000008
14.459999999999734,0,1,3.315596990080806,3.315596990080806,48.37500000000008
14.469999999999734,0,1,3.316079575509576,3.316079575509576,48.37500000000008
14.479999999999734,0,1,3.316562409750915,3.316562409750915,48.37500000000008
14.489999999999734,0,1,3.3170454915077983,3.3170454915077983,48.37500000000008
14.499999999999734,0,1,3.3175243517438275,3.3175243517438275,48.37500000000008
14.509999999999733,0,1,3.3179827482945257,3.3179827482945257,48.37500000000008
14.519999999999733,0,1,3.318441452978064,3.318441452978064,48.37500000000008
14.529999999999733,0,1,3.3189004643116533,3.3189004643116533,48.37500000000008
14.539999999999733,0,1,3.319359780816697,3.319359780816697,48.37500000000008
14.549999999999732,0,1,3.319819401019558,3.319819401019558,48.37500000000008
14.559999999999732,0,1,3.320279323451402,3.320279323451402,48.37500000000008
14.569999999999732,0,1,3.3207395466478857,3.3207395466478857,48.37500000000008
14.579999999999732,0,1,3.3212000691492847,3.3212000691492847,48.37500000000008
14.589999999999732,0,1,3.3216608895008193,3.3216608895008193,48.37500000000008
14.599999999999731,0,1,3.3221220062520302,3.3221220062520302,48.37500000000008
14.609999999999731,0,1,3.3225834179571336,3.3225834179571336,48.37500000000008
14.619999999999731,0,1,3.3230407304513676,3.3230407304513676,48.37500000000008
14.62999999999973,0,1,3.323485832646,3.323485832646,48.37500000000008
14.63999999999973,0,1,3.323930436959614,3.323930436959614,48.37500000000008
14.64999999999973,0,1,3.324375525465598,3.324375525465598,48.37500000000008
14.65999999999973,0,1,3.324821096008222,3.324821096008222,48.37500000000008
14.66999999999973,0,1,3.3252671464392307,3.3252671464392307,48.37500000000008
14.67999999999973,0,1,3.3257136746176883,3.3257136746176883,48.37500000000008
14.68999999999973,0,1,3.3261606784101474,3.3261606784101474,48.37500000000008
14.69999999999973,0,1,3.3266081556902805,3.3266081556902805,48.37500000000008
14.709999999999729,0,1,3.3270561043392064,3.3270561043392064,48.37500000000008
14.719999999999729,0,1,3.3275045222450643,3.3275045222450643,48.37500000000008
14.729999999999729,0,1,3.3279534073035535,3.3279534073035535,48.37500000000008
14.739999999999728,0,1,3.3284040474749474,3.3284040474749474,48.37500000000008
14.749999999999728,0,1,3.3288526912124894,3.3288526912124894,48.37500000000008
14.759999999999728,0,1,3.3292103971688647,3.3292103971688647,48.37500000000008
14.769999999999728,0,1,3.3295679260263995,3.3295679260263995,48.37500000000008
14.779999999999728,0,1,3.3299252780367112,3.3299252780367112,48.37500000000008
14.789999999999727,0,1,3.330294362264567,3.330294362264567,48.37500000000008
14.799999999999727,0,1,3.330675968579115,3.330675968579115,48.37500000000008
14.809999999999727,0,1,3.3311114301330775,3.3311114301330775,48.37500000000008
14.819999999999727,0,1,3.3314983904585205,3.3314983904585205,48.37500000000008
14.829999999999727,0,1,3.3318852446484755,3.3318852446484755,48.37500000000008
14.839999999999726,0,1,3.350505433138167,3.350505433138167,48.37500000000008
14.849999999999726,0,1,3.350974978981,3.350974978981,48.37500000000008
14.859999999999726,0,1,3.3514447690266422,3.3514447690266422,48.37500000000008
14.869999999999726,0,1,3.351914801997708,3.351914801997708,48.37500000000008
14.879999999999725,0,1,3.35238507662055,3.35238507662055,48.37500000000008
14.889999999999725,0,1,3.352855591625598,3.352855591625598,48.37500000000008
14.899999999999725,0,1,3.353326345747078,3.353326345747078,48.37500000000008
14.909999999999725,0,1,3.3631730048851978,3.3631730048851978,48.37500000000008
14.919999999999725,0,1,3.363635999271267,3.363635999271267,48.37500000000008
14.929999999999724,0,1,3.3640992414656523,3.3640992414656523,48.37500000000008
14.939999999999724,0,1,3.3645627301811913,3.3645627301811913,48.37500000000008
14.949999999999724,0,1,3.365026464134729,3.365026464134729,48.37500000000008
14.959999999999724,0,1,3.365490442046891,3.365490442046891,48.37500000000008
14.969999999999724,0,1,3.365954662642338,3.365954662642338,48.37500000000008
14.979999999999723,0,1,3.3664191246494255,3.3664191246494255,48.37500000000008
14.989999999999723,0,1,3.36680848308076,3.36680848308076,48.37500000000008
14.999999999999723,0,1,3.3671808579903058,3.3671808579903058,48.37500000000008
15.009999999999723,0,1,3.3675553681743224,3.3675553681743224,48.37500000000008
15.019999999999722,0,1,3.3679294381312417,3.3679294381312417,48.37500000000008
15.029999999999722,0,1,3.3683030685172355,3.3683030685172355,48.37500000000008
15.039999999999722,0,1,3.374350978157466,3.374350978157466,48.37500000000008
15.049999999999722,0,1,3.3747215287067007,3.3747215287067007,48.37500000000008
15.059999999999722,0,1,3.3750916389223136,3.3750916389223136,48.37500000000008
15.069999999999721,0,1,3.375461309468278,3.375461309468278,48.37500000000008
15.079999999999721,0,1,3.375830541003296,3.375830541003296,48.37500000000008
15.089999999999721,0,1,3.376199334181365,3.376199334181365,48.37500000000008
15.09999999999972,0,1,3.3765676896516084,3.3765676896516084,48.37500000000008
15.10999999999972,0,1,3.3769356080584316,3.3769356080584316,48.37500000000008
15.11999999999972,0,1,3.3773030900416785,3.3773030900416785,48.37500000000008
15.12999999999972,0,1,3.3776701362363895,3.3776701362363895,48.37500000000008
15.13999999999972,0,1,3.3780352135879923,3.3780352135879923,48.37500000000008
15.14999999999972,0,1,3.3783963635798386,3.3783963635798386,48.37500000000008
15.15999999999972,0,1,3.3787572488860604,3.3787572488860604,48.37500000000008
15.16999999999972,0,1,3.3791178697579625,3.3791178697579625,48.37500000000008
15.179999999999719,0,1,3.379478226442842,3.379478226442842,48.37500000000008
15.189999999999719,0,1,3.379838319183591,3.379838319183591,48.37500000000008
15.199999999999719,0,1,3.380198148218497,3.380198148218497,48.37500000000008
15.209999999999718,0,1,3.380557713781954,3.380557713781954,48.37500000000008
15.219999999999718,0,1,3.3809170161036803,3.3809170161036803,48.37500000000008
15.229999999999718,0,1,3.381276055409657,3.381276055409657,48.37500000000008
15.239999999999718,0,1,3.381629260278814,3.381629260278814,48.37500000000008
15.249999999999718,0,1,3.3819743762923196,3.3819743762923196,48.37500000000008
15.259999999999717,0,1,3.382319243370418,3.382319243370418,48.37500000000008
15.269999999999717,0,1,3.3826639476526594,3.3826639476526594,48.37500000000008
15.279999999999717,0,1,3.3830100807964953,3.3830100807964953,48.37500000000008
15.289999999999717,0,1,3.3833559640477517,3.3833559640477517,48.37500000000008
15.299999999999716,0,1,3.3837015976157687,3.3837015976157687,48.37500000000008
15.309999999999716,0,1,3.384060203260546,3.384060203260546,48.37500000000008
15.319999999999716,0,1,3.384424689941042,3.384424689941042,48.37500000000008
15.329999999999716,0,1,3.384788743039053,3.384788743039053,48.37500000000008
15.339999999999716,0,1,3.3851523631223444,3.3851523631223444,48.37500000000008
15.349999999999715,0,1,3.4038264561296643,3.4038264561296643,48.37500000000008
15.359999999999715,0,1,3.4041843522980884,3.4041843522980884,48.37500000000008
15.369999999999715,0,1,3.4045418078748924,3.4045418078748924,48.37500000000008
15.379999999999715,0,1,3.404898823483123,3.404898823483123,48.37500000000008
15.389999999999715,0,1,3.4052553997417334,3.4052553997417334,48.37500000000008
15.399999999999714,0,1,3.405611537265173,3.405611537265173,48.37500000000008
15.409999999999714,0,1,3.4059957187666186,3.4059957187666186,48.37500000000008
15.419999999999714,0,1,3.4063530341493617,3.4063530341493617,48.37500000000008
15.429999999999714,0,1,3.4067149780015313,3.4067149780015313,48.37500000000008
15.439999999999714,0,1,3.4070815546237156,3.4070815546237156,48.37500000000008
15.449999999999713,0,1,3.417261836324286,3.417261836324286,48.37500000000008
15.459999999999713,0,1,3.4176243398463555,3.4176243398463555,48.37500000000008
15.469999999999713,0,1,3.4179864251390057,3.4179864251390057,48.37500000000008
15.479999999999713,0,1,3.4183480928119394,3.4183480928119394,48.37500000000008
15.489999999999712,0,1,3.4187093434709226,3.4187093434709226,48.37500000000008
15.499999999999712,0,1,3.4190701777174297,3.4190701777174297,48.37500000000008
15.509999999999712,0,1,3.4194305961488567,3.4194305961488567,48.37500000000008
15.519999999999712,0,1,3.4197905993585778,3.4197905993585778,48.37500000000008
15.529999999999712,0,1,3.4201501879356613,3.4201501879356613,48.37500000000008
15.539999999999711,0,1,3.4205093624654097,3.4205093624654097,48.37500000000008
15.549999999999711,0,1,3.420868123528919,3.420868123528919,48.37500000000008
15.559999999999711,0,1,3.4212264717035197,3.4212264717035197,48.37500000000008
15.56999999999971,0,1,3.4215844075622783,3.4215844075622783,48.37500000000008
15.57999999999971,0,1,3.4219419316747377,3.4219419316747377,48.37500000000008
15.58999999999971,0,1,3.4222990446064045,3.4222990446064045,48.37500000000008
15.59999999999971,0,1,3.4226557469186645,3.4226557469186645,48.37500000000008
15.60999999999971,0,1,3.423012039169521,3.423012039169521,48.37500000000008
15.61999999999971,0,1,3.4288812984631534,3.4288812984631534,48.37500000000008
15.62999999999971,0,1,3.429234623593146,3.429234623593146,48.37500000000008
15.63999999999971,0,1,3.4295875381230445,3.4295875381230445,48.37500000000008
15.649999999999709,0,1,3.4299400426167637,3.4299400426167637,48.37500000000008
15.659999999999709,0,1,3.430287989082018,3.430287989082018,48.37500000000008
15.669999999999709,0,1,3.430634846710362,3.430634846710362,48.37500000000008
15.679999999999708,0,1,3.4309814608103437,3.4309814608103437,48.37500000000008
15.689999999999708,0,1,3.431327831567401,3.431327831567401,48.37500000000008
15.699999999999708,0,1,3.43167395916349,3.43167395916349,48.37500000000008
15.709999999999708,0,1,3.432019843777084,3.432019843777084,48.37500000000008
15.719999999999708,0,1,3.4323654855832046,3.4323654855832046,48.37500000000008
15.729999999999707,0,1,3.432710884753206,3.432710884753206,48.37500000000008
15.739999999999707,0,1,3.433056041455586,3.433056041455586,48.37500000000008
15.749999999999707,0,1,3.4334009558548217,3.4334009558548217,48.37500000000008
15.759999999999707,0,1,3.4337456281126038,3.4337456281126038,48.37500000000008
15.769999999999706,0,1,3.434090058386701,3.434090058386701,48.37500000000008
15.779999999999706,0,1,3.4344342468322964,3.4344342468322964,48.37500000000008
15.789999999999706,0,1,3.4347781936006356,3.4347781936006356,48.37500000000008
15.799999999999706,0,1,3.4351218988403645,3.4351218988403645,48.37500000000008
15.809999999999706,0,1,3.4355023990315345,3.4355023990315345,48.37500000000008
15.819999999999705,0,1,3.43584821690807,3.43584821690807,48.37500000000008
15.829999999999705,0,1,3.4362090784828183,3.4362090784828183,48.37500000000008
15.839999999999705,0,1,3.436573078726667,3.436573078726667,48.37500000000008
15.849999999999705,0,1,3.4369366707859967,3.4369366707859967,48.37500000000008
15.859999999999705,0,1,3.4372939612390354,3.4372939612390354,48.37500000000008
15.869999999999704,0,1,3.4554808219585453,3.4554808219585453,48.37500000000008
15.879999999999704,0,1,3.4558257204124487,3.4558257204124487,48.37500000000008
15.889999999999704,0,1,3.4561702147887985,3.4561702147887985,48.37500000000008
15.899999999999704,0,1,3.456514305643495,3.456514305643495,48.37500000000008
15.909999999999703,0,1,3.4568579935291552,3.4568579935291552,48.37500000000008
15.919999999999703,0,1,3.4572012789944893,3.4572012789944893,48.37500000000008
15.929999999999703,0,1,3.457544162584796,3.457544162584796,48.37500000000008
15.939999999999703,0,1,3.457886644841537,3.457886644841537,48.37500000000008
15.949999999999703,0,1,3.4582287263032896,3.4582287263032896,48.37500000000008
15.959999999999702,0,1,3.4585704075044106,3.4585704075044106,48.37500000000008
15.969999999999702,0,1,3.4589116889763716,3.4589116889763716,48.37500000000008
15.979999999999702,0,1,3.468805602892175,3.468805602892175,48.37500000000008
15.989999999999702,0,1,3.4691431117361304,3.4691431117361304,48.37500000000008
15.999999999999702,0,1,3.4694807007595614,3.4694807007595614,48.37500000000008
16.009999999999703,0,1,3.4698178881007777,3.4698178881007777,48.37500000000008
16.019999999999705,0,1,3.4701546743041405,3.4701546743041405,48.37500000000008
16.029999999999706,0,1,3.4704910599102448,3.4704910599102448,48.37500000000008
16.039999999999708,0,1,3.4708270454562324,3.4708270454562324,48.37500000000008
16.04999999999971,0,1,3.47116263147592,3.47116263147592,48.37500000000008
16.05999999999971,0,1,3.471503249300426,3.471503249300426,48.37500000000008
16.069999999999713,0,1,3.4718477662969747,3.4718477662969747,48.37500000000008
16.079999999999714,0,1,3.472191873198369,3.472191873198369,48.37500000000008
16.089999999999716,0,1,3.4725355705259773,3.4725355705259773,48.37500000000008
16.099999999999717,0,1,3.472878858797415,3.472878858797415,48.37500000000008
16.10999999999972,0,1,3.473221738527542,3.473221738527542,48.37500000000008
16.11999999999972,0,1,3.4735642102279485,3.4735642102279485,48.37500000000008
16.129999999999722,0,1,3.473904450750368,3.473904450750368,48.37500000000008
16.139999999999723,0,1,3.4742413104630856,3.4742413104630856,48.37500000000008
16.149999999999725,0,1,3.4745779244728254,3.4745779244728254,48.37500000000008
16.159999999999727,0,1,3.474914292922435,3.474914292922435,48.37500000000008
16.169999999999728,0,1,3.4752504159516633,3.4752504159516633,48.37500000000008
16.17999999999973,0,1,3.4755862936976314,3.4755862936976314,48.37500000000008
16.18999999999973,0,1,3.4759219262947596,3.4759219262947596,48.37500000000008
16.199999999999733,0,1,3.4816307128522936,3.4816307128522936,48.37500000000008
16.209999999999734,0,1,3.482003097809354,3.482003097809354,48.37500000000008
16.219999999999736,0,1,3.482335933670953,3.482335933670953,48.37500000000008
16.229999999999738,0,1,3.4826685297801134,3.4826685297801134,48.37500000000008
16.23999999999974,0,1,3.4830008862713555,3.4830008862713555,48.37500000000008
16.24999999999974,0,1,3.4833330032764565,3.4833330032764565,48.37500000000008
16.259999999999742,0,1,3.483664880924664,3.483664880924664,48.37500000000008
16.269999999999744,0,1,3.483996519342128,3.483996519342128,48.37500000000008
16.279999999999745,0,1,3.4843279186524114,3.4843279186524114,48.37500000000008
16.289999999999747,0,1,3.4846590789766907,3.4846590789766907,48.37500000000008
16.29999999999975,0,1,3.48499000043293,3.48499000043293,48.37500000000008
16.30999999999975,0,1,3.485320683137246,3.485320683137246,48.37500000000008
16.31999999999975,0,1,3.4856511272023596,3.4856511272023596,48.37500000000008
16.329999999999753,0,1,3.485981332738973,3.485981332738973,48.37500000000008
16.339999999999755,0,1,3.4863120202955145,3.4863120202955145,48.37500000000008
16.349999999999756,0,1,3.4866614926299775,3.4866614926299775,48.37500000000008
16.359999999999758,0,1,3.4870107592526125,3.4870107592526125,48.37500000000008
16.36999999999976,0,1,3.487359614359292,3.487359614359292,48.37500000000008
16.37999999999976,0,1,3.5050906108508713,3.5050906108508713,48.37500000000008
16.389999999999763,0,1,3.5054340484117574,3.5054340484117574,48.37500000000008
16.399999999999764,0,1,3.505777068769916,3.505777068769916,48.37500000000008
16.409999999999766,0,1,3.506119672421036,3.506119672421036,48.37500000000008
16.419999999999767,0,1,3.506461859858206,3.506461859858206,48.37500000000008
16.42999999999977,0,1,3.6196761434225238,3.6196761434225238,48.75000000000008
16.43999999999977,0,1,3.6200036343538784,3.6200036343538784,48.75000000000008
16.449999999999772,0,1,3.62033071697941,3.62033071697941,48.75000000000008
16.459999999999773,0,1,3.6206573918298375,3.6206573918298375,48.75000000000008
16.469999999999775,0,1,3.620983659433108,3.620983659433108,48.75000000000008
16.479999999999777,0,1,3.6213030868420475,3.6213030868420475,48.75000000000008
16.489999999999778,0,1,3.6216159891043986,3.6216159891043986,48.75000000000008
16.49999999999978,0,1,3.6219284957605993,3.6219284957605993,48.75000000000008
16.50999999999978,0,1,3.6222406073448212,3.6222406073448212,48.75000000000008
16.519999999999783,0,1,3.6320305445370735,3.6320305445370735,48.75000000000008
16.529999999999784,0,1,3.6323387713417503,3.6323387713417503,48.75000000000008
16.539999999999786,0,1,3.632646601162449,3.632646601162449,48.75000000000008
16.549999999999788,0,1,3.6329540345501528,3.6329540345501528,48.75000000000008
16.55999999999979,0,1,3.6332610720518232,3.6332610720518232,48.75000000000008
16.56999999999979,0,1,3.6335678492069974,3.6335678492069974,48.75000000000008
16.579999999999792,0,1,3.6338747262217197,3.6338747262217197,48.75000000000008
16.589999999999794,0,1,3.634181208387261,3.634181208387261,48.75000000000008
16.599999999999795,0,1,3.634487296236358,3.634487296236358,48.75000000000008
16.609999999999797,0,1,3.6348357514070244,3.6348357514070244,48.75000000000008
16.6199999999998,0,1,3.635141583241051,3.635141583241051,48.75000000000008
16.6299999999998,0,1,3.6354470255751465,3.6354470255751465,48.75000000000008
16.6399999999998,0,1,3.635752078927723,3.635752078927723,48.75000000000008
16.649999999999803,0,1,3.636052297603541,3.636052297603541,48.75000000000008
16.659999999999805,0,1,3.6363518409670235,3.6363518409670235,48.75000000000008
16.669999999999806,0,1,3.6366511586468135,3.6366511586468135,48.75000000000008
16.679999999999808,0,1,3.636950250784551,3.636950250784551,48.75000000000008
16.68999999999981,0,1,3.637254373433109,3.637254373433109,48.75000000000008
16.69999999999981,0,1,3.637562625004307,3.637562625004307,48.75000000000008
16.709999999999813,0,1,3.6378706371583007,3.6378706371583007,48.75000000000008
16.719999999999814,0,1,3.638178410035664,3.638178410035664,48.75000000000008
16.729999999999816,0,1,3.6384859437744836,3.6384859437744836,48.75000000000008
16.739999999999817,0,1,3.6387932385096207,3.6387932385096207,48.75000000000008
16.74999999999982,0,1,3.6391002943735344,3.6391002943735344,48.75000000000008
16.75999999999982,0,1,3.6394071114957143,3.6394071114957143,48.75000000000008
16.769999999999822,0,1,3.639713690003191,3.639713690003191,48.75000000000008
16.779999999999824,0,1,3.645337222658384,3.645337222658384,48.75000000000008
16.789999999999825,0,1,3.64564064001668,3.64564064001668,48.75000000000008
16.799999999999827,0,1,3.6459438187272895,3.6459438187272895,48.75000000000008
16.809999999999828,0,1,3.646246758922345,3.646246758922345,48.75000000000008
16.81999999999983,0,1,3.646549460731009,3.646549460731009,48.75000000000008
16.82999999999983,0,1,3.6468519242800426,3.6468519242800426,48.75000000000008
16.839999999999833,0,1,3.647154149693506,3.647154149693506,48.75000000000008
16.849999999999834,0,1,3.6474561370928313,3.6474561370928313,48.75000000000008
16.859999999999836,0,1,3.6477630512466277,3.6477630512466277,48.75000000000008
16.869999999999838,0,1,3.648082717668231,3.648082717668231,48.75000000000008
16.87999999999984,0,1,3.6484025493021335,3.6484025493021335,48.75000000000008
16.88999999999984,0,1,3.66600487555543,3.66600487555543,48.75000000000008
16.899999999999842,0,1,3.6663203893300533,3.6663203893300533,48.75000000000008
16.909999999999844,0,1,3.666635487174645,3.666635487174645,48.75000000000008
16.919999999999845,0,1,3.6669501695958218,3.6669501695958218,48.75000000000008
16.929999999999847,0,1,3.6672644370972733,3.6672644370972733,48.75000000000008
16.93999999999985,0,1,3.6675782901798613,3.6675782901798613,48.75000000000008
16.94999999999985,0,1,3.667891729341804,3.667891729341804,48.75000000000008
16.95999999999985,0,1,3.6682047550778947,3.6682047550778947,48.75000000000008
16.969999999999853,0,1,3.668517367880753,3.668517367880753,48.75000000000008
16.979999999999855,0,1,3.668829568239701,3.668829568239701,48.75000000000008
16.989999999999856,0,1,3.669141356641404,3.669141356641404,48.75000000000008
16.999999999999858,0,1,3.669452733569898,3.669452733569898,48.75000000000008
17.00999999999986,0,1,3.669807114712924,3.669807114712924,48.75000000000008
17.01999999999986,0,1,3.6701181015654782,3.6701181015654782,48.75000000000008
17.029999999999863,0,1,3.6704286804827433,3.6704286804827433,48.75000000000008
17.039999999999864,0,1,3.670738851937344,3.670738851937344,48.75000000000008
17.049999999999866,0,1,3.6802763010976207,3.6802763010976207,48.75000000000008
17.059999999999867,0,1,3.6805826363915344,3.6805826363915344,48.75000000000008
17.06999999999987,0,1,3.68088856276178,3.68088856276178,48.75000000000008
17.07999999999987,0,1,3.6811940806938424,3.6811940806938424,48.75000000000008
17.089999999999872,0,1,3.681499190671289,3.681499190671289,48.75000000000008
17.099999999999874,0,1,3.6817977890735563,3.6817977890735563,48.75000000000008
17.109999999999875,0,1,3.682089955888216,3.682089955888216,48.75000000000008
17.119999999999877,0,1,3.682381725959175,3.682381725959175,48.75000000000008
17.129999999999878,0,1,3.6826730997757977,3.6826730997757977,48.75000000000008
17.13999999999988,0,1,3.682964077824252,3.682964077824252,48.75000000000008
17.14999999999988,0,1,3.683254766647707,3.683254766647707,48.75000000000008
17.159999999999883,0,1,3.6835434226536847,3.6835434226536847,48.75000000000008
17.169999999999884,0,1,3.683829120869177,3.683829120869177,48.75000000000008
17.179999999999886,0,1,3.6841145824082275,3.6841145824082275,48.75000000000008
17.189999999999888,0,1,3.6843998073890987,3.6843998073890987,48.75000000000008
17.19999999999989,0,1,3.6846847959276943,3.6846847959276943,48.75000000000008
17.20999999999989,0,1,3.684969548137488,3.684969548137488,48.75000000000008
17.219999999999892,0,1,3.6852540641294667,3.6852540641294667,48.75000000000008
17.229999999999894,0,1,3.685538344012187,3.685538344012187,48.75000000000008
17.239999999999895,0,1,3.685822387891861,3.685822387891861,48.75000000000008
17.249999999999897,0,1,3.6861061958724406,3.6861061958724406,48.75000000000008
17.2599999999999,0,1,3.686389768055548,3.686389768055548,48.75000000000008
17.2699999999999,0,1,3.686673104540418,3.686673104540418,48.75000000000008
17.2799999999999,0,1,3.686956205423911,3.686956205423911,48.75000000000008
17.289999999999903,0,1,3.6872390708008,3.6872390708008,48.75000000000008
17.299999999999905,0,1,3.6875217007636962,3.6875217007636962,48.75000000000008
17.309999999999906,0,1,3.687804095402541,3.687804095402541,48.75000000000008
17.319999999999908,0,1,3.6880911748077096,3.6880911748077096,48.75000000000008
17.32999999999991,0,1,3.6883823845396932,3.6883823845396932,48.75000000000008
17.33999999999991,0,1,3.688683526936785,3.688683526936785,48.75000000000008
17.349999999999913,0,1,3.6889918961139188,3.6889918961139188,48.75000000000008
17.359999999999914,0,1,3.694442340493893,3.694442340493893,48.75000000000008
17.369999999999916,0,1,3.694720658499577,3.694720658499577,48.75000000000008
17.379999999999917,0,1,3.695008324956831,3.695008324956831,48.75000000000008
17.38999999999992,0,1,3.6953075650773144,3.6953075650773144,48.75000000000008
17.39999999999992,0,1,3.712456667897385,3.712456667897385,48.75000000000008
17.409999999999922,0,1,3.7128002062850243,3.7128002062850243,48.75000000000008
17.419999999999924,0,1,3.713101020549459,3.713101020549459,48.75000000000008
17.429999999999925,0,1,3.7134016667135796,3.7134016667135796,48.75000000000008
17.439999999999927,0,1,3.713701893464034,3.713701893464034,48.75000000000008
17.44999999999993,0,1,3.7140017012714566,3.7140017012714566,48.75000000000008
17.45999999999993,0,1,3.71430109060438,3.71430109060438,48.75000000000008
17.46999999999993,0,1,3.714600061928664,3.714600061928664,48.75000000000008
17.479999999999933,0,1,3.714898615708009,3.714898615708009,48.75000000000008
17.489999999999934,0,1,3.7151967524036706,3.7151967524036706,48.75000000000008
17.499999999999936,0,1,3.715494472474248,3.715494472474248,48.75000000000008
17.509999999999938,0,1,3.7157917763763777,3.7157917763763777,48.75000000000008
17.51999999999994,0,1,3.7160886645641114,3.7160886645641114,48.75000000000008
17.52999999999994,0,1,3.716385137489283,3.716385137489283,48.75000000000008
17.539999999999942,0,1,3.7166811956013532,3.7166811956013532,48.75000000000008
17.549999999999944,0,1,3.7169768393474527,3.7169768393474527,48.75000000000008
17.559999999999945,0,1,3.7172720691724948,3.7172720691724948,48.75000000000008
17.569999999999947,0,1,3.71756688551919,3.71756688551919,48.75000000000008
17.57999999999995,0,1,3.7178612888279616,3.7178612888279616,48.75000000000008
17.58999999999995,0,1,3.727137562792379,3.727137562792379,48.75000000000008
17.59999999999995,0,1,3.727428213578051,3.727428213578051,48.75000000000008
17.609999999999953,0,1,3.7277184501716647,3.7277184501716647,48.75000000000008
17.619999999999955,0,1,3.7280082730245425,3.7280082730245425,48.75000000000008
17.629999999999956,0,1,3.7282976825855485,3.7282976825855485,48.75000000000008
17.639999999999958,0,1,3.728586679301344,3.728586679301344,48.75000000000008
17.64999999999996,0,1,3.728875263616189,3.728875263616189,48.75000000000008
17.65999999999996,0,1,3.729163435972211,3.729163435972211,48.75000000000008
17.669999999999963,0,1,3.7294509718585687,3.7294509718585687,48.75000000000008
17.679999999999964,0,1,3.729733693363528,3.729733693363528,48.75000000000008
17.689999999999966,0,1,3.7300161554387756,3.7300161554387756,48.75000000000008
17.699999999999967,0,1,3.7302983581819973,3.7302983581819973,48.75000000000008
17.70999999999997,0,1,3.7305803016887467,3.7305803016887467,48.75000000000008
17.71999999999997,0,1,3.7308560347677826,3.7308560347677826,48.75000000000008
17.729999999999972,0,1,3.731125794194881,3.731125794194881,48.75000000000008
17.739999999999974,0,1,3.731395789192092,3.731395789192092,48.75000000000008
17.749999999999975,0,1,3.731665536878836,3.731665536878836,48.75000000000008
17.759999999999977,0,1,3.731935037347199,3.731935037347199,48.75000000000008
17.76999999999998,0,1,3.73220429068715,3.73220429068715,48.75000000000008
17.77999999999998,0,1,3.7324732969869814,3.7324732969869814,48.75000000000008
17.78999999999998,0,1,3.7327420563328957,3.7327420563328957,48.75000000000008
17.799999999999983,0,1,3.733010568809277,3.733010568809277,48.75000000000008
17.809999999999985,0,1,3.7333240214528587,3.7333240214528587,48.75000000000008
17.819999999999986,0,1,3.7335923577314247,3.7335923577314247,48.75000000000008
17.829999999999988,0,1,3.733860448449434,3.733860448449434,48.75000000000008
17.83999999999999,0,1,3.734128293683426,3.734128293683426,48.75000000000008
17.84999999999999,0,1,3.734395893508122,3.734395893508122,48.75000000000008
17.859999999999992,0,1,3.734676377575994,3.734676377575994,48.75000000000008
17.869999999999994,0,1,3.734960773317809,3.734960773317809,48.75000000000008
17.879999999999995,0,1,3.751694691565035,3.751694691565035,48.75000000000008
17.889999999999997,0,1,3.7519740492144678,3.7519740492144678,48.75000000000008
17.9,0,1,3.75225299207726,3.75225299207726,48.75000000000008
17.91,0,1,3.7525328015492363,3.7525328015492363,48.75000000000008
17.92,0,1,3.752812458117319,3.752812458117319,48.75000000000008
17.930000000000003,0,1,3.7530917000996737,3.7530917000996737,48.75000000000008
17.940000000000005,0,1,3.7583611635862013,3.7583611635862013,48.75000000000008
17.950000000000006,0,1,3.7586366336833663,3.7586366336833663,48.75000000000008
17.960000000000008,0,1,3.7589127400234617,3.7589127400234617,48.75000000000008
17.97000000000001,0,1,3.759188432093893,3.759188432093893,48.75000000000008
17.98000000000001,0,1,3.759463710337016,3.759463710337016,48.75000000000008
17.990000000000013,0,1,3.759738575193097,3.759738575193097,48.75000000000008
18.000000000000014,0,1,3.7600130270999728,3.7600130270999728,48.75000000000008
18.010000000000016,0,1,3.760289395253352,3.760289395253352,48.75000000000008
18.020000000000017,0,1,3.7605679823869878,3.7605679823869878,48.75000000000008
18.03000000000002,0,1,3.760852197959366,3.760852197959366,48.75000000000008
18.04000000000002,0,1,3.7611359371458946,3.7611359371458946,48.75000000000008
18.050000000000022,0,1,3.7614192003823064,3.7614192003823064,48.75000000000008
18.060000000000024,0,1,3.761701988102388,3.761701988102388,48.75000000000008
18.070000000000025,0,1,3.761984300738135,3.761984300738135,48.75000000000008
18.080000000000027,0,1,3.7622661387196956,3.7622661387196956,48.75000000000008
18.09000000000003,0,1,3.7625475024752433,3.7625475024752433,48.75000000000008
18.10000000000003,0,1,3.762828392431288,3.762828392431288,48.75000000000008
18.11000000000003,0,1,3.7631088090121807,3.7631088090121807,48.75000000000008
18.120000000000033,0,1,3.772136283280119,3.772136283280119,48.75000000000008
18.130000000000035,0,1,3.7724129215575317,3.7724129215575317,48.75000000000008
18.140000000000036,0,1,3.772689085660062,3.772689085660062,48.75000000000008
18.150000000000038,0,1,3.7729647760211265,3.7729647760211265,48.75000000000008
18.16000000000004,0,1,3.7732399930721954,3.7732399930721954,48.75000000000008
18.17000000000004,0,1,3.773514737242806,3.773514737242806,48.75000000000008
18.180000000000042,0,1,3.773789008960719,3.773789008960719,48.75000000000008
18.190000000000044,0,1,3.7740595339123075,3.7740595339123075,48.75000000000008
18.200000000000045,0,1,3.7743284319664383,3.7743284319664383,48.75000000000008
18.210000000000047,0,1,3.774597005676995,3.774597005676995,48.75000000000008
18.22000000000005,0,1,3.774865255149507,3.774865255149507,48.75000000000008
18.23000000000005,0,1,3.7751331804886377,3.7751331804886377,48.75000000000008
18.24000000000005,0,1,3.775400781797174,3.775400781797174,48.75000000000008
18.250000000000053,0,1,3.7756680591764535,3.7756680591764535,48.75000000000008
18.260000000000055,0,1,3.775935012726137,3.775935012726137,48.75000000000008
18.270000000000056,0,1,3.7762016425447626,3.7762016425447626,48.75000000000008
18.280000000000058,0,1,3.7764679487293336,3.7764679487293336,48.75000000000008
18.29000000000006,0,1,3.776733931374906,3.776733931374906,48.75000000000008
18.30000000000006,0,1,3.7769995905758833,3.7769995905758833,48.75000000000008
18.310000000000063,0,1,3.777265035829302,3.777265035829302,48.75000000000008
18.320000000000064,0,1,3.777530616595868,3.777530616595868,48.75000000000008
18.330000000000066,0,1,3.77779587357972,3.77779587357972,48.75000000000008
18.340000000000067,0,1,3.7780558284459147,3.7780558284459147,48.75000000000008
18.35000000000007,0,1,3.7783090585543277,3.7783090585543277,48.75000000000008
18.36000000000007,0,1,3.778561976384495,3.778561976384495,48.75000000000008
18.370000000000072,0,1,3.7788145820254186,3.7788145820254186,48.75000000000008
18.380000000000074,0,1,3.7790831132211906,3.7790831132211906,48.75000000000008
18.390000000000075,0,1,3.7953899879569093,3.7953899879569093,48.75000000000008
18.400000000000077,0,1,3.7956789282474688,3.7956789282474688,48.75000000000008
18.41000000000008,0,1,3.795943956484095,3.795943956484095,48.75000000000008
18.42000000000008,0,1,3.796208539489669,3.796208539489669,48.75000000000008
18.43000000000008,0,1,3.7964726776946236,3.7964726776946236,48.75000000000008
18.440000000000083,0,1,3.796736800632999,3.796736800632999,48.75000000000008
18.450000000000085,0,1,3.7970015518705793,3.7970015518705793,48.75000000000008
18.460000000000086,0,1,3.7972658585070747,3.7972658585070747,48.75000000000008
18.470000000000088,0,1,3.79752972096486,3.79752972096486,48.75000000000008
18.48000000000009,0,1,3.797793139664037,3.797793139664037,48.75000000000008
18.49000000000009,0,1,3.798056115023286,3.798056115023286,48.75000000000008
18.500000000000092,0,1,3.798318647459297,3.798318647459297,48.75000000000008
18.510000000000094,0,1,3.798580737386999,3.798580737386999,48.75000000000008
18.520000000000095,0,1,3.803693253351838,3.803693253351838,48.75000000000008
18.530000000000097,0,1,3.8039526262373613,3.8039526262373613,48.75000000000008
18.5400000000001,0,1,3.804211556620757,3.804211556620757,48.75000000000008
18.5500000000001,0,1,3.804470044920066,3.804470044920066,48.75000000000008
18.5600000000001,0,1,3.8047280915516097,3.8047280915516097,48.75000000000008
18.570000000000103,0,1,3.804985696930146,3.804985696930146,48.75000000000008
18.580000000000105,0,1,3.805242861468159,3.805242861468159,48.75000000000008
18.590000000000106,0,1,3.8054995855768396,3.8054995855768396,48.75000000000008
18.600000000000108,0,1,3.8057558696656884,3.8057558696656884,48.75000000000008
18.61000000000011,0,1,3.918514270476436,3.918514270476436,49.125000000000085
18.62000000000011,0,1,3.9187570147505113,3.9187570147505113,49.125000000000085
18.630000000000113,0,1,3.9189967593352435,3.9189967593352435,49.125000000000085
18.640000000000114,0,1,3.9192341590558044,3.9192341590558044,49.125000000000085
18.650000000000116,0,1,3.928167140377539,3.928167140377539,49.125000000000085
18.660000000000117,0,1,3.9284140234098857,3.9284140234098857,49.125000000000085
18.67000000000012,0,1,3.9286604629443076,3.9286604629443076,49.125000000000085
18.68000000000012,0,1,3.9289064594146055,3.9289064594146055,49.125000000000085
18.690000000000122,0,1,3.9291520132523914,3.9291520132523914,49.125000000000085
18.700000000000124,0,1,3.929395166297496,3.929395166297496,49.125000000000085
18.710000000000125,0,1,3.929635365379397,3.929635365379397,49.125000000000085
18.720000000000127,0,1,3.9298752692818653,3.9298752692818653,49.125000000000085
18.73000000000013,0,1,3.930114878110629,3.930114878110629,49.125000000000085
18.74000000000013,0,1,3.9303541919697125,3.9303541919697125,49.125000000000085
18.75000000000013,0,1,3.93059321096176,3.93059321096176,49.125000000000085
18.760000000000133,0,1,3.9308319351876406,3.9308319351876406,49.125000000000085
18.770000000000135,0,1,3.93107036474683,3.93107036474683,49.125000000000085
18.780000000000136,0,1,3.931308499737071,3.931308499737071,49.125000000000085
18.790000000000138,0,1,3.9315463402547977,3.9315463402547977,49.125000000000085
18.80000000000014,0,1,3.9318168508053475,3.9318168508053475,49.125000000000085
18.81000000000014,0,1,3.9320549283722954,3.9320549283722954,49.125000000000085
18.820000000000142,0,1,3.9322927218662187,3.9322927218662187,49.125000000000085
18.830000000000144,0,1,3.932530231373633,3.932530231373633,49.125000000000085
18.840000000000146,0,1,3.9327674569799456,3.9327674569799456,49.125000000000085
18.850000000000147,0,1,3.933004398768901,3.933004398768901,49.125000000000085
18.86000000000015,0,1,3.93324105682278,3.93324105682278,49.125000000000085
18.87000000000015,0,1,3.933477431222599,3.933477431222599,49.125000000000085
18.88000000000015,0,1,3.933713522047668,3.933713522047668,49.125000000000085
18.890000000000153,0,1,3.933953151611732,3.933953151611732,49.125000000000085
18.900000000000155,0,1,3.9501520183797254,3.9501520183797254,49.125000000000085
18.910000000000156,0,1,3.9504002558426663,3.9504002558426663,49.125000000000085
18.920000000000158,0,1,3.9506480482233,3.9506480482233,49.125000000000085
18.93000000000016,0,1,3.950895395946816,3.950895395946816,49.125000000000085
18.94000000000016,0,1,3.951142299436441,3.951142299436441,49.125000000000085
18.950000000000163,0,1,3.9513887591136694,3.9513887591136694,49.125000000000085
18.960000000000164,0,1,3.9516309959628586,3.9516309959628586,49.125000000000085
18.970000000000166,0,1,3.9518655394627586,3.9518655394627586,49.125000000000085
18.980000000000167,0,1,3.95210080349662,3.95210080349662,49.125000000000085
18.99000000000017,0,1,3.9523359651558536,3.9523359651558536,49.125000000000085
19.00000000000017,0,1,3.9525706926999646,3.9525706926999646,49.125000000000085
19.010000000000172,0,1,3.9528049865518966,3.9528049865518966,49.125000000000085
19.020000000000174,0,1,3.953038847133058,3.953038847133058,49.125000000000085
19.030000000000175,0,1,3.9532722748627407,3.9532722748627407,49.125000000000085
19.040000000000177,0,1,3.953505270158658,3.953505270158658,49.125000000000085
19.05000000000018,0,1,3.9537378334368043,3.9537378334368043,49.125000000000085
19.06000000000018,0,1,3.9539699651112414,3.9539699651112414,49.125000000000085
19.07000000000018,0,1,3.9542016655943257,3.9542016655943257,49.125000000000085
19.080000000000183,0,1,3.9544329352968077,3.9544329352968077,49.125000000000085
19.090000000000185,0,1,3.954663774627562,3.954663774627562,49.125000000000085
19.100000000000186,0,1,3.9596985171089187,3.9596985171089187,49.125000000000085
19.110000000000188,0,1,3.959926682464001,3.959926682464001,49.125000000000085
19.12000000000019,0,1,3.960154417458753,3.960154417458753,49.125000000000085
19.13000000000019,0,1,3.9603817225051756,3.9603817225051756,49.125000000000085
19.140000000000192,0,1,3.9606076987581105,3.9606076987581105,49.125000000000085
19.150000000000194,0,1,3.960829703878204,3.960829703878204,49.125000000000085
19.160000000000196,0,1,3.9610514249193045,3.9610514249193045,49.125000000000085
19.170000000000197,0,1,3.961272861967146,3.961272861967146,49.125000000000085
19.1800000000002,0,1,3.9614940151062257,3.9614940151062257,49.125000000000085
19.1900000000002,0,1,3.9701913386452503,3.9701913386452503,49.125000000000085
19.200000000000202,0,1,3.970449783489954,3.970449783489954,49.125000000000085
19.210000000000203,0,1,3.970671099579988,3.970671099579988,49.125000000000085
19.220000000000205,0,1,3.970888022283418,3.970888022283418,49.125000000000085
19.230000000000206,0,1,3.9711046665945986,3.9711046665945986,49.125000000000085
19.240000000000208,0,1,3.9713210326002866,3.9713210326002866,49.125000000000085
19.25000000000021,0,1,3.971537120385875,3.971537120385875,49.125000000000085
19.26000000000021,0,1,3.971752930035308,3.971752930035308,49.125000000000085
19.270000000000213,0,1,3.9719684616309365,3.9719684616309365,49.125000000000085
19.280000000000214,0,1,3.972183741405388,3.972183741405388,49.125000000000085
19.290000000000216,0,1,3.9724071125449143,3.9724071125449143,49.125000000000085
19.300000000000217,0,1,3.9726301937171087,3.9726301937171087,49.125000000000085
19.31000000000022,0,1,3.972852985010178,3.972852985010178,49.125000000000085
19.32000000000022,0,1,3.973075486511064,3.973075486511064,49.125000000000085
19.330000000000222,0,1,3.973297698305373,3.973297698305373,49.125000000000085
19.340000000000224,0,1,3.973519620477603,3.973519620477603,49.125000000000085
19.350000000000225,0,1,3.9737412531108873,3.9737412531108873,49.125000000000085
19.360000000000227,0,1,3.973962596286995,3.973962596286995,49.125000000000085
19.37000000000023,0,1,3.9741836500865872,3.9741836500865872,49.125000000000085
19.38000000000023,0,1,3.974404414589145,3.974404414589145,49.125000000000085
19.39000000000023,0,1,3.9746248898728425,3.9746248898728425,49.125000000000085
19.400000000000233,0,1,3.9748450760145886,3.9748450760145886,49.125000000000085
19.410000000000235,0,1,3.9906238734333783,3.9906238734333783,49.125000000000085
19.420000000000236,0,1,3.9908557573392898,3.9908557573392898,49.125000000000085
19.430000000000238,0,1,3.9910871952266262,3.9910871952266262,49.125000000000085
19.44000000000024,0,1,3.9913181875087247,3.9913181875087247,49.125000000000085
19.45000000000024,0,1,3.9915487345972167,3.9915487345972167,49.125000000000085
19.460000000000242,0,1,3.9917788369022986,3.9917788369022986,49.125000000000085
19.470000000000244,0,1,3.992008655418971,3.992008655418971,49.125000000000085
19.480000000000246,0,1,3.9922384049818476,3.9922384049818476,49.125000000000085
19.490000000000247,0,1,3.992467710493983,3.992467710493983,49.125000000000085
19.50000000000025,0,1,3.9926965723590513,3.9926965723590513,49.125000000000085
19.51000000000025,0,1,3.9929255220312285,3.9929255220312285,49.125000000000085
19.520000000000252,0,1,3.9931549308269894,3.9931549308269894,49.125000000000085
19.530000000000253,0,1,3.9933838961365353,3.9933838961365353,49.125000000000085
19.540000000000255,0,1,3.9936124183568324,3.9936124183568324,49.125000000000085
19.550000000000257,0,1,3.9938404978831983,3.9938404978831983,49.125000000000085
19.560000000000258,0,1,3.9940681351097282,3.9940681351097282,49.125000000000085
19.57000000000026,0,1,3.994295330428713,3.994295330428713,49.125000000000085
19.58000000000026,0,1,3.994519360195895,3.994519360195895,49.125000000000085
19.590000000000263,0,1,3.994735000068374,3.994735000068374,49.125000000000085
19.600000000000264,0,1,3.9949890652589204,3.9949890652589204,49.125000000000085
19.610000000000266,0,1,3.9952043270002093,3.9952043270002093,49.125000000000085
19.620000000000267,0,1,3.9954159621012764,3.9954159621012764,49.125000000000085
19.63000000000027,0,1,3.995626092256444,3.995626092256444,49.125000000000085
19.64000000000027,0,1,3.995835935517462,3.995835935517462,49.125000000000085
19.650000000000272,0,1,3.9960454919648214,3.9960454919648214,49.125000000000085
19.660000000000274,0,1,3.996254761677548,3.996254761677548,49.125000000000085
19.670000000000275,0,1,3.9964637447339584,3.9964637447339584,49.125000000000085
19.680000000000277,0,1,4.0013587360914755,4.0013587360914755,49.125000000000085
19.69000000000028,0,1,4.001564847997244,4.001564847997244,49.125000000000085
19.70000000000028,0,1,4.0017706735633425,4.0017706735633425,49.125000000000085
19.71000000000028,0,1,4.001976212870602,4.001976212870602,49.125000000000085
19.720000000000283,0,1,4.01044509654912,4.01044509654912,49.125000000000085
19.730000000000285,0,1,4.010647377943243,4.010647377943243,49.125000000000085
19.740000000000286,0,1,4.010848469105781,4.010848469105781,49.125000000000085
19.750000000000288,0,1,4.011049274531871,4.011049274531871,49.125000000000085
19.76000000000029,0,1,4.011249794306593,4.011249794306593,49.125000000000085
19.77000000000029,0,1,4.011450028513892,4.011450028513892,49.125000000000085
19.780000000000292,0,1,4.01164997723653,4.01164997723653,49.125000000000085
19.790000000000294,0,1,4.011849640556363,4.011849640556363,49.125000000000085
19.800000000000296,0,1,4.012049018553483,4.012049018553483,49.125000000000085
19.810000000000297,0,1,4.01224811130713,4.01224811130713,49.125000000000085
19.8200000000003,0,1,4.012446918895549,4.012446918895549,49.125000000000085
19.8300000000003,0,1,4.012645441395463,4.012645441395463,49.125000000000085
19.840000000000302,0,1,4.01284367888276,4.01284367888276,49.125000000000085
19.850000000000303,0,1,4.013041631432074,4.013041631432074,49.125000000000085
19.860000000000305,0,1,4.013239299116819,4.013239299116819,49.125000000000085
19.870000000000307,0,1,4.013436682009527,4.013436682009527,49.125000000000085
19.880000000000308,0,1,4.013633780181266,4.013633780181266,49.125000000000085
19.89000000000031,0,1,4.0138305937022665,4.0138305937022665,49.125000000000085
19.90000000000031,0,1,4.0140271226418065,4.0140271226418065,49.125000000000085
19.910000000000313,0,1,4.014223367067757,4.014223367067757,49.125000000000085
19.920000000000314,0,1,4.014425961725095,4.014425961725095,49.125000000000085
19.930000000000316,0,1,4.029805997685955,4.029805997685955,49.125000000000085
19.940000000000317,0,1,4.0300214350849615,4.0300214350849615,49.125000000000085
19.95000000000032,0,1,4.030236423833983,4.030236423833983,49.125000000000085
19.96000000000032,0,1,4.0304509643361826,4.0304509643361826,49.125000000000085
19.970000000000322,0,1,4.030665056993698,4.030665056993698,49.125000000000085
19.980000000000324,0,1,4.030878702207048,4.030878702207048,49.125000000000085
19.990000000000325,0,1,4.031091900375458,4.031091900375458,49.125000000000085
20.000000000000327,0,1,4.0313442335508824,4.0313442335508824,49.125000000000085
20.01000000000033,0,1,4.031556934676061,4.031556934676061,49.125000000000085
20.02000000000033,0,1,4.031769191896487,4.031769191896487,49.125000000000085
20.03000000000033,0,1,4.031981005605417,4.031981005605417,49.125000000000085
20.040000000000333,0,1,4.0321923761947716,4.0321923761947716,49.125000000000085
20.050000000000335,0,1,4.032404872550245,4.032404872550245,49.125000000000085
20.060000000000336,0,1,4.032617272756426,4.032617272756426,49.125000000000085
20.070000000000338,0,1,4.032829229518427,4.032829229518427,49.125000000000085
20.08000000000034,0,1,4.03304074322196,4.03304074322196,49.125000000000085
20.09000000000034,0,1,4.033251814251116,4.033251814251116,49.125000000000085
20.100000000000342,0,1,4.033462442989247,4.033462442989247,49.125000000000085
20.110000000000344,0,1,4.033672629817929,4.033672629817929,49.125000000000085
20.120000000000346,0,1,4.033882375117827,4.033882375117827,49.125000000000085
20.130000000000347,0,1,4.034089639679095,4.034089639679095,49.125000000000085
20.14000000000035,0,1,4.0342943128904665,4.0342943128904665,49.125000000000085
20.15000000000035,0,1,4.034498680687506,4.034498680687506,49.125000000000085
20.160000000000352,0,1,4.034702743150817,4.034702743150817,49.125000000000085
20.170000000000353,0,1,4.034906500359995,4.034906500359995,49.125000000000085
20.180000000000355,0,1,4.035109952393867,4.035109952393867,49.125000000000085
20.190000000000357,0,1,4.035313099330125,4.035313099330125,49.125000000000085
20.200000000000358,0,1,4.035514904708833,4.035514904708833,49.125000000000085
20.21000000000036,0,1,4.043775655899736,4.043775655899736,49.125000000000085
20.22000000000036,0,1,4.043964053673349,4.043964053673349,49.125000000000085
20.230000000000363,0,1,4.0441521575304336,4.0441521575304336,49.125000000000085
20.240000000000364,0,1,4.044339967555217,4.044339967555217,49.125000000000085
20.250000000000366,0,1,4.049062590024903,4.049062590024903,49.125000000000085
20.260000000000367,0,1,4.049257953748352,4.049257953748352,49.125000000000085
20.27000000000037,0,1,4.049449808055343,4.049449808055343,49.125000000000085
20.28000000000037,0,1,4.049634238347522,4.049634238347522,49.125000000000085
20.290000000000372,0,1,4.0498183753135635,4.0498183753135635,49.125000000000085
20.300000000000374,0,1,4.05000221903822,4.05000221903822,49.125000000000085
20.310000000000375,0,1,4.050185769605093,4.050185769605093,49.125000000000085
20.320000000000377,0,1,4.050369027096735,4.050369027096735,49.125000000000085
20.33000000000038,0,1,4.050551991595029,4.050551991595029,49.125000000000085
20.34000000000038,0,1,4.050734663180407,4.050734663180407,49.125000000000085
20.35000000000038,0,1,4.050917041932735,4.050917041932735,49.125000000000085
20.360000000000383,0,1,4.0510991279302,4.0510991279302,49.125000000000085
20.370000000000385,0,1,4.051280921251006,4.051280921251006,49.125000000000085
20.380000000000386,0,1,4.051462421971266,4.051462421971266,49.125000000000085
20.390000000000388,0,1,4.05164363016695,4.05164363016695,49.125000000000085
20.40000000000039,0,1,4.051865517020715,4.051865517020715,49.125000000000085
20.41000000000039,0,1,4.052046478706032,4.052046478706032,49.125000000000085
20.420000000000393,0,1,4.052227149441833,4.052227149441833,49.125000000000085
20.430000000000394,0,1,4.052407529299543,4.052407529299543,49.125000000000085
20.440000000000396,0,1,4.067379447788085,4.067379447788085,49.125000000000085
20.450000000000397,0,1,4.067571168702088,4.067571168702088,49.125000000000085
20.4600000000004,0,1,4.067762448133635,4.067762448133635,49.125000000000085
20.4700000000004,0,1,4.067953286476467,4.067953286476467,49.125000000000085
20.480000000000402,0,1,4.068143684123498,4.068143684123498,49.125000000000085
20.490000000000403,0,1,4.068333641465813,4.068333641465813,49.125000000000085
20.500000000000405,0,1,4.068523158893669,4.068523158893669,49.125000000000085
20.510000000000407,0,1,4.068712236795662,4.068712236795662,49.125000000000085
20.520000000000408,0,1,4.068900875559407,4.068900875559407,49.125000000000085
20.53000000000041,0,1,4.069089075571,4.069089075571,49.125000000000085
20.54000000000041,0,1,4.069276837215369,4.069276837215369,49.125000000000085
20.550000000000413,0,1,4.069468373184208,4.069468373184208,49.125000000000085
20.560000000000414,0,1,4.069662977361162,4.069662977361162,49.125000000000085
20.570000000000416,0,1,4.069857135011816,4.069857135011816,49.125000000000085
20.580000000000418,0,1,4.070051723544722,4.070051723544722,49.125000000000085
20.59000000000042,0,1,4.070246349060582,4.070246349060582,49.125000000000085
20.60000000000042,0,1,4.070440528208081,4.070440528208081,49.125000000000085
20.610000000000422,0,1,4.07063426136655,4.07063426136655,49.125000000000085
20.620000000000424,0,1,4.070827548914295,4.070827548914295,49.125000000000085
20.630000000000425,0,1,4.071020642721351,4.071020642721351,49.125000000000085
20.640000000000427,0,1,4.071212349310258,4.071212349310258,49.125000000000085
20.65000000000043,0,1,4.071400672176011,4.071400672176011,49.125000000000085
20.66000000000043,0,1,4.071588682117266,4.071588682117266,49.125000000000085
20.67000000000043,0,1,4.07177637921987,4.07177637921987,49.125000000000085
20.680000000000433,0,1,4.071963763568604,4.071963763568604,49.125000000000085
20.690000000000435,0,1,4.072150835247783,4.072150835247783,49.125000000000085
20.700000000000436,0,1,4.072337594340496,4.072337594340496,49.125000000000085
20.710000000000438,0,1,4.07252404092938,4.07252404092938,49.125000000000085
20.72000000000044,0,1,4.072710175095835,4.072710175095835,49.125000000000085
20.73000000000044,0,1,4.072895996920806,4.072895996920806,49.125000000000085
20.740000000000443,0,1,4.1932139813607705,4.1932139813607705,49.500000000000085
20.750000000000444,0,1,4.193384302933595,4.193384302933595,49.500000000000085
20.760000000000446,0,1,4.19355432045738,4.19355432045738,49.500000000000085
20.770000000000447,0,1,4.193724034018473,4.193724034018473,49.500000000000085
20.78000000000045,0,1,4.193893443701754,4.193893443701754,49.500000000000085
20.79000000000045,0,1,4.194062549591308,4.194062549591308,49.500000000000085
20.800000000000452,0,1,4.194272799023111,4.194272799023111,49.500000000000085
20.810000000000453,0,1,4.194441590478988,4.194441590478988,49.500000000000085
20.820000000000455,0,1,4.194610079387587,4.194610079387587,49.500000000000085
20.830000000000457,0,1,4.199214931671051,4.199214931671051,49.500000000000085
20.840000000000458,0,1,4.199380682541303,4.199380682541303,49.500000000000085
20.85000000000046,0,1,4.199546131232509,4.199546131232509,49.500000000000085
20.86000000000046,0,1,4.199711277827944,4.199711277827944,49.500000000000085
20.870000000000463,0,1,4.199876122409634,4.199876122409634,49.500000000000085
20.880000000000464,0,1,4.200040665058964,4.200040665058964,49.500000000000085
20.890000000000466,0,1,4.200203442547988,4.200203442547988,49.500000000000085
20.900000000000468,0,1,4.200357212396639,4.200357212396639,49.500000000000085
20.91000000000047,0,1,4.2005106909579695,4.2005106909579695,49.500000000000085
20.92000000000047,0,1,4.200663878312213,4.200663878312213,49.500000000000085
20.930000000000472,0,1,4.200816774538438,4.200816774538438,49.500000000000085
20.940000000000474,0,1,4.2009693797149055,4.2009693797149055,49.500000000000085
20.950000000000475,0,1,4.215818681011768,4.215818681011768,49.500000000000085
20.960000000000477,0,1,4.2159826499037365,4.2159826499037365,49.500000000000085
20.97000000000048,0,1,4.2161461779450775,4.2161461779450775,49.500000000000085
20.98000000000048,0,1,4.216309265534292,4.216309265534292,49.500000000000085
20.99000000000048,0,1,4.21647191306856,4.21647191306856,49.500000000000085
21.000000000000483,0,1,4.21663412094415,4.21663412094415,49.500000000000085
21.010000000000485,0,1,4.216798064973105,4.216798064973105,49.500000000000085
21.020000000000486,0,1,4.216961519036545,4.216961519036545,49.500000000000085
21.030000000000488,0,1,4.217124483529659,4.217124483529659,49.500000000000085
21.04000000000049,0,1,4.217286958847154,4.217286958847154,49.500000000000085
21.05000000000049,0,1,4.217448945381761,4.217448945381761,49.500000000000085
21.060000000000493,0,1,4.2176104435257145,4.2176104435257145,49.500000000000085
21.070000000000494,0,1,4.217771453669471,4.217771453669471,49.500000000000085
21.080000000000496,0,1,4.217931976202621,4.217931976202621,49.500000000000085
21.090000000000497,0,1,4.218092011513676,4.218092011513676,49.500000000000085
21.1000000000005,0,1,4.218251559989383,4.218251559989383,49.500000000000085
21.1100000000005,0,1,4.218410985135677,4.218410985135677,49.500000000000085
21.120000000000502,0,1,4.218570915626273,4.218570915626273,49.500000000000085
21.130000000000503,0,1,4.218730359482535,4.218730359482535,49.500000000000085
21.140000000000505,0,1,4.218889317086109,4.218889317086109,49.500000000000085
21.150000000000507,0,1,4.219047418982996,4.219047418982996,49.500000000000085
21.160000000000508,0,1,4.219201221049289,4.219201221049289,49.500000000000085
21.17000000000051,0,1,4.219354670405082,4.219354670405082,49.500000000000085
21.18000000000051,0,1,4.219509568901316,4.219509568901316,49.500000000000085
21.190000000000513,0,1,4.2196699243336155,4.2196699243336155,49.500000000000085
21.200000000000514,0,1,4.2198299168715465,4.2198299168715465,49.500000000000085
21.210000000000516,0,1,4.219989856804659,4.219989856804659,49.500000000000085
21.220000000000518,0,1,4.2201496213584875,4.2201496213584875,49.500000000000085
21.23000000000052,0,1,4.220309022797821,4.220309022797821,49.500000000000085
21.24000000000052,0,1,4.220468061223428,4.220468061223428,49.500000000000085
21.250000000000522,0,1,4.220626736735355,4.220626736735355,49.500000000000085
21.260000000000524,0,1,4.220785049432735,4.220785049432735,49.500000000000085
21.270000000000525,0,1,4.220942999413822,4.220942999413822,49.500000000000085
21.280000000000527,0,1,4.228899706990177,4.228899706990177,49.500000000000085
21.29000000000053,0,1,4.2290535929867445,4.2290535929867445,49.500000000000085
21.30000000000053,0,1,4.229207116992342,4.229207116992342,49.500000000000085
21.31000000000053,0,1,4.229360279109088,4.229360279109088,49.500000000000085
21.320000000000533,0,1,4.229513079438007,4.229513079438007,49.500000000000085
21.330000000000535,0,1,4.2296655180794716,4.2296655180794716,49.500000000000085
21.340000000000536,0,1,4.229817595133156,4.229817595133156,49.500000000000085
21.350000000000538,0,1,4.229969310697911,4.229969310697911,49.500000000000085
21.36000000000054,0,1,4.230120664871734,4.230120664871734,49.500000000000085
21.37000000000054,0,1,4.230271657751956,4.230271657751956,49.500000000000085
21.380000000000543,0,1,4.230422289435097,4.230422289435097,49.500000000000085
21.390000000000544,0,1,4.230572560016583,4.230572560016583,49.500000000000085
21.400000000000546,0,1,4.230745561292764,4.230745561292764,49.500000000000085
21.410000000000547,0,1,4.23520903450698,4.23520903450698,49.500000000000085
21.42000000000055,0,1,4.235357358431145,4.235357358431145,49.500000000000085
21.43000000000055,0,1,4.235505350431765,4.235505350431765,49.500000000000085
21.440000000000552,0,1,4.235653010596266,4.235653010596266,49.500000000000085
21.450000000000554,0,1,4.2358003390125845,4.2358003390125845,49.500000000000085
21.460000000000555,0,1,4.250275522467263,4.250275522467263,49.500000000000085
21.470000000000557,0,1,4.250433787215641,4.250433787215641,49.500000000000085
21.480000000000558,0,1,4.250591577132312,4.250591577132312,49.500000000000085
21.49000000000056,0,1,4.250748892602672,4.250748892602672,49.500000000000085
21.50000000000056,0,1,4.250905734010374,4.250905734010374,49.500000000000085
21.510000000000563,0,1,4.251062101738199,4.251062101738199,49.500000000000085
21.520000000000564,0,1,4.251208759132538,4.251208759132538,49.500000000000085
21.530000000000566,0,1,4.251354511563278,4.251354511563278,49.500000000000085
21.540000000000568,0,1,4.251499798850816,4.251499798850816,49.500000000000085
21.55000000000057,0,1,4.251644621383477,4.251644621383477,49.500000000000085
21.56000000000057,0,1,4.251788979548323,4.251788979548323,49.500000000000085
21.570000000000572,0,1,4.25193287373105,4.25193287373105,49.500000000000085
21.580000000000574,0,1,4.25207630431666,4.25207630431666,49.500000000000085
21.590000000000575,0,1,4.252219271688759,4.252219271688759,49.500000000000085
21.600000000000577,0,1,4.252361776229449,4.252361776229449,49.500000000000085
21.61000000000058,0,1,4.252503818320918,4.252503818320918,49.500000000000085
21.62000000000058,0,1,4.252645398342722,4.252645398342722,49.500000000000085
21.63000000000058,0,1,4.252786516674078,4.252786516674078,49.500000000000085
21.640000000000583,0,1,4.252927173693379,4.252927173693379,49.500000000000085
21.650000000000585,0,1,4.253068553817158,4.253068553817158,49.500000000000085
21.660000000000586,0,1,4.253209609049833,4.253209609049833,49.500000000000085
21.670000000000588,0,1,4.253346634723059,4.253346634723059,49.500000000000085
21.68000000000059,0,1,4.253482762802562,4.253482762802562,49.500000000000085
21.69000000000059,0,1,4.2536185595336775,4.2536185595336775,49.500000000000085
21.700000000000593,0,1,4.253754025008618,4.253754025008618,49.500000000000085
21.710000000000594,0,1,4.253889159319257,4.253889159319257,49.500000000000085
21.720000000000596,0,1,4.254023962555962,4.254023962555962,49.500000000000085
21.730000000000597,0,1,4.2541584348094545,4.2541584348094545,49.500000000000085
21.7400000000006,0,1,4.254292576168865,4.254292576168865,49.500000000000085
21.7500000000006,0,1,4.254426386722557,4.254426386722557,49.500000000000085
21.760000000000602,0,1,4.254559866558793,4.254559866558793,49.500000000000085
21.770000000000604,0,1,4.254693015764332,4.254693015764332,49.500000000000085
21.780000000000605,0,1,4.2548258344255885,4.2548258344255885,49.500000000000085
21.790000000000607,0,1,4.254958708062688,4.254958708062688,49.500000000000085
21.80000000000061,0,1,4.255122047641379,4.255122047641379,49.500000000000085
21.81000000000061,0,1,4.26285499633066,4.26285499633066,49.500000000000085
21.82000000000061,0,1,4.262990886892254,4.262990886892254,49.500000000000085
21.830000000000613,0,1,4.263127451376093,4.263127451376093,49.500000000000085
21.840000000000614,0,1,4.263263684781535,4.263263684781535,49.500000000000085
21.850000000000616,0,1,4.263399587202926,4.263399587202926,49.500000000000085
21.860000000000618,0,1,4.2635351587346975,4.2635351587346975,49.500000000000085
21.87000000000062,0,1,4.2636703994696745,4.2636703994696745,49.500000000000085
21.88000000000062,0,1,4.263805309500526,4.263805309500526,49.500000000000085
21.890000000000622,0,1,4.263939888918927,4.263939888918927,49.500000000000085
21.900000000000624,0,1,4.264074137816195,4.264074137816195,49.500000000000085
21.910000000000625,0,1,4.264208056282413,4.264208056282413,49.500000000000085
21.920000000000627,0,1,4.2643416444073665,4.2643416444073665,49.500000000000085
21.93000000000063,0,1,4.278473249867588,4.278473249867588,49.500000000000085
21.94000000000063,0,1,4.278617625183784,4.278617625183784,49.500000000000085
21.95000000000063,0,1,4.278761530488069,4.278761530488069,49.500000000000085
21.960000000000633,0,1,4.27890496616061,4.27890496616061,49.500000000000085
21.970000000000635,0,1,4.279047932580411,4.279047932580411,49.500000000000085
21.980000000000636,0,1,4.279190430125539,4.279190430125539,49.500000000000085
21.990000000000638,0,1,4.28345512243952,4.28345512243952,49.500000000000085
22.00000000000064,0,1,4.283595231495838,4.283595231495838,49.500000000000085
22.01000000000064,0,1,4.2837348719218085,4.2837348719218085,49.500000000000085
22.020000000000643,0,1,4.283874044097232,4.283874044097232,49.500000000000085
22.030000000000644,0,1,4.284012748400372,4.284012748400372,49.500000000000085
22.040000000000646,0,1,4.284150985209109,4.284150985209109,49.500000000000085
22.050000000000647,0,1,4.284288754899848,4.284288754899848,49.500000000000085
22.06000000000065,0,1,4.284426057847881,4.284426057847881,49.500000000000085
22.07000000000065,0,1,4.284562894428092,4.284562894428092,49.500000000000085
22.080000000000652,0,1,4.2846992650139555,4.2846992650139555,49.500000000000085
22.090000000000654,0,1,4.284835169977981,4.284835169977981,49.500000000000085
22.100000000000655,0,1,4.284970609691641,4.284970609691641,49.500000000000085
22.110000000000657,0,1,4.285105584525539,4.285105584525539,49.500000000000085
22.12000000000066,0,1,4.285240094849428,4.285240094849428,49.500000000000085
22.13000000000066,0,1,4.285374141031809,4.285374141031809,49.500000000000085
22.14000000000066,0,1,4.285500605337859,4.285500605337859,49.500000000000085
22.150000000000663,0,1,4.285624348351121,4.285624348351121,49.500000000000085
22.160000000000664,0,1,4.285747635604594,4.285747635604594,49.500000000000085
22.170000000000666,0,1,4.285870467472094,4.285870467472094,49.500000000000085
22.180000000000668,0,1,4.285990816864782,4.285990816864782,49.500000000000085
22.19000000000067,0,1,4.286110070938648,4.286110070938648,49.500000000000085
22.20000000000067,0,1,4.286263125758893,4.286263125758893,49.500000000000085
22.210000000000672,0,1,4.286382289647364,4.286382289647364,49.500000000000085
22.220000000000674,0,1,4.286501129087,4.286501129087,49.500000000000085
22.230000000000675,0,1,4.286619644171992,4.286619644171992,49.500000000000085
22.240000000000677,0,1,4.286737834995435,4.286737834995435,49.500000000000085
22.25000000000068,0,1,4.28685570165014,4.28685570165014,49.500000000000085
22.26000000000068,0,1,4.286973244227866,4.286973244227866,49.500000000000085
22.27000000000068,0,1,4.287090462820132,4.287090462820132,49.500000000000085
22.280000000000683,0,1,4.2872073575173175,4.2872073575173175,49.500000000000085
22.290000000000685,0,1,4.287323928409265,4.287323928409265,49.500000000000085
22.300000000000686,0,1,4.287440175585374,4.287440175585374,49.500000000000085
22.310000000000688,0,1,4.287556099133852,4.287556099133852,49.500000000000085
22.32000000000069,0,1,4.287671699142962,4.287671699142962,49.500000000000085
22.33000000000069,0,1,4.287786975699646,4.287786975699646,49.500000000000085
22.340000000000693,0,1,4.295308601683587,4.295308601683587,49.500000000000085
22.350000000000694,0,1,4.295420119760109,4.295420119760109,49.500000000000085
22.360000000000696,0,1,4.295531315018877,4.295531315018877,49.500000000000085
22.370000000000697,0,1,4.295642638629687,4.295642638629687,49.500000000000085
22.3800000000007,0,1,4.2957536612700125,4.2957536612700125,49.500000000000085
22.3900000000007,0,1,4.295864360842785,4.295864360842785,49.500000000000085
22.400000000000702,0,1,4.295974737436367,4.295974737436367,49.500000000000085
22.410000000000704,0,1,4.296084791137787,4.296084791137787,49.500000000000085
22.420000000000705,0,1,4.2961945220342415,4.2961945220342415,49.500000000000085
22.430000000000707,0,1,4.296303930211394,4.296303930211394,49.500000000000085
22.44000000000071,0,1,4.3100650780544925,4.3100650780544925,49.500000000000085
22.45000000000071,0,1,4.3101885445992,4.3101885445992,49.500000000000085
22.46000000000071,0,1,4.310315226845759,4.310315226845759,49.500000000000085
22.470000000000713,0,1,4.310441440525977,4.310441440525977,49.500000000000085
22.480000000000715,0,1,4.310567186017636,4.310567186017636,49.500000000000085
22.490000000000716,0,1,4.310692463696412,4.310692463696412,49.500000000000085
22.500000000000718,0,1,4.310817273938113,4.310817273938113,49.500000000000085
22.51000000000072,0,1,4.310941617116612,4.310941617116612,49.500000000000085
22.52000000000072,0,1,4.311065493605682,4.311065493605682,49.500000000000085
22.530000000000722,0,1,4.311188903777719,4.311188903777719,49.500000000000085
22.540000000000724,0,1,4.311311848004294,4.311311848004294,49.500000000000085
22.550000000000725,0,1,4.3114343266559985,4.3114343266559985,49.500000000000085
22.560000000000727,0,1,4.315569713949031,4.315569713949031,49.500000000000085
22.57000000000073,0,1,4.315689858301269,4.315689858301269,49.500000000000085
22.58000000000073,0,1,4.315809537353331,4.315809537353331,49.500000000000085
22.59000000000073,0,1,4.315928751477514,4.315928751477514,49.500000000000085
22.600000000000733,0,1,4.316083074933502,4.316083074933502,49.500000000000085
22.610000000000735,0,1,4.316201805834893,4.316201805834893,49.500000000000085
22.620000000000736,0,1,4.3163200756774245,4.3163200756774245,49.500000000000085
22.630000000000738,0,1,4.316437884828957,4.316437884828957,49.500000000000085
22.64000000000074,0,1,4.316555233656672,4.316555233656672,49.500000000000085
22.65000000000074,0,1,4.316672122526441,4.316672122526441,49.500000000000085
22.660000000000743,0,1,4.3167885518035405,4.3167885518035405,49.500000000000085
22.670000000000744,0,1,4.31690452185218,4.31690452185218,49.500000000000085
22.680000000000746,0,1,4.317020033035632,4.317020033035632,49.500000000000085
22.690000000000747,0,1,4.317132884627128,4.317132884627128,49.500000000000085
22.70000000000075,0,1,4.3172436112473775,4.3172436112473775,49.500000000000085
22.71000000000075,0,1,4.317354344929228,4.317354344929228,49.500000000000085
22.720000000000752,0,1,4.317465642507159,4.317465642507159,49.500000000000085
22.730000000000754,0,1,4.317576602379219,4.317576602379219,49.500000000000085
22.740000000000755,0,1,4.317687224644516,4.317687224644516,49.500000000000085
22.750000000000757,0,1,4.317797509401373,4.317797509401373,49.500000000000085
22.76000000000076,0,1,4.317902907838061,4.317902907838061,49.500000000000085
22.77000000000076,0,1,4.318003420605791,4.318003420605791,49.500000000000085
22.78000000000076,0,1,4.318103605278196,4.318103605278196,49.500000000000085
22.790000000000763,0,1,4.31820346195282,4.31820346195282,49.500000000000085
22.800000000000765,0,1,4.318302990726977,4.318302990726977,49.500000000000085
22.810000000000766,0,1,4.318402191696961,4.318402191696961,49.500000000000085
22.820000000000768,0,1,4.31850106495861,4.31850106495861,49.500000000000085
22.83000000000077,0,1,4.318599610607507,4.318599610607507,49.500000000000085
22.84000000000077,0,1,4.43054356881953,4.43054356881953,49.875000000000085
22.850000000000772,0,1,4.430630726961638,4.430630726961638,49.875000000000085
22.860000000000774,0,1,4.430717564007708,4.430717564007708,49.875000000000085
22.870000000000775,0,1,4.438155852161756,4.438155852161756,49.875000000000085
22.880000000000777,0,1,4.438238965932015,4.438238965932015,49.875000000000085
22.89000000000078,0,1,4.438321759226071,4.438321759226071,49.875000000000085
22.90000000000078,0,1,4.438404232136605,4.438404232136605,49.875000000000085
22.91000000000078,0,1,4.438486384756487,4.438486384756487,49.875000000000085
22.920000000000783,0,1,4.438568217177547,4.438568217177547,49.875000000000085
22.930000000000785,0,1,4.4386497294904075,4.4386497294904075,49.875000000000085
22.940000000000786,0,1,4.438731001211224,4.438731001211224,49.875000000000085
22.950000000000788,0,1,4.452378714699506,4.452378714699506,49.875000000000085
22.96000000000079,0,1,4.452471127082262,4.452471127082262,49.875000000000085
22.97000000000079,0,1,4.452563081630174,4.452563081630174,49.875000000000085
22.980000000000793,0,1,4.452654578720669,4.452654578720669,49.875000000000085
22.990000000000794,0,1,4.452745618731328,4.452745618731328,49.875000000000085
23.000000000000796,0,1,4.45287355893295,4.45287355893295,49.875000000000085
23.010000000000797,0,1,4.452964059812601,4.452964059812601,49.875000000000085
23.0200000000008,0,1,4.45305410658554,4.45305410658554,49.875000000000085
23.0300000000008,0,1,4.453143699624604,4.453143699624604,49.875000000000085
23.040000000000802,0,1,4.453232839301322,4.453232839301322,49.875000000000085
23.050000000000804,0,1,4.45332152598678,4.45332152598678,49.875000000000085
23.060000000000805,0,1,4.45340976005042,4.45340976005042,49.875000000000085
23.070000000000807,0,1,4.453497541861438,4.453497541861438,49.875000000000085
23.08000000000081,0,1,4.453584880263463,4.453584880263463,49.875000000000085
23.09000000000081,0,1,4.453678646061476,4.453678646061476,49.875000000000085
23.10000000000081,0,1,4.453771952598757,4.453771952598757,49.875000000000085
23.110000000000813,0,1,4.4538648002434655,4.4538648002434655,49.875000000000085
23.120000000000815,0,1,4.453957189363393,4.453957189363393,49.875000000000085
23.130000000000816,0,1,4.454049120324996,4.454049120324996,49.875000000000085
23.140000000000818,0,1,4.458123806199069,4.458123806199069,49.875000000000085
23.15000000000082,0,1,4.458206550337437,4.458206550337437,49.875000000000085
23.16000000000082,0,1,4.458295353827651,4.458295353827651,49.875000000000085
23.170000000000822,0,1,4.458384061968545,4.458384061968545,49.875000000000085
23.180000000000824,0,1,4.4584723129662365,4.4584723129662365,49.875000000000085
23.190000000000826,0,1,4.458560107186699,4.458560107186699,49.875000000000085
23.200000000000827,0,1,4.458645409795281,4.458645409795281,49.875000000000085
23.21000000000083,0,1,4.45872841577993,4.45872841577993,49.875000000000085
23.22000000000083,0,1,4.458811086348234,4.458811086348234,49.875000000000085
23.23000000000083,0,1,4.458893421604131,4.458893421604131,49.875000000000085
23.240000000000833,0,1,4.4589755182787485,4.4589755182787485,49.875000000000085
23.250000000000835,0,1,4.459058414329888,4.459058414329888,49.875000000000085
23.260000000000836,0,1,4.459140974260336,4.459140974260336,49.875000000000085
23.270000000000838,0,1,4.45922319817187,4.45922319817187,49.875000000000085
23.28000000000084,0,1,4.4593050861657275,4.4593050861657275,49.875000000000085
23.29000000000084,0,1,4.459386638342949,4.459386638342949,49.875000000000085
23.300000000000843,0,1,4.459467854803393,4.459467854803393,49.875000000000085
23.310000000000844,0,1,4.459548735646749,4.459548735646749,49.875000000000085
23.320000000000846,0,1,4.459629280971967,4.459629280971967,49.875000000000085
23.330000000000847,0,1,4.459709490877685,4.459709490877685,49.875000000000085
23.34000000000085,0,1,4.459789365461219,4.459789365461219,49.875000000000085
23.35000000000085,0,1,4.459868904820411,4.459868904820411,49.875000000000085
23.360000000000852,0,1,4.459948109051524,4.459948109051524,49.875000000000085
23.370000000000854,0,1,4.460026978250767,4.460026978250767,49.875000000000085
23.380000000000855,0,1,4.460103288479459,4.460103288479459,49.875000000000085
23.390000000000857,0,1,4.473452791549178,4.473452791549178,49.875000000000085
23.40000000000086,0,1,4.467445872505834,4.467445872505834,49.875000000000085
23.41000000000086,0,1,4.46751179531374,4.46751179531374,49.875000000000085
23.42000000000086,0,1,4.467577394230901,4.467577394230901,49.875000000000085
23.430000000000863,0,1,4.467642669355541,4.467642669355541,49.875000000000085
23.440000000000865,0,1,4.467707620785589,4.467707620785589,49.875000000000085
23.450000000000866,0,1,4.467772248618388,4.467772248618388,49.875000000000085
23.460000000000868,0,1,4.481067940818221,4.481067940818221,49.875000000000085
23.47000000000087,0,1,4.481143146486929,4.481143146486929,49.875000000000085
23.48000000000087,0,1,4.481217894613621,4.481217894613621,49.875000000000085
23.490000000000872,0,1,4.481292185574489,4.481292185574489,49.875000000000085
23.500000000000874,0,1,4.481366019745508,4.481366019745508,49.875000000000085
23.510000000000876,0,1,4.481439397501077,4.481439397501077,49.875000000000085
23.520000000000877,0,1,4.481512488254509,4.481512488254509,49.875000000000085
23.53000000000088,0,1,4.481585400102688,4.481585400102688,49.875000000000085
23.54000000000088,0,1,4.4816578562495835,4.4816578562495835,49.875000000000085
23.550000000000882,0,1,4.481729857065886,4.481729857065886,49.875000000000085
23.560000000000883,0,1,4.481801402921548,4.481801402921548,49.875000000000085
23.570000000000885,0,1,4.481872494185595,4.481872494185595,49.875000000000085
23.580000000000886,0,1,4.4819431312260605,4.4819431312260605,49.875000000000085
23.590000000000888,0,1,4.482013314409997,4.482013314409997,49.875000000000085
23.60000000000089,0,1,4.482083044103945,4.482083044103945,49.875000000000085
23.61000000000089,0,1,4.482152320672952,4.482152320672952,49.875000000000085
23.620000000000893,0,1,4.482221144481841,4.482221144481841,49.875000000000085
23.630000000000894,0,1,4.4822895158939104,4.4822895158939104,49.875000000000085
23.640000000000896,0,1,4.482357435272107,4.482357435272107,49.875000000000085
23.650000000000897,0,1,4.482424902978082,4.482424902978082,49.875000000000085
23.6600000000009,0,1,4.482491919372748,4.482491919372748,49.875000000000085
23.6700000000009,0,1,4.482557732644693,4.482557732644693,49.875000000000085
23.680000000000902,0,1,4.482619982800614,4.482619982800614,49.875000000000085
23.690000000000904,0,1,4.482681901625341,4.482681901625341,49.875000000000085
23.700000000000905,0,1,4.482743489219672,4.482743489219672,49.875000000000085
23.710000000000907,0,1,4.482804745683225,4.482804745683225,49.875000000000085
23.72000000000091,0,1,4.486795825563462,4.486795825563462,49.875000000000085
23.73000000000091,0,1,4.486854588431456,4.486854588431456,49.875000000000085
23.74000000000091,0,1,4.486913020635129,4.486913020635129,49.875000000000085
23.750000000000913,0,1,4.486971122275605,4.486971122275605,49.875000000000085
23.760000000000915,0,1,4.487028893453868,4.487028893453868,49.875000000000085
23.770000000000916,0,1,4.4870863342702165,4.4870863342702165,49.875000000000085
23.780000000000918,0,1,4.487144529136955,4.487144529136955,49.875000000000085
23.79000000000092,0,1,4.487205720258231,4.487205720258231,49.875000000000085
23.80000000000092,0,1,4.487308472610664,4.487308472610664,49.875000000000085
23.810000000000922,0,1,4.487372719206391,4.487372719206391,49.875000000000085
23.820000000000924,0,1,4.487436626506565,4.487436626506565,49.875000000000085
23.830000000000926,0,1,4.487500194617169,4.487500194617169,49.875000000000085
23.840000000000927,0,1,4.487563423643593,4.487563423643593,49.875000000000085
23.85000000000093,0,1,4.4876263136904555,4.4876263136904555,49.875000000000085
23.86000000000093,0,1,4.4876888648621645,4.4876888648621645,49.875000000000085
23.870000000000932,0,1,4.487751077262146,4.487751077262146,49.875000000000085
23.880000000000933,0,1,4.487812950993813,4.487812950993813,49.875000000000085
23.890000000000935,0,1,4.48787448615964,4.48787448615964,49.875000000000085
23.900000000000936,0,1,4.500890952478571,4.500890952478571,49.875000000000085
23.910000000000938,0,1,4.500962708015535,4.500962708015535,49.875000000000085
23.92000000000094,0,1,4.50103399639238,4.50103399639238,49.875000000000085
23.93000000000094,0,1,4.495103131160533,4.495103131160533,49.875000000000085
23.940000000000943,0,1,4.495160083903713,4.495160083903713,49.875000000000085
23.950000000000944,0,1,4.495216699068706,4.495216699068706,49.875000000000085
23.960000000000946,0,1,4.4952729767585,4.4952729767585,49.875000000000085
23.970000000000947,0,1,4.508236180033592,4.508236180033592,49.875000000000085
23.98000000000095,0,1,4.508302681024716,4.508302681024716,49.875000000000085
23.99000000000095,0,1,4.508368716079175,4.508368716079175,49.875000000000085
24.000000000000952,0,1,4.5084342855642205,4.5084342855642205,49.875000000000085
24.010000000000954,0,1,4.5084935483209705,4.5084935483209705,49.875000000000085
24.020000000000955,0,1,4.50855163801026,4.50855163801026,49.875000000000085
24.030000000000957,0,1,4.508609222533863,4.508609222533863,49.875000000000085
24.04000000000096,0,1,4.508666302265581,4.508666302265581,49.875000000000085
24.05000000000096,0,1,4.508722877578549,4.508722877578549,49.875000000000085
24.06000000000096,0,1,4.508778948844764,4.508778948844764,49.875000000000085
24.070000000000963,0,1,4.508834516435499,4.508834516435499,49.875000000000085
24.080000000000965,0,1,4.508889580721885,4.508889580721885,49.875000000000085
24.090000000000966,0,1,4.50894414207275,4.50894414207275,49.875000000000085
24.100000000000968,0,1,4.508998472334696,4.508998472334696,49.875000000000085
24.11000000000097,0,1,4.509052461140115,4.509052461140115,49.875000000000085
24.12000000000097,0,1,4.509105947738888,4.509105947738888,49.875000000000085
24.130000000000972,0,1,4.5091589324976695,4.5091589324976695,49.875000000000085
24.140000000000974,0,1,4.509211415782104,4.509211415782104,49.875000000000085
24.150000000000976,0,1,4.509263397956914,4.509263397956914,49.875000000000085
24.160000000000977,0,1,4.509314879386281,4.509314879386281,49.875000000000085
24.17000000000098,0,1,4.509365860433192,4.509365860433192,49.875000000000085
24.18000000000098,0,1,4.509415945805046,4.509415945805046,49.875000000000085
24.190000000000982,0,1,4.5094621237649335,4.5094621237649335,49.875000000000085
24.200000000000983,0,1,4.509507918206921,4.509507918206921,49.875000000000085
24.210000000000985,0,1,4.509553329249883,4.509553329249883,49.875000000000085
24.220000000000987,0,1,4.509598357012564,4.509598357012564,49.875000000000085
24.230000000000988,0,1,4.509643001612716,4.509643001612716,49.875000000000085
24.24000000000099,0,1,4.509687263168502,4.509687263168502,49.875000000000085
24.25000000000099,0,1,4.509731141796365,4.509731141796365,49.875000000000085
24.260000000000993,0,1,4.509774637613333,4.509774637613333,49.875000000000085
24.270000000000994,0,1,4.509818872488907,4.509818872488907,49.875000000000085
24.280000000000996,0,1,4.509862779994492,4.509862779994492,49.875000000000085
24.290000000000997,0,1,4.5099063039983776,4.5099063039983776,49.875000000000085
24.300000000001,0,1,4.51376747980234,4.51376747980234,49.875000000000085
24.310000000001,0,1,4.513808064430265,4.513808064430265,49.875000000000085
24.320000000001002,0,1,4.5138486717971205,4.5138486717971205,49.875000000000085
24.330000000001004,0,1,4.5138888963240476,4.5138888963240476,49.875000000000085
24.340000000001005,0,1,4.513928738127177,4.513928738127177,49.875000000000085
24.350000000001007,0,1,4.5139681973215176,4.5139681973215176,49.875000000000085
24.36000000000101,0,1,4.514007274021921,4.514007274021921,49.875000000000085
24.37000000000101,0,1,4.514045968342941,4.514045968342941,49.875000000000085
24.38000000000101,0,1,4.514084280398421,4.514084280398421,49.875000000000085
24.390000000001013,0,1,4.51412221030165,4.51412221030165,49.875000000000085
24.400000000001015,0,1,4.514181356224185,4.514181356224185,49.875000000000085
24.410000000001016,0,1,4.526859732445104,4.526859732445104,49.875000000000085
24.420000000001018,0,1,4.5269084502933765,4.5269084502933765,49.875000000000085
24.43000000000102,0,1,4.526962318368135,4.526962318368135,49.875000000000085
24.44000000000102,0,1,4.5270163934302445,4.5270163934302445,49.875000000000085
24.450000000001022,0,1,4.5270699801280045,4.5270699801280045,49.875000000000085
24.460000000001024,0,1,4.521241671478862,4.521241671478862,49.875000000000085
24.470000000001026,0,1,4.52128140244487,4.52128140244487,49.875000000000085
24.480000000001027,0,1,4.533914402501139,4.533914402501139,49.875000000000085
24.49000000000103,0,1,4.533964113166064,4.533964113166064,49.875000000000085
24.50000000000103,0,1,4.534013336030711,4.534013336030711,49.875000000000085
24.510000000001032,0,1,4.534062071462458,4.534062071462458,49.875000000000085
24.520000000001033,0,1,4.5341103198278745,4.5341103198278745,49.875000000000085
24.530000000001035,0,1,4.534158081492478,4.534158081492478,49.875000000000085
24.540000000001037,0,1,4.534205356821133,4.534205356821133,49.875000000000085
24.550000000001038,0,1,4.534252146178034,4.534252146178034,49.875000000000085
24.56000000000104,0,1,4.5342984499268795,4.5342984499268795,49.875000000000085
24.57000000000104,0,1,4.534344268429976,4.534344268429976,49.875000000000085
24.580000000001043,0,1,4.534389602049416,4.534389602049416,49.875000000000085
24.590000000001044,0,1,4.534434451146325,4.534434451146325,49.875000000000085
24.600000000001046,0,1,4.534478816081048,4.534478816081048,49.875000000000085
24.610000000001047,0,1,4.534522697213234,4.534522697213234,49.875000000000085
24.62000000000105,0,1,4.53456609490209,4.53456609490209,49.875000000000085
24.63000000000105,0,1,4.5346043460691305,4.5346043460691305,49.875000000000085
24.640000000001052,0,1,4.5346385228442045,4.5346385228442045,49.875000000000085
24.650000000001054,0,1,4.5346722234904036,4.5346722234904036,49.875000000000085
24.660000000001055,0,1,4.534705448371113,4.534705448371113,49.875000000000085
24.670000000001057,0,1,4.534738197848853,4.534738197848853,49.875000000000085
24.68000000000106,0,1,4.534770848788426,4.534770848788426,49.875000000000085
24.69000000000106,0,1,4.534802878234586,4.534802878234586,49.875000000000085
24.70000000000106,0,1,4.534830879896049,4.534830879896049,49.875000000000085
24.710000000001063,0,1,4.534858520317741,4.534858520317741,49.875000000000085
24.720000000001065,0,1,4.534885799619275,4.534885799619275,49.875000000000085
24.730000000001066,0,1,4.534912717919866,4.534912717919866,49.875000000000085
24.740000000001068,0,1,4.534939275337678,4.534939275337678,49.875000000000085
24.75000000000107,0,1,4.534965471991171,4.534965471991171,49.875000000000085
24.76000000000107,0,1,4.534991307997558,4.534991307997558,49.875000000000085
24.770000000001072,0,1,4.535016783473836,4.535016783473836,49.875000000000085
24.780000000001074,0,1,4.535041898536946,4.535041898536946,49.875000000000085
24.790000000001076,0,1,4.535066653302664,4.535066653302664,49.875000000000085
24.800000000001077,0,1,4.535120392502392,4.535120392502392,49.875000000000085
24.81000000000108,0,1,4.535146288774072,4.535146288774072,49.875000000000085
24.82000000000108,0,1,4.535171832859291,4.535171832859291,49.875000000000085
24.830000000001082,0,1,4.535197024869859,4.535197024869859,49.875000000000085
24.840000000001083,0,1,4.535221864917318,4.535221864917318,49.875000000000085
24.850000000001085,0,1,4.535246353113209,4.535246353113209,49.875000000000085
24.860000000001087,0,1,4.535270489568049,4.535270489568049,49.875000000000085
24.870000000001088,0,1,4.539009722564202,4.539009722564202,49.875000000000085
24.88000000000109,0,1,4.539031448095827,4.539031448095827,49.875000000000085
24.89000000000109,0,1,4.539052822395391,4.539052822395391,49.875000000000085
24.900000000001093,0,1,4.53907384557445,4.53907384557445,49.875000000000085
24.910000000001094,0,1,4.650648365701585,4.650648365701585,50.250000000000085
24.920000000001096,0,1,4.663220898216267,4.663220898216267,50.250000000000085
24.930000000001098,0,1,4.663241594579162,4.663241594579162,50.250000000000085
24.9400000000011,0,1,4.663261818464008,4.663261818464008,50.250000000000085
24.9500000000011,0,1,4.663281570237103,4.663281570237103,50.250000000000085
24.960000000001102,0,1,4.6633008502637665,4.6633008502637665,50.250000000000085
24.970000000001104,0,1,4.663319658908648,4.663319658908648,50.250000000000085
24.980000000001105,0,1,4.663337996534906,4.663337996534906,50.250000000000085
24.990000000001107,0,1,4.663355863506311,4.663355863506311,50.250000000000085
25.00000000000111,0,1,4.670014172272445,4.670014172272445,50.250000000000085
25.01000000000111,0,1,4.670029200772888,4.670029200772888,50.250000000000085
25.02000000000111,0,1,4.670043758387649,4.670043758387649,50.250000000000085
25.030000000001113,0,1,4.670057845482063,4.670057845482063,50.250000000000085
25.040000000001115,0,1,4.67007146242095,4.67007146242095,50.250000000000085
25.050000000001116,0,1,4.6700846095679225,4.6700846095679225,50.250000000000085
25.060000000001118,0,1,4.6700991539383665,4.6700991539383665,50.250000000000085
25.07000000000112,0,1,4.67011758670553,4.67011758670553,50.250000000000085
25.08000000000112,0,1,4.670135543653046,4.670135543653046,50.250000000000085
25.090000000001123,0,1,4.670153025144614,4.670153025144614,50.250000000000085
25.100000000001124,0,1,4.670170031542966,4.670170031542966,50.250000000000085
25.110000000001126,0,1,4.670186563210095,4.670186563210095,50.250000000000085
25.120000000001127,0,1,4.670202620507482,4.670202620507482,50.250000000000085
25.13000000000113,0,1,4.670218203795557,4.670218203795557,50.250000000000085
25.14000000000113,0,1,4.670233313433968,4.670233313433968,50.250000000000085
25.150000000001132,0,1,4.67024794978208,4.67024794978208,50.250000000000085
25.160000000001133,0,1,4.670262113197779,4.670262113197779,50.250000000000085
25.170000000001135,0,1,4.670275804038965,4.670275804038965,50.250000000000085
25.180000000001137,0,1,4.670289022662246,4.670289022662246,50.250000000000085
25.190000000001138,0,1,4.670301769423531,4.670301769423531,50.250000000000085
25.20000000000114,0,1,4.670345608627088,4.670345608627088,50.250000000000085
25.21000000000114,0,1,4.67035422485317,4.67035422485317,50.250000000000085
25.220000000001143,0,1,4.670362485337847,4.670362485337847,50.250000000000085
25.230000000001144,0,1,4.670370390199665,4.670370390199665,50.250000000000085
25.240000000001146,0,1,4.670377939556843,4.670377939556843,50.250000000000085
25.250000000001148,0,1,4.6703837968688475,4.6703837968688475,50.250000000000085
25.26000000000115,0,1,4.670382885355593,4.670382885355593,50.250000000000085
25.27000000000115,0,1,4.670381626330666,4.670381626330666,50.250000000000085
25.280000000001152,0,1,4.670380019911278,4.670380019911278,50.250000000000085
25.290000000001154,0,1,4.670378066215051,4.670378066215051,50.250000000000085
25.300000000001155,0,1,4.670375765358287,4.670375765358287,50.250000000000085
25.310000000001157,0,1,4.6703731174573875,4.6703731174573875,50.250000000000085
25.32000000000116,0,1,4.670370122627787,4.670370122627787,50.250000000000085
25.33000000000116,0,1,4.67036739250257,4.67036739250257,50.250000000000085
25.34000000000116,0,1,4.670364838388124,4.670364838388124,50.250000000000085
25.350000000001163,0,1,4.670361936661507,4.670361936661507,50.250000000000085
25.360000000001165,0,1,4.670358687436661,4.670358687436661,50.250000000000085
25.370000000001166,0,1,4.67035509082659,4.67035509082659,50.250000000000085
25.380000000001168,0,1,4.670351146944668,4.670351146944668,50.250000000000085
25.39000000000117,0,1,4.682626580035532,4.682626580035532,50.250000000000085
25.40000000000117,0,1,4.682632602830083,4.682632602830083,50.250000000000085
25.410000000001173,0,1,4.6826381551933025,4.6826381551933025,50.250000000000085
25.420000000001174,0,1,4.682643237489643,4.682643237489643,50.250000000000085
25.430000000001176,0,1,4.682647850083342,4.682647850083342,50.250000000000085
25.440000000001177,0,1,4.682651993337728,4.682651993337728,50.250000000000085
25.45000000000118,0,1,4.686270976740559,4.686270976740559,50.250000000000085
25.46000000000118,0,1,4.686272955435697,4.686272955435697,50.250000000000085
25.470000000001182,0,1,4.6862744651415085,4.6862744651415085,50.250000000000085
25.480000000001183,0,1,4.686275506222302,4.686275506222302,50.250000000000085
25.490000000001185,0,1,4.686276079041747,4.686276079041747,50.250000000000085
25.500000000001187,0,1,4.686276183961979,4.686276183961979,50.250000000000085
25.510000000001188,0,1,4.686275821345063,4.686275821345063,50.250000000000085
25.52000000000119,0,1,4.6862749915521675,4.6862749915521675,50.250000000000085
25.53000000000119,0,1,4.692750677522625,4.692750677522625,50.250000000000085
25.540000000001193,0,1,4.692747077055785,4.692747077055785,50.250000000000085
25.550000000001194,0,1,4.69274300921559,4.69274300921559,50.250000000000085
25.560000000001196,0,1,4.69273847436537,4.69273847436537,50.250000000000085
25.570000000001198,0,1,4.692733472867687,4.692733472867687,50.250000000000085
25.5800000000012,0,1,4.692728005084064,4.692728005084064,50.250000000000085
25.5900000000012,0,1,4.692722071375982,4.692722071375982,50.250000000000085
25.600000000001202,0,1,4.692749390747835,4.692749390747835,50.250000000000085
25.610000000001204,0,1,4.692742948793011,4.692742948793011,50.250000000000085
25.620000000001205,0,1,4.6927360446140085,4.6927360446140085,50.250000000000085
25.630000000001207,0,1,4.692728678568599,4.692728678568599,50.250000000000085
25.64000000000121,0,1,4.692720851013931,4.692720851013931,50.250000000000085
25.65000000000121,0,1,4.692712562306085,4.692712562306085,50.250000000000085
25.66000000000121,0,1,4.692703812800957,4.692703812800957,50.250000000000085
25.670000000001213,0,1,4.692694602853422,4.692694602853422,50.250000000000085
25.680000000001215,0,1,4.692684932817187,4.692684932817187,50.250000000000085
25.690000000001216,0,1,4.692674803046074,4.692674803046074,50.250000000000085
25.700000000001218,0,1,4.692668005014156,4.692668005014156,50.250000000000085
25.71000000000122,0,1,4.692662450005244,4.692662450005244,50.250000000000085
25.72000000000122,0,1,4.692653316663964,4.692653316663964,50.250000000000085
25.730000000001223,0,1,4.692643826021595,4.692643826021595,50.250000000000085
25.740000000001224,0,1,4.692633978202636,4.692633978202636,50.250000000000085
25.750000000001226,0,1,4.692623773331292,4.692623773331292,50.250000000000085
25.760000000001227,0,1,4.69261321153175,4.69261321153175,50.250000000000085
25.77000000000123,0,1,4.692602292927219,4.692602292927219,50.250000000000085
25.78000000000123,0,1,4.69259101764078,4.69259101764078,50.250000000000085
25.790000000001232,0,1,4.692579385794758,4.692579385794758,50.250000000000085
25.800000000001234,0,1,4.692567397511155,4.692567397511155,50.250000000000085
25.810000000001235,0,1,4.692555052911828,4.692555052911828,50.250000000000085
25.820000000001237,0,1,4.692542352117584,4.692542352117584,50.250000000000085
25.830000000001238,0,1,4.692529494218093,4.692529494218093,50.250000000000085
25.84000000000124,0,1,4.692516479095843,4.692516479095843,50.250000000000085
25.85000000000124,0,1,4.692503107710465,4.692503107710465,50.250000000000085
25.860000000001243,0,1,4.692489813500686,4.692489813500686,50.250000000000085
25.870000000001244,0,1,4.692476825049127,4.692476825049127,50.250000000000085
25.880000000001246,0,1,4.692457360978366,4.692457360978366,50.250000000000085
25.890000000001248,0,1,4.692435771351626,4.692435771351626,50.250000000000085
25.90000000000125,0,1,4.704397235113518,4.704397235113518,50.250000000000085
25.91000000000125,0,1,4.70438542675052,4.70438542675052,50.250000000000085
25.920000000001252,0,1,4.704373149282986,4.704373149282986,50.250000000000085
25.930000000001254,0,1,4.70436040307564,4.70436040307564,50.250000000000085
25.940000000001255,0,1,4.704347188492051,4.704347188492051,50.250000000000085
25.950000000001257,0,1,4.704333505895505,4.704333505895505,50.250000000000085
25.96000000000126,0,1,4.704319355648366,4.704319355648366,50.250000000000085
25.97000000000126,0,1,4.7043047381120715,4.7043047381120715,50.250000000000085
25.98000000000126,0,1,4.704289653647933,4.704289653647933,50.250000000000085
25.990000000001263,0,1,4.704274102615813,4.704274102615813,50.250000000000085
26.000000000001265,0,1,4.704292892829244,4.704292892829244,50.250000000000085
26.010000000001266,0,1,4.710609755856467,4.710609755856467,50.250000000000085
26.020000000001268,0,1,4.707781574339791,4.707781574339791,50.250000000000085
26.03000000000127,0,1,4.7077633235572165,4.7077633235572165,50.250000000000085
26.04000000000127,0,1,4.70774460902058,4.70774460902058,50.250000000000085
26.050000000001273,0,1,4.707725431089585,4.707725431089585,50.250000000000085
26.060000000001274,0,1,4.714023528074833,4.714023528074833,50.250000000000085
26.070000000001276,0,1,4.71400164443115,4.71400164443115,50.250000000000085
26.080000000001277,0,1,4.713979297224256,4.713979297224256,50.250000000000085
26.09000000000128,0,1,4.71395648681569,4.71395648681569,50.250000000000085
26.10000000000128,0,1,4.713933213566165,4.713933213566165,50.250000000000085
26.110000000001282,0,1,4.7139094778354576,4.7139094778354576,50.250000000000085
26.120000000001284,0,1,4.713885279983089,4.713885279983089,50.250000000000085
26.130000000001285,0,1,4.713860620367299,4.713860620367299,50.250000000000085
26.140000000001287,0,1,4.7138354993463025,4.7138354993463025,50.250000000000085
26.150000000001288,0,1,4.7138099172767625,4.7138099172767625,50.250000000000085
26.16000000000129,0,1,4.713783874515244,4.713783874515244,50.250000000000085
26.17000000000129,0,1,4.71375737141733,4.71375737141733,50.250000000000085
26.180000000001293,0,1,4.713730408337824,4.713730408337824,50.250000000000085
26.190000000001294,0,1,4.713702985631329,4.713702985631329,50.250000000000085
26.200000000001296,0,1,4.713675103650857,4.713675103650857,50.250000000000085
26.210000000001298,0,1,4.713646762749562,4.713646762749562,50.250000000000085
26.2200000000013,0,1,4.713617237417523,4.713617237417523,50.250000000000085
26.2300000000013,0,1,4.713584358475202,4.713584358475202,50.250000000000085
26.240000000001302,0,1,4.713551128474691,4.713551128474691,50.250000000000085
26.250000000001304,0,1,4.713517547538331,4.713517547538331,50.250000000000085
26.260000000001305,0,1,4.713483615788363,4.713483615788363,50.250000000000085
26.270000000001307,0,1,4.713449333346546,4.713449333346546,50.250000000000085
26.28000000000131,0,1,4.713414700334113,4.713414700334113,50.250000000000085
26.29000000000131,0,1,4.7133797168720974,4.7133797168720974,50.250000000000085
26.30000000000131,0,1,4.713344383080539,4.713344383080539,50.250000000000085
26.310000000001313,0,1,4.713308699079846,4.713308699079846,50.250000000000085
26.320000000001315,0,1,4.713272664989262,4.713272664989262,50.250000000000085
26.330000000001316,0,1,4.713236280927944,4.713236280927944,50.250000000000085
26.340000000001318,0,1,4.713205055323073,4.713205055323073,50.250000000000085
26.35000000000132,0,1,4.713173817862568,4.713173817862568,50.250000000000085
26.36000000000132,0,1,4.713142222818249,4.713142222818249,50.250000000000085
26.370000000001323,0,1,4.713110270315269,4.713110270315269,50.250000000000085
26.380000000001324,0,1,4.713077960478373,4.713077960478373,50.250000000000085
26.390000000001326,0,1,4.7130456651095045,4.7130456651095045,50.250000000000085
26.400000000001327,0,1,4.71304918469113,4.71304918469113,50.250000000000085
26.41000000000133,0,1,4.724712699034924,4.724712699034924,50.250000000000085
26.42000000000133,0,1,4.724690930230651,4.724690930230651,50.250000000000085
26.430000000001332,0,1,4.72466868888651,4.72466868888651,50.250000000000085
26.440000000001334,0,1,4.724645975357973,4.724645975357973,50.250000000000085
26.450000000001335,0,1,4.724622790000225,4.724622790000225,50.250000000000085
26.460000000001337,0,1,4.7245991331678425,4.7245991331678425,50.250000000000085
26.47000000000134,0,1,4.724575005214149,4.724575005214149,50.250000000000085
26.48000000000134,0,1,4.724550406492568,4.724550406492568,50.250000000000085
26.49000000000134,0,1,4.724525337355402,4.724525337355402,50.250000000000085
26.500000000001343,0,1,4.724497501608326,4.724497501608326,50.250000000000085
26.510000000001344,0,1,4.724463977243573,4.724463977243573,50.250000000000085
26.520000000001346,0,1,4.724429989309172,4.724429989309172,50.250000000000085
26.530000000001348,0,1,4.72439553816163,4.72439553816163,50.250000000000085
26.54000000000135,0,1,4.73053822615573,4.73053822615573,50.250000000000085
26.55000000000135,0,1,4.7305011186925014,4.7305011186925014,50.250000000000085
26.560000000001352,0,1,4.7304635478836445,4.7304635478836445,50.250000000000085
26.570000000001354,0,1,4.730425514087798,4.730425514087798,50.250000000000085
26.580000000001355,0,1,4.730387017661698,4.730387017661698,50.250000000000085
26.590000000001357,0,1,4.730348058962036,4.730348058962036,50.250000000000085
26.60000000000136,0,1,4.733731450709001,4.733731450709001,50.250000000000085
26.61000000000136,0,1,4.733690424234055,4.733690424234055,50.250000000000085
26.62000000000136,0,1,4.733648935859364,4.733648935859364,50.250000000000085
26.630000000001363,0,1,4.733606985941947,4.733606985941947,50.250000000000085
26.640000000001365,0,1,4.733564574838624,4.733564574838624,50.250000000000085
26.650000000001366,0,1,4.733521702905151,4.733521702905151,50.250000000000085
26.660000000001368,0,1,4.733478370496684,4.733478370496684,50.250000000000085
26.67000000000137,0,1,4.733434577967998,4.733434577967998,50.250000000000085
26.68000000000137,0,1,4.733390325672758,4.733390325672758,50.250000000000085
26.690000000001373,0,1,4.733345613964232,4.733345613964232,50.250000000000085
26.700000000001374,0,1,4.733300443194821,4.733300443194821,50.250000000000085
26.710000000001376,0,1,4.733254813716343,4.733254813716343,50.250000000000085
26.720000000001377,0,1,4.73320872587999,4.73320872587999,50.250000000000085
26.73000000000138,0,1,4.733161369009551,4.733161369009551,50.250000000000085
26.74000000000138,0,1,4.733111415552926,4.733111415552926,50.250000000000085
26.750000000001382,0,1,4.733061105029378,4.733061105029378,50.250000000000085
26.760000000001384,0,1,4.73301043757499,4.73301043757499,50.250000000000085
26.770000000001385,0,1,4.7329594133263555,4.7329594133263555,50.250000000000085
26.780000000001387,0,1,4.732908032418933,4.732908032418933,50.250000000000085
26.79000000000139,0,1,4.732856294987542,4.732856294987542,50.250000000000085
26.80000000000139,0,1,4.732840294669629,4.732840294669629,50.250000000000085
26.81000000000139,0,1,4.732788100827236,4.732788100827236,50.250000000000085
26.820000000001393,0,1,4.732735551752711,4.732735551752711,50.250000000000085
26.830000000001395,0,1,4.732682647579793,4.732682647579793,50.250000000000085
26.840000000001396,0,1,4.732629388440969,4.732629388440969,50.250000000000085
26.850000000001398,0,1,4.732575774469126,4.732575774469126,50.250000000000085
26.8600000000014,0,1,4.732521805796054,4.732521805796054,50.250000000000085
26.8700000000014,0,1,4.732467482553801,4.732467482553801,50.250000000000085
26.880000000001402,0,1,4.732412804873476,4.732412804873476,50.250000000000085
26.890000000001404,0,1,4.732357772885962,4.732357772885962,50.250000000000085
26.900000000001405,0,1,4.73230238672177,4.73230238672177,50.250000000000085
26.910000000001407,0,1,4.732246646511271,4.732246646511271,50.250000000000085
26.92000000000141,0,1,4.743635673873811,4.743635673873811,50.250000000000085
26.93000000000141,0,1,4.743588809924702,4.743588809924702,50.250000000000085
26.94000000000141,0,1,4.8548967286997,4.8548967286997,50.625000000000085
26.950000000001413,0,1,4.854840498104551,4.854840498104551,50.625000000000085
26.960000000001415,0,1,4.8547838042639455,4.8547838042639455,50.625000000000085
26.970000000001416,0,1,4.8547275167642,4.8547275167642,50.625000000000085
26.980000000001418,0,1,4.8546756216100135,4.8546756216100135,50.625000000000085
26.99000000000142,0,1,4.854623560537959,4.854623560537959,50.625000000000085
27.00000000000142,0,1,4.854571030858295,4.854571030858295,50.625000000000085
27.010000000001423,0,1,4.85451991951706,4.85451991951706,50.625000000000085
27.020000000001424,0,1,4.854468296045212,4.854468296045212,50.625000000000085
27.030000000001426,0,1,4.8544161607951395,4.8544161607951395,50.625000000000085
27.040000000001427,0,1,4.854363514118262,4.854363514118262,50.625000000000085
27.05000000000143,0,1,4.854310356365758,4.854310356365758,50.625000000000085
27.06000000000143,0,1,4.854256687887968,4.854256687887968,50.625000000000085
27.070000000001432,0,1,4.860336668559341,4.860336668559341,50.625000000000085
27.080000000001434,0,1,4.860280244731584,4.860280244731584,50.625000000000085
27.090000000001435,0,1,4.860223310158759,4.860223310158759,50.625000000000085
27.100000000001437,0,1,4.8601658651930535,4.8601658651930535,50.625000000000085
27.11000000000144,0,1,4.860107910186116,4.860107910186116,50.625000000000085
27.12000000000144,0,1,4.860049445488812,4.860049445488812,50.625000000000085
27.13000000000144,0,1,4.859984450582061,4.859984450582061,50.625000000000085
27.140000000001443,0,1,4.859917584750889,4.859917584750889,50.625000000000085
27.150000000001445,0,1,4.8598502156417,4.8598502156417,50.625000000000085
27.160000000001446,0,1,4.859782343609112,4.859782343609112,50.625000000000085
27.170000000001448,0,1,4.859713969007132,4.859713969007132,50.625000000000085
27.18000000000145,0,1,4.863030149148912,4.863030149148912,50.625000000000085
27.19000000000145,0,1,4.862965973773996,4.862965973773996,50.625000000000085
27.200000000001452,0,1,4.862894956526887,4.862894956526887,50.625000000000085
27.210000000001454,0,1,4.862823437484579,4.862823437484579,50.625000000000085
27.220000000001455,0,1,4.862751417001149,4.862751417001149,50.625000000000085
27.230000000001457,0,1,4.862678895430108,4.862678895430108,50.625000000000085
27.24000000000146,0,1,4.86260481557774,4.86260481557774,50.625000000000085
27.25000000000146,0,1,4.862528344353919,4.862528344353919,50.625000000000085
27.26000000000146,0,1,4.862451472534545,4.862451472534545,50.625000000000085
27.270000000001463,0,1,4.86237420026734,4.86237420026734,50.625000000000085
27.280000000001465,0,1,4.862296527699343,4.862296527699343,50.625000000000085
27.290000000001466,0,1,4.862218454977494,4.862218454977494,50.625000000000085
27.300000000001468,0,1,4.862139982247768,4.862139982247768,50.625000000000085
27.31000000000147,0,1,4.862061109655997,4.862061109655997,50.625000000000085
27.32000000000147,0,1,4.861981837347628,4.861981837347628,50.625000000000085
27.330000000001473,0,1,4.861902165467768,4.861902165467768,50.625000000000085
27.340000000001474,0,1,4.861822094161255,4.861822094161255,50.625000000000085
27.350000000001476,0,1,4.861741623572172,4.861741623572172,50.625000000000085
27.360000000001477,0,1,4.861660753844447,4.861660753844447,50.625000000000085
27.37000000000148,0,1,4.861579485121624,4.861579485121624,50.625000000000085
27.38000000000148,0,1,4.8614978175467485,4.8614978175467485,50.625000000000085
27.390000000001482,0,1,4.861415751262527,4.861415751262527,50.625000000000085
27.400000000001484,0,1,4.861353663770373,4.861353663770373,50.625000000000085
27.410000000001485,0,1,4.861271830597275,4.861271830597275,50.625000000000085
27.420000000001487,0,1,4.872558119383456,4.872558119383456,50.625000000000085
27.43000000000149,0,1,4.872484186569864,4.872484186569864,50.625000000000085
27.44000000000149,0,1,4.872409763485734,4.872409763485734,50.625000000000085
27.45000000000149,0,1,4.872335030228896,4.872335030228896,50.625000000000085
27.460000000001493,0,1,4.872260647801369,4.872260647801369,50.625000000000085
27.470000000001495,0,1,4.872185775549497,4.872185775549497,50.625000000000085
27.480000000001496,0,1,4.872110413857342,4.872110413857342,50.625000000000085
27.490000000001498,0,1,4.872034563108031,4.872034563108031,50.625000000000085
27.5000000000015,0,1,4.871958223684317,4.871958223684317,50.625000000000085
27.5100000000015,0,1,4.871881395968089,4.871881395968089,50.625000000000085
27.520000000001502,0,1,4.871804080340667,4.871804080340667,50.625000000000085
27.530000000001504,0,1,4.871726277182745,4.871726277182745,50.625000000000085
27.540000000001505,0,1,4.871647986874038,4.871647986874038,50.625000000000085
27.550000000001507,0,1,4.87156920979416,4.87156920979416,50.625000000000085
27.56000000000151,0,1,4.871490151118991,4.871490151118991,50.625000000000085
27.57000000000151,0,1,4.871410768818492,4.871410768818492,50.625000000000085
27.58000000000151,0,1,4.871330900557595,4.871330900557595,50.625000000000085
27.590000000001513,0,1,4.871250546713085,4.871250546713085,50.625000000000085
27.600000000001515,0,1,4.877162371543179,4.877162371543179,50.625000000000085
27.610000000001516,0,1,4.8770811048566145,4.8770811048566145,50.625000000000085
27.620000000001518,0,1,4.877003137422662,4.877003137422662,50.625000000000085
27.63000000000152,0,1,4.876924678574781,4.876924678574781,50.625000000000085
27.64000000000152,0,1,4.876845728692459,4.876845728692459,50.625000000000085
27.650000000001523,0,1,4.876766288154897,4.876766288154897,50.625000000000085
27.660000000001524,0,1,4.87668635734002,4.87668635734002,50.625000000000085
27.670000000001526,0,1,4.876605936625879,4.876605936625879,50.625000000000085
27.680000000001527,0,1,4.876525026389217,4.876525026389217,50.625000000000085
27.69000000000153,0,1,4.876443627006623,4.876443627006623,50.625000000000085
27.70000000000153,0,1,4.876361738853603,4.876361738853603,50.625000000000085
27.710000000001532,0,1,4.876277249285323,4.876277249285323,50.625000000000085
27.720000000001534,0,1,4.876176617401711,4.876176617401711,50.625000000000085
27.730000000001535,0,1,4.8760756763440725,4.8760756763440725,50.625000000000085
27.740000000001537,0,1,4.875974426177677,4.875974426177677,50.625000000000085
27.75000000000154,0,1,4.87919637372363,4.87919637372363,50.625000000000085
27.76000000000154,0,1,4.879092799568923,4.879092799568923,50.625000000000085
27.77000000000154,0,1,4.878988916932826,4.878988916932826,50.625000000000085
27.780000000001543,0,1,4.87888472588088,4.87888472588088,50.625000000000085
27.790000000001545,0,1,4.8787802264781845,4.8787802264781845,50.625000000000085
27.800000000001546,0,1,4.8787023085283465,4.8787023085283465,50.625000000000085
27.810000000001548,0,1,4.878597866451571,4.878597866451571,50.625000000000085
27.82000000000155,0,1,4.878488694953887,4.878488694953887,50.625000000000085
27.83000000000155,0,1,4.878376372674438,4.878376372674438,50.625000000000085
27.840000000001552,0,1,4.878263758785138,4.878263758785138,50.625000000000085
27.850000000001554,0,1,4.878150853343513,4.878150853343513,50.625000000000085
27.860000000001556,0,1,4.878037656406889,4.878037656406889,50.625000000000085
27.870000000001557,0,1,4.877924168031456,4.877924168031456,50.625000000000085
27.88000000000156,0,1,4.877810388273218,4.877810388273218,50.625000000000085
27.89000000000156,0,1,4.877696317187272,4.877696317187272,50.625000000000085
27.90000000000156,0,1,4.877581954828273,4.877581954828273,50.625000000000085
27.910000000001563,0,1,4.877467301250391,4.877467301250391,50.625000000000085
27.920000000001565,0,1,4.877352356507075,4.877352356507075,50.625000000000085
27.930000000001566,0,1,4.88755927125419,4.88755927125419,50.625000000000085
27.940000000001568,0,1,4.887491245160902,4.887491245160902,50.625000000000085
27.95000000000157,0,1,4.887422953223222,4.887422953223222,50.625000000000085
27.96000000000157,0,1,4.887354395513356,4.887354395513356,50.625000000000085
27.970000000001573,0,1,4.88728557210338,4.88728557210338,50.625000000000085
27.980000000001574,0,1,4.88721660016995,4.88721660016995,50.625000000000085
27.990000000001576,0,1,4.887148215500517,4.887148215500517,50.625000000000085
28.000000000001577,0,1,4.887079564247813,4.887079564247813,50.625000000000085
28.01000000000158,0,1,4.887010646483901,4.887010646483901,50.625000000000085
28.02000000000158,0,1,4.886941462280561,4.886941462280561,50.625000000000085
28.030000000001582,0,1,4.886872011709357,4.886872011709357,50.625000000000085
28.040000000001584,0,1,4.886802294841914,4.886802294841914,50.625000000000085
28.050000000001585,0,1,4.886732311749341,4.886732311749341,50.625000000000085
28.060000000001587,0,1,4.886662062502779,4.886662062502779,50.625000000000085
28.07000000000159,0,1,4.8865915471732535,4.8865915471732535,50.625000000000085
28.08000000000159,0,1,4.886520765831165,4.886520765831165,50.625000000000085
28.09000000000159,0,1,4.886449718547453,4.886449718547453,50.625000000000085
28.100000000001593,0,1,4.886378405392108,4.886378405392108,50.625000000000085
28.110000000001595,0,1,4.886306826435572,4.886306826435572,50.625000000000085
28.120000000001596,0,1,4.886234981747492,4.886234981747492,50.625000000000085
28.130000000001598,0,1,4.891813212903799,4.891813212903799,50.625000000000085
28.1400000000016,0,1,4.891738121274457,4.891738121274457,50.625000000000085
28.1500000000016,0,1,4.89166277638526,4.89166277638526,50.625000000000085
28.160000000001602,0,1,4.891587166858287,4.891587166858287,50.625000000000085
28.170000000001604,0,1,4.891511292762701,4.891511292762701,50.625000000000085
28.180000000001606,0,1,4.8914351541670555,4.8914351541670555,50.625000000000085
28.190000000001607,0,1,4.89135875113999,4.89135875113999,50.625000000000085
28.20000000000161,0,1,4.891311467797394,4.891311467797394,50.625000000000085
28.21000000000161,0,1,4.891235024159357,4.891235024159357,50.625000000000085
28.220000000001612,0,1,4.891271545779674,4.891271545779674,50.625000000000085
28.230000000001613,0,1,4.891555540952055,4.891555540952055,50.625000000000085
28.240000000001615,0,1,4.891839222523117,4.891839222523117,50.625000000000085
28.250000000001616,0,1,4.892123805860535,4.892123805860535,50.625000000000085
28.260000000001618,0,1,4.892409913999984,4.892409913999984,50.625000000000085
28.27000000000162,0,1,4.892695702619491,4.892695702619491,50.625000000000085
28.28000000000162,0,1,4.892981171732615,4.892981171732615,50.625000000000085
28.290000000001623,0,1,4.893266321352584,4.893266321352584,50.625000000000085
28.300000000001624,0,1,4.893551151492616,4.893551151492616,50.625000000000085
28.310000000001626,0,1,4.893835662165841,4.893835662165841,50.625000000000085
28.320000000001627,0,1,4.8941198533851065,4.8941198533851065,50.625000000000085
28.33000000000163,0,1,4.8961813167855865,4.8961813167855865,50.625000000000085
28.34000000000163,0,1,4.8964635060386,4.8964635060386,50.625000000000085
28.350000000001632,0,1,4.896745376524976,4.896745376524976,50.625000000000085
28.360000000001634,0,1,4.897026928257631,4.897026928257631,50.625000000000085
28.370000000001635,0,1,4.897308161249256,4.897308161249256,50.625000000000085
28.380000000001637,0,1,4.897589075512727,4.897589075512727,50.625000000000085
28.39000000000164,0,1,4.897869671060278,4.897869671060278,50.625000000000085
28.40000000000164,0,1,4.898149947904329,4.898149947904329,50.625000000000085
28.41000000000164,0,1,4.898429906057274,4.898429906057274,50.625000000000085
28.420000000001643,0,1,4.898709545531247,4.898709545531247,50.625000000000085
28.430000000001645,0,1,4.898988866338485,4.898988866338485,50.625000000000085
28.440000000001646,0,1,4.899267604495023,4.899267604495023,50.625000000000085
28.450000000001648,0,1,4.899542317012077,4.899542317012077,50.625000000000085
28.46000000000165,0,1,4.899816717225505,4.899816717225505,50.625000000000085
28.47000000000165,0,1,4.900090805142881,4.900090805142881,50.625000000000085
28.480000000001652,0,1,4.900364580772688,4.900364580772688,50.625000000000085
28.490000000001654,0,1,4.900638044122587,4.900638044122587,50.625000000000085
28.500000000001656,0,1,4.900911195200294,4.900911195200294,50.625000000000085
28.510000000001657,0,1,4.901184093448705,4.901184093448705,50.625000000000085
28.52000000000166,0,1,4.901457250602775,4.901457250602775,50.625000000000085
28.53000000000166,0,1,4.901730094633763,4.901730094633763,50.625000000000085
28.540000000001662,0,1,4.90200262555004,4.90200262555004,50.625000000000085
28.550000000001663,0,1,4.902274843359237,4.902274843359237,50.625000000000085
28.560000000001665,0,1,4.902546748068744,4.902546748068744,50.625000000000085
28.570000000001667,0,1,4.902818339686348,4.902818339686348,50.625000000000085
28.580000000001668,0,1,4.903089618219383,4.903089618219383,50.625000000000085
28.59000000000167,0,1,4.903360583675152,4.903360583675152,50.625000000000085
28.60000000000167,0,1,4.903656284809699,4.903656284809699,50.625000000000085
28.610000000001673,0,1,4.903926934925124,4.903926934925124,50.625000000000085
28.620000000001674,0,1,4.904197273859737,4.904197273859737,50.625000000000085
28.630000000001676,0,1,4.9044673016196185,4.9044673016196185,50.625000000000085
28.640000000001677,0,1,4.904737018210952,4.904737018210952,50.625000000000085
28.65000000000168,0,1,4.9050064236394775,4.9050064236394775,50.625000000000085
28.66000000000168,0,1,4.908404196260264,4.908404196260264,50.625000000000085
28.670000000001682,0,1,4.90867066013999,4.90867066013999,50.625000000000085
28.680000000001684,0,1,4.908936813986259,4.908936813986259,50.625000000000085
28.690000000001685,0,1,4.909202657804556,4.909202657804556,50.625000000000085
28.700000000001687,0,1,4.9094681915997285,4.9094681915997285,50.625000000000085
28.71000000000169,0,1,4.909733499159202,4.909733499159202,50.625000000000085
28.72000000000169,0,1,4.909998638269556,4.909998638269556,50.625000000000085
28.73000000000169,0,1,4.9102634670169465,4.9102634670169465,50.625000000000085
28.740000000001693,0,1,4.9105279854063895,4.9105279854063895,50.625000000000085
28.750000000001695,0,1,4.910792193442859,4.910792193442859,50.625000000000085
28.760000000001696,0,1,4.911056091131059,4.911056091131059,50.625000000000085
28.770000000001698,0,1,4.91131967847565,4.91131967847565,50.625000000000085
28.7800000000017,0,1,4.911582955481379,4.911582955481379,50.625000000000085
28.7900000000017,0,1,4.911845922152466,4.911845922152466,50.625000000000085
28.800000000001702,0,1,4.912108578493502,4.912108578493502,50.625000000000085
28.810000000001704,0,1,4.912370924509048,4.912370924509048,50.625000000000085
28.820000000001706,0,1,4.912632960202728,4.912632960202728,50.625000000000085
28.830000000001707,0,1,4.912894685579104,4.912894685579104,50.625000000000085
28.84000000000171,0,1,4.913156100642041,4.913156100642041,50.625000000000085
28.85000000000171,0,1,4.913417205395518,4.913417205395518,50.625000000000085
28.860000000001712,0,1,4.913677999843358,4.913677999843358,50.625000000000085
28.870000000001713,0,1,4.913938483989185,4.913938483989185,50.625000000000085
28.880000000001715,0,1,4.914198657836948,4.914198657836948,50.625000000000085
28.890000000001717,0,1,4.914459876304093,4.914459876304093,50.625000000000085
28.900000000001718,0,1,4.916458367704905,4.916458367704905,50.625000000000085
28.91000000000172,0,1,4.91671624911929,4.91671624911929,50.625000000000085
28.92000000000172,0,1,4.916973820921996,4.916973820921996,50.625000000000085
28.930000000001723,0,1,5.023113532654804,5.023113532654804,51.00000000000009
28.940000000001724,0,1,5.0233616670860926,5.0233616670860926,51.00000000000009
28.950000000001726,0,1,5.023609490837089,5.023609490837089,51.00000000000009
28.960000000001727,0,1,5.023858412544996,5.023858412544996,51.00000000000009
28.97000000000173,0,1,5.02410858901338,5.02410858901338,51.00000000000009
28.98000000000173,0,1,5.02435844900009,5.02435844900009,51.00000000000009
28.990000000001732,0,1,5.024607992516735,5.024607992516735,51.00000000000009
29.000000000001734,0,1,5.024883238984387,5.024883238984387,51.00000000000009
29.010000000001735,0,1,5.025132407139353,5.025132407139353,51.00000000000009
29.020000000001737,0,1,5.025381260094122,5.025381260094122,51.00000000000009
29.03000000000174,0,1,5.025629797859565,5.025629797859565,51.00000000000009
29.04000000000174,0,1,5.025878078241291,5.025878078241291,51.00000000000009
29.05000000000174,0,1,5.026126601865684,5.026126601865684,51.00000000000009
29.060000000001743,0,1,5.026374809474902,5.026374809474902,51.00000000000009
29.070000000001745,0,1,5.026620941004822,5.026620941004822,51.00000000000009
29.080000000001746,0,1,5.0268646354018784,5.0268646354018784,51.00000000000009
29.090000000001748,0,1,5.027108020058336,5.027108020058336,51.00000000000009
29.10000000000175,0,1,5.02735109498164,5.02735109498164,51.00000000000009
29.11000000000175,0,1,5.027593860178257,5.027593860178257,51.00000000000009
29.120000000001752,0,1,5.0278363156554775,5.0278363156554775,51.00000000000009
29.130000000001754,0,1,5.0280784614197245,5.0280784614197245,51.00000000000009
29.140000000001756,0,1,5.028320297477663,5.028320297477663,51.00000000000009
29.150000000001757,0,1,5.028561823835716,5.028561823835716,51.00000000000009
29.16000000000176,0,1,5.028803040500293,5.028803040500293,51.00000000000009
29.17000000000176,0,1,5.029043947477618,5.029043947477618,51.00000000000009
29.180000000001762,0,1,5.029284544774214,5.029284544774214,51.00000000000009
29.190000000001763,0,1,5.03262599809905,5.03262599809905,51.00000000000009
29.200000000001765,0,1,5.0328636742094375,5.0328636742094375,51.00000000000009
29.210000000001767,0,1,5.03310104176181,5.03310104176181,51.00000000000009
29.220000000001768,0,1,5.033338100761668,5.033338100761668,51.00000000000009
29.23000000000177,0,1,5.03357485121424,5.03357485121424,51.00000000000009
29.24000000000177,0,1,5.033811293124728,5.033811293124728,51.00000000000009
29.250000000001773,0,1,5.03404742649829,5.03404742649829,51.00000000000009
29.260000000001774,0,1,5.034283251340057,5.034283251340057,51.00000000000009
29.270000000001776,0,1,5.034518767654745,5.034518767654745,51.00000000000009
29.280000000001777,0,1,5.034753975447273,5.034753975447273,51.00000000000009
29.29000000000178,0,1,5.034989057068373,5.034989057068373,51.00000000000009
29.30000000000178,0,1,5.035223868661106,5.035223868661106,51.00000000000009
29.310000000001782,0,1,5.0354583713957055,5.0354583713957055,51.00000000000009
29.320000000001784,0,1,5.035692565276989,5.035692565276989,51.00000000000009
29.330000000001785,0,1,5.035926450309262,5.035926450309262,51.00000000000009
29.340000000001787,0,1,5.036160026497512,5.036160026497512,51.00000000000009
29.35000000000179,0,1,5.036393293845762,5.036393293845762,51.00000000000009
29.36000000000179,0,1,5.036626252358516,5.036626252358516,51.00000000000009
29.37000000000179,0,1,5.036858902039924,5.036858902039924,51.00000000000009
29.380000000001793,0,1,5.037091242894093,5.037091242894093,51.00000000000009
29.390000000001795,0,1,5.037323274925171,5.037323274925171,51.00000000000009
29.400000000001796,0,1,5.037581741192838,5.037581741192838,51.00000000000009
29.410000000001798,0,1,5.0378133754761905,5.0378133754761905,51.00000000000009
29.4200000000018,0,1,5.038044701819516,5.038044701819516,51.00000000000009
29.4300000000018,0,1,5.038275720226267,5.038275720226267,51.00000000000009
29.440000000001803,0,1,5.038506430699513,5.038506430699513,51.00000000000009
29.450000000001804,0,1,5.038736833242467,5.038736833242467,51.00000000000009
29.460000000001806,0,1,5.038966927858127,5.038966927858127,51.00000000000009
29.470000000001807,0,1,5.039196714549448,5.039196714549448,51.00000000000009
29.48000000000181,0,1,5.041142966382324,5.041142966382324,51.00000000000009
29.49000000000181,0,1,5.0413707913902925,5.0413707913902925,51.00000000000009
29.500000000001812,0,1,5.041598309147375,5.041598309147375,51.00000000000009
29.510000000001813,0,1,5.041825519656186,5.041825519656186,51.00000000000009
29.520000000001815,0,1,5.042052422919554,5.042052422919554,51.00000000000009
29.530000000001817,0,1,5.042279018940093,5.042279018940093,51.00000000000009
29.540000000001818,0,1,5.042505307720262,5.042505307720262,51.00000000000009
29.55000000000182,0,1,5.042731289262406,5.042731289262406,51.00000000000009
29.56000000000182,0,1,5.04295696356904,5.04295696356904,51.00000000000009
29.570000000001823,0,1,5.043182439102935,5.043182439102935,51.00000000000009
29.580000000001824,0,1,5.043408101496738,5.043408101496738,51.00000000000009
29.590000000001826,0,1,5.043633455809129,5.043633455809129,51.00000000000009
29.600000000001828,0,1,5.043859777741531,5.043859777741531,51.00000000000009
29.61000000000183,0,1,5.0440873641016,5.0440873641016,51.00000000000009
29.62000000000183,0,1,5.044314636755402,5.044314636755402,51.00000000000009
29.630000000001832,0,1,5.044541595713042,5.044541595713042,51.00000000000009
29.640000000001834,0,1,5.044768240984155,5.044768240984155,51.00000000000009
29.650000000001835,0,1,5.0449945725783465,5.0449945725783465,51.00000000000009
29.660000000001837,0,1,5.0452205905053376,5.0452205905053376,51.00000000000009
29.67000000000184,0,1,5.04544629477428,5.04544629477428,51.00000000000009
29.68000000000184,0,1,5.045671685394936,5.045671685394936,51.00000000000009
29.69000000000184,0,1,5.045896762376486,5.045896762376486,51.00000000000009
29.700000000001843,0,1,5.046118413638524,5.046118413638524,51.00000000000009
29.710000000001845,0,1,5.046339137148195,5.046339137148195,51.00000000000009
29.720000000001846,0,1,5.04956748253656,5.04956748253656,51.00000000000009
29.730000000001848,0,1,5.049785328621766,5.049785328621766,51.00000000000009
29.74000000000185,0,1,5.050002868284537,5.050002868284537,51.00000000000009
29.75000000000185,0,1,5.0502201015294474,5.0502201015294474,51.00000000000009
29.760000000001853,0,1,5.0504370283611735,5.0504370283611735,51.00000000000009
29.770000000001854,0,1,5.050653648784007,5.050653648784007,51.00000000000009
29.780000000001856,0,1,5.050869962802267,5.050869962802267,51.00000000000009
29.790000000001857,0,1,5.051085970420431,5.051085970420431,51.00000000000009
29.80000000000186,0,1,5.051328822542288,5.051328822542288,51.00000000000009
29.81000000000186,0,1,5.0515444082210905,5.0515444082210905,51.00000000000009
29.820000000001862,0,1,5.051759688155698,5.051759688155698,51.00000000000009
29.830000000001863,0,1,5.05197466234965,5.05197466234965,51.00000000000009
29.840000000001865,0,1,5.052189330806712,5.052189330806712,51.00000000000009
29.850000000001867,0,1,5.052403693530152,5.052403693530152,51.00000000000009
29.860000000001868,0,1,5.052617807784031,5.052617807784031,51.00000000000009
29.87000000000187,0,1,5.0528317725965195,5.0528317725965195,51.00000000000009
29.88000000000187,0,1,5.053045431342994,5.053045431342994,51.00000000000009
29.890000000001873,0,1,5.053258784026468,5.053258784026468,51.00000000000009
29.900000000001874,0,1,5.053471830650665,5.053471830650665,51.00000000000009
29.910000000001876,0,1,5.05368457121817,5.05368457121817,51.00000000000009
29.920000000001878,0,1,5.053897005732495,5.053897005732495,51.00000000000009
29.93000000000188,0,1,5.054109134196182,5.054109134196182,51.00000000000009
29.94000000000188,0,1,5.054320956612472,5.054320956612472,51.00000000000009
29.950000000001882,0,1,5.054532472983809,5.054532472983809,51.00000000000009
29.960000000001884,0,1,5.054743683313205,5.054743683313205,51.00000000000009
29.970000000001885,0,1,5.054954587602893,5.054954587602893,51.00000000000009
29.980000000001887,0,1,5.0551651858555005,5.0551651858555005,51.00000000000009
29.99000000000189,0,1,5.055375478073472,5.055375478073472,51.00000000000009
30.00000000000189,0,1,5.0555854642591385,5.0555854642591385,51.00000000000009
30.01000000000189,0,1,5.0557965701063665,5.0557965701063665,51.00000000000009
30.020000000001893,0,1,5.056007336147104,5.056007336147104,51.00000000000009
30.030000000001895,0,1,5.0562177623970115,5.0562177623970115,51.00000000000009
30.040000000001896,0,1,5.056427848871451,5.056427848871451,51.00000000000009
30.050000000001898,0,1,5.058297335621887,5.058297335621887,51.00000000000009
30.0600000000019,0,1,5.058505424864592,5.058505424864592,51.00000000000009
30.0700000000019,0,1,5.058713175044531,5.058713175044531,51.00000000000009
30.080000000001903,0,1,5.058920586177166,5.058920586177166,51.00000000000009
30.090000000001904,0,1,5.059127658277504,5.059127658277504,51.00000000000009
30.100000000001906,0,1,5.059334523071598,5.059334523071598,51.00000000000009
30.110000000001907,0,1,5.059541501725349,5.059541501725349,51.00000000000009
30.12000000000191,0,1,5.059748140570775,5.059748140570775,51.00000000000009
30.13000000000191,0,1,5.059954439623709,5.059954439623709,51.00000000000009
30.140000000001912,0,1,5.060160398899427,5.060160398899427,51.00000000000009
30.150000000001913,0,1,5.060366018413106,5.060366018413106,51.00000000000009
30.160000000001915,0,1,5.060571298180051,5.060571298180051,51.00000000000009
30.170000000001917,0,1,5.060776238215141,5.060776238215141,51.00000000000009
30.180000000001918,0,1,5.060980838533453,5.060980838533453,51.00000000000009
30.19000000000192,0,1,5.061185099149824,5.061185099149824,51.00000000000009
30.20000000000192,0,1,5.061389020079389,5.061389020079389,51.00000000000009
30.210000000001923,0,1,5.061592601336457,5.061592601336457,51.00000000000009
30.220000000001924,0,1,5.061795842935879,5.061795842935879,51.00000000000009
30.230000000001926,0,1,5.061998744892108,5.061998744892108,51.00000000000009
30.240000000001928,0,1,5.062202294729261,5.062202294729261,51.00000000000009
30.25000000000193,0,1,5.0653231800504415,5.0653231800504415,51.00000000000009
30.26000000000193,0,1,5.06552556083939,5.06552556083939,51.00000000000009
30.270000000001932,0,1,5.065727597845054,5.065727597845054,51.00000000000009
30.280000000001934,0,1,5.065929291087798,5.065929291087798,51.00000000000009
30.290000000001935,0,1,5.066130640588327,5.066130640588327,51.00000000000009
30.300000000001937,0,1,5.066331646367047,5.066331646367047,51.00000000000009
30.31000000000194,0,1,5.066532308444536,5.066532308444536,51.00000000000009
30.32000000000194,0,1,5.066732154890403,5.066732154890403,51.00000000000009
30.33000000000194,0,1,5.066928551739295,5.066928551739295,51.00000000000009
30.340000000001943,0,1,5.067124610703857,5.067124610703857,51.00000000000009
30.350000000001945,0,1,5.067320331800872,5.067320331800872,51.00000000000009
30.360000000001946,0,1,5.067515715046824,5.067515715046824,51.00000000000009
30.370000000001948,0,1,5.067710760458198,5.067710760458198,51.00000000000009
30.38000000000195,0,1,5.067905468051336,5.067905468051336,51.00000000000009
30.39000000000195,0,1,5.068099837842567,5.068099837842567,51.00000000000009
30.400000000001953,0,1,5.068309084932878,5.068309084932878,51.00000000000009
30.410000000001954,0,1,5.0685035472180715,5.0685035472180715,51.00000000000009
30.420000000001956,0,1,5.06869769054974,5.06869769054974,51.00000000000009
30.430000000001957,0,1,5.068891514936524,5.068891514936524,51.00000000000009
30.44000000000196,0,1,5.069085173143463,5.069085173143463,51.00000000000009
30.45000000000196,0,1,5.069278565616187,5.069278565616187,51.00000000000009
30.460000000001962,0,1,5.069471638836532,5.069471638836532,51.00000000000009
30.470000000001964,0,1,5.069664392812683,5.069664392812683,51.00000000000009
30.480000000001965,0,1,5.069856827552101,5.069856827552101,51.00000000000009
30.490000000001967,0,1,5.070048943062929,5.070048943062929,51.00000000000009
30.500000000001968,0,1,5.070240739352627,5.070240739352627,51.00000000000009
30.51000000000197,0,1,5.070432216428742,5.070432216428742,51.00000000000009
30.52000000000197,0,1,5.0706233742987195,5.0706233742987195,51.00000000000009
30.530000000001973,0,1,5.07081421297022,5.07081421297022,51.00000000000009
30.540000000001974,0,1,5.071004732450064,5.071004732450064,51.00000000000009
30.550000000001976,0,1,5.071194932745868,5.071194932745868,51.00000000000009
30.560000000001978,0,1,5.071384813864526,5.071384813864526,51.00000000000009
30.57000000000198,0,1,5.071574375813086,5.071574375813086,51.00000000000009
30.58000000000198,0,1,5.071763618598425,5.071763618598425,51.00000000000009
30.590000000001982,0,1,5.071952763940544,5.071952763940544,51.00000000000009
30.600000000001984,0,1,5.07214193732554,5.07214193732554,51.00000000000009
30.610000000001985,0,1,5.072330790750399,5.072330790750399,51.00000000000009
30.620000000001987,0,1,5.0741209971019,5.0741209971019,51.00000000000009
30.63000000000199,0,1,5.074307520791493,5.074307520791493,51.00000000000009
30.64000000000199,0,1,5.0744941277699525,5.0744941277699525,51.00000000000009
30.65000000000199,0,1,5.074680415462055,5.074680415462055,51.00000000000009
30.660000000001993,0,1,5.0748663838751185,5.0748663838751185,51.00000000000009
30.670000000001995,0,1,5.0750520330158935,5.0750520330158935,51.00000000000009
30.680000000001996,0,1,5.075237362891059,5.075237362891059,51.00000000000009
30.690000000001998,0,1,5.075422373507308,5.075422373507308,51.00000000000009
30.700000000002,0,1,5.075607064871178,5.075607064871178,51.00000000000009
30.710000000002,0,1,5.075791436989292,5.075791436989292,51.00000000000009
30.720000000002003,0,1,5.07597548986773,5.07597548986773,51.00000000000009
30.730000000002004,0,1,5.076159223513159,5.076159223513159,51.00000000000009
30.740000000002006,0,1,5.076342637931603,5.076342637931603,51.00000000000009
30.750000000002007,0,1,5.07652573312923,5.07652573312923,51.00000000000009
30.76000000000201,0,1,5.076708509112109,5.076708509112109,51.00000000000009
30.77000000000201,0,1,5.076890965886349,5.076890965886349,51.00000000000009
30.780000000002012,0,1,5.079898293868084,5.079898293868084,51.00000000000009
30.790000000002014,0,1,5.0800779269981575,5.0800779269981575,51.00000000000009
30.800000000002015,0,1,5.080277392355939,5.080277392355939,51.00000000000009
30.810000000002017,0,1,5.080456893471194,5.080456893471194,51.00000000000009
30.82000000000202,0,1,5.080636082642528,5.080636082642528,51.00000000000009
30.83000000000202,0,1,5.080814959872484,5.080814959872484,51.00000000000009
30.84000000000202,0,1,5.080993525164047,5.080993525164047,51.00000000000009
30.850000000002023,0,1,5.08117177851959,5.08117177851959,51.00000000000009
30.860000000002024,0,1,5.0813497199412865,5.0813497199412865,51.00000000000009
30.870000000002026,0,1,5.081527349431752,5.081527349431752,51.00000000000009
30.880000000002028,0,1,5.081705195677841,5.081705195677841,51.00000000000009
30.89000000000203,0,1,5.081884813974696,5.081884813974696,51.00000000000009
30.90000000000203,0,1,5.186832138232049,5.186832138232049,51.37500000000009
30.910000000002032,0,1,5.187002089831026,5.187002089831026,51.37500000000009
30.920000000002034,0,1,5.187171723253954,5.187171723253954,51.37500000000009
30.930000000002035,0,1,5.187341038510951,5.187341038510951,51.37500000000009
30.940000000002037,0,1,5.1875100356119646,5.1875100356119646,51.37500000000009
30.95000000000204,0,1,5.187677366005076,5.187677366005076,51.37500000000009
30.96000000000204,0,1,5.187842226592281,5.187842226592281,51.37500000000009
30.97000000000204,0,1,5.188006774856788,5.188006774856788,51.37500000000009
30.980000000002043,0,1,5.188171010804851,5.188171010804851,51.37500000000009
30.990000000002045,0,1,5.188334934441826,5.188334934441826,51.37500000000009
31.000000000002046,0,1,5.188498545774252,5.188498545774252,51.37500000000009
31.010000000002048,0,1,5.188661893841882,5.188661893841882,51.37500000000009
31.02000000000205,0,1,5.188825082650638,5.188825082650638,51.37500000000009
31.03000000000205,0,1,5.188987958843754,5.188987958843754,51.37500000000009
31.040000000002053,0,1,5.18915052242707,5.18915052242707,51.37500000000009
31.050000000002054,0,1,5.189312773405689,5.189312773405689,51.37500000000009
31.060000000002056,0,1,5.189474711785465,5.189474711785465,51.37500000000009
31.070000000002057,0,1,5.189636337571969,5.189636337571969,51.37500000000009
31.08000000000206,0,1,5.189797650770117,5.189797650770117,51.37500000000009
31.09000000000206,0,1,5.1899586513855525,5.1899586513855525,51.37500000000009
31.100000000002062,0,1,5.190119339423006,5.190119339423006,51.37500000000009
31.110000000002064,0,1,5.190279714887993,5.190279714887993,51.37500000000009
31.120000000002065,0,1,5.190440044384857,5.190440044384857,51.37500000000009
31.130000000002067,0,1,5.19060035527076,5.19060035527076,51.37500000000009
31.14000000000207,0,1,5.190760352785105,5.190760352785105,51.37500000000009
31.15000000000207,0,1,5.190920036933335,5.190920036933335,51.37500000000009
31.16000000000207,0,1,5.1910794077205225,5.1910794077205225,51.37500000000009
31.170000000002073,0,1,5.191238465151855,5.191238465151855,51.37500000000009
31.180000000002075,0,1,5.191397209232221,5.191397209232221,51.37500000000009
31.190000000002076,0,1,5.191555639966538,5.191555639966538,51.37500000000009
31.200000000002078,0,1,5.19331577543781,5.19331577543781,51.37500000000009
31.21000000000208,0,1,5.19347268493253,5.19347268493253,51.37500000000009
31.22000000000208,0,1,5.193629284793317,5.193629284793317,51.37500000000009
31.230000000002082,0,1,5.193785575023782,5.193785575023782,51.37500000000009
31.240000000002084,0,1,5.193941555627248,5.193941555627248,51.37500000000009
31.250000000002085,0,1,5.194097226607312,5.194097226607312,51.37500000000009
31.260000000002087,0,1,5.194252587967,5.194252587967,51.37500000000009
31.27000000000209,0,1,5.194407639709652,5.194407639709652,51.37500000000009
31.28000000000209,0,1,5.194562381838352,5.194562381838352,51.37500000000009
31.29000000000209,0,1,5.194716814356042,5.194716814356042,51.37500000000009
31.300000000002093,0,1,5.197673225446366,5.197673225446366,51.37500000000009
31.310000000002095,0,1,5.197824868727352,5.197824868727352,51.37500000000009
31.320000000002096,0,1,5.197976203466794,5.197976203466794,51.37500000000009
31.330000000002098,0,1,5.198127229667591,5.198127229667591,51.37500000000009
31.3400000000021,0,1,5.1982779473315475,5.1982779473315475,51.37500000000009
31.3500000000021,0,1,5.1984283564609655,5.1984283564609655,51.37500000000009
31.360000000002103,0,1,5.198578457057934,5.198578457057934,51.37500000000009
31.370000000002104,0,1,5.198728249124571,5.198728249124571,51.37500000000009
31.380000000002106,0,1,5.198877732662481,5.198877732662481,51.37500000000009
31.390000000002107,0,1,5.199026907673925,5.199026907673925,51.37500000000009
31.40000000000211,0,1,5.199175774160281,5.199175774160281,51.37500000000009
31.41000000000211,0,1,5.199324332123453,5.199324332123453,51.37500000000009
31.420000000002112,0,1,5.199472581564905,5.199472581564905,51.37500000000009
31.430000000002114,0,1,5.199620522486271,5.199620522486271,51.37500000000009
31.440000000002115,0,1,5.199768154888801,5.199768154888801,51.37500000000009
31.450000000002117,0,1,5.19991547877423,5.19991547877423,51.37500000000009
31.46000000000212,0,1,5.200062494143495,5.200062494143495,51.37500000000009
31.47000000000212,0,1,5.200209200997833,5.200209200997833,51.37500000000009
31.48000000000212,0,1,5.200355599338508,5.200355599338508,51.37500000000009
31.490000000002123,0,1,5.200501689166657,5.200501689166657,51.37500000000009
31.500000000002125,0,1,5.200647470482949,5.200647470482949,51.37500000000009
31.510000000002126,0,1,5.200792943288349,5.200792943288349,51.37500000000009
31.520000000002128,0,1,5.200938130789794,5.200938130789794,51.37500000000009
31.53000000000213,0,1,5.2010855410704835,5.2010855410704835,51.37500000000009
31.54000000000213,0,1,5.201232637681585,5.201232637681585,51.37500000000009
31.550000000002132,0,1,5.201379420631227,5.201379420631227,51.37500000000009
31.560000000002134,0,1,5.201525889926415,5.201525889926415,51.37500000000009
31.570000000002135,0,1,5.2016720455746395,5.2016720455746395,51.37500000000009
31.580000000002137,0,1,5.20181578516312,5.20181578516312,51.37500000000009
31.59000000000214,0,1,5.2019581086609605,5.2019581086609605,51.37500000000009
31.60000000000214,0,1,5.202124311032335,5.202124311032335,51.37500000000009
31.61000000000214,0,1,5.202266362240408,5.202266362240408,51.37500000000009
31.620000000002143,0,1,5.202408106990433,5.202408106990433,51.37500000000009
31.630000000002145,0,1,5.202549545285422,5.202549545285422,51.37500000000009
31.640000000002146,0,1,5.202690677127848,5.202690677127848,51.37500000000009
31.650000000002148,0,1,5.2028318095835004,5.2028318095835004,51.37500000000009
31.66000000000215,0,1,5.202972872091522,5.202972872091522,51.37500000000009
31.67000000000215,0,1,5.2031136273530905,5.2031136273530905,51.37500000000009
31.680000000002153,0,1,5.203254075371191,5.203254075371191,51.37500000000009
31.690000000002154,0,1,5.203394216148411,5.203394216148411,51.37500000000009
31.700000000002156,0,1,5.203534049687718,5.203534049687718,51.37500000000009
31.710000000002157,0,1,5.203673575991445,5.203673575991445,51.37500000000009
31.72000000000216,0,1,5.203812795062461,5.203812795062461,51.37500000000009
31.73000000000216,0,1,5.203951706902771,5.203951706902771,51.37500000000009
31.740000000002162,0,1,5.204090311515259,5.204090311515259,51.37500000000009
31.750000000002164,0,1,5.204228608901673,5.204228608901673,51.37500000000009
31.760000000002165,0,1,5.20436659906467,5.20436659906467,51.37500000000009
31.770000000002167,0,1,5.206028953441333,5.206028953441333,51.37500000000009
31.78000000000217,0,1,5.206165084026011,5.206165084026011,51.37500000000009
31.79000000000217,0,1,5.2063009080170985,5.2063009080170985,51.37500000000009
31.80000000000217,0,1,5.206436425416598,5.206436425416598,51.37500000000009
31.810000000002173,0,1,5.2065716362265135,5.2065716362265135,51.37500000000009
31.820000000002175,0,1,5.206706540448465,5.206706540448465,51.37500000000009
31.830000000002176,0,1,5.209554576181503,5.209554576181503,51.37500000000009
31.840000000002178,0,1,5.209686735037948,5.209686735037948,51.37500000000009
31.85000000000218,0,1,5.2098185883582175,5.2098185883582175,51.37500000000009
31.86000000000218,0,1,5.209950136143206,5.209950136143206,51.37500000000009
31.870000000002182,0,1,5.210081378394037,5.210081378394037,51.37500000000009
31.880000000002184,0,1,5.210212315111633,5.210212315111633,51.37500000000009
31.890000000002185,0,1,5.210342946297345,5.210342946297345,51.37500000000009
31.900000000002187,0,1,5.210473271951372,5.210473271951372,51.37500000000009
31.91000000000219,0,1,5.2106032920749925,5.2106032920749925,51.37500000000009
31.92000000000219,0,1,5.210733006668292,5.210733006668292,51.37500000000009
31.93000000000219,0,1,5.210862415732592,5.210862415732592,51.37500000000009
31.940000000002193,0,1,5.210991519268092,5.210991519268092,51.37500000000009
31.950000000002195,0,1,5.211120317275132,5.211120317275132,51.37500000000009
31.960000000002196,0,1,5.211248809754267,5.211248809754267,51.37500000000009
31.970000000002198,0,1,5.211376996705525,5.211376996705525,51.37500000000009
31.9800000000022,0,1,5.2115048781295314,5.2115048781295314,51.37500000000009
31.9900000000022,0,1,5.21163245402596,5.21163245402596,51.37500000000009
32.0000000000022,0,1,5.211784714371419,5.211784714371419,51.37500000000009
32.0100000000022,0,1,5.211911926634585,5.211911926634585,51.37500000000009
32.0200000000022,0,1,5.2120388345582,5.2120388345582,51.37500000000009
32.0300000000022,0,1,5.212165438141682,5.212165438141682,51.37500000000009
32.040000000002195,0,1,5.212291737384007,5.212291737384007,51.37500000000009
32.05000000000219,0,1,5.212417732284834,5.212417732284834,51.37500000000009
32.06000000000219,0,1,5.212543422842941,5.212543422842941,51.37500000000009
32.07000000000219,0,1,5.21266880905749,5.21266880905749,51.37500000000009
32.08000000000219,0,1,5.212793890927614,5.212793890927614,51.37500000000009
32.090000000002185,0,1,5.2129186684523035,5.2129186684523035,51.37500000000009
32.10000000000218,0,1,5.213043141630067,5.213043141630067,51.37500000000009
32.11000000000218,0,1,5.21316731045998,5.21316731045998,51.37500000000009
32.12000000000218,0,1,5.213291174940693,5.213291174940693,51.37500000000009
32.13000000000218,0,1,5.213414735070728,5.213414735070728,51.37500000000009
32.140000000002175,0,1,5.213537990848707,5.213537990848707,51.37500000000009
32.15000000000217,0,1,5.213660942273194,5.213660942273194,51.37500000000009
32.16000000000217,0,1,5.213783643591142,5.213783643591142,51.37500000000009
32.17000000000217,0,1,5.213907899981123,5.213907899981123,51.37500000000009
32.18000000000217,0,1,5.214032938945479,5.214032938945479,51.37500000000009
32.190000000002165,0,1,5.2141578148479795,5.2141578148479795,51.37500000000009
32.20000000000216,0,1,5.214282380305107,5.214282380305107,51.37500000000009
32.21000000000216,0,1,5.214404142778378,5.214404142778378,51.37500000000009
32.22000000000216,0,1,5.214524881354279,5.214524881354279,51.37500000000009
32.23000000000216,0,1,5.214645315024356,5.214645315024356,51.37500000000009
32.240000000002155,0,1,5.214765443790171,5.214765443790171,51.37500000000009
32.25000000000215,0,1,5.214885267653699,5.214885267653699,51.37500000000009
32.26000000000215,0,1,5.215004786616134,5.215004786616134,51.37500000000009
32.27000000000215,0,1,5.215124000679012,5.215124000679012,51.37500000000009
32.28000000000215,0,1,5.215242909843781,5.215242909843781,51.37500000000009
32.290000000002145,0,1,5.215361514111521,5.215361514111521,51.37500000000009
32.30000000000214,0,1,5.21547981348354,5.21547981348354,51.37500000000009
32.31000000000214,0,1,5.215597807960762,5.215597807960762,51.37500000000009
32.32000000000214,0,1,5.2183498731150735,5.2183498731150735,51.37500000000009
32.33000000000214,0,1,5.218465158552007,5.218465158552007,51.37500000000009
32.340000000002135,0,1,5.21858014013111,5.21858014013111,51.37500000000009
32.35000000000213,0,1,5.217536456370652,5.217536456370652,51.37500000000009
32.36000000000213,0,1,5.220277497333186,5.220277497333186,51.37500000000009
32.37000000000213,0,1,5.220390350419052,5.220390350419052,51.37500000000009
32.38000000000213,0,1,5.220502900261081,5.220502900261081,51.37500000000009
32.390000000002125,0,1,5.220615146859444,5.220615146859444,51.37500000000009
32.40000000000212,0,1,5.2207526523619805,5.2207526523619805,51.37500000000009
32.41000000000212,0,1,5.220864502818699,5.220864502818699,51.37500000000009
32.42000000000212,0,1,5.220976050867833,5.220976050867833,51.37500000000009
32.43000000000212,0,1,5.221087296509225,5.221087296509225,51.37500000000009
32.440000000002115,0,1,5.22119823974235,5.22119823974235,51.37500000000009
32.45000000000211,0,1,5.221308880566397,5.221308880566397,51.37500000000009
32.46000000000211,0,1,5.221419218981239,5.221419218981239,51.37500000000009
32.47000000000211,0,1,5.221529254985697,5.221529254985697,51.37500000000009
32.48000000000211,0,1,5.221638988579272,5.221638988579272,51.37500000000009
32.490000000002105,0,1,5.221748419760971,5.221748419760971,51.37500000000009
32.5000000000021,0,1,5.22185754852994,5.22185754852994,51.37500000000009
32.5100000000021,0,1,5.221966374885085,5.221966374885085,51.37500000000009
32.5200000000021,0,1,5.222074898825227,5.222074898825227,51.37500000000009
32.5300000000021,0,1,5.222183120349698,5.222183120349698,51.37500000000009
32.540000000002095,0,1,5.22229103945655,5.22229103945655,51.37500000000009
32.55000000000209,0,1,5.222398656144918,5.222398656144918,51.37500000000009
32.56000000000209,0,1,5.222505970413323,5.222505970413323,51.37500000000009
32.57000000000209,0,1,5.222612982260117,5.222612982260117,51.37500000000009
32.58000000000209,0,1,5.222719691683807,5.222719691683807,51.37500000000009
32.590000000002085,0,1,5.222826098683299,5.222826098683299,51.37500000000009
32.60000000000208,0,1,5.2229322032561925,5.2229322032561925,51.37500000000009
32.61000000000208,0,1,5.223038005400767,5.223038005400767,51.37500000000009
32.62000000000208,0,1,5.223143505115786,5.223143505115786,51.37500000000009
32.63000000000208,0,1,5.223248702398848,5.223248702398848,51.37500000000009
32.640000000002075,0,1,5.223353597248007,5.223353597248007,51.37500000000009
32.65000000000207,0,1,5.2234581896613435,5.2234581896613435,51.37500000000009
32.66000000000207,0,1,5.223562479636669,5.223562479636669,51.37500000000009
32.67000000000207,0,1,5.223666467171839,5.223666467171839,51.37500000000009
32.68000000000207,0,1,5.223770152264237,5.223770152264237,51.37500000000009
32.690000000002065,0,1,5.223873534912116,5.223873534912116,51.37500000000009
32.70000000000206,0,1,5.223976615112647,5.223976615112647,51.37500000000009
32.71000000000206,0,1,5.224079845706697,5.224079845706697,51.37500000000009
32.72000000000206,0,1,5.22418283063115,5.22418283063115,51.37500000000009
32.73000000000206,0,1,5.224285512326773,5.224285512326773,51.37500000000009
32.740000000002055,0,1,5.224388045189443,5.224388045189443,51.37500000000009
32.75000000000205,0,1,5.2244903009746935,5.2244903009746935,51.37500000000009
32.76000000000205,0,1,5.224592253217921,5.224592253217921,51.37500000000009
32.77000000000205,0,1,5.224693901917163,5.224693901917163,51.37500000000009
32.78000000000205,0,1,5.2247952470698635,5.2247952470698635,51.37500000000009
32.790000000002046,0,1,5.224896288674046,5.224896288674046,51.37500000000009
32.80000000000204,0,1,5.225022982072673,5.225022982072673,51.37500000000009
32.81000000000204,0,1,5.225124360998748,5.225124360998748,51.37500000000009
32.82000000000204,0,1,5.225227001948966,5.225227001948966,51.37500000000009
32.83000000000204,0,1,5.328902287819673,5.328902287819673,51.75000000000009
32.840000000002036,0,1,5.328992312365912,5.328992312365912,51.75000000000009
32.850000000002034,0,1,5.331692531559952,5.331692531559952,51.75000000000009
32.86000000000203,0,1,5.3317794776631615,5.3317794776631615,51.75000000000009
32.87000000000203,0,1,5.3318661216682415,5.3318661216682415,51.75000000000009
32.88000000000203,0,1,5.3319524635755045,5.3319524635755045,51.75000000000009
32.890000000002026,0,1,5.332038503385405,5.332038503385405,51.75000000000009
32.900000000002024,0,1,5.332124241098057,5.332124241098057,51.75000000000009
32.91000000000202,0,1,5.332209676714001,5.332209676714001,51.75000000000009
32.92000000000202,0,1,5.333744969260593,5.333744969260593,51.75000000000009
32.93000000000202,0,1,5.333828596601876,5.333828596601876,51.75000000000009
32.940000000002016,0,1,5.333911922451833,5.333911922451833,51.75000000000009
32.950000000002014,0,1,5.333994946810165,5.333994946810165,51.75000000000009
32.96000000000201,0,1,5.334077669677384,5.334077669677384,51.75000000000009
32.97000000000201,0,1,5.3341600910529365,5.3341600910529365,51.75000000000009
32.98000000000201,0,1,5.3342422109366225,5.3342422109366225,51.75000000000009
32.990000000002006,0,1,5.334324029328187,5.334324029328187,51.75000000000009
33.000000000002004,0,1,5.3344055462273445,5.3344055462273445,51.75000000000009
33.010000000002,0,1,5.334488135914128,5.334488135914128,51.75000000000009
33.020000000002,0,1,5.334570391560007,5.334570391560007,51.75000000000009
33.030000000002,0,1,5.334652313176846,5.334652313176846,51.75000000000009
33.040000000001996,0,1,5.33473390077674,5.33473390077674,51.75000000000009
33.050000000001994,0,1,5.3348151543712135,5.3348151543712135,51.75000000000009
33.06000000000199,0,1,5.334896073971933,5.334896073971933,51.75000000000009
33.07000000000199,0,1,5.3349766595907795,5.3349766595907795,51.75000000000009
33.08000000000199,0,1,5.335056911239121,5.335056911239121,51.75000000000009
33.090000000001986,0,1,5.3351368289284125,5.3351368289284125,51.75000000000009
33.100000000001984,0,1,5.335216412670306,5.335216412670306,51.75000000000009
33.11000000000198,0,1,5.335295662475858,5.335295662475858,51.75000000000009
33.12000000000198,0,1,5.3353745783563085,5.3353745783563085,51.75000000000009
33.13000000000198,0,1,5.335453160322814,5.335453160322814,51.75000000000009
33.140000000001976,0,1,5.335531408386558,5.335531408386558,51.75000000000009
33.150000000001974,0,1,5.335609322558554,5.335609322558554,51.75000000000009
33.16000000000197,0,1,5.335686902849645,5.335686902849645,51.75000000000009
33.17000000000197,0,1,5.33576414927073,5.33576414927073,51.75000000000009
33.18000000000197,0,1,5.335841061832539,5.335841061832539,51.75000000000009
33.190000000001966,0,1,5.335917640545901,5.335917640545901,51.75000000000009
33.200000000001964,0,1,5.335993885421189,5.335993885421189,51.75000000000009
33.21000000000196,0,1,5.33606979646936,5.33606979646936,51.75000000000009
33.22000000000196,0,1,5.3361453737004325,5.3361453737004325,51.75000000000009
33.23000000000196,0,1,5.336220642772787,5.336220642772787,51.75000000000009
33.240000000001956,0,1,5.33629605448678,5.33629605448678,51.75000000000009
33.250000000001954,0,1,5.33637113166111,5.33637113166111,51.75000000000009
33.26000000000195,0,1,5.336445874306349,5.336445874306349,51.75000000000009
33.27000000000195,0,1,5.336520282432801,5.336520282432801,51.75000000000009
33.28000000000195,0,1,5.336594356051421,5.336594356051421,51.75000000000009
33.290000000001946,0,1,5.336668095172428,5.336668095172428,51.75000000000009
33.300000000001944,0,1,5.336741499806379,5.336741499806379,51.75000000000009
33.31000000000194,0,1,5.336814641735231,5.336814641735231,51.75000000000009
33.32000000000194,0,1,5.336887554232192,5.336887554232192,51.75000000000009
33.33000000000194,0,1,5.3369601319772215,5.3369601319772215,51.75000000000009
33.340000000001936,0,1,5.337032374980893,5.337032374980893,51.75000000000009
33.350000000001934,0,1,5.337104283253069,5.337104283253069,51.75000000000009
33.36000000000193,0,1,5.337175856804336,5.337175856804336,51.75000000000009
33.37000000000193,0,1,5.339774101864833,5.339774101864833,51.75000000000009
33.38000000000193,0,1,5.339842958081491,5.339842958081491,51.75000000000009
33.390000000001926,0,1,5.339911480644986,5.339911480644986,51.75000000000009
33.400000000001924,0,1,5.339994328545956,5.339994328545956,51.75000000000009
33.41000000000192,0,1,5.340062923887757,5.340062923887757,51.75000000000009
33.42000000000192,0,1,5.340131203726287,5.340131203726287,51.75000000000009
33.43000000000192,0,1,5.340199168063137,5.340199168063137,51.75000000000009
33.440000000001916,0,1,5.34026681690024,5.34026681690024,51.75000000000009
33.450000000001914,0,1,5.340334150240025,5.340334150240025,51.75000000000009
33.46000000000191,0,1,5.340403170068498,5.340403170068498,51.75000000000009
33.47000000000191,0,1,5.3404693369534755,5.3404693369534755,51.75000000000009
33.48000000000191,0,1,5.340534989750395,5.340534989750395,51.75000000000009
33.490000000001906,0,1,5.341994215686199,5.341994215686199,51.75000000000009
33.500000000001904,0,1,5.34205879252049,5.34205879252049,51.75000000000009
33.5100000000019,0,1,5.342123054485114,5.342123054485114,51.75000000000009
33.5200000000019,0,1,5.342187001581777,5.342187001581777,51.75000000000009
33.5300000000019,0,1,5.342251650608986,5.342251650608986,51.75000000000009
33.540000000001896,0,1,5.342314237974023,5.342314237974023,51.75000000000009
33.550000000001894,0,1,5.342376511033677,5.342376511033677,51.75000000000009
33.56000000000189,0,1,5.342438469792128,5.342438469792128,51.75000000000009
33.57000000000189,0,1,5.342500114252914,5.342500114252914,51.75000000000009
33.58000000000189,0,1,5.342561444420284,5.342561444420284,51.75000000000009
33.590000000001886,0,1,5.342622460297477,5.342622460297477,51.75000000000009
33.600000000001884,0,1,5.342683161888388,5.342683161888388,51.75000000000009
33.61000000000188,0,1,5.342743549196541,5.342743549196541,51.75000000000009
33.62000000000188,0,1,5.342803622225503,5.342803622225503,51.75000000000009
33.63000000000188,0,1,5.342863380978471,5.342863380978471,51.75000000000009
33.640000000001876,0,1,5.342922825458871,5.342922825458871,51.75000000000009
33.650000000001874,0,1,5.342981955670254,5.342981955670254,51.75000000000009
33.66000000000187,0,1,5.343040771615335,5.343040771615335,51.75000000000009
33.67000000000187,0,1,5.343099273297412,5.343099273297412,51.75000000000009
33.68000000000187,0,1,5.343157460719709,5.343157460719709,51.75000000000009
33.69000000000187,0,1,5.343215333884828,5.343215333884828,51.75000000000009
33.700000000001864,0,1,5.343272892795952,5.343272892795952,51.75000000000009
33.71000000000186,0,1,5.34333013745578,5.34333013745578,51.75000000000009
33.72000000000186,0,1,5.343387067867198,5.343387067867198,51.75000000000009
33.73000000000186,0,1,5.343443684032621,5.343443684032621,51.75000000000009
33.74000000000186,0,1,5.343499985954736,5.343499985954736,51.75000000000009
33.750000000001855,0,1,5.343555973636128,5.343555973636128,51.75000000000009
33.76000000000185,0,1,5.3436117690670955,5.3436117690670955,51.75000000000009
33.77000000000185,0,1,5.343667614481262,5.343667614481262,51.75000000000009
33.78000000000185,0,1,5.343723144913298,5.343723144913298,51.75000000000009
33.79000000000185,0,1,5.343778360365889,5.343778360365889,51.75000000000009
33.800000000001845,0,1,5.3438527172032195,5.3438527172032195,51.75000000000009
33.81000000000184,0,1,5.343907789663433,5.343907789663433,51.75000000000009
33.82000000000184,0,1,5.343962553108582,5.343962553108582,51.75000000000009
33.83000000000184,0,1,5.3440170075392786,5.3440170075392786,51.75000000000009
33.84000000000184,0,1,5.344071152955152,5.344071152955152,51.75000000000009
33.850000000001835,0,1,5.344124989356388,5.344124989356388,51.75000000000009
33.86000000000183,0,1,5.344178516743156,5.344178516743156,51.75000000000009
33.87000000000183,0,1,5.344231735115386,5.344231735115386,51.75000000000009
33.88000000000183,0,1,5.344284644472793,5.344284644472793,51.75000000000009
33.89000000000183,0,1,5.344337411063165,5.344337411063165,51.75000000000009
33.900000000001825,0,1,5.346832061237734,5.346832061237734,51.75000000000009
33.91000000000182,0,1,5.3468822014032185,5.3468822014032185,51.75000000000009
33.92000000000182,0,1,5.346932033267208,5.346932033267208,51.75000000000009
33.93000000000182,0,1,5.34698155682932,5.34698155682932,51.75000000000009
33.94000000000182,0,1,5.3470307720889565,5.3470307720889565,51.75000000000009
33.950000000001815,0,1,5.347079679045166,5.347079679045166,51.75000000000009
33.96000000000181,0,1,5.347128277697365,5.347128277697365,51.75000000000009
33.97000000000181,0,1,5.347176568044631,5.347176568044631,51.75000000000009
33.98000000000181,0,1,5.347224550086082,5.347224550086082,51.75000000000009
33.99000000000181,0,1,5.347272223820738,5.347272223820738,51.75000000000009
34.000000000001805,0,1,5.347319589247633,5.347319589247633,51.75000000000009
34.0100000000018,0,1,5.347366646365643,5.347366646365643,51.75000000000009
34.0200000000018,0,1,5.347413395173575,5.347413395173575,51.75000000000009
34.0300000000018,0,1,5.347459835670307,5.347459835670307,51.75000000000009
34.0400000000018,0,1,5.347505967854261,5.347505967854261,51.75000000000009
34.050000000001795,0,1,5.347551791724527,5.347551791724527,51.75000000000009
34.06000000000179,0,1,5.347597307279528,5.347597307279528,51.75000000000009
34.07000000000179,0,1,5.348983951199756,5.348983951199756,51.75000000000009
34.08000000000179,0,1,5.3490276973227395,5.3490276973227395,51.75000000000009
34.09000000000179,0,1,5.349071135730995,5.349071135730995,51.75000000000009
34.100000000001785,0,1,5.349114266422632,5.349114266422632,51.75000000000009
34.11000000000178,0,1,5.349157089396087,5.349157089396087,51.75000000000009
34.12000000000178,0,1,5.349199604649513,5.349199604649513,51.75000000000009
34.13000000000178,0,1,5.349241812181006,5.349241812181006,51.75000000000009
34.14000000000178,0,1,5.349283711989273,5.349283711989273,51.75000000000009
34.150000000001775,0,1,5.349325304071698,5.349325304071698,51.75000000000009
34.16000000000177,0,1,5.349365509928035,5.349365509928035,51.75000000000009
34.17000000000177,0,1,5.349404516227892,5.349404516227892,51.75000000000009
34.18000000000177,0,1,5.349444490982421,5.349444490982421,51.75000000000009
34.19000000000177,0,1,5.34948415857302,5.34948415857302,51.75000000000009
34.200000000001765,0,1,5.349545297704125,5.349545297704125,51.75000000000009
34.21000000000176,0,1,5.349584712782544,5.349584712782544,51.75000000000009
34.22000000000176,0,1,5.349623823633806,5.349623823633806,51.75000000000009
34.23000000000176,0,1,5.349662630257313,5.349662630257313,51.75000000000009
34.24000000000176,0,1,5.34970113265166,5.34970113265166,51.75000000000009
34.250000000001755,0,1,5.349739330815794,5.349739330815794,51.75000000000009
34.26000000000175,0,1,5.349777224748621,5.349777224748621,51.75000000000009
34.27000000000175,0,1,5.349814814448791,5.349814814448791,51.75000000000009
34.28000000000175,0,1,5.349852099914813,5.349852099914813,51.75000000000009
34.29000000000175,0,1,5.349889294540191,5.349889294540191,51.75000000000009
34.300000000001745,0,1,5.349926441762122,5.349926441762122,51.75000000000009
34.31000000000174,0,1,5.349963284006819,5.349963284006819,51.75000000000009
34.32000000000174,0,1,5.349999821272917,5.349999821272917,51.75000000000009
34.33000000000174,0,1,5.350036053559336,5.350036053559336,51.75000000000009
34.34000000000174,0,1,5.350071980864769,5.350071980864769,51.75000000000009
34.350000000001735,0,1,5.350107603188022,5.350107603188022,51.75000000000009
34.36000000000173,0,1,5.350142920527389,5.350142920527389,51.75000000000009
34.37000000000173,0,1,5.3501779328816355,5.3501779328816355,51.75000000000009
34.38000000000173,0,1,5.350212640249012,5.350212640249012,51.75000000000009
34.39000000000173,0,1,5.350247042628098,5.350247042628098,51.75000000000009
34.400000000001725,0,1,5.350281140017202,5.350281140017202,51.75000000000009
34.41000000000172,0,1,5.350314932414378,5.350314932414378,51.75000000000009
34.42000000000172,0,1,5.350348419818033,5.350348419818033,51.75000000000009
34.43000000000172,0,1,5.352740137709375,5.352740137709375,51.75000000000009
34.44000000000172,0,1,5.352771039229353,5.352771039229353,51.75000000000009
34.450000000001715,0,1,5.352801636742228,5.352801636742228,51.75000000000009
34.46000000000171,0,1,5.352832026088592,5.352832026088592,51.75000000000009
34.47000000000171,0,1,5.352862179253236,5.352862179253236,51.75000000000009
34.48000000000171,0,1,5.352892028116614,5.352892028116614,51.75000000000009
34.49000000000171,0,1,5.352921572676394,5.352921572676394,51.75000000000009
34.500000000001705,0,1,5.3529508129301036,5.3529508129301036,51.75000000000009
34.5100000000017,0,1,5.352979748875185,5.352979748875185,51.75000000000009
34.5200000000017,0,1,5.353008380509152,5.353008380509152,51.75000000000009
34.5300000000017,0,1,5.353036707829318,5.353036707829318,51.75000000000009
34.5400000000017,0,1,5.353064730833026,5.353064730833026,51.75000000000009
34.550000000001695,0,1,5.353092449517504,5.353092449517504,51.75000000000009
34.56000000000169,0,1,5.353119863879797,5.353119863879797,51.75000000000009
34.57000000000169,0,1,5.35314697391739,5.35314697391739,51.75000000000009
34.58000000000169,0,1,5.353173779627085,5.353173779627085,51.75000000000009
34.59000000000169,0,1,5.353200281005854,5.353200281005854,51.75000000000009
34.600000000001685,0,1,5.353249572169773,5.353249572169773,51.75000000000009
34.61000000000168,0,1,5.3532757516727685,5.3532757516727685,51.75000000000009
34.62000000000168,0,1,5.353301628570605,5.353301628570605,51.75000000000009
34.63000000000168,0,1,5.353327202859404,5.353327202859404,51.75000000000009
34.64000000000168,0,1,5.35464344459146,5.35464344459146,51.75000000000009
34.650000000001675,0,1,5.354667285881149,5.354667285881149,51.75000000000009
34.66000000000167,0,1,5.354690825142555,5.354690825142555,51.75000000000009
34.67000000000167,0,1,5.3547140623717695,5.3547140623717695,51.75000000000009
34.68000000000167,0,1,5.354736997564672,5.354736997564672,51.75000000000009
34.69000000000167,0,1,5.354759630717055,5.354759630717055,51.75000000000009
34.700000000001666,0,1,5.354781961824571,5.354781961824571,51.75000000000009
34.71000000000166,0,1,5.35480399088307,5.35480399088307,51.75000000000009
34.72000000000166,0,1,5.457291325605269,5.457291325605269,52.1250000000001
34.73000000000166,0,1,5.457303223611447,5.457303223611447,52.1250000000001
34.74000000000166,0,1,5.457314818948788,5.457314818948788,52.1250000000001
34.750000000001656,0,1,5.457326111613639,5.457326111613639,52.1250000000001
34.760000000001654,0,1,5.457337101602604,5.457337101602604,52.1250000000001
34.77000000000165,0,1,5.457347788911676,5.457347788911676,52.1250000000001
34.78000000000165,0,1,5.457358173537031,5.457358173537031,52.1250000000001
34.79000000000165,0,1,5.457367394141386,5.457367394141386,52.1250000000001
34.800000000001646,0,1,5.457374357595512,5.457374357595512,52.1250000000001
34.810000000001644,0,1,5.457381023477311,5.457381023477311,52.1250000000001
34.82000000000164,0,1,5.457389437563791,5.457389437563791,52.1250000000001
34.83000000000164,0,1,5.457398097157537,5.457398097157537,52.1250000000001
34.84000000000164,0,1,5.457406453892503,5.457406453892503,52.1250000000001
34.850000000001636,0,1,5.457414507767183,5.457414507767183,52.1250000000001
34.860000000001634,0,1,5.457422258780596,5.457422258780596,52.1250000000001
34.87000000000163,0,1,5.457429706931023,5.457429706931023,52.1250000000001
34.88000000000163,0,1,5.457436852216972,5.457436852216972,52.1250000000001
34.89000000000163,0,1,5.457443694637135,5.457443694637135,52.1250000000001
34.900000000001626,0,1,5.457450234189608,5.457450234189608,52.1250000000001
34.910000000001624,0,1,5.4574564708726,5.4574564708726,52.1250000000001
34.92000000000162,0,1,5.4574624046846765,5.4574624046846765,52.1250000000001
34.93000000000162,0,1,5.457468035623762,5.457468035623762,52.1250000000001
34.94000000000162,0,1,5.4574733636879955,5.4574733636879955,52.1250000000001
34.950000000001616,0,1,5.459817703328284,5.459817703328284,52.1250000000001
34.960000000001614,0,1,5.459820463968285,5.459820463968285,52.1250000000001
34.97000000000161,0,1,5.4598229227134,5.4598229227134,52.1250000000001
34.98000000000161,0,1,5.459825079561156,5.459825079561156,52.1250000000001
34.99000000000161,0,1,5.4598269345086266,5.4598269345086266,52.1250000000001
35.000000000001606,0,1,5.4598526104621925,5.4598526104621925,52.1250000000001
35.010000000001604,0,1,5.459854100571718,5.459854100571718,52.1250000000001
35.0200000000016,0,1,5.459855289922359,5.459855289922359,52.1250000000001
35.0300000000016,0,1,5.459856208002975,5.459856208002975,52.1250000000001
35.0400000000016,0,1,5.459856955988755,5.459856955988755,52.1250000000001
35.050000000001596,0,1,5.459857402922438,5.459857402922438,52.1250000000001
35.060000000001594,0,1,5.4598575488008265,5.4598575488008265,52.1250000000001
35.07000000000159,0,1,5.459857393620439,5.459857393620439,52.1250000000001
35.08000000000159,0,1,5.459856937378248,5.459856937378248,52.1250000000001
35.09000000000159,0,1,5.459856180070602,5.459856180070602,52.1250000000001
35.100000000001586,0,1,5.459855121694233,5.459855121694233,52.1250000000001
35.110000000001584,0,1,5.459853762245501,5.459853762245501,52.1250000000001
35.12000000000158,0,1,5.459852101720884,5.459852101720884,52.1250000000001
35.13000000000158,0,1,5.459850140116714,5.459850140116714,52.1250000000001
35.14000000000158,0,1,5.459847877429382,5.459847877429382,52.1250000000001
35.150000000001576,0,1,5.459845313654924,5.459845313654924,52.1250000000001
35.160000000001574,0,1,5.459842448789686,5.459842448789686,52.1250000000001
35.17000000000157,0,1,5.459839282829492,5.459839282829492,52.1250000000001
35.18000000000157,0,1,5.459835815770859,5.459835815770859,52.1250000000001
35.19000000000157,0,1,5.45983204760941,5.45983204760941,52.1250000000001
35.200000000001566,0,1,5.459827978341167,5.459827978341167,52.1250000000001
35.210000000001564,0,1,5.461097129677853,5.461097129677853,52.1250000000001
35.22000000000156,0,1,5.461091342948393,5.461091342948393,52.1250000000001
35.23000000000156,0,1,5.4610852556853615,5.4610852556853615,52.1250000000001
35.24000000000156,0,1,5.461078867884694,5.461078867884694,52.1250000000001
35.250000000001556,0,1,5.461072179542015,5.461072179542015,52.1250000000001
35.260000000001554,0,1,5.461065190652889,5.461065190652889,52.1250000000001
35.27000000000155,0,1,5.461057901212996,5.461057901212996,52.1250000000001
35.28000000000155,0,1,5.4610503112177184,5.4610503112177184,52.1250000000001
35.29000000000155,0,1,5.461042420662423,5.461042420662423,52.1250000000001
35.300000000001546,0,1,5.461034229542534,5.461034229542534,52.1250000000001
35.310000000001544,0,1,5.461025737853419,5.461025737853419,52.1250000000001
35.32000000000154,0,1,5.4610169455902735,5.4610169455902735,52.1250000000001
35.33000000000154,0,1,5.461007852748281,5.461007852748281,52.1250000000001
35.34000000000154,0,1,5.460998459322596,5.460998459322596,52.1250000000001
35.350000000001536,0,1,5.460989188067003,5.460989188067003,52.1250000000001
35.360000000001534,0,1,5.460979639560449,5.460979639560449,52.1250000000001
35.37000000000153,0,1,5.460969789736211,5.460969789736211,52.1250000000001
35.38000000000153,0,1,5.46095963858933,5.46095963858933,52.1250000000001
35.39000000000153,0,1,5.460949186115215,5.460949186115215,52.1250000000001
35.400000000001526,0,1,5.460963109499119,5.460963109499119,52.1250000000001
35.410000000001524,0,1,5.460952257529868,5.460952257529868,52.1250000000001
35.42000000000152,0,1,5.460940624130245,5.460940624130245,52.1250000000001
35.43000000000152,0,1,5.460926488093321,5.460926488093321,52.1250000000001
35.44000000000152,0,1,5.460912056496241,5.460912056496241,52.1250000000001
35.450000000001516,0,1,5.460897329330052,5.460897329330052,52.1250000000001
35.460000000001514,0,1,5.460882545837393,5.460882545837393,52.1250000000001
35.47000000000151,0,1,5.460869252227937,5.460869252227937,52.1250000000001
35.48000000000151,0,1,5.463113071611417,5.463113071611417,52.1250000000001
35.49000000000151,0,1,5.463097251395936,5.463097251395936,52.1250000000001
35.500000000001506,0,1,5.46308113216773,5.46308113216773,52.1250000000001
35.510000000001504,0,1,5.4630647139232025,5.4630647139232025,52.1250000000001
35.5200000000015,0,1,5.463047996658688,5.463047996658688,52.1250000000001
35.5300000000015,0,1,5.4630309803700925,5.4630309803700925,52.1250000000001
35.5400000000015,0,1,5.463013665053708,5.463013665053708,52.1250000000001
35.550000000001496,0,1,5.462996050705527,5.462996050705527,52.1250000000001
35.560000000001494,0,1,5.462978137321144,5.462978137321144,52.1250000000001
35.57000000000149,0,1,5.46295992489712,5.46295992489712,52.1250000000001
35.58000000000149,0,1,5.462941413428709,5.462941413428709,52.1250000000001
35.59000000000149,0,1,5.462922602911831,5.462922602911831,52.1250000000001
35.60000000000149,0,1,5.462903493342495,5.462903493342495,52.1250000000001
35.610000000001484,0,1,5.462884211673284,5.462884211673284,52.1250000000001
35.62000000000148,0,1,5.462864657762026,5.462864657762026,52.1250000000001
35.63000000000148,0,1,5.46284480450818,5.46284480450818,52.1250000000001
35.64000000000148,0,1,5.462824651907695,5.462824651907695,52.1250000000001
35.65000000000148,0,1,5.462804199955912,5.462804199955912,52.1250000000001
35.660000000001475,0,1,5.462783448648366,5.462783448648366,52.1250000000001
35.67000000000147,0,1,5.462762397980754,5.462762397980754,52.1250000000001
35.68000000000147,0,1,5.462741047948356,5.462741047948356,52.1250000000001
35.69000000000147,0,1,5.462719398546611,5.462719398546611,52.1250000000001
35.70000000000147,0,1,5.4626974497707295,5.4626974497707295,52.1250000000001
35.710000000001465,0,1,5.462675201616349,5.462675201616349,52.1250000000001
35.72000000000146,0,1,5.462652654078255,5.462652654078255,52.1250000000001
35.73000000000146,0,1,5.462629807151842,5.462629807151842,52.1250000000001
35.74000000000146,0,1,5.462606660832037,5.462606660832037,52.1250000000001
35.75000000000146,0,1,5.462583215113909,5.462583215113909,52.1250000000001
35.760000000001455,0,1,5.462559469992485,5.462559469992485,52.1250000000001
35.77000000000145,0,1,5.46253542546259,5.46253542546259,52.1250000000001
35.78000000000145,0,1,5.462511081519239,5.462511081519239,52.1250000000001
35.79000000000145,0,1,5.463709708886412,5.463709708886412,52.1250000000001
35.80000000000145,0,1,5.463708744263556,5.463708744263556,52.1250000000001
35.810000000001445,0,1,5.463682588835951,5.463682588835951,52.1250000000001
35.82000000000144,0,1,5.463656135147588,5.463656135147588,52.1250000000001
35.83000000000144,0,1,5.463629383192853,5.463629383192853,52.1250000000001
35.84000000000144,0,1,5.463602332966033,5.463602332966033,52.1250000000001
35.85000000000144,0,1,5.463574984461545,5.463574984461545,52.1250000000001
35.860000000001435,0,1,5.463547337673276,5.463547337673276,52.1250000000001
35.87000000000143,0,1,5.46351948552352,5.46351948552352,52.1250000000001
35.88000000000143,0,1,5.463491673603258,5.463491673603258,52.1250000000001
35.89000000000143,0,1,5.46346356267432,5.46346356267432,52.1250000000001
35.90000000000143,0,1,5.463435152731165,5.463435152731165,52.1250000000001
35.910000000001425,0,1,5.46340644376842,5.46340644376842,52.1250000000001
35.92000000000142,0,1,5.463377435780316,5.463377435780316,52.1250000000001
35.93000000000142,0,1,5.463348128760927,5.463348128760927,52.1250000000001
35.94000000000142,0,1,5.463318522704924,5.463318522704924,52.1250000000001
35.95000000000142,0,1,5.463288617606153,5.463288617606153,52.1250000000001
35.960000000001415,0,1,5.463258413459059,5.463258413459059,52.1250000000001
35.97000000000141,0,1,5.463227910257459,5.463227910257459,52.1250000000001
35.98000000000141,0,1,5.463197107995484,5.463197107995484,52.1250000000001
35.99000000000141,0,1,5.463166006667137,5.463166006667137,52.1250000000001
36.00000000000141,0,1,5.463134606266436,5.463134606266436,52.1250000000001
36.010000000001405,0,1,5.465280864848751,5.465280864848751,52.1250000000001
36.0200000000014,0,1,5.46524825889496,5.46524825889496,52.1250000000001
36.0300000000014,0,1,5.465215323668303,5.465215323668303,52.1250000000001
36.0400000000014,0,1,5.465182059173841,5.465182059173841,52.1250000000001
36.0500000000014,0,1,5.465148417189042,5.465148417189042,52.1250000000001
36.060000000001395,0,1,5.465111941837819,5.465111941837819,52.1250000000001
36.07000000000139,0,1,5.465075141943871,5.465075141943871,52.1250000000001
36.08000000000139,0,1,5.465038017508178,5.465038017508178,52.1250000000001
36.09000000000139,0,1,5.465000568531934,5.465000568531934,52.1250000000001
36.10000000000139,0,1,5.464962795016206,5.464962795016206,52.1250000000001
36.110000000001385,0,1,5.4649253891563205,5.4649253891563205,52.1250000000001
36.12000000000138,0,1,5.4648888875600505,5.4648888875600505,52.1250000000001
36.13000000000138,0,1,5.464852057304512,5.464852057304512,52.1250000000001
36.14000000000138,0,1,5.464814898396227,5.464814898396227,52.1250000000001
36.15000000000138,0,1,5.464777410841606,5.464777410841606,52.1250000000001
36.160000000001375,0,1,5.464739594646616,5.464739594646616,52.1250000000001
36.17000000000137,0,1,5.464701449817653,5.464701449817653,52.1250000000001
36.18000000000137,0,1,5.4646630440885815,5.4646630440885815,52.1250000000001
36.19000000000137,0,1,5.464624389654361,5.464624389654361,52.1250000000001
36.20000000000137,0,1,5.464585406340035,5.464585406340035,52.1250000000001
36.210000000001365,0,1,5.464546094151572,5.464546094151572,52.1250000000001
36.22000000000136,0,1,5.464506453094785,5.464506453094785,52.1250000000001
36.23000000000136,0,1,5.464466483176011,5.464466483176011,52.1250000000001
36.24000000000136,0,1,5.4644261844010344,5.4644261844010344,52.1250000000001
36.25000000000136,0,1,5.464385556775923,5.464385556775923,52.1250000000001
36.260000000001355,0,1,5.464344600306333,5.464344600306333,52.1250000000001
36.27000000000135,0,1,5.464303314998006,5.464303314998006,52.1250000000001
36.28000000000135,0,1,5.464261700856909,5.464261700856909,52.1250000000001
36.29000000000135,0,1,5.464219757888358,5.464219757888358,52.1250000000001
36.30000000000135,0,1,5.464177486098194,5.464177486098194,52.1250000000001
36.310000000001345,0,1,5.464134885491745,5.464134885491745,52.1250000000001
36.32000000000134,0,1,5.46409195607464,5.46409195607464,52.1250000000001
36.33000000000134,0,1,5.464048697852192,5.464048697852192,52.1250000000001
36.34000000000134,0,1,5.4640051108298024,5.4640051108298024,52.1250000000001
36.35000000000134,0,1,5.463961195012672,5.463961195012672,52.1250000000001
36.360000000001335,0,1,5.465091858834185,5.465091858834185,52.1250000000001
36.37000000000133,0,1,5.46504621907755,5.46504621907755,52.1250000000001
36.38000000000133,0,1,5.465000251117445,5.465000251117445,52.1250000000001
36.39000000000133,0,1,5.464953954958986,5.464953954958986,52.1250000000001
36.40000000000133,0,1,5.4649216066780895,5.4649216066780895,52.1250000000001
36.410000000001325,0,1,5.464875780323609,5.464875780323609,52.1250000000001
36.42000000000132,0,1,5.464829642489335,5.464829642489335,52.1250000000001
36.43000000000132,0,1,5.464783193174426,5.464783193174426,52.1250000000001
36.44000000000132,0,1,5.4647364323770375,5.4647364323770375,52.1250000000001
36.45000000000132,0,1,5.464689360095846,5.464689360095846,52.1250000000001
36.460000000001315,0,1,5.464641976329531,5.464641976329531,52.1250000000001
36.47000000000131,0,1,5.464594281076231,5.464594281076231,52.1250000000001
36.48000000000131,0,1,5.464546274334381,5.464546274334381,52.1250000000001
36.49000000000131,0,1,5.464497956102221,5.464497956102221,52.1250000000001
36.50000000000131,0,1,5.464449326377888,5.464449326377888,52.1250000000001
36.510000000001305,0,1,5.464400385159919,5.464400385159919,52.1250000000001
36.5200000000013,0,1,5.4643511324463105,5.4643511324463105,52.1250000000001
36.5300000000013,0,1,5.466400390345598,5.466400390345598,52.1250000000001
36.5400000000013,0,1,5.466348655675262,5.466348655675262,52.1250000000001
36.5500000000013,0,1,5.466296610460063,5.466296610460063,52.1250000000001
36.560000000001295,0,1,5.466244254697884,5.466244254697884,52.1250000000001
36.57000000000129,0,1,5.466191588386124,5.466191588386124,52.1250000000001
36.58000000000129,0,1,5.46613861152224,5.46613861152224,52.1250000000001
36.59000000000129,0,1,5.567388794459063,5.567388794459063,52.5000000000001
36.60000000000129,0,1,5.567325492758215,5.567325492758215,52.5000000000001
36.610000000001286,0,1,5.5672618799515305,5.5672618799515305,52.5000000000001
36.62000000000128,0,1,5.567197956037518,5.567197956037518,52.5000000000001
36.63000000000128,0,1,5.567133721014258,5.567133721014258,52.5000000000001
36.64000000000128,0,1,5.567069174879634,5.567069174879634,52.5000000000001
36.65000000000128,0,1,5.56700431763214,5.56700431763214,52.5000000000001
36.660000000001276,0,1,5.566939149269473,5.566939149269473,52.5000000000001
36.670000000001274,0,1,5.566873669789629,5.566873669789629,52.5000000000001
36.68000000000127,0,1,5.5668078791906055,5.5668078791906055,52.5000000000001
36.69000000000127,0,1,5.566739838235165,5.566739838235165,52.5000000000001
36.70000000000127,0,1,5.566670933872047,5.566670933872047,52.5000000000001
36.710000000001266,0,1,5.566601723092177,5.566601723092177,52.5000000000001
36.720000000001264,0,1,5.566532205889942,5.566532205889942,52.5000000000001
36.73000000000126,0,1,5.566462382259218,5.566462382259218,52.5000000000001
36.74000000000126,0,1,5.566392252193793,5.566392252193793,52.5000000000001
36.75000000000126,0,1,5.5663218328787,5.5663218328787,52.5000000000001
36.760000000001256,0,1,5.5662521941699055,5.5662521941699055,52.5000000000001
36.770000000001254,0,1,5.566183162183066,5.566183162183066,52.5000000000001
36.78000000000125,0,1,5.566113819374067,5.566113819374067,52.5000000000001
36.79000000000125,0,1,5.566044165742241,5.566044165742241,52.5000000000001
36.80000000000125,0,1,5.565993005751025,5.565993005751025,52.5000000000001
36.810000000001246,0,1,5.565923201220954,5.565923201220954,52.5000000000001
36.820000000001244,0,1,5.565853091628668,5.565853091628668,52.5000000000001
36.83000000000124,0,1,5.565782676971281,5.565782676971281,52.5000000000001
36.84000000000124,0,1,5.56571195724608,5.56571195724608,52.5000000000001
36.85000000000124,0,1,5.565640932449824,5.565640932449824,52.5000000000001
36.860000000001236,0,1,5.565569602579956,5.565569602579956,52.5000000000001
36.870000000001234,0,1,5.565497967633107,5.565497967633107,52.5000000000001
36.88000000000123,0,1,5.5654260276064065,5.5654260276064065,52.5000000000001
36.89000000000123,0,1,5.565354088502858,5.565354088502858,52.5000000000001
36.90000000000123,0,1,5.565281948336761,5.565281948336761,52.5000000000001
36.910000000001226,0,1,5.5652095023951915,5.5652095023951915,52.5000000000001
36.920000000001224,0,1,5.5651367506747675,5.5651367506747675,52.5000000000001
36.93000000000122,0,1,5.566220770363657,5.566220770363657,52.5000000000001
36.94000000000122,0,1,5.566146354064557,5.566146354064557,52.5000000000001
36.95000000000122,0,1,5.566071632538694,5.566071632538694,52.5000000000001
36.960000000001216,0,1,5.565996605783141,5.565996605783141,52.5000000000001
36.970000000001214,0,1,5.565921273794558,5.565921273794558,52.5000000000001
36.98000000000121,0,1,5.56584563656979,5.56584563656979,52.5000000000001
36.99000000000121,0,1,5.565769694106038,5.565769694106038,52.5000000000001
37.00000000000121,0,1,5.565693446399621,5.565693446399621,52.5000000000001
37.010000000001206,0,1,5.565616893447228,5.565616893447228,52.5000000000001
37.020000000001204,0,1,5.565540035245604,5.565540035245604,52.5000000000001
37.0300000000012,0,1,5.5654628717911265,5.5654628717911265,52.5000000000001
37.0400000000012,0,1,5.5653854030804695,5.5653854030804695,52.5000000000001
37.0500000000012,0,1,5.565307629109938,5.565307629109938,52.5000000000001
37.060000000001196,0,1,5.567309374147712,5.567309374147712,52.5000000000001
37.070000000001194,0,1,5.567229145264577,5.567229145264577,52.5000000000001
37.08000000000119,0,1,5.567148612058176,5.567148612058176,52.5000000000001
37.09000000000119,0,1,5.56706777452419,5.56706777452419,52.5000000000001
37.10000000000119,0,1,5.5669866326586686,5.5669866326586686,52.5000000000001
37.110000000001186,0,1,5.56690518645722,5.56690518645722,52.5000000000001
37.120000000001184,0,1,5.566823435915708,5.566823435915708,52.5000000000001
37.13000000000118,0,1,5.566741381029715,5.566741381029715,52.5000000000001
37.14000000000118,0,1,5.566659021794962,5.566659021794962,52.5000000000001
37.15000000000118,0,1,5.566576358206802,5.566576358206802,52.5000000000001
37.160000000001176,0,1,5.566493390260945,5.566493390260945,52.5000000000001
37.170000000001174,0,1,5.566410117952799,5.566410117952799,52.5000000000001
37.18000000000117,0,1,5.5663265412777605,5.5663265412777605,52.5000000000001
37.19000000000117,0,1,5.566242660231353,5.566242660231353,52.5000000000001
37.20000000000117,0,1,5.566179507636491,5.566179507636491,52.5000000000001
37.210000000001166,0,1,5.566095367358685,5.566095367358685,52.5000000000001
37.220000000001164,0,1,5.566010925534329,5.566010925534329,52.5000000000001
37.23000000000116,0,1,5.565926182157469,5.565926182157469,52.5000000000001
37.24000000000116,0,1,5.565841137222307,5.565841137222307,52.5000000000001
37.25000000000116,0,1,5.5657557907227755,5.5657557907227755,52.5000000000001
37.260000000001156,0,1,5.565670142653104,5.565670142653104,52.5000000000001
37.270000000001154,0,1,5.565584193007226,5.565584193007226,52.5000000000001
37.28000000000115,0,1,5.5654979417788155,5.5654979417788155,52.5000000000001
37.29000000000115,0,1,5.565411388962033,5.565411388962033,52.5000000000001
37.30000000000115,0,1,5.565324534550271,5.565324534550271,52.5000000000001
37.310000000001146,0,1,5.56523737853766,5.56523737853766,52.5000000000001
37.320000000001144,0,1,5.565148827825595,5.565148827825595,52.5000000000001
37.33000000000114,0,1,5.565058805250686,5.565058805250686,52.5000000000001
37.34000000000114,0,1,5.564968517631215,5.564968517631215,52.5000000000001
37.35000000000114,0,1,5.56487793272467,5.56487793272467,52.5000000000001
37.360000000001136,0,1,5.564787050521446,5.564787050521446,52.5000000000001
37.370000000001134,0,1,5.564695871011551,5.564695871011551,52.5000000000001
37.38000000000113,0,1,5.564604394185025,5.564604394185025,52.5000000000001
37.39000000000113,0,1,5.56451262003182,5.56451262003182,52.5000000000001
37.40000000000113,0,1,5.564420548541776,5.564420548541776,52.5000000000001
37.410000000001126,0,1,5.56432917758795,5.56432917758795,52.5000000000001
37.420000000001124,0,1,5.564238683452189,5.564238683452189,52.5000000000001
37.43000000000112,0,1,5.56414788729829,5.56414788729829,52.5000000000001
37.44000000000112,0,1,5.564056789122006,5.564056789122006,52.5000000000001
37.45000000000112,0,1,5.5639653889188025,5.5639653889188025,52.5000000000001
37.460000000001116,0,1,5.563873686684275,5.563873686684275,52.5000000000001
37.470000000001114,0,1,5.563781682413634,5.563781682413634,52.5000000000001
37.48000000000111,0,1,5.563689376102701,5.563689376102701,52.5000000000001
37.49000000000111,0,1,5.563596767746603,5.563596767746603,52.5000000000001
37.50000000000111,0,1,5.5635038573408195,5.5635038573408195,52.5000000000001
37.51000000000111,0,1,5.564519660194591,5.564519660194591,52.5000000000001
37.520000000001104,0,1,5.564425116516475,5.564425116516475,52.5000000000001
37.5300000000011,0,1,5.564330271324479,5.564330271324479,52.5000000000001
37.5400000000011,0,1,5.564235124613532,5.564235124613532,52.5000000000001
37.5500000000011,0,1,5.564139676378787,5.564139676378787,52.5000000000001
37.5600000000011,0,1,5.564043926615241,5.564043926615241,52.5000000000001
37.570000000001095,0,1,5.563947875317865,5.563947875317865,52.5000000000001
37.58000000000109,0,1,5.563851522481329,5.563851522481329,52.5000000000001
37.59000000000109,0,1,5.565756725246757,5.565756725246757,52.5000000000001
37.60000000000109,0,1,5.565680278266626,5.565680278266626,52.5000000000001
37.61000000000109,0,1,5.565581488396887,5.565581488396887,52.5000000000001
37.620000000001085,0,1,5.565482399580603,5.565482399580603,52.5000000000001
37.63000000000108,0,1,5.565383011811235,5.565383011811235,52.5000000000001
37.64000000000108,0,1,5.565283325082518,5.565283325082518,52.5000000000001
37.65000000000108,0,1,5.565183339388071,5.565183339388071,52.5000000000001
37.66000000000108,0,1,5.565083054721541,5.565083054721541,52.5000000000001
37.670000000001075,0,1,5.5649824710761635,5.5649824710761635,52.5000000000001
37.68000000000107,0,1,5.5648815884458145,5.5648815884458145,52.5000000000001
37.69000000000107,0,1,5.564780406823573,5.564780406823573,52.5000000000001
37.70000000000107,0,1,5.564678926202916,5.564678926202916,52.5000000000001
37.71000000000107,0,1,5.564577146577207,5.564577146577207,52.5000000000001
37.720000000001065,0,1,5.564475067939583,5.564475067939583,52.5000000000001
37.73000000000106,0,1,5.564372690283321,5.564372690283321,52.5000000000001
37.74000000000106,0,1,5.5642700136015435,5.5642700136015435,52.5000000000001
37.75000000000106,0,1,5.564167037887387,5.564167037887387,52.5000000000001
37.76000000000106,0,1,5.564063763133817,5.564063763133817,52.5000000000001
37.770000000001055,0,1,5.563960189334054,5.563960189334054,52.5000000000001
37.78000000000105,0,1,5.563856316480951,5.563856316480951,52.5000000000001
37.79000000000105,0,1,5.563752144567246,5.563752144567246,52.5000000000001
37.80000000000105,0,1,5.563647673586061,5.563647673586061,52.5000000000001
37.81000000000105,0,1,5.563542903530063,5.563542903530063,52.5000000000001
37.820000000001045,0,1,5.563437834392047,5.563437834392047,52.5000000000001
37.83000000000104,0,1,5.563332466164766,5.563332466164766,52.5000000000001
37.84000000000104,0,1,5.563226798840887,5.563226798840887,52.5000000000001
37.85000000000104,0,1,5.56312083241302,5.56312083241302,52.5000000000001
37.86000000000104,0,1,5.563014566873591,5.563014566873591,52.5000000000001
37.870000000001035,0,1,5.5629080022154085,5.5629080022154085,52.5000000000001
37.88000000000103,0,1,5.5628011384307285,5.5628011384307285,52.5000000000001
37.89000000000103,0,1,5.562693975512019,5.562693975512019,52.5000000000001
37.90000000000103,0,1,5.562586574464007,5.562586574464007,52.5000000000001
37.91000000000103,0,1,5.562478945810625,5.562478945810625,52.5000000000001
37.920000000001025,0,1,5.56237101774218,5.56237101774218,52.5000000000001
37.93000000000102,0,1,5.562262790251211,5.562262790251211,52.5000000000001
37.94000000000102,0,1,5.562154402427353,5.562154402427353,52.5000000000001
37.95000000000102,0,1,5.562045710825117,5.562045710825117,52.5000000000001
37.96000000000102,0,1,5.561934714830528,5.561934714830528,52.5000000000001
37.970000000001015,0,1,5.561823423198291,5.561823423198291,52.5000000000001
37.98000000000101,0,1,5.561711835917663,5.561711835917663,52.5000000000001
37.99000000000101,0,1,5.56159995297746,5.56159995297746,52.5000000000001
38.00000000000101,0,1,5.5615109982909985,5.5615109982909985,52.5000000000001
38.01000000000101,0,1,5.561398754128845,5.561398754128845,52.5000000000001
38.020000000001005,0,1,5.561286215381884,5.561286215381884,52.5000000000001
38.030000000001,0,1,5.561173382038817,5.561173382038817,52.5000000000001
38.040000000001,0,1,5.561060254088076,5.561060254088076,52.5000000000001
38.050000000001,0,1,5.560946831518081,5.560946831518081,52.5000000000001
38.060000000001,0,1,5.5608339254905275,5.5608339254905275,52.5000000000001
38.070000000000995,0,1,5.562655548876833,5.562655548876833,52.5000000000001
38.08000000000099,0,1,5.561679312484927,5.561679312484927,52.5000000000001
38.09000000000099,0,1,5.561563687131965,5.561563687131965,52.5000000000001
38.10000000000099,0,1,5.561447767669932,5.561447767669932,52.5000000000001
38.11000000000099,0,1,5.563258276403133,5.563258276403133,52.5000000000001
38.120000000000985,0,1,5.563139990725517,5.563139990725517,52.5000000000001
38.13000000000098,0,1,5.5630222348960245,5.5630222348960245,52.5000000000001
38.14000000000098,0,1,5.562905034291944,5.562905034291944,52.5000000000001
38.15000000000098,0,1,5.562787536606024,5.562787536606024,52.5000000000001
38.16000000000098,0,1,5.562669741831314,5.562669741831314,52.5000000000001
38.170000000000975,0,1,5.562551649960639,5.562551649960639,52.5000000000001
38.18000000000097,0,1,5.562433260986609,5.562433260986609,52.5000000000001
38.19000000000097,0,1,5.562314574901805,5.562314574901805,52.5000000000001
38.20000000000097,0,1,5.562195591699137,5.562195591699137,52.5000000000001
38.21000000000097,0,1,5.562076311370902,5.562076311370902,52.5000000000001
38.220000000000965,0,1,5.5619567339097955,5.5619567339097955,52.5000000000001
38.23000000000096,0,1,5.561836859308002,5.561836859308002,52.5000000000001
38.24000000000096,0,1,5.561716687558345,5.561716687558345,52.5000000000001
38.25000000000096,0,1,5.561596218653094,5.561596218653094,52.5000000000001
38.26000000000096,0,1,5.561475452584318,5.561475452584318,52.5000000000001
38.270000000000955,0,1,5.561354389344473,5.561354389344473,52.5000000000001
38.28000000000095,0,1,5.561233028925784,5.561233028925784,52.5000000000001
38.29000000000095,0,1,5.561111371320308,5.561111371320308,52.5000000000001
38.30000000000095,0,1,5.560989416520329,5.560989416520329,52.5000000000001
38.31000000000095,0,1,5.560867164517802,5.560867164517802,52.5000000000001
38.320000000000945,0,1,5.5607446153049835,5.5607446153049835,52.5000000000001
38.33000000000094,0,1,5.560621768873389,5.560621768873389,52.5000000000001
38.34000000000094,0,1,5.560498625215359,5.560498625215359,52.5000000000001
38.35000000000094,0,1,5.5603751843226945,5.5603751843226945,52.5000000000001
38.36000000000094,0,1,5.560251446187124,5.560251446187124,52.5000000000001
38.370000000000935,0,1,5.560127410800547,5.560127410800547,52.5000000000001
38.38000000000093,0,1,5.560003078154665,5.560003078154665,52.5000000000001
38.39000000000093,0,1,5.559878448241236,5.559878448241236,52.5000000000001
38.40000000000093,0,1,5.559777210084903,5.559777210084903,52.5000000000001
38.41000000000093,0,1,5.559652180782209,5.559652180782209,52.5000000000001
38.420000000000925,0,1,5.5595268549655685,5.5595268549655685,52.5000000000001
38.43000000000092,0,1,5.559401232626229,5.559401232626229,52.5000000000001
38.44000000000092,0,1,5.559275313755236,5.559275313755236,52.5000000000001
38.45000000000092,0,1,5.559149098343781,5.559149098343781,52.5000000000001
38.46000000000092,0,1,5.55902258638308,5.55902258638308,52.5000000000001
38.470000000000915,0,1,5.558896058687168,5.558896058687168,52.5000000000001
38.48000000000091,0,1,5.558769446831917,5.558769446831917,52.5000000000001
38.49000000000091,0,1,5.558642537497974,5.558642537497974,52.5000000000001
38.50000000000091,0,1,5.5598772887660175,5.5598772887660175,52.5000000000001
38.51000000000091,0,1,5.5597562383090064,5.5597562383090064,52.5000000000001
38.520000000000906,0,1,5.5596348854697055,5.5596348854697055,52.5000000000001
38.5300000000009,0,1,5.559513230241777,5.559513230241777,52.5000000000001
38.5400000000009,0,1,5.5593912726191945,5.5593912726191945,52.5000000000001
38.5500000000009,0,1,5.559269012595621,5.559269012595621,52.5000000000001
38.5600000000009,0,1,5.559146450164448,5.559146450164448,52.5000000000001
38.570000000000896,0,1,5.559023585319466,5.559023585319466,52.5000000000001
38.580000000000894,0,1,5.558900418054307,5.558900418054307,52.5000000000001
38.59000000000089,0,1,5.558776948362308,5.558776948362308,52.5000000000001
38.60000000000089,0,1,5.558653176236874,5.558653176236874,52.5000000000001
38.61000000000089,0,1,5.560384216375297,5.560384216375297,52.5000000000001
38.620000000000886,0,1,5.560255985147933,5.560255985147933,52.5000000000001
38.630000000000884,0,1,5.56012745666952,5.56012745666952,52.5000000000001
38.64000000000088,0,1,5.559998630929556,5.559998630929556,52.5000000000001
38.65000000000088,0,1,5.559869507917284,5.559869507917284,52.5000000000001
38.66000000000088,0,1,5.559740087622245,5.559740087622245,52.5000000000001
38.670000000000876,0,1,5.5606366069880835,5.5606366069880835,52.5000000000001
38.680000000000874,0,1,5.560505802442648,5.560505802442648,52.5000000000001
38.69000000000087,0,1,5.560374491167778,5.560374491167778,52.5000000000001
38.70000000000087,0,1,5.560242883124815,5.560242883124815,52.5000000000001
38.71000000000087,0,1,5.560110978302703,5.560110978302703,52.5000000000001
38.720000000000866,0,1,5.559978776690471,5.559978776690471,52.5000000000001
38.730000000000864,0,1,5.559821956046733,5.559821956046733,52.5000000000001
38.74000000000086,0,1,5.5596568725206765,5.5596568725206765,52.5000000000001
38.75000000000086,0,1,5.559491516851409,5.559491516851409,52.5000000000001
38.76000000000086,0,1,5.559325889017231,5.559325889017231,52.5000000000001
38.770000000000856,0,1,5.559159988996328,5.559159988996328,52.5000000000001
38.780000000000854,0,1,5.558993816766815,5.558993816766815,52.5000000000001
38.79000000000085,0,1,5.558827372306837,5.558827372306837,52.5000000000001
38.80000000000085,0,1,5.558482357778004,5.558482357778004,52.5000000000001
38.81000000000085,0,1,5.558316465925458,5.558316465925458,52.5000000000001
38.820000000000846,0,1,5.558150299192533,5.558150299192533,52.5000000000001
38.830000000000844,0,1,5.557983857562235,5.557983857562235,52.5000000000001
38.84000000000084,0,1,5.557817141016713,5.557817141016713,52.5000000000001
38.85000000000084,0,1,5.557650149538418,5.557650149538418,52.5000000000001
38.86000000000084,0,1,5.558922066109659,5.558922066109659,52.5000000000001
38.870000000000836,0,1,5.558760451962684,5.558760451962684,52.5000000000001
38.880000000000834,0,1,5.558598558621071,5.558598558621071,52.5000000000001
38.89000000000083,0,1,5.558436386068763,5.558436386068763,52.5000000000001
38.90000000000083,0,1,5.558273934289943,5.558273934289943,52.5000000000001
38.91000000000083,0,1,5.558111203268751,5.558111203268751,52.5000000000001
38.920000000000826,0,1,5.5579481929891585,5.5579481929891585,52.5000000000001
38.930000000000824,0,1,5.557784903434879,5.557784903434879,52.5000000000001
38.94000000000082,0,1,5.557621334590138,5.557621334590138,52.5000000000001
38.95000000000082,0,1,5.557457486438963,5.557457486438963,52.5000000000001
38.96000000000082,0,1,5.557293358964785,5.557293358964785,52.5000000000001
38.970000000000816,0,1,5.557128952151672,5.557128952151672,52.5000000000001
38.980000000000814,0,1,5.556964265983424,5.556964265983424,52.5000000000001
38.99000000000081,0,1,5.556799300443586,5.556799300443586,52.5000000000001
39.00000000000081,0,1,5.556634055515943,5.556634055515943,52.5000000000001
39.01000000000081,0,1,5.556914443964899,5.556914443964899,52.5000000000001
39.020000000000806,0,1,5.556779503941726,5.556779503941726,52.5000000000001
39.030000000000804,0,1,5.55664423028405,5.55664423028405,52.5000000000001
39.0400000000008,0,1,5.556508889901593,5.556508889901593,52.5000000000001
39.0500000000008,0,1,5.556373287172576,5.556373287172576,52.5000000000001
39.0600000000008,0,1,5.556237350226212,5.556237350226212,52.5000000000001
39.070000000000796,0,1,5.556101079066892,5.556101079066892,52.5000000000001
39.080000000000794,0,1,5.555964473698523,5.555964473698523,52.5000000000001
39.09000000000079,0,1,5.55582753412493,5.55582753412493,52.5000000000001
39.10000000000079,0,1,5.555690268678688,5.555690268678688,52.5000000000001
39.11000000000079,0,1,5.555552776079864,5.555552776079864,52.5000000000001
39.120000000000786,0,1,5.555414949062595,5.555414949062595,52.5000000000001
39.130000000000784,0,1,5.555276787630731,5.555276787630731,52.5000000000001
39.14000000000078,0,1,5.555138291788396,5.555138291788396,52.5000000000001
39.15000000000078,0,1,5.554999461539325,5.554999461539325,52.5000000000001
39.16000000000078,0,1,5.554860296887654,5.554860296887654,52.5000000000001
39.170000000000776,0,1,5.556497725211784,5.556497725211784,52.5000000000001
39.180000000000774,0,1,5.556356197221049,5.556356197221049,52.5000000000001
39.19000000000077,0,1,5.556214335725215,5.556214335725215,52.5000000000001
39.20000000000077,0,1,5.5560721407271245,5.5560721407271245,52.5000000000001
39.21000000000077,0,1,5.555929612230514,5.555929612230514,52.5000000000001
39.220000000000766,0,1,5.555786750238752,5.555786750238752,52.5000000000001
39.230000000000764,0,1,5.555643554754667,5.555643554754667,52.5000000000001
39.24000000000076,0,1,5.555500025781981,5.555500025781981,52.5000000000001
39.25000000000076,0,1,5.555356163323651,5.555356163323651,52.5000000000001
39.26000000000076,0,1,5.555211967382675,5.555211967382675,52.5000000000001
39.270000000000756,0,1,5.555067437962535,5.555067437962535,52.5000000000001
39.280000000000754,0,1,5.5549225750660725,5.5549225750660725,52.5000000000001
39.29000000000075,0,1,5.555741248194764,5.555741248194764,52.5000000000001
39.30000000000075,0,1,5.555594771074325,5.555594771074325,52.5000000000001
39.31000000000075,0,1,5.555447961014792,5.555447961014792,52.5000000000001
39.320000000000746,0,1,5.55530081801956,5.55530081801956,52.5000000000001
39.330000000000744,0,1,5.555153342091032,5.555153342091032,52.5000000000001
39.34000000000074,0,1,5.555005533232176,5.555005533232176,52.5000000000001
39.35000000000074,0,1,5.554857391445495,5.554857391445495,52.5000000000001
39.36000000000074,0,1,5.554708916733915,5.554708916733915,52.5000000000001
39.370000000000736,0,1,5.554560109099853,5.554560109099853,52.5000000000001
39.380000000000734,0,1,5.554409443708906,5.554409443708906,52.5000000000001
39.39000000000073,0,1,5.554258084376698,5.554258084376698,52.5000000000001
39.40000000000073,0,1,5.554126561167877,5.554126561167877,52.5000000000001
39.41000000000073,0,1,5.553975561235191,5.553975561235191,52.5000000000001
39.42000000000073,0,1,5.553824257073572,5.553824257073572,52.5000000000001
39.430000000000724,0,1,5.55367264867121,5.55367264867121,52.5000000000001
39.44000000000072,0,1,5.553520736015869,5.553520736015869,52.5000000000001
39.45000000000072,0,1,5.553368519095599,5.553368519095599,52.5000000000001
39.46000000000072,0,1,5.553215997898178,5.553215997898178,52.5000000000001
39.47000000000072,0,1,5.553063172411555,5.553063172411555,52.5000000000001
39.480000000000715,0,1,5.5529100426234805,5.5529100426234805,52.5000000000001
39.49000000000071,0,1,5.5527566085217614,5.5527566085217614,52.5000000000001
39.50000000000071,0,1,5.55260287009412,5.55260287009412,52.5000000000001
39.51000000000071,0,1,5.552448827328334,5.552448827328334,52.5000000000001
39.52000000000071,0,1,5.552294500871085,5.552294500871085,52.5000000000001
39.530000000000705,0,1,5.552139872954854,5.552139872954854,52.5000000000001
39.5400000000007,0,1,5.551986251285882,5.551986251285882,52.5000000000001
39.5500000000007,0,1,5.551832409636916,5.551832409636916,52.5000000000001
39.5600000000007,0,1,5.551678260287659,5.551678260287659,52.5000000000001
39.5700000000007,0,1,5.551523803230111,5.551523803230111,52.5000000000001
39.580000000000695,0,1,5.551369116294367,5.551369116294367,52.5000000000001
39.59000000000069,0,1,5.551214369032664,5.551214369032664,52.5000000000001
39.60000000000069,0,1,5.551059313447681,5.551059313447681,52.5000000000001
39.61000000000069,0,1,5.550903949531417,5.550903949531417,52.5000000000001
39.62000000000069,0,1,5.550748277276142,5.550748277276142,52.5000000000001
39.630000000000685,0,1,5.550592296674054,5.550592296674054,52.5000000000001
39.64000000000068,0,1,5.550436007717124,5.550436007717124,52.5000000000001
39.65000000000068,0,1,5.5502794103972235,5.5502794103972235,52.5000000000001
39.66000000000068,0,1,5.550122504706366,5.550122504706366,52.5000000000001
39.67000000000068,0,1,5.54996529063645,5.54996529063645,52.5000000000001
39.680000000000675,0,1,5.549807768179647,5.549807768179647,52.5000000000001
39.69000000000067,0,1,5.5496499373275725,5.5496499373275725,52.5000000000001
39.70000000000067,0,1,5.5494918245976095,5.5494918245976095,52.5000000000001
39.71000000000067,0,1,5.549333487011452,5.549333487011452,52.5000000000001
39.72000000000067,0,1,5.55087562709754,5.55087562709754,52.5000000000001
39.730000000000665,0,1,5.550715010508071,5.550715010508071,52.5000000000001
39.74000000000066,0,1,5.550554086123384,5.550554086123384,52.5000000000001
39.75000000000066,0,1,5.550392853934923,5.550392853934923,52.5000000000001
39.76000000000066,0,1,5.550231313934518,5.550231313934518,52.5000000000001
39.77000000000066,0,1,5.5500694661133565,5.5500694661133565,52.5000000000001
39.780000000000655,0,1,5.549907310463013,5.549907310463013,52.5000000000001
39.79000000000065,0,1,5.550132267764823,5.550132267764823,52.5000000000001
39.80000000000065,0,1,5.54999576762998,5.54999576762998,52.5000000000001
39.81000000000065,0,1,5.54983297570972,5.54983297570972,52.5000000000001
39.82000000000065,0,1,5.5496698842568435,5.5496698842568435,52.5000000000001
39.830000000000645,0,1,5.549506493259685,5.549506493259685,52.5000000000001
39.84000000000064,0,1,5.549342802705652,5.549342802705652,52.5000000000001
39.85000000000064,0,1,5.549178812583008,5.549178812583008,52.5000000000001
39.86000000000064,0,1,5.549014522879034,5.549014522879034,52.5000000000001
39.87000000000064,0,1,5.54884993358155,5.54884993358155,52.5000000000001
39.880000000000635,0,1,5.548685044677853,5.548685044677853,52.5000000000001
39.89000000000063,0,1,5.548519856156176,5.548519856156176,52.5000000000001
39.90000000000063,0,1,5.548354368003757,5.548354368003757,52.5000000000001
39.91000000000063,0,1,5.549104682319978,5.549104682319978,52.5000000000001
39.92000000000063,0,1,5.548937670960285,5.548937670960285,52.5000000000001
39.930000000000625,0,1,5.54877036044374,5.54877036044374,52.5000000000001
39.94000000000062,0,1,5.5486027507584055,5.5486027507584055,52.5000000000001
39.95000000000062,0,1,5.548434841891108,5.548434841891108,52.5000000000001
39.96000000000062,0,1,5.548266633829414,5.548266633829414,52.5000000000001
39.97000000000062,0,1,5.548098126560319,5.548098126560319,52.5000000000001
39.980000000000615,0,1,5.5479293200713755,5.5479293200713755,52.5000000000001
39.99000000000061,0,1,5.547760214349623,5.547760214349623,52.5000000000001
40.00000000000061,0,1,5.547590809382299,5.547590809382299,52.5000000000001
40.01000000000061,0,1,5.547421105156516,5.547421105156516,52.5000000000001
40.02000000000061,0,1,5.547251101659313,5.547251101659313,52.5000000000001
40.030000000000605,0,1,5.5470807988779995,5.5470807988779995,52.5000000000001
40.0400000000006,0,1,5.546910196799502,5.546910196799502,52.5000000000001
40.0500000000006,0,1,5.546739295410816,5.546739295410816,52.5000000000001
40.0600000000006,0,1,5.54656809469904,5.54656809469904,52.5000000000001
40.0700000000006,0,1,5.546396594651,5.546396594651,52.5000000000001
40.080000000000595,0,1,5.546223198913523,5.546223198913523,52.5000000000001
40.09000000000059,0,1,5.5460493301666105,5.5460493301666105,52.5000000000001
40.10000000000059,0,1,5.545875165815843,5.545875165815843,52.5000000000001
40.11000000000059,0,1,5.545700705844922,5.545700705844922,52.5000000000001
40.12000000000059,0,1,5.545525950237447,5.545525950237447,52.5000000000001
40.130000000000585,0,1,5.54535089897675,5.54535089897675,52.5000000000001
40.14000000000058,0,1,5.545175573303283,5.545175573303283,52.5000000000001
40.15000000000058,0,1,5.545000243985442,5.545000243985442,52.5000000000001
40.16000000000058,0,1,5.544824618379479,5.544824618379479,52.5000000000001
40.17000000000058,0,1,5.544648696469281,5.544648696469281,52.5000000000001
40.180000000000575,0,1,5.544472478238717,5.544472478238717,52.5000000000001
40.19000000000057,0,1,5.544295963671644,5.544295963671644,52.5000000000001
40.20000000000057,0,1,5.5441490502972925,5.5441490502972925,52.5000000000001
40.21000000000057,0,1,5.543972439129149,5.543972439129149,52.5000000000001
40.22000000000057,0,1,5.642445759037912,5.642445759037912,52.87500000000011
40.230000000000565,0,1,5.642258854457523,5.642258854457523,52.87500000000011
40.24000000000056,0,1,5.642071657235945,5.642071657235945,52.87500000000011
40.25000000000056,0,1,5.641884167356039,5.641884167356039,52.87500000000011
40.26000000000056,0,1,5.641697421670514,5.641697421670514,52.87500000000011
40.27000000000056,0,1,5.641510691223928,5.641510691223928,52.87500000000011
40.280000000000555,0,1,5.643004764710895,5.643004764710895,52.87500000000011
40.29000000000055,0,1,5.642815795437741,5.642815795437741,52.87500000000011
40.30000000000055,0,1,5.642626537483423,5.642626537483423,52.87500000000011
40.31000000000055,0,1,5.642437000264351,5.642437000264351,52.87500000000011
40.32000000000055,0,1,5.642247200320597,5.642247200320597,52.87500000000011
40.330000000000545,0,1,5.642057179508399,5.642057179508399,52.87500000000011
40.34000000000054,0,1,5.641866863296542,5.641866863296542,52.87500000000011
40.35000000000054,0,1,5.641676251671612,5.641676251671612,52.87500000000011
40.36000000000054,0,1,5.6414853446202216,5.6414853446202216,52.87500000000011
40.37000000000054,0,1,5.641294142128999,5.641294142128999,52.87500000000011
40.380000000000535,0,1,5.641102644184471,5.641102644184471,52.87500000000011
40.39000000000053,0,1,5.64091085077294,5.64091085077294,52.87500000000011
40.40000000000053,0,1,5.640718761881288,5.640718761881288,52.87500000000011
40.41000000000053,0,1,5.6405263774956325,5.6405263774956325,52.87500000000011
40.42000000000053,0,1,5.6403336976025145,5.6403336976025145,52.87500000000011
40.430000000000526,0,1,5.640140722188306,5.640140722188306,52.87500000000011
40.44000000000052,0,1,5.639947451239522,5.639947451239522,52.87500000000011
40.45000000000052,0,1,5.639753884742248,5.639753884742248,52.87500000000011
40.46000000000052,0,1,5.639560022682872,5.639560022682872,52.87500000000011
40.47000000000052,0,1,5.639365865047665,5.639365865047665,52.87500000000011
40.480000000000516,0,1,5.639171411822588,5.639171411822588,52.87500000000011
40.490000000000514,0,1,5.638976662994267,5.638976662994267,52.87500000000011
40.50000000000051,0,1,5.639683073856517,5.639683073856517,52.87500000000011
40.51000000000051,0,1,5.639486820599004,5.639486820599004,52.87500000000011
40.52000000000051,0,1,5.639290272201663,5.639290272201663,52.87500000000011
40.530000000000506,0,1,5.63909342865017,5.63909342865017,52.87500000000011
40.540000000000504,0,1,5.638896289930997,5.638896289930997,52.87500000000011
40.5500000000005,0,1,5.638698856029578,5.638698856029578,52.87500000000011
40.5600000000005,0,1,5.638501126932098,5.638501126932098,52.87500000000011
40.5700000000005,0,1,5.638303102624278,5.638303102624278,52.87500000000011
40.580000000000496,0,1,5.638478217702428,5.638478217702428,52.87500000000011
40.590000000000494,0,1,5.638279231486791,5.638279231486791,52.87500000000011
40.60000000000049,0,1,5.638111798454503,5.638111798454503,52.87500000000011
40.61000000000049,0,1,5.637912617082762,5.637912617082762,52.87500000000011
40.62000000000049,0,1,5.637713143000113,5.637713143000113,52.87500000000011
40.630000000000486,0,1,5.6375133761912934,5.6375133761912934,52.87500000000011
40.640000000000484,0,1,5.637313316640814,5.637313316640814,52.87500000000011
40.65000000000048,0,1,5.637112964333781,5.637112964333781,52.87500000000011
40.66000000000048,0,1,5.636912319254236,5.636912319254236,52.87500000000011
40.67000000000048,0,1,5.636711381387215,5.636711381387215,52.87500000000011
40.680000000000476,0,1,5.6365101507168305,5.6365101507168305,52.87500000000011
40.690000000000474,0,1,5.636308627228033,5.636308627228033,52.87500000000011
40.70000000000047,0,1,5.636106810905119,5.636106810905119,52.87500000000011
40.71000000000047,0,1,5.635904987152912,5.635904987152912,52.87500000000011
40.72000000000047,0,1,5.635702888662792,5.635702888662792,52.87500000000011
40.730000000000466,0,1,5.635500496715849,5.635500496715849,52.87500000000011
40.740000000000464,0,1,5.635297811297093,5.635297811297093,52.87500000000011
40.75000000000046,0,1,5.63509483239126,5.63509483239126,52.87500000000011
40.76000000000046,0,1,5.634891559982975,5.634891559982975,52.87500000000011
40.77000000000046,0,1,5.634687994057231,5.634687994057231,52.87500000000011
40.780000000000456,0,1,5.63448257972729,5.63448257972729,52.87500000000011
40.790000000000454,0,1,5.634276718046479,5.634276718046479,52.87500000000011
40.80000000000045,0,1,5.634070566508171,5.634070566508171,52.87500000000011
40.81000000000045,0,1,5.633864125093936,5.633864125093936,52.87500000000011
40.82000000000045,0,1,5.633657393785057,5.633657393785057,52.87500000000011
40.830000000000446,0,1,5.633450372563004,5.633450372563004,52.87500000000011
40.840000000000444,0,1,5.634848108446178,5.634848108446178,52.87500000000011
40.85000000000044,0,1,5.634638893491029,5.634638893491029,52.87500000000011
40.86000000000044,0,1,5.6344293894062645,5.6344293894062645,52.87500000000011
40.87000000000044,0,1,5.63421959617277,5.63421959617277,52.87500000000011
40.880000000000436,0,1,5.634009513771744,5.634009513771744,52.87500000000011
40.890000000000434,0,1,5.633799142183648,5.633799142183648,52.87500000000011
40.90000000000043,0,1,5.633588481389481,5.633588481389481,52.87500000000011
40.91000000000043,0,1,5.633377531370257,5.633377531370257,52.87500000000011
40.92000000000043,0,1,5.633166292106523,5.633166292106523,52.87500000000011
40.930000000000426,0,1,5.632954763579036,5.632954763579036,52.87500000000011
40.940000000000424,0,1,5.632742942769056,5.632742942769056,52.87500000000011
40.95000000000042,0,1,5.632530831710355,5.632530831710355,52.87500000000011
40.96000000000042,0,1,5.632318435225272,5.632318435225272,52.87500000000011
40.97000000000042,0,1,5.632105753278637,5.632105753278637,52.87500000000011
40.980000000000416,0,1,5.631893898627965,5.631893898627965,52.87500000000011
40.990000000000414,0,1,5.63168199280328,5.63168199280328,52.87500000000011
41.00000000000041,0,1,5.631502788832208,5.631502788832208,52.87500000000011
41.01000000000041,0,1,5.631290623943329,5.631290623943329,52.87500000000011
41.02000000000041,0,1,5.631078167901734,5.631078167901734,52.87500000000011
41.030000000000406,0,1,5.630865420691748,5.630865420691748,52.87500000000011
41.040000000000404,0,1,5.630652382297484,5.630652382297484,52.87500000000011
41.0500000000004,0,1,5.630439052703039,5.630439052703039,52.87500000000011
41.0600000000004,0,1,5.630225431892725,5.630225431892725,52.87500000000011
41.0700000000004,0,1,5.630011519850527,5.630011519850527,52.87500000000011
41.080000000000396,0,1,5.629797316560541,5.629797316560541,52.87500000000011
41.090000000000394,0,1,5.629582836077844,5.629582836077844,52.87500000000011
41.10000000000039,0,1,5.629368070879934,5.629368070879934,52.87500000000011
41.11000000000039,0,1,5.629153014340929,5.629153014340929,52.87500000000011
41.12000000000039,0,1,5.629792717323014,5.629792717323014,52.87500000000011
41.130000000000386,0,1,5.629576187549006,5.629576187549006,52.87500000000011
41.140000000000384,0,1,5.6293593668801805,5.6293593668801805,52.87500000000011
41.15000000000038,0,1,5.629142255300479,5.629142255300479,52.87500000000011
41.16000000000038,0,1,5.628924852793702,5.628924852793702,52.87500000000011
41.17000000000038,0,1,5.628707159343662,5.628707159343662,52.87500000000011
41.180000000000376,0,1,5.628489174934245,5.628489174934245,52.87500000000011
41.190000000000374,0,1,5.62827089954888,5.62827089954888,52.87500000000011
41.20000000000037,0,1,5.628052333171496,5.628052333171496,52.87500000000011
41.21000000000037,0,1,5.627833475785792,5.627833475785792,52.87500000000011
41.22000000000037,0,1,5.627614327375326,5.627614327375326,52.87500000000011
41.230000000000366,0,1,5.627394887923714,5.627394887923714,52.87500000000011
41.240000000000364,0,1,5.627175157414683,5.627175157414683,52.87500000000011
41.25000000000036,0,1,5.626955286244922,5.626955286244922,52.87500000000011
41.26000000000036,0,1,5.626735264331543,5.626735264331543,52.87500000000011
41.27000000000036,0,1,5.626514950745786,5.626514950745786,52.87500000000011
41.280000000000356,0,1,5.626294345471592,5.626294345471592,52.87500000000011
41.290000000000354,0,1,5.6260734484927895,5.6260734484927895,52.87500000000011
41.30000000000035,0,1,5.62585225979322,5.62585225979322,52.87500000000011
41.31000000000035,0,1,5.625630779356683,5.625630779356683,52.87500000000011
41.32000000000035,0,1,5.625409007166823,5.625409007166823,52.87500000000011
41.33000000000035,0,1,5.625186943207794,5.625186943207794,52.87500000000011
41.340000000000344,0,1,5.624964587462955,5.624964587462955,52.87500000000011
41.35000000000034,0,1,5.624741939916106,5.624741939916106,52.87500000000011
41.36000000000034,0,1,5.624866965202841,5.624866965202841,52.87500000000011
41.37000000000034,0,1,5.62464337490097,5.62464337490097,52.87500000000011
41.38000000000034,0,1,5.6244194929343365,5.6244194929343365,52.87500000000011
41.390000000000335,0,1,5.625727035731515,5.625727035731515,52.87500000000011
41.40000000000033,0,1,5.625534716225502,5.625534716225502,52.87500000000011
41.41000000000033,0,1,5.625308654483192,5.625308654483192,52.87500000000011
41.42000000000033,0,1,5.6250823029362635,5.6250823029362635,52.87500000000011
41.43000000000033,0,1,5.624855661567722,5.624855661567722,52.87500000000011
41.440000000000325,0,1,5.62462873036003,5.62462873036003,52.87500000000011
41.45000000000032,0,1,5.624401509296007,5.624401509296007,52.87500000000011
41.46000000000032,0,1,5.624173998358259,5.624173998358259,52.87500000000011
41.47000000000032,0,1,5.6239461975294915,5.6239461975294915,52.87500000000011
41.48000000000032,0,1,5.623716780420182,5.623716780420182,52.87500000000011
41.490000000000315,0,1,5.62348680091867,5.62348680091867,52.87500000000011
41.50000000000031,0,1,5.62325653506015,5.62325653506015,52.87500000000011
41.51000000000031,0,1,5.62302598282389,5.62302598282389,52.87500000000011
41.52000000000031,0,1,5.6227951441892685,5.6227951441892685,52.87500000000011
41.53000000000031,0,1,5.62256401913551,5.62256401913551,52.87500000000011
41.540000000000305,0,1,5.622332607642122,5.622332607642122,52.87500000000011
41.5500000000003,0,1,5.622100909688015,5.622100909688015,52.87500000000011
41.5600000000003,0,1,5.6218689115708855,5.6218689115708855,52.87500000000011
41.5700000000003,0,1,5.621636620108546,5.621636620108546,52.87500000000011
41.5800000000003,0,1,5.621404045824775,5.621404045824775,52.87500000000011
41.590000000000295,0,1,5.621171188683519,5.621171188683519,52.87500000000011
41.60000000000029,0,1,5.620938048649137,5.620938048649137,52.87500000000011
41.61000000000029,0,1,5.620704625685406,5.620704625685406,52.87500000000011
41.62000000000029,0,1,5.620470919756627,5.620470919756627,52.87500000000011
41.63000000000029,0,1,5.620236930826778,5.620236930826778,52.87500000000011
41.640000000000285,0,1,5.620002658860116,5.620002658860116,52.87500000000011
41.65000000000028,0,1,5.619768103820718,5.619768103820718,52.87500000000011
41.66000000000028,0,1,5.6195332656727,5.6195332656727,52.87500000000011
41.67000000000028,0,1,5.619298144379982,5.619298144379982,52.87500000000011
41.68000000000028,0,1,5.619062739907378,5.619062739907378,52.87500000000011
41.690000000000275,0,1,5.6188272729512505,5.6188272729512505,52.87500000000011
41.70000000000027,0,1,5.618592545717405,5.618592545717405,52.87500000000011
41.71000000000027,0,1,5.618357528525976,5.618357528525976,52.87500000000011
41.72000000000027,0,1,5.618122221360579,5.618122221360579,52.87500000000011
41.73000000000027,0,1,5.617886624203678,5.617886624203678,52.87500000000011
41.740000000000265,0,1,5.618460240352547,5.618460240352547,52.87500000000011
41.75000000000026,0,1,5.618223194989909,5.618223194989909,52.87500000000011
41.76000000000026,0,1,5.617985860069965,5.617985860069965,52.87500000000011
41.77000000000026,0,1,5.617748235575618,5.617748235575618,52.87500000000011
41.78000000000026,0,1,5.617510321489803,5.617510321489803,52.87500000000011
41.790000000000255,0,1,5.617272117795125,5.617272117795125,52.87500000000011
41.80000000000025,0,1,5.617067886002118,5.617067886002118,52.87500000000011
41.81000000000025,0,1,5.616829487490193,5.616829487490193,52.87500000000011
41.82000000000025,0,1,5.616590933781438,5.616590933781438,52.87500000000011
41.83000000000025,0,1,5.616352090650153,5.616352090650153,52.87500000000011
41.840000000000245,0,1,5.616112958078929,5.616112958078929,52.87500000000011
41.85000000000024,0,1,5.615873536050984,5.615873536050984,52.87500000000011
41.86000000000024,0,1,5.615633824548468,5.615633824548468,52.87500000000011
41.87000000000024,0,1,5.615393824453577,5.615393824453577,52.87500000000011
41.88000000000024,0,1,5.615153553081356,5.615153553081356,52.87500000000011
41.890000000000235,0,1,5.61491299213877,5.61491299213877,52.87500000000011
41.90000000000023,0,1,5.614672141608835,5.614672141608835,52.87500000000011
41.91000000000023,0,1,5.614431001473761,5.614431001473761,52.87500000000011
41.92000000000023,0,1,5.614189571716196,5.614189571716196,52.87500000000011
41.93000000000023,0,1,5.613947852319029,5.613947852319029,52.87500000000011
41.940000000000225,0,1,5.615165326018982,5.615165326018982,52.87500000000011
41.95000000000022,0,1,5.6149214756676145,5.6149214756676145,52.87500000000011
41.96000000000022,0,1,5.614677336441801,5.614677336441801,52.87500000000011
41.97000000000022,0,1,5.614432908323508,5.614432908323508,52.87500000000011
41.98000000000022,0,1,5.614188191294986,5.614188191294986,52.87500000000011
41.990000000000215,0,1,5.613943185338329,5.613943185338329,52.87500000000011
42.00000000000021,0,1,5.613697890435745,5.613697890435745,52.87500000000011
42.01000000000021,0,1,5.613454104301951,5.613454104301951,52.87500000000011
42.02000000000021,0,1,5.613209986586071,5.613209986586071,52.87500000000011
42.03000000000021,0,1,5.612965537287877,5.612965537287877,52.87500000000011
42.040000000000205,0,1,5.612720756407143,5.612720756407143,52.87500000000011
42.0500000000002,0,1,5.612475643943753,5.612475643943753,52.87500000000011
42.0600000000002,0,1,5.612230199897525,5.612230199897525,52.87500000000011
42.0700000000002,0,1,5.611984424268115,5.611984424268115,52.87500000000011
42.0800000000002,0,1,5.611738317055398,5.611738317055398,52.87500000000011
42.090000000000195,0,1,5.611491878258832,5.611491878258832,52.87500000000011
42.10000000000019,0,1,5.6112451078782755,5.6112451078782755,52.87500000000011
42.11000000000019,0,1,5.610998005913316,5.610998005913316,52.87500000000011
42.12000000000019,0,1,5.610750572363571,5.610750572363571,52.87500000000011
42.13000000000019,0,1,5.610502807228485,5.610502807228485,52.87500000000011
42.140000000000185,0,1,5.6102547105077605,5.6102547105077605,52.87500000000011
42.15000000000018,0,1,5.610329537820007,5.610329537820007,52.87500000000011
42.16000000000018,0,1,5.610080430538531,5.610080430538531,52.87500000000011
42.17000000000018,0,1,5.609830991856498,5.609830991856498,52.87500000000011
42.18000000000018,0,1,5.609580189613979,5.609580189613979,52.87500000000011
42.190000000000175,0,1,5.609328562457179,5.609328562457179,52.87500000000011
42.20000000000017,0,1,5.609076610752609,5.609076610752609,52.87500000000011
42.21000000000017,0,1,5.608824334483103,5.608824334483103,52.87500000000011
42.22000000000017,0,1,5.6085717336310665,5.6085717336310665,52.87500000000011
42.23000000000017,0,1,5.608318808179234,5.608318808179234,52.87500000000011
42.240000000000165,0,1,5.608065558110141,5.608065558110141,52.87500000000011
42.25000000000016,0,1,5.607811983406634,5.607811983406634,52.87500000000011
42.26000000000016,0,1,5.607558084051121,5.607558084051121,52.87500000000011
42.27000000000016,0,1,5.607303860026221,5.607303860026221,52.87500000000011
42.28000000000016,0,1,5.607049311314569,5.607049311314569,52.87500000000011
42.290000000000155,0,1,5.606794437898728,5.606794437898728,52.87500000000011
42.30000000000015,0,1,5.606539239761332,5.606539239761332,52.87500000000011
42.31000000000015,0,1,5.60628371688496,5.60628371688496,52.87500000000011
42.32000000000015,0,1,5.606027869252188,5.606027869252188,52.87500000000011
42.33000000000015,0,1,5.605771812759016,5.605771812759016,52.87500000000011
42.340000000000146,0,1,5.60551558237681,5.60551558237681,52.87500000000011
42.35000000000014,0,1,5.605259026643708,5.605259026643708,52.87500000000011
42.36000000000014,0,1,5.605760689254282,5.605760689254282,52.87500000000011
42.37000000000014,0,1,5.605503697832717,5.605503697832717,52.87500000000011
42.38000000000014,0,1,5.605246484265194,5.605246484265194,52.87500000000011
42.390000000000136,0,1,5.604988939566411,5.604988939566411,52.87500000000011
42.400000000000134,0,1,5.604750249835604,5.604750249835604,52.87500000000011
42.41000000000013,0,1,5.604493011264907,5.604493011264907,52.87500000000011
42.42000000000013,0,1,5.604235465259478,5.604235465259478,52.87500000000011
42.43000000000013,0,1,5.603977611808702,5.603977611808702,52.87500000000011
42.440000000000126,0,1,5.603719450902233,5.603719450902233,52.87500000000011
42.450000000000124,0,1,5.6034609825294694,5.6034609825294694,52.87500000000011
42.46000000000012,0,1,5.603202206680251,5.603202206680251,52.87500000000011
42.47000000000012,0,1,5.60294312334355,5.60294312334355,52.87500000000011
42.48000000000012,0,1,5.602683732509362,5.602683732509362,52.87500000000011
42.490000000000116,0,1,5.602424034166674,5.602424034166674,52.87500000000011
42.500000000000114,0,1,5.603550757524744,5.603550757524744,52.87500000000011
42.51000000000011,0,1,5.6032889239149455,5.6032889239149455,52.87500000000011
42.52000000000011,0,1,5.603026783579509,5.603026783579509,52.87500000000011
42.53000000000011,0,1,5.602764336507093,5.602764336507093,52.87500000000011
42.540000000000106,0,1,5.602501582686898,5.602501582686898,52.87500000000011
42.550000000000104,0,1,5.602238522107882,5.602238522107882,52.87500000000011
42.5600000000001,0,1,5.60197515475889,5.60197515475889,52.87500000000011
42.5700000000001,0,1,5.60171148062895,5.60171148062895,52.87500000000011
42.5800000000001,0,1,5.601447499706836,5.601447499706836,52.87500000000011
42.590000000000096,0,1,5.601183211981407,5.601183211981407,52.87500000000011
42.600000000000094,0,1,5.600918617441565,5.600918617441565,52.87500000000011
42.61000000000009,0,1,5.600653716075968,5.600653716075968,52.87500000000011
42.62000000000009,0,1,5.600388507873475,5.600388507873475,52.87500000000011
42.63000000000009,0,1,5.600122992822762,5.600122992822762,52.87500000000011
42.640000000000086,0,1,5.599857170912884,5.599857170912884,52.87500000000011
42.650000000000084,0,1,5.599591042132147,5.599591042132147,52.87500000000011
42.66000000000008,0,1,5.599324613272074,5.599324613272074,52.87500000000011
42.67000000000008,0,1,5.599057888356413,5.599057888356413,52.87500000000011
42.68000000000008,0,1,5.598790856494844,5.598790856494844,52.87500000000011
42.690000000000076,0,1,5.598523517675858,5.598523517675858,52.87500000000011
42.700000000000074,0,1,5.598255871888185,5.598255871888185,52.87500000000011
42.71000000000007,0,1,5.597987919120257,5.597987919120257,52.87500000000011
42.72000000000007,0,1,5.597719659360763,5.597719659360763,52.87500000000011
42.73000000000007,0,1,5.59745109259822,5.59745109259822,52.87500000000011
42.740000000000066,0,1,5.5971822188210325,5.5971822188210325,52.87500000000011
42.750000000000064,0,1,5.596913038017931,5.596913038017931,52.87500000000011
42.76000000000006,0,1,5.596643550177021,5.596643550177021,52.87500000000011
42.77000000000006,0,1,5.5963737511360705,5.5963737511360705,52.87500000000011
42.78000000000006,0,1,5.596103600530412,5.596103600530412,52.87500000000011
42.790000000000056,0,1,5.595833146155883,5.595833146155883,52.87500000000011
42.800000000000054,0,1,5.595587828856679,5.595587828856679,52.87500000000011
42.81000000000005,0,1,5.5953174031988056,5.5953174031988056,52.87500000000011
42.82000000000005,0,1,5.595046681465661,5.595046681465661,52.87500000000011
42.83000000000005,0,1,5.594775663628695,5.594775663628695,52.87500000000011
42.840000000000046,0,1,5.59450434965953,5.59450434965953,52.87500000000011
42.850000000000044,0,1,5.594232481071401,5.594232481071401,52.87500000000011
42.86000000000004,0,1,5.593959180136537,5.593959180136537,52.87500000000011
42.87000000000004,0,1,5.593685586345956,5.593685586345956,52.87500000000011
42.88000000000004,0,1,5.593411950759929,5.593411950759929,52.87500000000011
42.890000000000036,0,1,5.5931380250732445,5.5931380250732445,52.87500000000011
42.900000000000034,0,1,5.592863805897252,5.592863805897252,52.87500000000011
42.91000000000003,0,1,5.59258929320076,5.59258929320076,52.87500000000011
42.92000000000003,0,1,5.592314486952532,5.592314486952532,52.87500000000011
42.93000000000003,0,1,5.59203938712119,5.59203938712119,52.87500000000011
42.940000000000026,0,1,5.592066698940059,5.592066698940059,52.87500000000011
42.950000000000024,0,1,5.591790663637838,5.591790663637838,52.87500000000011
42.96000000000002,0,1,5.591514334867782,5.591514334867782,52.87500000000011
42.97000000000002,0,1,5.591941554487462,5.591941554487462,52.87500000000011
42.98000000000002,0,1,5.591664948645828,5.591664948645828,52.87500000000011
42.990000000000016,0,1,5.591388043676702,5.591388043676702,52.87500000000011
43.000000000000014,0,1,5.591110839566085,5.591110839566085,52.87500000000011
43.01000000000001,0,1,5.590833336299681,5.590833336299681,52.87500000000011
43.02000000000001,0,1,5.5905555338635935,5.5905555338635935,52.87500000000011
43.03000000000001,0,1,5.590277432243411,5.590277432243411,52.87500000000011
43.040000000000006,0,1,5.589999031425165,5.589999031425165,52.87500000000011
43.050000000000004,0,1,5.591036904701326,5.591036904701326,52.87500000000011
43.06,0,1,5.590756415862671,5.590756415862671,52.87500000000011
43.07,0,1,5.590475628583491,5.590475628583491,52.87500000000011
43.08,0,1,5.5901945428493605,5.5901945428493605,52.87500000000011
43.089999999999996,0,1,5.589913158645686,5.589913158645686,52.87500000000011
43.099999999999994,0,1,5.589631475957717,5.589631475957717,52.87500000000011
43.10999999999999,0,1,5.589349494770843,5.589349494770843,52.87500000000011
43.11999999999999,0,1,5.589067215070287,5.589067215070287,52.87500000000011
43.12999999999999,0,1,5.588784636841467,5.588784636841467,52.87500000000011
43.139999999999986,0,1,5.58850176006959,5.58850176006959,52.87500000000011
43.149999999999984,0,1,5.588218584739877,5.588218584739877,52.87500000000011
43.15999999999998,0,1,5.587935110837648,5.587935110837648,52.87500000000011
43.16999999999998,0,1,5.587651338347854,5.587651338347854,52.87500000000011
43.17999999999998,0,1,5.587367267255786,5.587367267255786,52.87500000000011
43.189999999999976,0,1,5.587082897546765,5.587082897546765,52.87500000000011
43.199999999999974,0,1,5.5867982292056695,5.5867982292056695,52.87500000000011
43.20999999999997,0,1,5.586542194083151,5.586542194083151,52.87500000000011
43.21999999999997,0,1,5.586257404742867,5.586257404742867,52.87500000000011
43.22999999999997,0,1,5.585972320550837,5.585972320550837,52.87500000000011
43.23999999999997,0,1,5.585686941490607,5.585686941490607,52.87500000000011
43.249999999999964,0,1,5.585401267545691,5.585401267545691,52.87500000000011
43.25999999999996,0,1,5.585115298699449,5.585115298699449,52.87500000000011
43.26999999999996,0,1,5.584829034935225,5.584829034935225,52.87500000000011
43.27999999999996,0,1,5.584542476236535,5.584542476236535,52.87500000000011
43.28999999999996,0,1,5.584255622586753,5.584255622586753,52.87500000000011
43.299999999999955,0,1,5.583968473969165,5.583968473969165,52.87500000000011
43.30999999999995,0,1,5.58368103036706,5.58368103036706,52.87500000000011
43.31999999999995,0,1,5.583393291763926,5.583393291763926,52.87500000000011
43.32999999999995,0,1,5.583105258142737,5.583105258142737,52.87500000000011
43.33999999999995,0,1,5.582816929486995,5.582816929486995,52.87500000000011
43.349999999999945,0,1,5.5825283057798885,5.5825283057798885,52.87500000000011
43.35999999999994,0,1,5.582239387004606,5.582239387004606,52.87500000000011
43.36999999999994,0,1,5.5819501731441505,5.5819501731441505,52.87500000000011
43.37999999999994,0,1,5.581660664182166,5.581660664182166,52.87500000000011
43.38999999999994,0,1,5.581370839748985,5.581370839748985,52.87500000000011
43.399999999999935,0,1,5.581080681221621,5.581080681221621,52.87500000000011
43.40999999999993,0,1,5.5807902306670485,5.5807902306670485,52.87500000000011
43.41999999999993,0,1,5.580499488054983,5.580499488054983,52.87500000000011
43.42999999999993,0,1,5.580208481063124,5.580208481063124,52.87500000000011
43.43999999999993,0,1,5.579917394352279,5.579917394352279,52.87500000000011
43.449999999999925,0,1,5.579626026119826,5.579626026119826,52.87500000000011
43.45999999999992,0,1,5.579334370257712,5.579334370257712,52.87500000000011
43.46999999999992,0,1,5.579042421623399,5.579042421623399,52.87500000000011
43.47999999999992,0,1,5.578750180187313,5.578750180187313,52.87500000000011
43.48999999999992,0,1,5.57845764591967,5.57845764591967,52.87500000000011
43.499999999999915,0,1,5.5781648187910235,5.5781648187910235,52.87500000000011
43.50999999999991,0,1,5.577871698771588,5.577871698771588,52.87500000000011
43.51999999999991,0,1,5.577578285831876,5.577578285831876,52.87500000000011
43.52999999999991,0,1,5.577284579942017,5.577284579942017,52.87500000000011
43.53999999999991,0,1,5.576990581072565,5.576990581072565,52.87500000000011
43.549999999999905,0,1,5.5766962891939045,5.5766962891939045,52.87500000000011
43.5599999999999,0,1,5.577653953915231,5.577653953915231,52.87500000000011
43.5699999999999,0,1,5.576752476016793,5.576752476016793,52.87500000000011
43.5799999999999,0,1,5.576457592023019,5.576457592023019,52.87500000000011
43.5899999999999,0,1,5.576162409632886,5.576162409632886,52.87500000000011
43.599999999999895,0,1,5.577114417255132,5.577114417255132,52.87500000000011
43.60999999999989,0,1,5.57684767335212,5.57684767335212,52.87500000000011
43.61999999999989,0,1,5.576550272819162,5.576550272819162,52.87500000000011
43.62999999999989,0,1,5.576251546992168,5.576251546992168,52.87500000000011
43.63999999999989,0,1,5.5759525289092124,5.5759525289092124,52.87500000000011
43.649999999999885,0,1,5.575653218552944,5.575653218552944,52.87500000000011
43.65999999999988,0,1,5.575353615906039,5.575353615906039,52.87500000000011
43.66999999999988,0,1,5.575053720950791,5.575053720950791,52.87500000000011
43.67999999999988,0,1,5.574753533670034,5.574753533670034,52.87500000000011
43.68999999999988,0,1,5.57445305404579,5.57445305404579,52.87500000000011
43.699999999999875,0,1,5.574152282061192,5.574152282061192,52.87500000000011
43.70999999999987,0,1,5.573851217698376,5.573851217698376,52.87500000000011
43.71999999999987,0,1,5.573549860939764,5.573549860939764,52.87500000000011
43.72999999999987,0,1,5.573524280271727,5.573524280271727,52.87500000000011
43.73999999999987,0,1,5.5732220146059035,5.5732220146059035,52.87500000000011
43.749999999999865,0,1,5.572919456664806,5.572919456664806,52.87500000000011
43.75999999999986,0,1,5.572616606431296,5.572616606431296,52.87500000000011
43.76999999999986,0,1,5.572313463887539,5.572313463887539,52.87500000000011
43.77999999999986,0,1,5.572010029015445,5.572010029015445,52.87500000000011
43.78999999999986,0,1,5.571706301797505,5.571706301797505,52.87500000000011
43.799999999999855,0,1,5.5714022822160985,5.5714022822160985,52.87500000000011
43.80999999999985,0,1,5.571097970253291,5.571097970253291,52.87500000000011
43.81999999999985,0,1,5.570793365891291,5.570793365891291,52.87500000000011
43.82999999999985,0,1,5.570488469112249,5.570488469112249,52.87500000000011
43.83999999999985,0,1,5.5701832798986715,5.5701832798986715,52.87500000000011
43.849999999999845,0,1,5.5698777982321275,5.5698777982321275,52.87500000000011
43.85999999999984,0,1,5.569572024095137,5.569572024095137,52.87500000000011
43.86999999999984,0,1,5.569265957469497,5.569265957469497,52.87500000000011
43.87999999999984,0,1,5.568959598337614,5.568959598337614,52.87500000000011
43.88999999999984,0,1,5.568652946681297,5.568652946681297,52.87500000000011
43.899999999999835,0,1,5.568346002482457,5.568346002482457,52.87500000000011
43.90999999999983,0,1,5.5680387657235,5.5680387657235,52.87500000000011
43.91999999999983,0,1,5.5677312363860665,5.5677312363860665,52.87500000000011
43.92999999999983,0,1,5.56742341445225,5.56742341445225,52.87500000000011
43.93999999999983,0,1,5.567115299903961,5.567115299903961,52.87500000000011
43.949999999999825,0,1,5.566806892723051,5.566806892723051,52.87500000000011
43.95999999999982,0,1,5.566498192891572,5.566498192891572,52.87500000000011
43.96999999999982,0,1,5.5661892003912214,5.5661892003912214,52.87500000000011
43.97999999999982,0,1,5.565879915204107,5.565879915204107,52.87500000000011
43.98999999999982,0,1,5.56557040635677,5.56557040635677,52.87500000000011
43.999999999999815,0,1,5.5652607632451065,5.5652607632451065,52.87500000000011
44.00999999999981,0,1,5.5649823746008025,5.5649823746008025,52.87500000000011
44.01999999999981,0,1,5.5646723878921165,5.5646723878921165,52.87500000000011
44.02999999999981,0,1,5.56436211232662,5.56436211232662,52.87500000000011
44.03999999999981,0,1,5.564051547873035,5.564051547873035,52.87500000000011
44.049999999999805,0,1,5.563740694500453,5.563740694500453,52.87500000000011
44.0599999999998,0,1,5.563429552177482,5.563429552177482,52.87500000000011
44.0699999999998,0,1,5.563118120872929,5.563118120872929,52.87500000000011
44.0799999999998,0,1,5.562806400555729,5.562806400555729,52.87500000000011
44.0899999999998,0,1,5.562494391194647,5.562494391194647,52.87500000000011
44.099999999999795,0,1,5.562182092758391,5.562182092758391,52.87500000000011
44.10999999999979,0,1,5.56186950521581,5.56186950521581,52.87500000000011
44.11999999999979,0,1,5.562740320979046,5.562740320979046,52.87500000000011
44.12999999999979,0,1,5.562425722966111,5.562425722966111,52.87500000000011
44.13999999999979,0,1,5.562110836530223,5.562110836530223,52.87500000000011
44.149999999999785,0,1,5.561795661640318,5.561795661640318,52.87500000000011
44.15999999999978,0,1,5.561480198264675,5.561480198264675,52.87500000000011
44.16999999999978,0,1,5.56116444637216,5.56116444637216,52.87500000000011
44.17999999999978,0,1,5.5614507386425345,5.5614507386425345,52.87500000000011
44.18999999999978,0,1,5.561133517937549,5.561133517937549,52.87500000000011
44.199999999999775,0,1,5.560816005647311,5.560816005647311,52.87500000000011
44.20999999999977,0,1,5.560498201763295,5.560498201763295,52.87500000000011
44.21999999999977,0,1,5.560180106276832,5.560180106276832,52.87500000000011
44.22999999999977,0,1,5.55986171917921,5.55986171917921,52.87500000000011
44.23999999999977,0,1,5.559543295125991,5.559543295125991,52.87500000000011
44.249999999999766,0,1,5.559225488360369,5.559225488360369,52.87500000000011
44.25999999999976,0,1,5.558907387800318,5.558907387800318,52.87500000000011
44.26999999999976,0,1,5.558588993430519,5.558588993430519,52.87500000000011
44.27999999999976,0,1,5.558270305235581,5.558270305235581,52.87500000000011
44.28999999999976,0,1,5.557951323199717,5.557951323199717,52.87500000000011
44.299999999999756,0,1,5.557632047307521,5.557632047307521,52.87500000000011
44.309999999999754,0,1,5.557312477543334,5.557312477543334,52.87500000000011
44.31999999999975,0,1,5.556992613891495,5.556992613891495,52.87500000000011
44.32999999999975,0,1,5.55667151957222,5.55667151957222,52.87500000000011
44.33999999999975,0,1,5.556349895814208,5.556349895814208,52.87500000000011
44.349999999999746,0,1,5.55602798117215,5.55602798117215,52.87500000000011
44.359999999999744,0,1,5.555705775627359,5.555705775627359,52.87500000000011
44.36999999999974,0,1,5.555383279161106,5.555383279161106,52.87500000000011
44.37999999999974,0,1,5.555060491754716,5.555060491754716,52.87500000000011
44.38999999999974,0,1,5.5547374133895175,5.5547374133895175,52.87500000000011
44.399999999999736,0,1,5.554414044046766,5.554414044046766,52.87500000000011
44.409999999999734,0,1,5.554122653476838,5.554122653476838,52.87500000000011
44.41999999999973,0,1,5.649342049950533,5.649342049950533,53.2500000000001
44.42999999999973,0,1,5.649008157106024,5.649008157106024,53.2500000000001
44.43999999999973,0,1,5.64867397430649,5.64867397430649,53.2500000000001
44.449999999999726,0,1,5.648339501533556,5.648339501533556,53.2500000000001
44.459999999999724,0,1,5.648004738768634,5.648004738768634,53.2500000000001
44.46999999999972,0,1,5.6476696859929945,5.6476696859929945,53.2500000000001
44.47999999999972,0,1,5.647334343188007,5.647334343188007,53.2500000000001
44.48999999999972,0,1,5.646998710335211,5.646998710335211,53.2500000000001
44.499999999999716,0,1,5.646662787415806,5.646662787415806,53.2500000000001
44.509999999999714,0,1,5.646591314414081,5.646591314414081,53.2500000000001
44.51999999999971,0,1,5.6462544941455235,5.6462544941455235,53.2500000000001
44.52999999999971,0,1,5.6459173839255214,5.6459173839255214,53.2500000000001
44.53999999999971,0,1,5.645579983734905,5.645579983734905,53.2500000000001
44.549999999999706,0,1,5.645242405034054,5.645242405034054,53.2500000000001
44.559999999999704,0,1,5.644904646100727,5.644904646100727,53.2500000000001
44.5699999999997,0,1,5.644566596635187,5.644566596635187,53.2500000000001
44.5799999999997,0,1,5.644228256619044,5.644228256619044,53.2500000000001
44.5899999999997,0,1,5.643889626033641,5.643889626033641,53.2500000000001
44.599999999999696,0,1,5.64355070486063,5.64355070486063,53.2500000000001
44.609999999999694,0,1,5.643211493081452,5.643211493081452,53.2500000000001
44.61999999999969,0,1,5.642871990677577,5.642871990677577,53.2500000000001
44.62999999999969,0,1,5.642532117153166,5.642532117153166,53.2500000000001
44.63999999999969,0,1,5.6421919541564165,5.6421919541564165,53.2500000000001
44.649999999999686,0,1,5.641851503369068,5.641851503369068,53.2500000000001
44.659999999999684,0,1,5.6415107647596585,5.6415107647596585,53.2500000000001
44.66999999999968,0,1,5.642340023052924,5.642340023052924,53.2500000000001
44.67999999999968,0,1,5.6419972889502645,5.6419972889502645,53.2500000000001
44.68999999999968,0,1,5.641654267704027,5.641654267704027,53.2500000000001
44.699999999999676,0,1,5.641310959282833,5.641310959282833,53.2500000000001
44.709999999999674,0,1,5.640967363655363,5.640967363655363,53.2500000000001
44.71999999999967,0,1,5.640623480790154,5.640623480790154,53.2500000000001
44.72999999999967,0,1,5.640279310655799,5.640279310655799,53.2500000000001
44.73999999999967,0,1,5.639934853221092,5.639934853221092,53.2500000000001
44.749999999999666,0,1,5.6395901084543,5.6395901084543,53.2500000000001
44.759999999999664,0,1,5.639245076324357,5.639245076324357,53.2500000000001
44.76999999999966,0,1,5.638899756799859,5.638899756799859,53.2500000000001
44.77999999999966,0,1,5.638554149849284,5.638554149849284,53.2500000000001
44.78999999999966,0,1,5.638800353351783,5.638800353351783,53.2500000000001
44.799999999999656,0,1,5.638453262990367,5.638453262990367,53.2500000000001
44.809999999999654,0,1,5.638138876866947,5.638138876866947,53.2500000000001
44.81999999999965,0,1,5.637791489014191,5.637791489014191,53.2500000000001
44.82999999999965,0,1,5.637443811397617,5.637443811397617,53.2500000000001
44.83999999999965,0,1,5.637095844008087,5.637095844008087,53.2500000000001
44.849999999999646,0,1,5.636747586836478,5.636747586836478,53.2500000000001
44.859999999999644,0,1,5.636399039873481,5.636399039873481,53.2500000000001
44.86999999999964,0,1,5.636050203109988,5.636050203109988,53.2500000000001
44.87999999999964,0,1,5.635701076536378,5.635701076536378,53.2500000000001
44.88999999999964,0,1,5.6353516601433995,5.6353516601433995,53.2500000000001
44.899999999999636,0,1,5.6350019539210905,5.6350019539210905,53.2500000000001
44.909999999999634,0,1,5.634651957860427,5.634651957860427,53.2500000000001
44.91999999999963,0,1,5.634301671951292,5.634301671951292,53.2500000000001
44.92999999999963,0,1,5.633951096184276,5.633951096184276,53.2500000000001
44.93999999999963,0,1,5.633600230549376,5.633600230549376,53.2500000000001
44.949999999999626,0,1,5.633249075037099,5.633249075037099,53.2500000000001
44.959999999999624,0,1,5.632897788077443,5.632897788077443,53.2500000000001
44.96999999999962,0,1,5.632547155630988,5.632547155630988,53.2500000000001
44.97999999999962,0,1,5.6321962311819505,5.6321962311819505,53.2500000000001
44.98999999999962,0,1,5.631845014714372,5.631845014714372,53.2500000000001
44.999999999999616,0,1,5.631493506211626,5.631493506211626,53.2500000000001
45.009999999999614,0,1,5.631143421308792,5.631143421308792,53.2500000000001
45.01999999999961,0,1,5.630793006053665,5.630793006053665,53.2500000000001
45.02999999999961,0,1,5.630442002951483,5.630442002951483,53.2500000000001
45.03999999999961,0,1,5.6300898099906505,5.6300898099906505,53.2500000000001
45.049999999999606,0,1,5.629737287173768,5.629737287173768,53.2500000000001
45.059999999999604,0,1,5.629384434497666,5.629384434497666,53.2500000000001
45.0699999999996,0,1,5.629031251959589,5.629031251959589,53.2500000000001
45.0799999999996,0,1,5.62867773955648,5.62867773955648,53.2500000000001
45.0899999999996,0,1,5.628323956705856,5.628323956705856,53.2500000000001
45.099999999999596,0,1,5.627969993891199,5.627969993891199,53.2500000000001
45.109999999999594,0,1,5.627615700715154,5.627615700715154,53.2500000000001
45.11999999999959,0,1,5.627261077175106,5.627261077175106,53.2500000000001
45.12999999999959,0,1,5.626906123268228,5.626906123268228,53.2500000000001
45.13999999999959,0,1,5.626550838992202,5.626550838992202,53.2500000000001
45.14999999999959,0,1,5.626195224343817,5.626195224343817,53.2500000000001
45.159999999999584,0,1,5.625839279320175,5.625839279320175,53.2500000000001
45.16999999999958,0,1,5.625483003918873,5.625483003918873,53.2500000000001
45.17999999999958,0,1,5.625126398136771,5.625126398136771,53.2500000000001
45.18999999999958,0,1,5.6247694619709705,5.6247694619709705,53.2500000000001
45.19999999999958,0,1,5.624412195418699,5.624412195418699,53.2500000000001
45.209999999999575,0,1,5.625159701307581,5.625159701307581,53.2500000000001
45.21999999999957,0,1,5.624800350890254,5.624800350890254,53.2500000000001
45.22999999999957,0,1,5.624440615207291,5.624440615207291,53.2500000000001
45.23999999999957,0,1,5.624080552630346,5.624080552630346,53.2500000000001
45.24999999999957,0,1,5.623720163144625,5.623720163144625,53.2500000000001
45.259999999999565,0,1,5.623359446735179,5.623359446735179,53.2500000000001
45.26999999999956,0,1,5.622998403387001,5.622998403387001,53.2500000000001
45.27999999999956,0,1,5.622637033085255,5.622637033085255,53.2500000000001
45.28999999999956,0,1,5.622275335814834,5.622275335814834,53.2500000000001
45.29999999999956,0,1,5.622155631508534,5.622155631508534,53.2500000000001
45.309999999999555,0,1,5.621792968135765,5.621792968135765,53.2500000000001
45.31999999999955,0,1,5.621429977941531,5.621429977941531,53.2500000000001
45.32999999999955,0,1,5.621066660910699,5.621066660910699,53.2500000000001
45.33999999999955,0,1,5.6207030170281485,5.6207030170281485,53.2500000000001
45.34999999999955,0,1,5.620339046279071,5.620339046279071,53.2500000000001
45.359999999999545,0,1,5.6199747486482465,5.6199747486482465,53.2500000000001
45.36999999999954,0,1,5.619610124120868,5.619610124120868,53.2500000000001
45.37999999999954,0,1,5.619245172681715,5.619245172681715,53.2500000000001
45.38999999999954,0,1,5.6188798943158815,5.6188798943158815,53.2500000000001
45.39999999999954,0,1,5.619070529852294,5.619070529852294,53.2500000000001
45.409999999999535,0,1,5.618723004445371,5.618723004445371,53.2500000000001
45.41999999999953,0,1,5.6183568223571285,5.6183568223571285,53.2500000000001
45.42999999999953,0,1,5.617990335714197,5.617990335714197,53.2500000000001
45.43999999999953,0,1,5.617623544497036,5.617623544497036,53.2500000000001
45.44999999999953,0,1,5.617256448686334,5.617256448686334,53.2500000000001
45.459999999999525,0,1,5.616889048262493,5.616889048262493,53.2500000000001
45.46999999999952,0,1,5.616521343206188,5.616521343206188,53.2500000000001
45.47999999999952,0,1,5.616153333497934,5.616153333497934,53.2500000000001
45.48999999999952,0,1,5.615785019118022,5.615785019118022,53.2500000000001
45.49999999999952,0,1,5.615416400047209,5.615416400047209,53.2500000000001
45.509999999999515,0,1,5.615047476265801,5.615047476265801,53.2500000000001
45.51999999999951,0,1,5.614678247754426,5.614678247754426,53.2500000000001
45.52999999999951,0,1,5.61430873430885,5.61430873430885,53.2500000000001
45.53999999999951,0,1,5.613938927818523,5.613938927818523,53.2500000000001
45.54999999999951,0,1,5.613568814108305,5.613568814108305,53.2500000000001
45.559999999999505,0,1,5.613198393174017,5.613198393174017,53.2500000000001
45.5699999999995,0,1,5.612827665011665,5.612827665011665,53.2500000000001
45.5799999999995,0,1,5.612456629617071,5.612456629617071,53.2500000000001
45.5899999999995,0,1,5.612085286986272,5.612085286986272,53.2500000000001
45.5999999999995,0,1,5.6117136371147325,5.6117136371147325,53.2500000000001
45.609999999999495,0,1,5.611341679998361,5.611341679998361,53.2500000000001
45.61999999999949,0,1,5.610969415632553,5.610969415632553,53.2500000000001
45.62999999999949,0,1,5.610596844013287,5.610596844013287,53.2500000000001
45.63999999999949,0,1,5.610223965135603,5.610223965135603,53.2500000000001
45.64999999999949,0,1,5.609850899282151,5.609850899282151,53.2500000000001
45.659999999999485,0,1,5.609477603269525,5.609477603269525,53.2500000000001
45.66999999999948,0,1,5.609103999504441,5.609103999504441,53.2500000000001
45.67999999999948,0,1,5.6087300879824085,5.6087300879824085,53.2500000000001
45.68999999999948,0,1,5.608356845750251,5.608356845750251,53.2500000000001
45.69999999999948,0,1,5.60798332855434,5.60798332855434,53.2500000000001
45.709999999999475,0,1,5.6076095015563965,5.6076095015563965,53.2500000000001
45.71999999999947,0,1,5.607235364746543,5.607235364746543,53.2500000000001
45.72999999999947,0,1,5.606860918114435,5.606860918114435,53.2500000000001
45.73999999999947,0,1,5.6064855594395056,5.6064855594395056,53.2500000000001
45.74999999999947,0,1,5.606109460201765,5.606109460201765,53.2500000000001
45.759999999999465,0,1,5.6057330539487396,5.6057330539487396,53.2500000000001
45.76999999999946,0,1,5.606394444112794,5.606394444112794,53.2500000000001
45.77999999999946,0,1,5.606016062241849,5.606016062241849,53.2500000000001
45.78999999999946,0,1,5.605637374075457,5.605637374075457,53.2500000000001
45.79999999999946,0,1,5.605258379600087,5.605258379600087,53.2500000000001
45.809999999999455,0,1,5.604904024986794,5.604904024986794,53.2500000000001
45.81999999999945,0,1,5.604525046867835,5.604525046867835,53.2500000000001
45.82999999999945,0,1,5.604145769805783,5.604145769805783,53.2500000000001
45.83999999999945,0,1,5.603766124060755,5.603766124060755,53.2500000000001
45.84999999999945,0,1,5.603386157372711,5.603386157372711,53.2500000000001
45.859999999999445,0,1,5.603005894261514,5.603005894261514,53.2500000000001
45.86999999999944,0,1,5.602625334699312,5.602625334699312,53.2500000000001
45.87999999999944,0,1,5.602244478658093,5.602244478658093,53.2500000000001
45.88999999999944,0,1,5.6018633261102195,5.6018633261102195,53.2500000000001
45.89999999999944,0,1,5.601481877027865,5.601481877027865,53.2500000000001
45.909999999999435,0,1,5.60110013138295,5.60110013138295,53.2500000000001
45.91999999999943,0,1,5.600718089147989,5.600718089147989,53.2500000000001
45.92999999999943,0,1,5.600335750295102,5.600335750295102,53.2500000000001
45.93999999999943,0,1,5.599953114796406,5.599953114796406,53.2500000000001
45.94999999999943,0,1,5.599570182624092,5.599570182624092,53.2500000000001
45.959999999999425,0,1,5.59918695375049,5.59918695375049,53.2500000000001
45.96999999999942,0,1,5.598803428147761,5.598803428147761,53.2500000000001
45.97999999999942,0,1,5.598419605787953,5.598419605787953,53.2500000000001
45.98999999999942,0,1,5.598035486643681,5.598035486643681,53.2500000000001
45.99999999999942,0,1,5.59817217229137,5.59817217229137,53.2500000000001
46.009999999999415,0,1,5.597786621254528,5.597786621254528,53.2500000000001
46.01999999999941,0,1,5.597400773150426,5.597400773150426,53.2500000000001
46.02999999999941,0,1,5.597014627956398,5.597014627956398,53.2500000000001
46.03999999999941,0,1,5.596628185649749,5.596628185649749,53.2500000000001
46.04999999999941,0,1,5.596241446207856,5.596241446207856,53.2500000000001
46.059999999999405,0,1,5.595854409608194,5.595854409608194,53.2500000000001
46.0699999999994,0,1,5.595467075827941,5.595467075827941,53.2500000000001
46.0799999999994,0,1,5.595079444844487,5.595079444844487,53.2500000000001
46.0899999999994,0,1,5.594912637846846,5.594912637846846,53.2500000000001
46.0999999999994,0,1,5.59452411357239,5.59452411357239,53.2500000000001
46.109999999999395,0,1,5.59413529220015,5.59413529220015,53.2500000000001
46.11999999999939,0,1,5.593746173707373,5.593746173707373,53.2500000000001
46.12999999999939,0,1,5.59335675807138,5.59335675807138,53.2500000000001
46.13999999999939,0,1,5.592967045269162,5.592967045269162,53.2500000000001
46.14999999999939,0,1,5.592577035278211,5.592577035278211,53.2500000000001
46.159999999999386,0,1,5.592186728075518,5.592186728075518,53.2500000000001
46.16999999999938,0,1,5.591796123638517,5.591796123638517,53.2500000000001
46.17999999999938,0,1,5.591405221944328,5.591405221944328,53.2500000000001
46.18999999999938,0,1,5.5910140229700716,5.5910140229700716,53.2500000000001
46.19999999999938,0,1,5.590622526693011,5.590622526693011,53.2500000000001
46.209999999999376,0,1,5.590258599781052,5.590258599781052,53.2500000000001
46.219999999999374,0,1,5.589867150349036,5.589867150349036,53.2500000000001
46.22999999999937,0,1,5.589475406735787,5.589475406735787,53.2500000000001
46.23999999999937,0,1,5.5890833689172865,5.5890833689172865,53.2500000000001
46.24999999999937,0,1,5.588691043861246,5.588691043861246,53.2500000000001
46.259999999999366,0,1,5.588298435829998,5.588298435829998,53.2500000000001
46.269999999999364,0,1,5.587905531350913,5.587905531350913,53.2500000000001
46.27999999999936,0,1,5.5875123304146115,5.5875123304146115,53.2500000000001
46.28999999999936,0,1,5.587118833011715,5.587118833011715,53.2500000000001
46.29999999999936,0,1,5.586725039132844,5.586725039132844,53.2500000000001
46.309999999999356,0,1,5.586330948768435,5.586330948768435,53.2500000000001
46.319999999999354,0,1,5.586910031537883,5.586910031537883,53.2500000000001
46.32999999999935,0,1,5.586514015120926,5.586514015120926,53.2500000000001
46.33999999999935,0,1,5.586117702933663,5.586117702933663,53.2500000000001
46.34999999999935,0,1,5.585721094966203,5.585721094966203,53.2500000000001
46.359999999999346,0,1,5.585324191208315,5.585324191208315,53.2500000000001
46.369999999999344,0,1,5.584926991649979,5.584926991649979,53.2500000000001
46.37999999999934,0,1,5.584529496280922,5.584529496280922,53.2500000000001
46.38999999999934,0,1,5.584131705090982,5.584131705090982,53.2500000000001
46.39999999999934,0,1,5.583733618069843,5.583733618069843,53.2500000000001
46.409999999999336,0,1,5.583335854110615,5.583335854110615,53.2500000000001
46.419999999999334,0,1,5.582938098536559,5.582938098536559,53.2500000000001
46.42999999999933,0,1,5.582540045081345,5.582540045081345,53.2500000000001
46.43999999999933,0,1,5.582141693729483,5.582141693729483,53.2500000000001
46.44999999999933,0,1,5.58174226569389,5.58174226569389,53.2500000000001
46.459999999999326,0,1,5.581342278309137,5.581342278309137,53.2500000000001
46.469999999999324,0,1,5.5809419981544295,5.5809419981544295,53.2500000000001
46.47999999999932,0,1,5.580541425200366,5.580541425200366,53.2500000000001
46.48999999999932,0,1,5.580140559417316,5.580140559417316,53.2500000000001
46.49999999999932,0,1,5.579739400776575,5.579739400776575,53.2500000000001
46.509999999999316,0,1,5.5793379492481705,5.5793379492481705,53.2500000000001
46.519999999999314,0,1,5.578936204803043,5.578936204803043,53.2500000000001
46.52999999999931,0,1,5.578534167411789,5.578534167411789,53.2500000000001
46.53999999999931,0,1,5.578131837045376,5.578131837045376,53.2500000000001
46.54999999999931,0,1,5.577729213674175,5.577729213674175,53.2500000000001
46.559999999999306,0,1,5.5773262972690105,5.5773262972690105,53.2500000000001
46.569999999999304,0,1,5.576923087800566,5.576923087800566,53.2500000000001
46.5799999999993,0,1,5.576519585239637,5.576519585239637,53.2500000000001
46.5899999999993,0,1,5.576115789556695,5.576115789556695,53.2500000000001
46.5999999999993,0,1,5.575711706484427,5.575711706484427,53.2500000000001
46.609999999999296,0,1,5.575822483966519,5.575822483966519,53.2500000000001
46.619999999999294,0,1,5.575417376544365,5.575417376544365,53.2500000000001
46.62999999999929,0,1,5.575011977841811,5.575011977841811,53.2500000000001
46.63999999999929,0,1,5.57460628783393,5.57460628783393,53.2500000000001
46.64999999999929,0,1,5.574200306495598,5.574200306495598,53.2500000000001
46.659999999999286,0,1,5.573794033801818,5.573794033801818,53.2500000000001
46.669999999999284,0,1,5.573387469727294,5.573387469727294,53.2500000000001
46.67999999999928,0,1,5.5729806142470295,5.5729806142470295,53.2500000000001
46.68999999999928,0,1,5.572573467335786,5.572573467335786,53.2500000000001
46.69999999999928,0,1,5.572166028968724,5.572166028968724,53.2500000000001
46.709999999999276,0,1,5.571758299120319,5.571758299120319,53.2500000000001
46.719999999999274,0,1,5.571350277765703,5.571350277765703,53.2500000000001
46.72999999999927,0,1,5.570941964879594,5.570941964879594,53.2500000000001
46.73999999999927,0,1,5.570533360436897,5.570533360436897,53.2500000000001
46.74999999999927,0,1,5.570124601613884,5.570124601613884,53.2500000000001
46.759999999999266,0,1,5.5697155883172655,5.5697155883172655,53.2500000000001
46.769999999999264,0,1,5.569306282923094,5.569306282923094,53.2500000000001
46.77999999999926,0,1,5.568896685406756,5.568896685406756,53.2500000000001
46.78999999999926,0,1,5.568486795743169,5.568486795743169,53.2500000000001
46.79999999999926,0,1,5.568076613907891,5.568076613907891,53.2500000000001
46.809999999999256,0,1,5.567666139875826,5.567666139875826,53.2500000000001
46.819999999999254,0,1,5.567255373622359,5.567255373622359,53.2500000000001
46.82999999999925,0,1,5.566844315122609,5.566844315122609,53.2500000000001
46.83999999999925,0,1,5.56643296435162,5.56643296435162,53.2500000000001
46.84999999999925,0,1,5.56602132128458,5.56602132128458,53.2500000000001
46.859999999999246,0,1,5.5656093858968205,5.5656093858968205,53.2500000000001
46.869999999999244,0,1,5.566107000875604,5.566107000875604,53.2500000000001
46.87999999999924,0,1,5.56589298986809,5.56589298986809,53.2500000000001
46.88999999999924,0,1,5.565478585720541,5.565478585720541,53.2500000000001
46.89999999999924,0,1,5.565063890054276,5.565063890054276,53.2500000000001
46.909999999999236,0,1,5.564648902844098,5.564648902844098,53.2500000000001
46.919999999999234,0,1,5.5642336240648405,5.5642336240648405,53.2500000000001
46.92999999999923,0,1,5.5638180536912785,5.5638180536912785,53.2500000000001
46.93999999999923,0,1,5.563402191698259,5.563402191698259,53.2500000000001
46.94999999999923,0,1,5.562986038060572,5.562986038060572,53.2500000000001
46.959999999999226,0,1,5.562569592752865,5.562569592752865,53.2500000000001
46.969999999999224,0,1,5.56215285590541,5.56215285590541,53.2500000000001
46.97999999999922,0,1,5.561735834401929,5.561735834401929,53.2500000000001
46.98999999999922,0,1,5.561318519225196,5.561318519225196,53.2500000000001
46.99999999999922,0,1,5.560900910363884,5.560900910363884,53.2500000000001
47.009999999999216,0,1,5.5605132503449965,5.5605132503449965,53.2500000000001
47.019999999999214,0,1,5.560095352029606,5.560095352029606,53.2500000000001
47.02999999999921,0,1,5.559677161417767,5.559677161417767,53.2500000000001
47.03999999999921,0,1,5.5592586784968745,5.5592586784968745,53.2500000000001
47.04999999999921,0,1,5.5588399032543805,5.5588399032543805,53.2500000000001
47.05999999999921,0,1,5.55842083567795,5.55842083567795,53.2500000000001
47.069999999999204,0,1,5.558001395220572,5.558001395220572,53.2500000000001
47.0799999999992,0,1,5.557581648326789,5.557581648326789,53.2500000000001
47.0899999999992,0,1,5.557161611370759,5.557161611370759,53.2500000000001
47.0999999999992,0,1,5.556741284325568,5.556741284325568,53.2500000000001
47.1099999999992,0,1,5.556320667163774,5.556320667163774,53.2500000000001
47.119999999999195,0,1,5.5558997598581215,5.5558997598581215,53.2500000000001
47.12999999999919,0,1,5.555478772721429,5.555478772721429,53.2500000000001
47.13999999999919,0,1,5.555058121466786,5.555058121466786,53.2500000000001
47.14999999999919,0,1,5.554637177950511,5.554637177950511,53.2500000000001
47.15999999999919,0,1,5.554215153260742,5.554215153260742,53.2500000000001
47.169999999999185,0,1,5.5537927674043885,5.5537927674043885,53.2500000000001
47.17999999999918,0,1,5.553370091877497,5.553370091877497,53.2500000000001
47.18999999999918,0,1,5.552947126649386,5.552947126649386,53.2500000000001
47.19999999999918,0,1,5.552523871689374,5.552523871689374,53.2500000000001
47.20999999999918,0,1,5.55210032696688,5.55210032696688,53.2500000000001
47.219999999999175,0,1,5.5521274966344265,5.5521274966344265,53.2500000000001
47.22999999999917,0,1,5.551702599965438,5.551702599965438,53.2500000000001
47.23999999999917,0,1,5.551277413296106,5.551277413296106,53.2500000000001
47.24999999999917,0,1,5.550851936600466,5.550851936600466,53.2500000000001
47.25999999999917,0,1,5.550426169853054,5.550426169853054,53.2500000000001
47.269999999999165,0,1,5.550000113027437,5.550000113027437,53.2500000000001
47.27999999999916,0,1,5.5495737660985185,5.5495737660985185,53.2500000000001
47.28999999999916,0,1,5.549147129040023,5.549147129040023,53.2500000000001
47.29999999999916,0,1,5.548720233593372,5.548720233593372,53.2500000000001
47.30999999999916,0,1,5.54829317944349,5.54829317944349,53.2500000000001
47.319999999999155,0,1,5.547865834630983,5.547865834630983,53.2500000000001
47.32999999999915,0,1,5.547438199129942,5.547438199129942,53.2500000000001
47.33999999999915,0,1,5.547010272915088,5.547010272915088,53.2500000000001
47.34999999999915,0,1,5.5465820559611245,5.5465820559611245,53.2500000000001
47.35999999999915,0,1,5.546153548242273,5.546153548242273,53.2500000000001
47.369999999999145,0,1,5.545724749733125,5.545724749733125,53.2500000000001
47.37999999999914,0,1,5.545295660408286,5.545295660408286,53.2500000000001
47.38999999999914,0,1,5.544866286332052,5.544866286332052,53.2500000000001
47.39999999999914,0,1,5.5444366256117235,5.5444366256117235,53.2500000000001
47.40999999999914,0,1,5.544037578335335,5.544037578335335,53.2500000000001
47.419999999999135,0,1,5.544454730016909,5.544454730016909,53.2500000000001
47.42999999999913,0,1,5.544023173793633,5.544023173793633,53.2500000000001
47.43999999999913,0,1,5.543591328292337,5.543591328292337,53.2500000000001
47.44999999999913,0,1,5.543159193486801,5.543159193486801,53.2500000000001
47.45999999999913,0,1,5.5427267693507645,5.5427267693507645,53.2500000000001
47.469999999999125,0,1,5.5422940558581075,5.5422940558581075,53.2500000000001
47.47999999999912,0,1,5.541861052982753,5.541861052982753,53.2500000000001
47.48999999999912,0,1,5.541427760698355,5.541427760698355,53.2500000000001
47.49999999999912,0,1,5.540994178978863,5.540994178978863,53.2500000000001
47.50999999999912,0,1,5.540560307797989,5.540560307797989,53.2500000000001
47.519999999999115,0,1,5.5401261471295555,5.5401261471295555,53.2500000000001
47.52999999999911,0,1,5.539691696947571,5.539691696947571,53.2500000000001
47.53999999999911,0,1,5.539256957225447,5.539256957225447,53.2500000000001
47.54999999999911,0,1,5.538821927937349,5.538821927937349,53.2500000000001
47.55999999999911,0,1,5.538386609056843,5.538386609056843,53.2500000000001
47.569999999999105,0,1,5.53795100055784,5.53795100055784,53.2500000000001
47.5799999999991,0,1,5.537515102414076,5.537515102414076,53.2500000000001
47.5899999999991,0,1,5.537078914599405,5.537078914599405,53.2500000000001
47.5999999999991,0,1,5.536642437087281,5.536642437087281,53.2500000000001
47.6099999999991,0,1,5.536205669851867,5.536205669851867,53.2500000000001
47.619999999999095,0,1,5.535768612866818,5.535768612866818,53.2500000000001
47.62999999999909,0,1,5.535331266105857,5.535331266105857,53.2500000000001
47.63999999999909,0,1,5.53489362954268,5.53489362954268,53.2500000000001
47.64999999999909,0,1,5.5344557031512664,5.5344557031512664,53.2500000000001
47.65999999999909,0,1,5.534017437376136,5.534017437376136,53.2500000000001
47.669999999999085,0,1,5.533758415273567,5.533758415273567,53.2500000000001
47.67999999999908,0,1,5.533319287377566,5.533319287377566,53.2500000000001
47.68999999999908,0,1,5.532879826618185,5.532879826618185,53.2500000000001
47.69999999999908,0,1,5.5324400765576485,5.5324400765576485,53.2500000000001
47.70999999999908,0,1,5.532000037168359,5.532000037168359,53.2500000000001
47.719999999999075,0,1,5.531559708422577,5.531559708422577,53.2500000000001
47.72999999999907,0,1,5.531119090292918,5.531119090292918,53.2500000000001
47.73999999999907,0,1,5.530678182751188,5.530678182751188,53.2500000000001
47.74999999999907,0,1,5.530236985770173,5.530236985770173,53.2500000000001
47.75999999999907,0,1,5.529795499321978,5.529795499321978,53.2500000000001
47.769999999999065,0,1,5.529353723378932,5.529353723378932,53.2500000000001
47.77999999999906,0,1,5.528911657913383,5.528911657913383,53.2500000000001
47.78999999999906,0,1,5.528469302897591,5.528469302897591,53.2500000000001
47.79999999999906,0,1,5.528026658303915,5.528026658303915,53.2500000000001
47.80999999999906,0,1,5.527615074175216,5.527615074175216,53.2500000000001
47.819999999999055,0,1,5.527172104797771,5.527172104797771,53.2500000000001
47.82999999999905,0,1,5.526728964309143,5.526728964309143,53.2500000000001
47.83999999999905,0,1,5.526695691721045,5.526695691721045,53.2500000000001
47.84999999999905,0,1,5.526251109854513,5.526251109854513,53.2500000000001
47.85999999999905,0,1,5.5258068577187345,5.5258068577187345,53.2500000000001
47.869999999999045,0,1,5.525362581440589,5.525362581440589,53.2500000000001
47.87999999999904,0,1,5.52491801355572,5.52491801355572,53.2500000000001
47.88999999999904,0,1,5.524473154040706,5.524473154040706,53.2500000000001
47.89999999999904,0,1,5.524028002871901,5.524028002871901,53.2500000000001
47.90999999999904,0,1,5.523582560026043,5.523582560026043,53.2500000000001
47.919999999999035,0,1,5.52313682547954,5.52313682547954,53.2500000000001
47.92999999999903,0,1,5.522690609909063,5.522690609909063,53.2500000000001
47.93999999999903,0,1,5.5222435238579095,5.5222435238579095,53.2500000000001
47.94999999999903,0,1,5.5217961485873985,5.5217961485873985,53.2500000000001
47.95999999999903,0,1,5.521348484071197,5.521348484071197,53.2500000000001
47.969999999999025,0,1,5.521685933907634,5.521685933907634,53.2500000000001
47.97999999999902,0,1,5.521236441714663,5.521236441714663,53.2500000000001
47.98999999999902,0,1,5.520786660909394,5.520786660909394,53.2500000000001
47.99999999999902,0,1,5.520336591465195,5.520336591465195,53.2500000000001
48.00999999999902,0,1,5.519887868665208,5.519887868665208,53.2500000000001
48.019999999999015,0,1,5.519438818412496,5.519438818412496,53.2500000000001
48.02999999999901,0,1,5.51898944069552,5.51898944069552,53.2500000000001
48.03999999999901,0,1,5.5185397355029835,5.5185397355029835,53.2500000000001
48.04999999999901,0,1,5.518089702823488,5.518089702823488,53.2500000000001
48.05999999999901,0,1,5.517639342645225,5.517639342645225,53.2500000000001
48.069999999999006,0,1,5.517188654957039,5.517188654957039,53.2500000000001
48.079999999999,0,1,5.516737639747149,5.516737639747149,53.2500000000001
48.089999999999,0,1,5.516286297004186,5.516286297004186,53.2500000000001
48.099999999999,0,1,5.515834626716412,5.515834626716412,53.2500000000001
48.109999999999,0,1,5.515382628872715,5.515382628872715,53.2500000000001
48.119999999998996,0,1,5.5149303034610995,5.5149303034610995,53.2500000000001
48.129999999998994,0,1,5.514477650470084,5.514477650470084,53.2500000000001
48.13999999999899,0,1,5.514024669888215,5.514024669888215,53.2500000000001
48.14999999999899,0,1,5.513571361703967,5.513571361703967,53.2500000000001
48.15999999999899,0,1,5.513117725905502,5.513117725905502,53.2500000000001
48.169999999998986,0,1,5.512663762481409,5.512663762481409,53.2500000000001
48.179999999998984,0,1,5.5122094766467455,5.5122094766467455,53.2500000000001
48.18999999999898,0,1,5.511754867098361,5.511754867098361,53.2500000000001
48.19999999999898,0,1,5.511299929859845,5.511299929859845,53.2500000000001
48.20999999999898,0,1,5.510844664919148,5.510844664919148,53.2500000000001
48.219999999998976,0,1,5.510389072264829,5.510389072264829,53.2500000000001
48.229999999998974,0,1,5.509933151885392,5.509933151885392,53.2500000000001
48.23999999999897,0,1,5.509476903769084,5.509476903769084,53.2500000000001
48.24999999999897,0,1,5.509020327904295,5.509020327904295,53.2500000000001
48.25999999999897,0,1,5.508563424279302,5.508563424279302,53.2500000000001
48.269999999998966,0,1,5.508106178387763,5.508106178387763,53.2500000000001
48.279999999998964,0,1,5.50764852923956,5.50764852923956,53.2500000000001
48.28999999999896,0,1,5.507190552762083,5.507190552762083,53.2500000000001
48.29999999999896,0,1,5.506732248942427,5.506732248942427,53.2500000000001
48.30999999999896,0,1,5.506273617767533,5.506273617767533,53.2500000000001
48.319999999998956,0,1,5.50581465922447,5.50581465922447,53.2500000000001
48.329999999998954,0,1,5.505355373300233,5.505355373300233,53.2500000000001
48.33999999999895,0,1,5.504895759981579,5.504895759981579,53.2500000000001
48.34999999999895,0,1,5.5044358192557326,5.5044358192557326,53.2500000000001
48.35999999999895,0,1,5.503975575753216,5.503975575753216,53.2500000000001
48.369999999998946,0,1,5.503515122088572,5.503515122088572,53.2500000000001
48.379999999998944,0,1,5.503054340545646,5.503054340545646,53.2500000000001
48.38999999999894,0,1,5.50259323111176,5.50259323111176,53.2500000000001
48.39999999999894,0,1,5.50213179377441,5.50213179377441,53.2500000000001
48.40999999999894,0,1,5.501688385413672,5.501688385413672,53.2500000000001
48.419999999998936,0,1,5.501227196027671,5.501227196027671,53.2500000000001
48.429999999998934,0,1,5.50114303375662,5.50114303375662,53.2500000000001
48.43999999999893,0,1,5.5006805417086895,5.5006805417086895,53.2500000000001
48.44999999999893,0,1,5.500217743684871,5.500217743684871,53.2500000000001
48.45999999999893,0,1,5.499914442295051,5.499914442295051,53.2500000000001
48.469999999998926,0,1,5.499450764972593,5.499450764972593,53.2500000000001
48.479999999998924,0,1,5.498986781774789,5.498986781774789,53.2500000000001
48.48999999999892,0,1,5.498522492680735,5.498522492680735,53.2500000000001
48.49999999999892,0,1,5.498057897669554,5.498057897669554,53.2500000000001
48.50999999999892,0,1,5.497592996720442,5.497592996720442,53.2500000000001
48.519999999998916,0,1,5.497127789812538,5.497127789812538,53.2500000000001
48.529999999998914,0,1,5.4973856583992955,5.4973856583992955,53.2500000000001
48.53999999999891,0,1,5.496918618260267,5.496918618260267,53.2500000000001
48.54999999999891,0,1,5.496451272807917,5.496451272807917,53.2500000000001
48.55999999999891,0,1,5.495983622021029,5.495983622021029,53.2500000000001
48.569999999998906,0,1,5.495515665878571,5.495515665878571,53.2500000000001
48.579999999998904,0,1,5.4950474281015715,5.4950474281015715,53.2500000000001
48.5899999999989,0,1,5.494579516343137,5.494579516343137,53.2500000000001
48.5999999999989,0,1,5.586461188433276,5.586461188433276,53.62500000000011
48.6099999999989,0,1,5.585982656271085,5.585982656271085,53.62500000000011
48.619999999998896,0,1,5.58550381648439,5.58550381648439,53.62500000000011
48.629999999998894,0,1,5.585024669055343,5.585024669055343,53.62500000000011
48.63999999999889,0,1,5.584545135407566,5.584545135407566,53.62500000000011
48.64999999999889,0,1,5.584064643324609,5.584064643324609,53.62500000000011
48.65999999999889,0,1,5.583583846011493,5.583583846011493,53.62500000000011
48.669999999998886,0,1,5.583102743448109,5.583102743448109,53.62500000000011
48.679999999998884,0,1,5.582621335614334,5.582621335614334,53.62500000000011
48.68999999999888,0,1,5.582139622490217,5.582139622490217,53.62500000000011
48.69999999999888,0,1,5.58165760405555,5.58165760405555,53.62500000000011
48.70999999999888,0,1,5.581175280290097,5.581175280290097,53.62500000000011
48.719999999998876,0,1,5.580692651173976,5.580692651173976,53.62500000000011
48.729999999998874,0,1,5.580209716686937,5.580209716686937,53.62500000000011
48.73999999999887,0,1,5.579726476808972,5.579726476808972,53.62500000000011
48.74999999999887,0,1,5.5792429315197865,5.5792429315197865,53.62500000000011
48.75999999999887,0,1,5.5787590807993865,5.5787590807993865,53.62500000000011
48.769999999998866,0,1,5.578274924627465,5.578274924627465,53.62500000000011
48.779999999998864,0,1,5.57779046298414,5.57779046298414,53.62500000000011
48.78999999999886,0,1,5.577305695849148,5.577305695849148,53.62500000000011
48.79999999999886,0,1,5.576820623201996,5.576820623201996,53.62500000000011
48.80999999999886,0,1,5.576359171882302,5.576359171882302,53.62500000000011
48.819999999998856,0,1,5.575874079491797,5.575874079491797,53.62500000000011
48.829999999998854,0,1,5.575388688671467,5.575388688671467,53.62500000000011
48.83999999999885,0,1,5.574902999398347,5.574902999398347,53.62500000000011
48.84999999999885,0,1,5.574417011649643,5.574417011649643,53.62500000000011
48.85999999999885,0,1,5.57393072540242,5.57393072540242,53.62500000000011
48.869999999998846,0,1,5.573444140633825,5.573444140633825,53.62500000000011
48.879999999998844,0,1,5.57295725732088,5.57295725732088,53.62500000000011
48.88999999999884,0,1,5.5724700023181555,5.5724700023181555,53.62500000000011
48.89999999999884,0,1,5.571982434155331,5.571982434155331,53.62500000000011
48.90999999999884,0,1,5.571494567839764,5.571494567839764,53.62500000000011
48.919999999998836,0,1,5.571006493754098,5.571006493754098,53.62500000000011
48.929999999998834,0,1,5.570518167494015,5.570518167494015,53.62500000000011
48.93999999999883,0,1,5.570029542578197,5.570029542578197,53.62500000000011
48.94999999999883,0,1,5.569540618982984,5.569540618982984,53.62500000000011
48.95999999999883,0,1,5.569051396684259,5.569051396684259,53.62500000000011
48.96999999999883,0,1,5.568561880139242,5.568561880139242,53.62500000000011
48.979999999998824,0,1,5.5680720688020955,5.5680720688020955,53.62500000000011
48.98999999999882,0,1,5.567581958660597,5.567581958660597,53.62500000000011
48.99999999999882,0,1,5.5670915496907725,5.5670915496907725,53.62500000000011
49.00999999999882,0,1,5.566600841868905,5.566600841868905,53.62500000000011
49.01999999999882,0,1,5.566109835171105,5.566109835171105,53.62500000000011
49.029999999998815,0,1,5.566338870595274,5.566338870595274,53.62500000000011
49.03999999999881,0,1,5.565495753124182,5.565495753124182,53.62500000000011
49.04999999999881,0,1,5.5650031681867915,5.5650031681867915,53.62500000000011
49.05999999999881,0,1,5.564510284692005,5.564510284692005,53.62500000000011
49.06999999999881,0,1,5.564732598113366,5.564732598113366,53.62500000000011
49.079999999998805,0,1,5.5642379065496925,5.5642379065496925,53.62500000000011
49.0899999999988,0,1,5.563742917060253,5.563742917060253,53.62500000000011
49.0999999999988,0,1,5.563247629621145,5.563247629621145,53.62500000000011
49.1099999999988,0,1,5.562752044209034,5.562752044209034,53.62500000000011
49.1199999999988,0,1,5.562256160800345,5.562256160800345,53.62500000000011
49.129999999998795,0,1,5.561759979371587,5.561759979371587,53.62500000000011
49.13999999999879,0,1,5.561263499899354,5.561263499899354,53.62500000000011
49.14999999999879,0,1,5.560766722359787,5.560766722359787,53.62500000000011
49.15999999999879,0,1,5.560269646729779,5.560269646729779,53.62500000000011
49.16999999999879,0,1,5.559772272985569,5.559772272985569,53.62500000000011
49.179999999998785,0,1,5.559274601103581,5.559274601103581,53.62500000000011
49.18999999999878,0,1,5.558776631060496,5.558776631060496,53.62500000000011
49.19999999999878,0,1,5.558278362832425,5.558278362832425,53.62500000000011
49.20999999999878,0,1,5.557806356262873,5.557806356262873,53.62500000000011
49.21999999999878,0,1,5.557307929093284,5.557307929093284,53.62500000000011
49.229999999998775,0,1,5.556809207187527,5.556809207187527,53.62500000000011
49.23999999999877,0,1,5.556310190521216,5.556310190521216,53.62500000000011
49.24999999999877,0,1,5.555961533660309,5.555961533660309,53.62500000000011
49.25999999999877,0,1,5.555461666517289,5.555461666517289,53.62500000000011
49.26999999999877,0,1,5.554961504698653,5.554961504698653,53.62500000000011
49.279999999998765,0,1,5.5544610481792915,5.5544610481792915,53.62500000000011
49.28999999999876,0,1,5.553960296934193,5.553960296934193,53.62500000000011
49.29999999999876,0,1,5.5534592509389,5.5534592509389,53.62500000000011
49.30999999999876,0,1,5.552958047856649,5.552958047856649,53.62500000000011
49.31999999999876,0,1,5.55245703180033,5.55245703180033,53.62500000000011
49.329999999998755,0,1,5.551955718586726,5.551955718586726,53.62500000000011
49.33999999999875,0,1,5.551454108194164,5.551454108194164,53.62500000000011
49.34999999999875,0,1,5.55095220060096,5.55095220060096,53.62500000000011
49.35999999999875,0,1,5.550449454650376,5.550449454650376,53.62500000000011
49.36999999999875,0,1,5.549946303969762,5.549946303969762,53.62500000000011
49.379999999998745,0,1,5.549442858398791,5.549442858398791,53.62500000000011
49.38999999999874,0,1,5.548939117913264,5.548939117913264,53.62500000000011
49.39999999999874,0,1,5.548435082488524,5.548435082488524,53.62500000000011
49.40999999999874,0,1,5.547930752100356,5.547930752100356,53.62500000000011
49.41999999999874,0,1,5.547426126724503,5.547426126724503,53.62500000000011
49.429999999998735,0,1,5.5469212063364495,5.5469212063364495,53.62500000000011
49.43999999999873,0,1,5.546415990911925,5.546415990911925,53.62500000000011
49.44999999999873,0,1,5.5459104804264285,5.5459104804264285,53.62500000000011
49.45999999999873,0,1,5.545404674855632,5.545404674855632,53.62500000000011
49.46999999999873,0,1,5.544898600604952,5.544898600604952,53.62500000000011
49.479999999998725,0,1,5.544392330580436,5.544392330580436,53.62500000000011
49.48999999999872,0,1,5.543885764976295,5.543885764976295,53.62500000000011
49.49999999999872,0,1,5.543378860276206,5.543378860276206,53.62500000000011
49.50999999999872,0,1,5.54287162365253,5.54287162365253,53.62500000000011
49.51999999999872,0,1,5.542364091815443,5.542364091815443,53.62500000000011
49.529999999998715,0,1,5.541856264739437,5.541856264739437,53.62500000000011
49.53999999999871,0,1,5.541348142399386,5.541348142399386,53.62500000000011
49.54999999999871,0,1,5.540839724769768,5.540839724769768,53.62500000000011
49.55999999999871,0,1,5.540331011825501,5.540331011825501,53.62500000000011
49.56999999999871,0,1,5.539822003541104,5.539822003541104,53.62500000000011
49.579999999998705,0,1,5.5393126998914965,5.5393126998914965,53.62500000000011
49.5899999999987,0,1,5.539462843298352,5.539462843298352,53.62500000000011
49.5999999999987,0,1,5.538951762761357,5.538951762761357,53.62500000000011
49.6099999999987,0,1,5.538468457479482,5.538468457479482,53.62500000000011
49.6199999999987,0,1,5.537957133756848,5.537957133756848,53.62500000000011
49.629999999998695,0,1,5.537445517314296,5.537445517314296,53.62500000000011
49.63999999999869,0,1,5.536933608125821,5.536933608125821,53.62500000000011
49.64999999999869,0,1,5.5364214061650046,5.5364214061650046,53.62500000000011
49.65999999999869,0,1,5.536244036278575,5.536244036278575,53.62500000000011
49.66999999999869,0,1,5.53573058794791,5.53573058794791,53.62500000000011
49.679999999998685,0,1,5.535216847182809,5.535216847182809,53.62500000000011
49.68999999999868,0,1,5.534702813957821,5.534702813957821,53.62500000000011
49.69999999999868,0,1,5.534188488247054,5.534188488247054,53.62500000000011
49.70999999999868,0,1,5.533673870024899,5.533673870024899,53.62500000000011
49.71999999999868,0,1,5.5331589592653785,5.5331589592653785,53.62500000000011
49.729999999998675,0,1,5.532643755942956,5.532643755942956,53.62500000000011
49.73999999999867,0,1,5.53212826003174,5.53212826003174,53.62500000000011
49.74999999999867,0,1,5.531612471506122,5.531612471506122,53.62500000000011
49.75999999999867,0,1,5.53109639362188,5.53109639362188,53.62500000000011
49.76999999999867,0,1,5.530580027188321,5.530580027188321,53.62500000000011
49.779999999998665,0,1,5.530063368035073,5.530063368035073,53.62500000000011
49.78999999999866,0,1,5.5295464161363554,5.5295464161363554,53.62500000000011
49.79999999999866,0,1,5.52902917146649,5.52902917146649,53.62500000000011
49.80999999999866,0,1,5.528511633999756,5.528511633999756,53.62500000000011
49.81999999999866,0,1,5.527993803710444,5.527993803710444,53.62500000000011
49.829999999998655,0,1,5.5274756805728344,5.5274756805728344,53.62500000000011
49.83999999999865,0,1,5.526957264561233,5.526957264561233,53.62500000000011
49.84999999999865,0,1,5.526438555649733,5.526438555649733,53.62500000000011
49.85999999999865,0,1,5.525919553812798,5.525919553812798,53.62500000000011
49.86999999999865,0,1,5.525400259024693,5.525400259024693,53.62500000000011
49.879999999998645,0,1,5.5248806712596235,5.5248806712596235,53.62500000000011
49.88999999999864,0,1,5.5243607904919685,5.5243607904919685,53.62500000000011
49.89999999999864,0,1,5.523840616695836,5.523840616695836,53.62500000000011
49.90999999999864,0,1,5.523320149845674,5.523320149845674,53.62500000000011
49.91999999999864,0,1,5.522799389915718,5.522799389915718,53.62500000000011
49.929999999998635,0,1,5.522278336880007,5.522278336880007,53.62500000000011
49.93999999999863,0,1,5.521756990713314,5.521756990713314,53.62500000000011
49.94999999999863,0,1,5.521235351389535,5.521235351389535,53.62500000000011
49.95999999999863,0,1,5.52071341888292,5.52071341888292,53.62500000000011
49.96999999999863,0,1,5.520191193167889,5.520191193167889,53.62500000000011
49.979999999998626,0,1,5.519668674218849,5.519668674218849,53.62500000000011
49.98999999999862,0,1,5.519145862009793,5.519145862009793,53.62500000000011
49.99999999999862,0,1,5.518622756515171,5.518622756515171,53.62500000000011
50.00999999999862,0,1,5.518128475251501,5.518128475251501,53.62500000000011
50.01999999999862,0,1,5.517605733461437,5.517605733461437,53.62500000000011
50.029999999998616,0,1,5.517082697031569,5.517082697031569,53.62500000000011
50.039999999998614,0,1,5.516689525815892,5.516689525815892,53.62500000000011
50.04999999999861,0,1,5.516165652905769,5.516165652905769,53.62500000000011
50.05999999999861,0,1,5.515641485438138,5.515641485438138,53.62500000000011
50.06999999999861,0,1,5.515116784863778,5.515116784863778,53.62500000000011
50.079999999998606,0,1,5.514591455745062,5.514591455745062,53.62500000000011
50.089999999998604,0,1,5.514065834278,5.514065834278,53.62500000000011
50.0999999999986,0,1,5.513539920437253,5.513539920437253,53.62500000000011
50.1099999999986,0,1,5.513013697302412,5.513013697302412,53.62500000000011
50.1199999999986,0,1,5.51248712655061,5.51248712655061,53.62500000000011
50.129999999998596,0,1,5.511960263764891,5.511960263764891,53.62500000000011
50.139999999998594,0,1,5.512034377892434,5.512034377892434,53.62500000000011
50.14999999999859,0,1,5.5115057713802855,5.5115057713802855,53.62500000000011
50.15999999999859,0,1,5.510976873435197,5.510976873435197,53.62500000000011
50.16999999999859,0,1,5.510447684029884,5.510447684029884,53.62500000000011
50.179999999998586,0,1,5.509918203137616,5.509918203137616,53.62500000000011
50.189999999998584,0,1,5.50938843073159,5.50938843073159,53.62500000000011
50.19999999999858,0,1,5.508858366784793,5.508858366784793,53.62500000000011
50.20999999999858,0,1,5.508328011270379,5.508328011270379,53.62500000000011
50.21999999999858,0,1,5.507797364161519,5.507797364161519,53.62500000000011
50.229999999998576,0,1,5.507266425431197,5.507266425431197,53.62500000000011
50.239999999998574,0,1,5.506735195052627,5.506735195052627,53.62500000000011
50.24999999999857,0,1,5.50620367299895,5.50620367299895,53.62500000000011
50.25999999999857,0,1,5.505671859243094,5.505671859243094,53.62500000000011
50.26999999999857,0,1,5.505442324327973,5.505442324327973,53.62500000000011
50.279999999998566,0,1,5.504909286302848,5.504909286302848,53.62500000000011
50.289999999998564,0,1,5.504375956914956,5.504375956914956,53.62500000000011
50.29999999999856,0,1,5.503842336137993,5.503842336137993,53.62500000000011
50.30999999999856,0,1,5.503308423945612,5.503308423945612,53.62500000000011
50.31999999999856,0,1,5.502774220311608,5.502774220311608,53.62500000000011
50.329999999998556,0,1,5.502239725209449,5.502239725209449,53.62500000000011
50.339999999998554,0,1,5.501704938612733,5.501704938612733,53.62500000000011
50.34999999999855,0,1,5.501169860495352,5.501169860495352,53.62500000000011
50.35999999999855,0,1,5.50063449083099,5.50063449083099,53.62500000000011
50.36999999999855,0,1,5.500098829593043,5.500098829593043,53.62500000000011
50.379999999998546,0,1,5.499562876755419,5.499562876755419,53.62500000000011
50.389999999998544,0,1,5.4990266322917165,5.4990266322917165,53.62500000000011
50.39999999999854,0,1,5.49849009617553,5.49849009617553,53.62500000000011
50.40999999999854,0,1,5.497982926692728,5.497982926692728,53.62500000000011
50.41999999999854,0,1,5.4974460502916,5.4974460502916,53.62500000000011
50.429999999998536,0,1,5.496908883122472,5.496908883122472,53.62500000000011
50.439999999998534,0,1,5.496371425158571,5.496371425158571,53.62500000000011
50.44999999999853,0,1,5.495833676373465,5.495833676373465,53.62500000000011
50.45999999999853,0,1,5.495295636740238,5.495295636740238,53.62500000000011
50.46999999999853,0,1,5.494757306232202,5.494757306232202,53.62500000000011
50.479999999998526,0,1,5.494218684822712,5.494218684822712,53.62500000000011
50.489999999998524,0,1,5.4936797724852084,5.4936797724852084,53.62500000000011
50.49999999999852,0,1,5.493140569193031,5.493140569193031,53.62500000000011
50.50999999999852,0,1,5.49260107491925,5.49260107491925,53.62500000000011
50.51999999999852,0,1,5.492061289637334,5.492061289637334,53.62500000000011
50.529999999998516,0,1,5.491521213320723,5.491521213320723,53.62500000000011
50.539999999998514,0,1,5.490980845942559,5.490980845942559,53.62500000000011
50.54999999999851,0,1,5.490440189349769,5.490440189349769,53.62500000000011
50.55999999999851,0,1,5.48989924617679,5.48989924617679,53.62500000000011
50.56999999999851,0,1,5.489358100609849,5.489358100609849,53.62500000000011
50.579999999998506,0,1,5.488816679857663,5.488816679857663,53.62500000000011
50.589999999998504,0,1,5.488274967481701,5.488274967481701,53.62500000000011
50.5999999999985,0,1,5.4877329634555565,5.4877329634555565,53.62500000000011
50.6099999999985,0,1,5.487190667752927,5.487190667752927,53.62500000000011
50.6199999999985,0,1,5.486648080347635,5.486648080347635,53.62500000000011
50.629999999998496,0,1,5.486105201213377,5.486105201213377,53.62500000000011
50.639999999998494,0,1,5.485562030323877,5.485562030323877,53.62500000000011
50.64999999999849,0,1,5.485018567652759,5.485018567652759,53.62500000000011
50.65999999999849,0,1,5.484474813173733,5.484474813173733,53.62500000000011
50.66999999999849,0,1,5.483930766860638,5.483930766860638,53.62500000000011
50.679999999998486,0,1,5.483931292049405,5.483931292049405,53.62500000000011
50.689999999998484,0,1,5.483385528024357,5.483385528024357,53.62500000000011
50.69999999999848,0,1,5.482839472757462,5.482839472757462,53.62500000000011
50.70999999999848,0,1,5.482293071954274,5.482293071954274,53.62500000000011
50.71999999999848,0,1,5.481746370036063,5.481746370036063,53.62500000000011
50.729999999998476,0,1,5.481199377188915,5.481199377188915,53.62500000000011
50.739999999998474,0,1,5.480652125538612,5.480652125538612,53.62500000000011
50.74999999999847,0,1,5.480105029453242,5.480105029453242,53.62500000000011
50.75999999999847,0,1,5.479557319326304,5.479557319326304,53.62500000000011
50.76999999999847,0,1,5.479009135094657,5.479009135094657,53.62500000000011
50.779999999998466,0,1,5.47846065985479,5.47846065985479,53.62500000000011
50.789999999998464,0,1,5.477911893579176,5.477911893579176,53.62500000000011
50.79999999999846,0,1,5.477362836240786,5.477362836240786,53.62500000000011
50.80999999999846,0,1,5.476843578464923,5.476843578464923,53.62500000000011
50.81999999999846,0,1,5.47629414991394,5.47629414991394,53.62500000000011
50.829999999998456,0,1,5.475858085715913,5.475858085715913,53.62500000000011
50.839999999998454,0,1,5.475307834936004,5.475307834936004,53.62500000000011
50.84999999999845,0,1,5.474757293820687,5.474757293820687,53.62500000000011
50.85999999999845,0,1,5.474206462342224,5.474206462342224,53.62500000000011
50.86999999999845,0,1,5.473655340473442,5.473655340473442,53.62500000000011
50.87999999999845,0,1,5.473374409831223,5.473374409831223,53.62500000000011
50.889999999998444,0,1,5.472822085951947,5.472822085951947,53.62500000000011
50.89999999999844,0,1,5.472269472022148,5.472269472022148,53.62500000000011
50.90999999999844,0,1,5.471716568015083,5.471716568015083,53.62500000000011
50.91999999999844,0,1,5.471163373903451,5.471163373903451,53.62500000000011
50.92999999999844,0,1,5.470609889660466,5.470609889660466,53.62500000000011
50.939999999998435,0,1,5.470056115259084,5.470056115259084,53.62500000000011
50.94999999999843,0,1,5.46950205067229,5.46950205067229,53.62500000000011
50.95999999999843,0,1,5.468947695873098,5.468947695873098,53.62500000000011
50.96999999999843,0,1,5.468393050834507,5.468393050834507,53.62500000000011
50.97999999999843,0,1,5.467838115529474,5.467838115529474,53.62500000000011
50.989999999998425,0,1,5.467282889931198,5.467282889931198,53.62500000000011
50.99999999999842,0,1,5.466727374012365,5.466727374012365,53.62500000000011
51.00999999999842,0,1,5.46617313876601,5.46617313876601,53.62500000000011
51.01999999999842,0,1,5.465618575904614,5.465618575904614,53.62500000000011
51.02999999999842,0,1,5.46506368541489,5.46506368541489,53.62500000000011
51.039999999998415,0,1,5.464508467283835,5.464508467283835,53.62500000000011
51.04999999999841,0,1,5.463952921498404,5.463952921498404,53.62500000000011
51.05999999999841,0,1,5.463397048045238,5.463397048045238,53.62500000000011
51.06999999999841,0,1,5.462840846911519,5.462840846911519,53.62500000000011
51.07999999999841,0,1,5.462284318083789,5.462284318083789,53.62500000000011
51.089999999998405,0,1,5.461727461549117,5.461727461549117,53.62500000000011
51.0999999999984,0,1,5.461170277294144,5.461170277294144,53.62500000000011
51.1099999999984,0,1,5.46061276530591,5.46061276530591,53.62500000000011
51.1199999999984,0,1,5.460054971264114,5.460054971264114,53.62500000000011
51.1299999999984,0,1,5.459496898357443,5.459496898357443,53.62500000000011
51.139999999998395,0,1,5.458938497288088,5.458938497288088,53.62500000000011
51.14999999999839,0,1,5.458379768043216,5.458379768043216,53.62500000000011
51.15999999999839,0,1,5.457820710609951,5.457820710609951,53.62500000000011
51.16999999999839,0,1,5.45726132497542,5.45726132497542,53.62500000000011
51.17999999999839,0,1,5.4567016111267606,5.4567016111267606,53.62500000000011
51.189999999998385,0,1,5.456141569051184,5.456141569051184,53.62500000000011
51.19999999999838,0,1,5.455581198735771,5.455581198735771,53.62500000000011
51.20999999999838,0,1,5.455020500167564,5.455020500167564,53.62500000000011
51.21999999999838,0,1,5.454459473333699,5.454459473333699,53.62500000000011
51.22999999999838,0,1,5.4543862988183776,5.4543862988183776,53.62500000000011
51.239999999998375,0,1,5.453823507217223,5.453823507217223,53.62500000000011
51.24999999999837,0,1,5.453260387985523,5.453260387985523,53.62500000000011
51.25999999999837,0,1,5.452696941109934,5.452696941109934,53.62500000000011
51.26999999999837,0,1,5.45213316657771,5.45213316657771,53.62500000000011
51.27999999999837,0,1,5.451569064375164,5.451569064375164,53.62500000000011
51.289999999998365,0,1,5.451004634489479,5.451004634489479,53.62500000000011
51.29999999999836,0,1,5.450439876907041,5.450439876907041,53.62500000000011
51.30999999999836,0,1,5.4498747916149455,5.4498747916149455,53.62500000000011
51.31999999999836,0,1,5.449309352551651,5.449309352551651,53.62500000000011
51.32999999999836,0,1,5.448743555096954,5.448743555096954,53.62500000000011
51.339999999998355,0,1,5.448177430654738,5.448177430654738,53.62500000000011
51.34999999999835,0,1,5.447610983872636,5.447610983872636,53.62500000000011
51.35999999999835,0,1,5.447044209656184,5.447044209656184,53.62500000000011
51.36999999999835,0,1,5.446477107991157,5.446477107991157,53.62500000000011
51.37999999999835,0,1,5.445909678863288,5.445909678863288,53.62500000000011
51.389999999998345,0,1,5.44534192225818,5.44534192225818,53.62500000000011
51.39999999999834,0,1,5.444773838161652,5.444773838161652,53.62500000000011
51.40999999999834,0,1,5.444223067722888,5.444223067722888,53.62500000000011
51.41999999999834,0,1,5.443655197278986,5.443655197278986,53.62500000000011
51.42999999999834,0,1,5.443087020062592,5.443087020062592,53.62500000000011
51.439999999998335,0,1,5.44251853605148,5.44251853605148,53.62500000000011
51.44999999999833,0,1,5.441949745223468,5.441949745223468,53.62500000000011
51.45999999999833,0,1,5.441380647556272,5.441380647556272,53.62500000000011
51.46999999999833,0,1,5.440811243027696,5.440811243027696,53.62500000000011
51.47999999999833,0,1,5.440478285276768,5.440478285276768,53.62500000000011
51.489999999998325,0,1,5.439908080473117,5.439908080473117,53.62500000000011
51.49999999999832,0,1,5.43933756714128,5.43933756714128,53.62500000000011
51.50999999999832,0,1,5.438766745262214,5.438766745262214,53.62500000000011
51.51999999999832,0,1,5.4381956148169195,5.4381956148169195,53.62500000000011
51.52999999999832,0,1,5.437624175786411,5.437624175786411,53.62500000000011
51.539999999998315,0,1,5.437052357676549,5.437052357676549,53.62500000000011
51.54999999999831,0,1,5.436479877078483,5.436479877078483,53.62500000000011
51.55999999999831,0,1,5.435907089908412,5.435907089908412,53.62500000000011
51.56999999999831,0,1,5.435333996144976,5.435333996144976,53.62500000000011
51.57999999999831,0,1,5.434760595766633,5.434760595766633,53.62500000000011
51.589999999998305,0,1,5.434186888752251,5.434186888752251,53.62500000000011
51.5999999999983,0,1,5.433612875080314,5.433612875080314,53.62500000000011
51.6099999999983,0,1,5.433038554729322,5.433038554729322,53.62500000000011
51.6199999999983,0,1,5.4324639276780715,5.4324639276780715,53.62500000000011
51.6299999999983,0,1,5.4319848869480865,5.4319848869480865,53.62500000000011
51.639999999998295,0,1,5.431409414550373,5.431409414550373,53.62500000000011
51.64999999999829,0,1,5.430833635536686,5.430833635536686,53.62500000000011
51.65999999999829,0,1,5.430257549885127,5.430257549885127,53.62500000000011
51.66999999999829,0,1,5.429681170774259,5.429681170774259,53.62500000000011
51.67999999999829,0,1,5.429104556490259,5.429104556490259,53.62500000000011
51.689999999998285,0,1,5.428527635121185,5.428527635121185,53.62500000000011
51.69999999999828,0,1,5.4279504066459054,5.4279504066459054,53.62500000000011
51.70999999999828,0,1,5.427372871043218,5.427372871043218,53.62500000000011
51.71999999999828,0,1,5.426795028292204,5.426795028292204,53.62500000000011
51.72999999999828,0,1,5.426216878371676,5.426216878371676,53.62500000000011
51.739999999998275,0,1,5.425638421260302,5.425638421260302,53.62500000000011
51.74999999999827,0,1,5.425059656937137,5.425059656937137,53.62500000000011
51.75999999999827,0,1,5.424480585381232,5.424480585381232,53.62500000000011
51.76999999999827,0,1,5.423901206571145,5.423901206571145,53.62500000000011
51.77999999999827,0,1,5.42375392106122,5.42375392106122,53.62500000000011
51.789999999998265,0,1,5.423172845364519,5.423172845364519,53.62500000000011
51.79999999999826,0,1,5.422591463007777,5.422591463007777,53.62500000000011
51.80999999999826,0,1,5.422032608470971,5.422032608470971,53.62500000000011
51.81999999999826,0,1,5.421451177214024,5.421451177214024,53.62500000000011
51.82999999999826,0,1,5.42086944605623,5.42086944605623,53.62500000000011
51.839999999998255,0,1,5.420287414973629,5.420287414973629,53.62500000000011
51.84999999999825,0,1,5.419705083942418,5.419705083942418,53.62500000000011
51.85999999999825,0,1,5.419122452939021,5.419122452939021,53.62500000000011
51.86999999999825,0,1,5.4185395219391665,5.4185395219391665,53.62500000000011
51.87999999999825,0,1,5.41795629091888,5.41795629091888,53.62500000000011
51.889999999998246,0,1,5.417372759854956,5.417372759854956,53.62500000000011
51.89999999999824,0,1,5.416788928723108,5.416788928723108,53.62500000000011
51.90999999999824,0,1,5.4162047974993754,5.4162047974993754,53.62500000000011
51.91999999999824,0,1,5.415620366160326,5.415620366160326,53.62500000000011
51.92999999999824,0,1,5.415035630607207,5.415035630607207,53.62500000000011
51.939999999998236,0,1,5.414450549513333,5.414450549513333,53.62500000000011
51.949999999998234,0,1,5.413865168582234,5.413865168582234,53.62500000000011
51.95999999999823,0,1,5.413279487788742,5.413279487788742,53.62500000000011
51.96999999999823,0,1,5.412693507108401,5.412693507108401,53.62500000000011
51.97999999999823,0,1,5.412107226515886,5.412107226515886,53.62500000000011
51.989999999998226,0,1,5.411520645986684,5.411520645986684,53.62500000000011
51.999999999998224,0,1,5.410933765495514,5.410933765495514,53.62500000000011
52.00999999999822,0,1,5.410346585017635,5.410346585017635,53.62500000000011
52.01999999999822,0,1,5.409759104528121,5.409759104528121,53.62500000000011
52.02999999999822,0,1,5.40917132400196,5.40917132400196,53.62500000000011
52.039999999998216,0,1,5.408583243414498,5.408583243414498,53.62500000000011
52.049999999998214,0,1,5.407994862740765,5.407994862740765,53.62500000000011
52.05999999999821,0,1,5.4074061819557215,5.4074061819557215,53.62500000000011
52.06999999999821,0,1,5.406817201034599,5.406817201034599,53.62500000000011
52.07999999999821,0,1,5.406227919952656,5.406227919952656,53.62500000000011
52.089999999998206,0,1,5.405843996623446,5.405843996623446,53.62500000000011
52.099999999998204,0,1,5.405253539142123,5.405253539142123,53.62500000000011
52.1099999999982,0,1,5.404662781846284,5.404662781846284,53.62500000000011
52.1199999999982,0,1,5.404071724711429,5.404071724711429,53.62500000000011
52.1299999999982,0,1,5.403480367713328,5.403480367713328,53.62500000000011
52.139999999998196,0,1,5.402888714354148,5.402888714354148,53.62500000000011
52.149999999998194,0,1,5.402296762075764,5.402296762075764,53.62500000000011
52.15999999999819,0,1,5.401704509837231,5.401704509837231,53.62500000000011
52.16999999999819,0,1,5.401111957614091,5.401111957614091,53.62500000000011
52.17999999999819,0,1,5.400519105381861,5.400519105381861,53.62500000000011
52.189999999998186,0,1,5.399925953116622,5.399925953116622,53.62500000000011
52.199999999998184,0,1,5.399332500793534,5.399332500793534,53.62500000000011
52.20999999999818,0,1,5.398764249620513,5.398764249620513,53.62500000000011
52.21999999999818,0,1,5.398171032410389,5.398171032410389,53.62500000000011
52.22999999999818,0,1,5.397577516128749,5.397577516128749,53.62500000000011
52.239999999998176,0,1,5.396983700753083,5.396983700753083,53.62500000000011
52.249999999998174,0,1,5.396389586261051,5.396389586261051,53.62500000000011
52.25999999999817,0,1,5.395795065731036,5.395795065731036,53.62500000000011
52.26999999999817,0,1,5.395199998125321,5.395199998125321,53.62500000000011
52.27999999999817,0,1,5.394604633319219,5.394604633319219,53.62500000000011
52.289999999998166,0,1,5.394008971287661,5.394008971287661,53.62500000000011
52.299999999998164,0,1,5.393413012005865,5.393413012005865,53.62500000000011
52.30999999999816,0,1,5.392816755448948,5.392816755448948,53.62500000000011
52.31999999999816,0,1,5.392598765313707,5.392598765313707,53.62500000000011
52.32999999999816,0,1,5.392000856457841,5.392000856457841,53.62500000000011
52.339999999998156,0,1,5.391402650897504,5.391402650897504,53.62500000000011
52.349999999998154,0,1,5.390804148607458,5.390804148607458,53.62500000000011
52.35999999999815,0,1,5.390205349562805,5.390205349562805,53.62500000000011
52.36999999999815,0,1,5.389606253738165,5.389606253738165,53.62500000000011
52.37999999999815,0,1,5.389006861108754,5.389006861108754,53.62500000000011
52.389999999998146,0,1,5.388407171649149,5.388407171649149,53.62500000000011
52.399999999998144,0,1,5.387807185334452,5.387807185334452,53.62500000000011
52.40999999999814,0,1,5.387206902139482,5.387206902139482,53.62500000000011
52.41999999999814,0,1,5.386685011544202,5.386685011544202,53.62500000000011
52.42999999999814,0,1,5.386083912099679,5.386083912099679,53.62500000000011
52.439999999998136,0,1,5.385482515843265,5.385482515843265,53.62500000000011
52.449999999998134,0,1,5.38488082275029,5.38488082275029,53.62500000000011
52.45999999999813,0,1,5.384278832795232,5.384278832795232,53.62500000000011
52.46999999999813,0,1,5.383676545953065,5.383676545953065,53.62500000000011
52.47999999999813,0,1,5.383073962198537,5.383073962198537,53.62500000000011
52.489999999998126,0,1,5.382471081506537,5.382471081506537,53.62500000000011
52.499999999998124,0,1,5.381867903852211,5.381867903852211,53.62500000000011
52.50999999999812,0,1,5.381264429210063,5.381264429210063,53.62500000000011
52.51999999999812,0,1,5.380660657555097,5.380660657555097,53.62500000000011
52.52999999999812,0,1,5.3800565888621605,5.3800565888621605,53.62500000000011
52.539999999998116,0,1,5.379452223106114,5.379452223106114,53.62500000000011
52.549999999998114,0,1,5.3788475285979445,5.3788475285979445,53.62500000000011
52.55999999999811,0,1,5.378242526635134,5.378242526635134,53.62500000000011
52.56999999999811,0,1,5.3776372278627065,5.3776372278627065,53.62500000000011
52.57999999999811,0,1,5.377031632254216,5.377031632254216,53.62500000000011
52.589999999998106,0,1,5.3764257397836985,5.3764257397836985,53.62500000000011
52.599999999998104,0,1,5.375819550424879,5.375819550424879,53.62500000000011
52.6099999999981,0,1,5.375239874819229,5.375239874819229,53.62500000000011
52.6199999999981,0,1,5.374633422553828,5.374633422553828,53.62500000000011
52.6299999999981,0,1,5.3740266753132175,5.3740266753132175,53.62500000000011
52.639999999998096,0,1,5.373419633070981,5.373419633070981,53.62500000000011
52.649999999998094,0,1,5.372812295799918,5.372812295799918,53.62500000000011
52.65999999999809,0,1,5.372204663473312,5.372204663473312,53.62500000000011
52.66999999999809,0,1,5.371596736064433,5.371596736064433,53.62500000000011
52.67999999999809,0,1,5.370988513546521,5.370988513546521,53.62500000000011
52.689999999998086,0,1,5.370379995892577,5.370379995892577,53.62500000000011
52.699999999998084,0,1,5.369771183075841,5.369771183075841,53.62500000000011
52.70999999999808,0,1,5.369336834666939,5.369336834666939,53.62500000000011
52.71999999999808,0,1,5.3687268743233005,5.3687268743233005,53.62500000000011
52.72999999999808,0,1,5.368116619160077,5.368116619160077,53.62500000000011
52.739999999998076,0,1,5.367506069151176,5.367506069151176,53.62500000000011
52.749999999998074,0,1,5.455955173067778,5.455955173067778,54.00000000000011
52.75999999999807,0,1,5.455333974643679,5.455333974643679,54.00000000000011
52.76999999999807,0,1,5.454712550580837,5.454712550580837,54.00000000000011
52.77999999999807,0,1,5.454090831756105,5.454090831756105,54.00000000000011
52.78999999999807,0,1,5.45346881814406,5.45346881814406,54.00000000000011
52.799999999998064,0,1,5.45284650971908,5.45284650971908,54.00000000000011
52.80999999999806,0,1,5.452223906455444,5.452223906455444,54.00000000000011
52.81999999999806,0,1,5.451601008327771,5.451601008327771,54.00000000000011
52.82999999999806,0,1,5.450977815310054,5.450977815310054,54.00000000000011
52.83999999999806,0,1,5.45035432737707,5.45035432737707,54.00000000000011
52.849999999998055,0,1,5.44973054450324,5.44973054450324,54.00000000000011
52.85999999999805,0,1,5.449106466662926,5.449106466662926,54.00000000000011
52.86999999999805,0,1,5.448854922733489,5.448854922733489,54.00000000000011
52.87999999999805,0,1,5.448229207076096,5.448229207076096,54.00000000000011
52.88999999999805,0,1,5.447603197015411,5.447603197015411,54.00000000000011
52.899999999998045,0,1,5.446976892525683,5.446976892525683,54.00000000000011
52.90999999999804,0,1,5.446350293581119,5.446350293581119,54.00000000000011
52.91999999999804,0,1,5.445723400155913,5.445723400155913,54.00000000000011
52.92999999999804,0,1,5.445096213816768,5.445096213816768,54.00000000000011
52.93999999999804,0,1,5.4444687352931,5.4444687352931,54.00000000000011
52.949999999998035,0,1,5.443841218748773,5.443841218748773,54.00000000000011
52.95999999999803,0,1,5.44321346413885,5.44321346413885,54.00000000000011
52.96999999999803,0,1,5.44258541301997,5.44258541301997,54.00000000000011
52.97999999999803,0,1,5.44195695815462,5.44195695815462,54.00000000000011
52.98999999999803,0,1,5.441327988180106,5.441327988180106,54.00000000000011
52.999999999998025,0,1,5.440698723557844,5.440698723557844,54.00000000000011
53.00999999999802,0,1,5.440097082110299,5.440097082110299,54.00000000000011
53.01999999999802,0,1,5.439467503379873,5.439467503379873,54.00000000000011
53.02999999999802,0,1,5.438837631243899,5.438837631243899,54.00000000000011
53.03999999999802,0,1,5.438207465676513,5.438207465676513,54.00000000000011
53.049999999998015,0,1,5.4375770066516935,5.4375770066516935,54.00000000000011
53.05999999999801,0,1,5.436946254143507,5.436946254143507,54.00000000000011
53.06999999999801,0,1,5.436315208126217,5.436315208126217,54.00000000000011
53.07999999999801,0,1,5.435683868573648,5.435683868573648,54.00000000000011
53.08999999999801,0,1,5.435052235460205,5.435052235460205,54.00000000000011
53.099999999998005,0,1,5.434420308759684,5.434420308759684,54.00000000000011
53.109999999998,0,1,5.433788088446278,5.433788088446278,54.00000000000011
53.119999999998,0,1,5.43315557449408,5.43315557449408,54.00000000000011
53.129999999998,0,1,5.432522766877128,5.432522766877128,54.00000000000011
53.139999999998,0,1,5.4318896553403135,5.4318896553403135,54.00000000000011
53.149999999997995,0,1,5.431256219349663,5.431256219349663,54.00000000000011
53.15999999999799,0,1,5.43062248994022,5.43062248994022,54.00000000000011
53.16999999999799,0,1,5.42998846708511,5.42998846708511,54.00000000000011
53.17999999999799,0,1,5.429354150757291,5.429354150757291,54.00000000000011
53.18999999999799,0,1,5.428719540929876,5.428719540929876,54.00000000000011
53.199999999997985,0,1,5.428084637576006,5.428084637576006,54.00000000000011
53.20999999999798,0,1,5.427449440668752,5.427449440668752,54.00000000000011
53.21999999999798,0,1,5.4268852827086675,5.4268852827086675,54.00000000000011
53.22999999999798,0,1,5.426249281506884,5.426249281506884,54.00000000000011
53.23999999999798,0,1,5.425612986813519,5.425612986813519,54.00000000000011
53.249999999997975,0,1,5.4249763986017285,5.4249763986017285,54.00000000000011
53.25999999999797,0,1,5.4243395168444835,5.4243395168444835,54.00000000000011
53.26999999999797,0,1,5.423702341514897,5.423702341514897,54.00000000000011
53.27999999999797,0,1,5.42306488910809,5.42306488910809,54.00000000000011
53.28999999999797,0,1,5.422427187949353,5.422427187949353,54.00000000000011
53.299999999997965,0,1,5.421789192775165,5.421789192775165,54.00000000000011
53.30999999999796,0,1,5.421150903559067,5.421150903559067,54.00000000000011
53.31999999999796,0,1,5.420680428227669,5.420680428227669,54.00000000000011
53.32999999999796,0,1,5.420041001423158,5.420041001423158,54.00000000000011
53.33999999999796,0,1,5.419401280917128,5.419401280917128,54.00000000000011
53.349999999997955,0,1,5.418761266683731,5.418761266683731,54.00000000000011
53.35999999999795,0,1,5.418120958696633,5.418120958696633,54.00000000000011
53.36999999999795,0,1,5.417480356929772,5.417480356929772,54.00000000000011
53.37999999999795,0,1,5.416839461357085,5.416839461357085,54.00000000000011
53.38999999999795,0,1,5.416198271952453,5.416198271952453,54.00000000000011
53.399999999997945,0,1,5.4155567886897416,5.4155567886897416,54.00000000000011
53.40999999999794,0,1,5.414943548328992,5.414943548328992,54.00000000000011
53.41999999999794,0,1,5.414621015186555,5.414621015186555,54.00000000000011
53.42999999999794,0,1,5.413977862245233,5.413977862245233,54.00000000000011
53.43999999999794,0,1,5.413334416901051,5.413334416901051,54.00000000000011
53.449999999997935,0,1,5.4126906791271665,5.4126906791271665,54.00000000000011
53.45999999999793,0,1,5.41204664889672,5.41204664889672,54.00000000000011
53.46999999999793,0,1,5.411402326183378,5.411402326183378,54.00000000000011
53.47999999999793,0,1,5.410757710960453,5.410757710960453,54.00000000000011
53.48999999999793,0,1,5.410112803201031,5.410112803201031,54.00000000000011
53.499999999997925,0,1,5.409467602878905,5.409467602878905,54.00000000000011
53.50999999999792,0,1,5.408822109967119,5.408822109967119,54.00000000000011
53.51999999999792,0,1,5.408176324439125,5.408176324439125,54.00000000000011
53.52999999999792,0,1,5.407530246268394,5.407530246268394,54.00000000000011
53.53999999999792,0,1,5.4068838754281785,5.4068838754281785,54.00000000000011
53.549999999997915,0,1,5.406237211892005,5.406237211892005,54.00000000000011
53.55999999999791,0,1,5.405590255633086,5.405590255633086,54.00000000000011
53.56999999999791,0,1,5.404943006624876,5.404943006624876,54.00000000000011
53.57999999999791,0,1,5.4042954648409705,5.4042954648409705,54.00000000000011
53.58999999999791,0,1,5.403647630254426,5.403647630254426,54.00000000000011
53.599999999997905,0,1,5.4029995028389095,5.4029995028389095,54.00000000000011
53.6099999999979,0,1,5.402351082567733,5.402351082567733,54.00000000000011
53.6199999999979,0,1,5.401702369414394,5.401702369414394,54.00000000000011
53.6299999999979,0,1,5.401053363352247,5.401053363352247,54.00000000000011
53.6399999999979,0,1,5.400404064354731,5.400404064354731,54.00000000000011
53.649999999997895,0,1,5.399754472395287,5.399754472395287,54.00000000000011
53.65999999999789,0,1,5.399104587447255,5.399104587447255,54.00000000000011
53.66999999999789,0,1,5.398454409484245,5.398454409484245,54.00000000000011
53.67999999999789,0,1,5.397803954286218,5.397803954286218,54.00000000000011
53.68999999999789,0,1,5.3971534417694045,5.3971534417694045,54.00000000000011
53.699999999997885,0,1,5.396502600782952,5.396502600782952,54.00000000000011
53.70999999999788,0,1,5.395851237293684,5.395851237293684,54.00000000000011
53.71999999999788,0,1,5.39519958071574,5.39519958071574,54.00000000000011
53.72999999999788,0,1,5.394547633955554,5.394547633955554,54.00000000000011
53.73999999999788,0,1,5.3938953942079735,5.3938953942079735,54.00000000000011
53.749999999997875,0,1,5.3932428612715455,5.3932428612715455,54.00000000000011
53.75999999999787,0,1,5.392590003618636,5.392590003618636,54.00000000000011
53.76999999999787,0,1,5.391936850485706,5.391936850485706,54.00000000000011
53.77999999999787,0,1,5.3912834043879485,5.3912834043879485,54.00000000000011
53.78999999999787,0,1,5.390629665297908,5.390629665297908,54.00000000000011
53.799999999997866,0,1,5.389975633188527,5.389975633188527,54.00000000000011
53.80999999999786,0,1,5.389350269063442,5.389350269063442,54.00000000000011
53.81999999999786,0,1,5.388695876580968,5.388695876580968,54.00000000000011
53.82999999999786,0,1,5.388041221485793,5.388041221485793,54.00000000000011
53.83999999999786,0,1,5.387386273595425,5.387386273595425,54.00000000000011
53.849999999997856,0,1,5.386731032882977,5.386731032882977,54.00000000000011
53.859999999997854,0,1,5.386075499321166,5.386075499321166,54.00000000000011
53.86999999999785,0,1,5.385419672883131,5.385419672883131,54.00000000000011
53.87999999999785,0,1,5.384763553541575,5.384763553541575,54.00000000000011
53.88999999999785,0,1,5.384107141269581,5.384107141269581,54.00000000000011
53.899999999997846,0,1,5.383450436039908,5.383450436039908,54.00000000000011
53.909999999997844,0,1,5.382793437825825,5.382793437825825,54.00000000000011
53.91999999999784,0,1,5.382275157028602,5.382275157028602,54.00000000000011
53.92999999999784,0,1,5.381617041023503,5.381617041023503,54.00000000000011
53.93999999999784,0,1,5.380958632375396,5.380958632375396,54.00000000000011
53.949999999997836,0,1,5.380299931057664,5.380299931057664,54.00000000000011
53.959999999997834,0,1,5.379908644784749,5.379908644784749,54.00000000000011
53.96999999999783,0,1,5.379248358917664,5.379248358917664,54.00000000000011
53.97999999999783,0,1,5.378587780922203,5.378587780922203,54.00000000000011
53.98999999999783,0,1,5.377926910771407,5.377926910771407,54.00000000000011
53.999999999997826,0,1,5.377265748438646,5.377265748438646,54.00000000000011
54.009999999997824,0,1,5.37666097142062,5.37666097142062,54.00000000000011
54.01999999999782,0,1,5.376000492896225,5.376000492896225,54.00000000000011
54.02999999999782,0,1,5.375339686407429,5.375339686407429,54.00000000000011
54.03999999999782,0,1,5.374678551940065,5.374678551940065,54.00000000000011
54.049999999997816,0,1,5.3740170894800485,5.3740170894800485,54.00000000000011
54.059999999997814,0,1,5.3733552990129,5.3733552990129,54.00000000000011
54.06999999999781,0,1,5.372693180524692,5.372693180524692,54.00000000000011
54.07999999999781,0,1,5.372030734001001,5.372030734001001,54.00000000000011
54.08999999999781,0,1,5.371367959427658,5.371367959427658,54.00000000000011
54.099999999997806,0,1,5.37070485679061,5.37070485679061,54.00000000000011
54.109999999997804,0,1,5.370041426075417,5.370041426075417,54.00000000000011
54.1199999999978,0,1,5.369377667267955,5.369377667267955,54.00000000000011
54.1299999999978,0,1,5.368713580353955,5.368713580353955,54.00000000000011
54.1399999999978,0,1,5.368049165319192,5.368049165319192,54.00000000000011
54.149999999997796,0,1,5.367384422149456,5.367384422149456,54.00000000000011
54.159999999997794,0,1,5.366719350830593,5.366719350830593,54.00000000000011
54.16999999999779,0,1,5.366053951348306,5.366053951348306,54.00000000000011
54.17999999999779,0,1,5.365388223688342,5.365388223688342,54.00000000000011
54.18999999999779,0,1,5.364722167836547,5.364722167836547,54.00000000000011
54.199999999997786,0,1,5.364055783778525,5.364055783778525,54.00000000000011
54.209999999997784,0,1,5.363389071500237,5.363389071500237,54.00000000000011
54.21999999999778,0,1,5.362722030987413,5.362722030987413,54.00000000000011
54.22999999999778,0,1,5.362054662225688,5.362054662225688,54.00000000000011
54.23999999999778,0,1,5.361386965200751,5.361386965200751,54.00000000000011
54.249999999997776,0,1,5.360718939898518,5.360718939898518,54.00000000000011
54.259999999997774,0,1,5.360050586304965,5.360050586304965,54.00000000000011
54.26999999999777,0,1,5.359381904405467,5.359381904405467,54.00000000000011
54.27999999999777,0,1,5.358712894185899,5.358712894185899,54.00000000000011
54.28999999999777,0,1,5.358043555632108,5.358043555632108,54.00000000000011
54.299999999997766,0,1,5.357373888729711,5.357373888729711,54.00000000000011
54.309999999997764,0,1,5.356703893464584,5.356703893464584,54.00000000000011
54.31999999999776,0,1,5.356033569822358,5.356033569822358,54.00000000000011
54.32999999999776,0,1,5.355362917788952,5.355362917788952,54.00000000000011
54.33999999999776,0,1,5.354691937349855,5.354691937349855,54.00000000000011
54.349999999997756,0,1,5.354020628491085,5.354020628491085,54.00000000000011
54.359999999997754,0,1,5.353348991198274,5.353348991198274,54.00000000000011
54.36999999999775,0,1,5.352676961327106,5.352676961327106,54.00000000000011
54.37999999999775,0,1,5.352004454068094,5.352004454068094,54.00000000000011
54.38999999999775,0,1,5.3513316188087146,5.3513316188087146,54.00000000000011
54.399999999997746,0,1,5.3506584555340595,5.3506584555340595,54.00000000000011
54.409999999997744,0,1,5.350001966965664,5.350001966965664,54.00000000000011
54.41999999999774,0,1,5.34932900278082,5.34932900278082,54.00000000000011
54.42999999999774,0,1,5.348655760046086,5.348655760046086,54.00000000000011
54.43999999999774,0,1,5.347982153192305,5.347982153192305,54.00000000000011
54.449999999997736,0,1,5.347308238311982,5.347308238311982,54.00000000000011
54.459999999997734,0,1,5.346634015383103,5.346634015383103,54.00000000000011
54.46999999999773,0,1,5.345959484383513,5.345959484383513,54.00000000000011
54.47999999999773,0,1,5.345455135621876,5.345455135621876,54.00000000000011
54.48999999999773,0,1,5.344779212324127,5.344779212324127,54.00000000000011
54.499999999997726,0,1,5.344102981502118,5.344102981502118,54.00000000000011
54.509999999997724,0,1,5.343426443133652,5.343426443133652,54.00000000000011
54.51999999999772,0,1,5.342749597962879,5.342749597962879,54.00000000000011
54.52999999999772,0,1,5.342182390474946,5.342182390474946,54.00000000000011
54.53999999999772,0,1,5.341504415667487,5.341504415667487,54.00000000000011
54.549999999997716,0,1,5.340826133631808,5.340826133631808,54.00000000000011
54.559999999997714,0,1,5.340147544346081,5.340147544346081,54.00000000000011
54.56999999999771,0,1,5.3394686477881095,5.3394686477881095,54.00000000000011
54.57999999999771,0,1,5.338789443935909,5.338789443935909,54.00000000000011
54.58999999999771,0,1,5.3381099327676225,5.3381099327676225,54.00000000000011
54.599999999997706,0,1,5.33743011426111,5.33743011426111,54.00000000000011
54.609999999997704,0,1,5.336749988394459,5.336749988394459,54.00000000000011
54.6199999999977,0,1,5.336069555145741,5.336069555145741,54.00000000000011
54.6299999999977,0,1,5.335388814492802,5.335388814492802,54.00000000000011
54.6399999999977,0,1,5.334707766413743,5.334707766413743,54.00000000000011
54.649999999997696,0,1,5.334026410886878,5.334026410886878,54.00000000000011
54.659999999997694,0,1,5.333344747889683,5.333344747889683,54.00000000000011
54.66999999999769,0,1,5.332662777400586,5.332662777400586,54.00000000000011
54.67999999999769,0,1,5.331980499397346,5.331980499397346,54.00000000000011
54.68999999999769,0,1,5.331297913858336,5.331297913858336,54.00000000000011
54.69999999999769,0,1,5.330615020761286,5.330615020761286,54.00000000000011
54.709999999997684,0,1,5.329931820084411,5.329931820084411,54.00000000000011
54.71999999999768,0,1,5.329248311805557,5.329248311805557,54.00000000000011
54.72999999999768,0,1,5.328564495902924,5.328564495902924,54.00000000000011
54.73999999999768,0,1,5.327880372354571,5.327880372354571,54.00000000000011
54.74999999999768,0,1,5.327195941138228,5.327195941138228,54.00000000000011
54.759999999997675,0,1,5.32651120223251,5.32651120223251,54.00000000000011
54.76999999999767,0,1,5.325826155614976,5.325826155614976,54.00000000000011
54.77999999999767,0,1,5.32514080126397,5.32514080126397,54.00000000000011
54.78999999999767,0,1,5.324455139157195,5.324455139157195,54.00000000000011
54.79999999999767,0,1,5.323769169273191,5.323769169273191,54.00000000000011
54.809999999997665,0,1,5.323144227742404,5.323144227742404,54.00000000000011
54.81999999999766,0,1,5.3224579863221635,5.3224579863221635,54.00000000000011
54.82999999999766,0,1,5.321771443776825,5.321771443776825,54.00000000000011
54.83999999999766,0,1,5.321084600082429,5.321084600082429,54.00000000000011
54.84999999999766,0,1,5.320397455214291,5.320397455214291,54.00000000000011
54.859999999997655,0,1,5.319710009148579,5.319710009148579,54.00000000000011
54.86999999999765,0,1,5.319022261860852,5.319022261860852,54.00000000000011
54.87999999999765,0,1,5.318334213326963,5.318334213326963,54.00000000000011
54.88999999999765,0,1,5.317645863522614,5.317645863522614,54.00000000000011
54.89999999999765,0,1,5.316957212423588,5.316957212423588,54.00000000000011
54.909999999997645,0,1,5.316268260005643,5.316268260005643,54.00000000000011
54.91999999999764,0,1,5.315600569429861,5.315600569429861,54.00000000000011
54.92999999999764,0,1,5.315106952318644,5.315106952318644,54.00000000000011
54.93999999999764,0,1,5.314612943572641,5.314612943572641,54.00000000000011
54.94999999999764,0,1,5.314118543187121,5.314118543187121,54.00000000000011
54.959999999997635,0,1,5.313623751157152,5.313623751157152,54.00000000000011
54.96999999999763,0,1,5.313128567477818,5.313128567477818,54.00000000000011
54.97999999999763,0,1,5.312633003954758,5.312633003954758,54.00000000000011
54.98999999999763,0,1,5.312137178395673,5.312137178395673,54.00000000000011
54.99999999999763,0,1,5.311640961005267,5.311640961005267,54.00000000000011
55.009999999997625,0,1,5.3111443517786086,5.3111443517786086,54.00000000000011
55.01999999999762,0,1,5.310647350710894,5.310647350710894,54.00000000000011
55.02999999999762,0,1,5.310149957797307,5.310149957797307,54.00000000000011
55.03999999999762,0,1,5.309652173032944,5.309652173032944,54.00000000000011
55.04999999999762,0,1,5.309153996412888,5.309153996412888,54.00000000000011
55.059999999997615,0,1,5.308655427932521,5.308655427932521,54.00000000000011
55.06999999999761,0,1,5.308156467586755,5.308156467586755,54.00000000000011
55.07999999999761,0,1,5.307657115371228,5.307657115371228,54.00000000000011
55.08999999999761,0,1,5.307157371280823,5.307157371280823,54.00000000000011
55.09999999999761,0,1,5.306657235310865,5.306657235310865,54.00000000000011
55.109999999997605,0,1,5.306156707456637,5.306156707456637,54.00000000000011
55.1199999999976,0,1,5.305655787713363,5.305655787713363,54.00000000000011
55.1299999999976,0,1,5.305154476076368,5.305154476076368,54.00000000000011
55.1399999999976,0,1,5.304067117207396,5.304067117207396,54.00000000000011
55.1499999999976,0,1,5.303564906797149,5.303564906797149,54.00000000000011
55.159999999997595,0,1,5.303062292108578,5.303062292108578,54.00000000000011
55.16999999999759,0,1,5.302558425299836,5.302558425299836,54.00000000000011
55.17999999999759,0,1,5.3020541666858065,5.3020541666858065,54.00000000000011
55.18999999999759,0,1,5.30154951626281,5.30154951626281,54.00000000000011
55.19999999999759,0,1,5.301044474026995,5.301044474026995,54.00000000000011
55.209999999997585,0,1,5.300558752684509,5.300558752684509,54.00000000000011
55.21999999999758,0,1,5.300053577203684,5.300053577203684,54.00000000000011
55.22999999999758,0,1,5.299548596761269,5.299548596761269,54.00000000000011
55.23999999999758,0,1,5.299043227591326,5.299043227591326,54.00000000000011
55.24999999999758,0,1,5.298537469688085,5.298537469688085,54.00000000000011
55.259999999997575,0,1,5.298031323045734,5.298031323045734,54.00000000000011
55.26999999999757,0,1,5.2975247876583325,5.2975247876583325,54.00000000000011
55.27999999999757,0,1,5.29701786352021,5.29701786352021,54.00000000000011
55.28999999999757,0,1,5.296510550625484,5.296510550625484,54.00000000000011
55.29999999999757,0,1,5.296002848968627,5.296002848968627,54.00000000000011
55.309999999997565,0,1,5.295494758543683,5.295494758543683,54.00000000000011
55.31999999999756,0,1,5.294986274408217,5.294986274408217,54.00000000000011
55.32999999999756,0,1,5.294477399142934,5.294477399142934,54.00000000000011
55.33999999999756,0,1,5.29396813508265,5.29396813508265,54.00000000000011
55.34999999999756,0,1,5.293458482221794,5.293458482221794,54.00000000000011
55.359999999997555,0,1,5.292948440554838,5.292948440554838,54.00000000000011
55.36999999999755,0,1,5.292438010075827,5.292438010075827,54.00000000000011
55.37999999999755,0,1,5.291927190779276,5.291927190779276,54.00000000000011
55.38999999999755,0,1,5.291415982659686,5.291415982659686,54.00000000000011
55.39999999999755,0,1,5.2909043857113005,5.2909043857113005,54.00000000000011
55.409999999997545,0,1,5.290392399928535,5.290392399928535,54.00000000000011
55.41999999999754,0,1,5.289880025305848,5.289880025305848,54.00000000000011
55.42999999999754,0,1,5.28936726183764,5.28936726183764,54.00000000000011
55.43999999999754,0,1,5.288854109518397,5.288854109518397,54.00000000000011
55.44999999999754,0,1,5.288340568342434,5.288340568342434,54.00000000000011
55.459999999997535,0,1,5.287826638304523,5.287826638304523,54.00000000000011
55.46999999999753,0,1,5.287312319398879,5.287312319398879,54.00000000000011
55.47999999999753,0,1,5.2867976116200595,5.2867976116200595,54.00000000000011
55.48999999999753,0,1,5.28628251496265,5.28628251496265,54.00000000000011
55.49999999999753,0,1,5.285767029421095,5.285767029421095,54.00000000000011
55.509999999997525,0,1,5.285251154989936,5.285251154989936,54.00000000000011
55.51999999999752,0,1,5.284734891663732,5.284734891663732,54.00000000000011
55.52999999999752,0,1,5.284218239437081,5.284218239437081,54.00000000000011
55.53999999999752,0,1,5.283701198304556,5.283701198304556,54.00000000000011
55.54999999999752,0,1,5.283183768260855,5.283183768260855,54.00000000000011
55.559999999997515,0,1,5.2826659493001955,5.2826659493001955,54.00000000000011
55.56999999999751,0,1,5.282147741417646,5.282147741417646,54.00000000000011
55.57999999999751,0,1,5.281629218378413,5.281629218378413,54.00000000000011
55.58999999999751,0,1,5.281110378225534,5.281110378225534,54.00000000000011
55.59999999999751,0,1,5.280591148954215,5.280591148954215,54.00000000000011
55.609999999997505,0,1,5.279855332656737,5.279855332656737,54.00000000000011
55.6199999999975,0,1,5.279335511493386,5.279335511493386,54.00000000000011
55.6299999999975,0,1,5.27881530284445,5.27881530284445,54.00000000000011
55.6399999999975,0,1,5.278294706704202,5.278294706704202,54.00000000000011
55.6499999999975,0,1,5.277773723066716,5.277773723066716,54.00000000000011
55.659999999997495,0,1,5.2772523519263075,5.2772523519263075,54.00000000000011
55.66999999999749,0,1,5.276730593276895,5.276730593276895,54.00000000000011
55.67999999999749,0,1,5.276208447112978,5.276208447112978,54.00000000000011
55.68999999999749,0,1,5.275685913428717,5.275685913428717,54.00000000000011
55.69999999999749,0,1,5.27516299221837,5.27516299221837,54.00000000000011
55.709999999997486,0,1,5.274639683476138,5.274639683476138,54.00000000000011
55.71999999999748,0,1,5.274115987196325,5.274115987196325,54.00000000000011
55.72999999999748,0,1,5.273591903373244,5.273591903373244,54.00000000000011
55.73999999999748,0,1,5.27306743200117,5.27306743200117,54.00000000000011
55.74999999999748,0,1,5.272542573074432,5.272542573074432,54.00000000000011
55.759999999997476,0,1,5.271411422053035,5.271411422053035,54.00000000000011
55.769999999997474,0,1,5.270885685741305,5.270885685741305,54.00000000000011
55.77999999999747,0,1,5.270359562377351,5.270359562377351,54.00000000000011
55.78999999999747,0,1,5.269833051955217,5.269833051955217,54.00000000000011
55.79999999999747,0,1,5.269306154469064,5.269306154469064,54.00000000000011
55.809999999997466,0,1,5.2687788699129925,5.2687788699129925,54.00000000000011
55.819999999997464,0,1,5.268251198281206,5.268251198281206,54.00000000000011
55.82999999999746,0,1,5.267723139568076,5.267723139568076,54.00000000000011
55.83999999999746,0,1,5.267194693767607,5.267194693767607,54.00000000000011
55.84999999999746,0,1,5.266665860874198,5.266665860874198,54.00000000000011
55.859999999997456,0,1,5.266136640881996,5.266136640881996,54.00000000000011
55.869999999997454,0,1,5.2656070337852725,5.2656070337852725,54.00000000000011
55.87999999999745,0,1,5.265077039578344,5.265077039578344,54.00000000000011
55.88999999999745,0,1,5.264546658255426,5.264546658255426,54.00000000000011
55.89999999999745,0,1,5.264015889810963,5.264015889810963,54.00000000000011
55.909999999997446,0,1,5.263484097125485,5.263484097125485,54.00000000000011
55.919999999997444,0,1,5.262951649480172,5.262951649480172,54.00000000000011
55.92999999999744,0,1,5.262418814351989,5.262418814351989,54.00000000000011
55.93999999999744,0,1,5.261885591736487,5.261885591736487,54.00000000000011
55.94999999999744,0,1,5.261352599851307,5.261352599851307,54.00000000000011
55.959999999997436,0,1,5.260819542002608,5.260819542002608,54.00000000000011
55.969999999997434,0,1,5.260286097062419,5.260286097062419,54.00000000000011
55.97999999999743,0,1,5.259752265025014,5.259752265025014,54.00000000000011
55.98999999999743,0,1,5.259218045884225,5.259218045884225,54.00000000000011
55.99999999999743,0,1,5.258683439634453,5.258683439634453,54.00000000000011
56.009999999997426,0,1,5.2581699795240695,5.2581699795240695,54.00000000000011
56.019999999997424,0,1,5.2576348118002585,5.2576348118002585,54.00000000000011
56.02999999999742,0,1,5.25709925797598,5.25709925797598,54.00000000000011
56.03999999999742,0,1,5.256563318045153,5.256563318045153,54.00000000000011
56.04999999999742,0,1,5.256026992001608,5.256026992001608,54.00000000000011
56.059999999997416,0,1,5.255490279839421,5.255490279839421,54.00000000000011
56.069999999997414,0,1,5.254953181552324,5.254953181552324,54.00000000000011
56.07999999999741,0,1,5.254415697134164,5.254415697134164,54.00000000000011
56.08999999999741,0,1,5.253877826579185,5.253877826579185,54.00000000000011
56.09999999999741,0,1,5.253339569881135,5.253339569881135,54.00000000000011
56.109999999997406,0,1,5.252800927033988,5.252800927033988,54.00000000000011
56.119999999997404,0,1,5.252261890833367,5.252261890833367,54.00000000000011
56.1299999999974,0,1,5.251722467902951,5.251722467902951,54.00000000000011
56.1399999999974,0,1,5.251182658796736,5.251182658796736,54.00000000000011
56.1499999999974,0,1,5.250642463508882,5.250642463508882,54.00000000000011
56.159999999997396,0,1,5.2501018820333485,5.2501018820333485,54.00000000000011
56.169999999997394,0,1,5.249560914364395,5.249560914364395,54.00000000000011
56.17999999999739,0,1,5.2490195604958245,5.2490195604958245,54.00000000000011
56.18999999999739,0,1,5.248477829143297,5.248477829143297,54.00000000000011
56.19999999999739,0,1,5.247935852733448,5.247935852733448,54.00000000000011
56.209999999997386,0,1,5.24739348991352,5.24739348991352,54.00000000000011
56.219999999997384,0,1,5.246850740678013,5.246850740678013,54.00000000000011
56.22999999999738,0,1,5.246307605020519,5.246307605020519,54.00000000000011
56.23999999999738,0,1,5.245764082935722,5.245764082935722,54.00000000000011
56.24999999999738,0,1,5.245220174417312,5.245220174417312,54.00000000000011
56.259999999997376,0,1,5.24467587945972,5.24467587945972,54.00000000000011
56.269999999997374,0,1,5.2441311980569765,5.2441311980569765,54.00000000000011
56.27999999999737,0,1,5.24358613020334,5.24358613020334,54.00000000000011
56.28999999999737,0,1,5.243040675893056,5.243040675893056,54.00000000000011
56.29999999999737,0,1,5.242494835120411,5.242494835120411,54.00000000000011
56.309999999997366,0,1,5.241948607879522,5.241948607879522,54.00000000000011
56.319999999997364,0,1,5.241401994164818,5.241401994164818,54.00000000000011
56.32999999999736,0,1,5.240854993970274,5.240854993970274,54.00000000000011
56.33999999999736,0,1,5.2403076072904184,5.2403076072904184,54.00000000000011
56.34999999999736,0,1,5.239134586690881,5.239134586690881,54.00000000000011
56.359999999997356,0,1,5.238586336366325,5.238586336366325,54.00000000000011
56.369999999997354,0,1,5.238037700057916,5.238037700057916,54.00000000000011
56.37999999999735,0,1,5.237488677759586,5.237488677759586,54.00000000000011
56.38999999999735,0,1,5.23693926946568,5.23693926946568,54.00000000000011
56.39999999999735,0,1,5.236143453792181,5.236143453792181,54.00000000000011
56.409999999997346,0,1,5.235615224522334,5.235615224522334,54.00000000000011
56.419999999997344,0,1,5.235064773930674,5.235064773930674,54.00000000000011
56.42999999999734,0,1,5.234513938134356,5.234513938134356,54.00000000000011
56.43999999999734,0,1,5.233962717127227,5.233962717127227,54.00000000000011
56.44999999999734,0,1,5.23341111090329,5.23341111090329,54.00000000000011
56.459999999997336,0,1,5.232859119456592,5.232859119456592,54.00000000000011
56.469999999997334,0,1,5.232306742780992,5.232306742780992,54.00000000000011
56.47999999999733,0,1,5.231753980870522,5.231753980870522,54.00000000000011
56.48999999999733,0,1,5.231200833719157,5.231200833719157,54.00000000000011
56.49999999999733,0,1,5.230647301321028,5.230647301321028,54.00000000000011
56.509999999997326,0,1,5.230093383669924,5.230093383669924,54.00000000000011
56.519999999997324,0,1,5.229539080760148,5.229539080760148,54.00000000000011
56.52999999999732,0,1,5.22898439258573,5.22898439258573,54.00000000000011
56.53999999999732,0,1,5.228429319140574,5.228429319140574,54.00000000000011
56.54999999999732,0,1,5.227873860418896,5.227873860418896,54.00000000000011
56.559999999997316,0,1,5.227318016414728,5.227318016414728,54.00000000000011
56.569999999997314,0,1,5.226761787122186,5.226761787122186,54.00000000000011
56.57999999999731,0,1,5.226205172535515,5.226205172535515,54.00000000000011
56.58999999999731,0,1,5.225648172648732,5.225648172648732,54.00000000000011
56.59999999999731,0,1,5.225090787455997,5.225090787455997,54.00000000000011
56.60999999999731,0,1,5.224533016951526,5.224533016951526,54.00000000000011
56.619999999997304,0,1,5.223974861129463,5.223974861129463,54.00000000000011
56.6299999999973,0,1,5.223416319984054,5.223416319984054,54.00000000000011
56.6399999999973,0,1,5.2228573935095,5.2228573935095,54.00000000000011
56.6499999999973,0,1,5.22229790211567,5.22229790211567,54.00000000000011
56.6599999999973,0,1,5.221737270702363,5.221737270702363,54.00000000000011
56.669999999997295,0,1,5.221176253655187,5.221176253655187,54.00000000000011
56.67999999999729,0,1,5.220615529828734,5.220615529828734,54.00000000000011
56.68999999999729,0,1,5.2200547090629215,5.2200547090629215,54.00000000000011
56.69999999999729,0,1,5.219493502998546,5.219493502998546,54.00000000000011
56.70999999999729,0,1,5.2189319116292125,5.2189319116292125,54.00000000000011
56.719999999997285,0,1,5.2183699349491235,5.2183699349491235,54.00000000000011
56.72999999999728,0,1,5.217807572952296,5.217807572952296,54.00000000000011
56.73999999999728,0,1,5.217244825632619,5.217244825632619,54.00000000000011
56.74999999999728,0,1,5.216681692984224,5.216681692984224,54.00000000000011
56.75999999999728,0,1,5.216118175001114,5.216118175001114,54.00000000000011
56.769999999997275,0,1,5.215554271677348,5.215554271677348,54.00000000000011
56.77999999999727,0,1,5.214989983006916,5.214989983006916,54.00000000000011
56.78999999999727,0,1,5.214425308984062,5.214425308984062,54.00000000000011
56.79999999999727,0,1,5.213860249602732,5.213860249602732,54.00000000000011
56.80999999999727,0,1,5.213317267961713,5.213317267961713,54.00000000000011
56.819999999997265,0,1,5.212751749170508,5.212751749170508,54.00000000000011
56.82999999999726,0,1,5.212185845336279,5.212185845336279,54.00000000000011
56.83999999999726,0,1,5.2116195564529875,5.2116195564529875,54.00000000000011
56.84999999999726,0,1,5.211052882514778,5.211052882514778,54.00000000000011
56.85999999999726,0,1,5.286868021587296,5.286868021587296,54.37500000000011
56.869999999997255,0,1,5.286292979885459,5.286292979885459,54.37500000000011
56.87999999999725,0,1,5.285717553655118,5.285717553655118,54.37500000000011
56.88999999999725,0,1,5.2851417428901755,5.2851417428901755,54.37500000000011
56.89999999999725,0,1,5.284565547584876,5.284565547584876,54.37500000000011
56.90999999999725,0,1,5.283988967167815,5.283988967167815,54.37500000000011
56.919999999997245,0,1,5.283411994794122,5.283411994794122,54.37500000000011
56.92999999999724,0,1,5.282834637854677,5.282834637854677,54.37500000000011
56.93999999999724,0,1,5.2822568963439664,5.2822568963439664,54.37500000000011
56.94999999999724,0,1,5.2816787702559935,5.2816787702559935,54.37500000000011
56.95999999999724,0,1,5.281100259585301,5.281100259585301,54.37500000000011
56.969999999997235,0,1,5.2798966928787365,5.2798966928787365,54.37500000000011
56.97999999999723,0,1,5.279317325230764,5.279317325230764,54.37500000000011
56.98999999999723,0,1,5.278737573495576,5.278737573495576,54.37500000000011
56.99999999999723,0,1,5.278157437667559,5.278157437667559,54.37500000000011
57.00999999999723,0,1,5.277578096118063,5.277578096118063,54.37500000000011
57.019999999997225,0,1,5.276998342559551,5.276998342559551,54.37500000000011
57.02999999999722,0,1,5.276418176994341,5.276418176994341,54.37500000000011
57.03999999999722,0,1,5.27583759942479,5.27583759942479,54.37500000000011
57.04999999999722,0,1,5.275256609853145,5.275256609853145,54.37500000000011
57.05999999999722,0,1,5.274675208281693,5.274675208281693,54.37500000000011
57.069999999997215,0,1,5.274093394712722,5.274093394712722,54.37500000000011
57.07999999999721,0,1,5.273511169148733,5.273511169148733,54.37500000000011
57.08999999999721,0,1,5.2729285315919014,5.2729285315919014,54.37500000000011
57.09999999999721,0,1,5.272345482044457,5.272345482044457,54.37500000000011
57.10999999999721,0,1,5.271762020508987,5.271762020508987,54.37500000000011
57.119999999997205,0,1,5.271178146987751,5.271178146987751,54.37500000000011
57.1299999999972,0,1,5.2705938614830785,5.2705938614830785,54.37500000000011
57.1399999999972,0,1,5.2700091639974005,5.2700091639974005,54.37500000000011
57.1499999999972,0,1,5.269424054533104,5.269424054533104,54.37500000000011
57.1599999999972,0,1,5.268838533092563,5.268838533092563,54.37500000000011
57.169999999997195,0,1,5.268252599678135,5.268252599678135,54.37500000000011
57.17999999999719,0,1,5.267666254292337,5.267666254292337,54.37500000000011
57.18999999999719,0,1,5.267079496937313,5.267079496937313,54.37500000000011
57.19999999999719,0,1,5.266245716260315,5.266245716260315,54.37500000000011
57.20999999999719,0,1,5.265658072620084,5.265658072620084,54.37500000000011
57.219999999997185,0,1,5.265070017107192,5.265070017107192,54.37500000000011
57.22999999999718,0,1,5.264481549724223,5.264481549724223,54.37500000000011
57.23999999999718,0,1,5.2638926704733535,5.2638926704733535,54.37500000000011
57.24999999999718,0,1,5.263303379357211,5.263303379357211,54.37500000000011
57.25999999999718,0,1,5.262713676378141,5.262713676378141,54.37500000000011
57.269999999997175,0,1,5.262123561538431,5.262123561538431,54.37500000000011
57.27999999999717,0,1,5.2615330348406815,5.2615330348406815,54.37500000000011
57.28999999999717,0,1,5.260942096287266,5.260942096287266,54.37500000000011
57.29999999999717,0,1,5.2603507458805865,5.2603507458805865,54.37500000000011
57.30999999999717,0,1,5.259758983623172,5.259758983623172,54.37500000000011
57.319999999997165,0,1,5.259166809517424,5.259166809517424,54.37500000000011
57.32999999999716,0,1,5.258574223565873,5.258574223565873,54.37500000000011
57.33999999999716,0,1,5.257981225770806,5.257981225770806,54.37500000000011
57.34999999999716,0,1,5.257387816135065,5.257387816135065,54.37500000000011
57.35999999999716,0,1,5.256793994660839,5.256793994660839,54.37500000000011
57.369999999997155,0,1,5.2561997613506435,5.2561997613506435,54.37500000000011
57.37999999999715,0,1,5.255605116207235,5.255605116207235,54.37500000000011
57.38999999999715,0,1,5.25501005923293,5.25501005923293,54.37500000000011
57.39999999999715,0,1,5.254414151492043,5.254414151492043,54.37500000000011
57.40999999999715,0,1,5.253831114225889,5.253831114225889,54.37500000000011
57.419999999997145,0,1,5.253235532179616,5.253235532179616,54.37500000000011
57.42999999999714,0,1,5.2526396803192625,5.2526396803192625,54.37500000000011
57.43999999999714,0,1,5.252043432141008,5.252043432141008,54.37500000000011
57.44999999999714,0,1,5.251446787642195,5.251446787642195,54.37500000000011
57.45999999999714,0,1,5.250849746820705,5.250849746820705,54.37500000000011
57.469999999997135,0,1,5.250252309673968,5.250252309673968,54.37500000000011
57.47999999999713,0,1,5.249654476199751,5.249654476199751,54.37500000000011
57.48999999999713,0,1,5.249056246395696,5.249056246395696,54.37500000000011
57.49999999999713,0,1,5.248457620259515,5.248457620259515,54.37500000000011
57.50999999999713,0,1,5.247858597788905,5.247858597788905,54.37500000000011
57.519999999997125,0,1,5.24725917898148,5.24725917898148,54.37500000000011
57.52999999999712,0,1,5.246659363835022,5.246659363835022,54.37500000000011
57.53999999999712,0,1,5.246059152347257,5.246059152347257,54.37500000000011
57.54999999999712,0,1,5.245458544515955,5.245458544515955,54.37500000000011
57.55999999999712,0,1,5.244857540338884,5.244857540338884,54.37500000000011
57.569999999997115,0,1,5.244256139813743,5.244256139813743,54.37500000000011
57.57999999999711,0,1,5.243010352609957,5.243010352609957,54.37500000000011
57.58999999999711,0,1,5.242408083197205,5.242408083197205,54.37500000000011
57.59999999999711,0,1,5.241805417946907,5.241805417946907,54.37500000000011
57.60999999999711,0,1,5.241202356856462,5.241202356856462,54.37500000000011
57.619999999997106,0,1,5.240598899923512,5.240598899923512,54.37500000000011
57.6299999999971,0,1,5.239995047145513,5.239995047145513,54.37500000000011
57.6399999999971,0,1,5.239390798520191,5.239390798520191,54.37500000000011
57.6499999999971,0,1,5.238786154045101,5.238786154045101,54.37500000000011
57.6599999999971,0,1,5.238181113718028,5.238181113718028,54.37500000000011
57.669999999997096,0,1,5.237575677536526,5.237575677536526,54.37500000000011
57.679999999997094,0,1,5.236969845498052,5.236969845498052,54.37500000000011
57.68999999999709,0,1,5.2363636176005315,5.2363636176005315,54.37500000000011
57.69999999999709,0,1,5.235756993841534,5.235756993841534,54.37500000000011
57.70999999999709,0,1,5.23514997337071,5.23514997337071,54.37500000000011
57.719999999997086,0,1,5.234542549474327,5.234542549474327,54.37500000000011
57.729999999997084,0,1,5.2339347297021845,5.2339347297021845,54.37500000000011
57.73999999999708,0,1,5.233326514051868,5.233326514051868,54.37500000000011
57.74999999999708,0,1,5.23271790252123,5.23271790252123,54.37500000000011
57.75999999999708,0,1,5.232108895108027,5.232108895108027,54.37500000000011
57.769999999997076,0,1,5.231499491810041,5.231499491810041,54.37500000000011
57.779999999997074,0,1,5.230889692625155,5.230889692625155,54.37500000000011
57.78999999999707,0,1,5.2302794975508675,5.2302794975508675,54.37500000000011
57.79999999999707,0,1,5.229668906585317,5.229668906585317,54.37500000000011
57.80999999999707,0,1,5.229075102383021,5.229075102383021,54.37500000000011
57.819999999997066,0,1,5.228464144867829,5.228464144867829,54.37500000000011
57.829999999997064,0,1,5.227852796612581,5.227852796612581,54.37500000000011
57.83999999999706,0,1,5.227241057613639,5.227241057613639,54.37500000000011
57.84999999999706,0,1,5.226628927867566,5.226628927867566,54.37500000000011
57.85999999999706,0,1,5.2260164073706505,5.2260164073706505,54.37500000000011
57.869999999997056,0,1,5.225403496119455,5.225403496119455,54.37500000000011
57.879999999997054,0,1,5.22479019411044,5.22479019411044,54.37500000000011
57.88999999999705,0,1,5.224176501340324,5.224176501340324,54.37500000000011
57.89999999999705,0,1,5.2235624178053115,5.2235624178053115,54.37500000000011
57.90999999999705,0,1,5.222947943502021,5.222947943502021,54.37500000000011
57.919999999997046,0,1,5.222333078427056,5.222333078427056,54.37500000000011
57.929999999997044,0,1,5.221717822576849,5.221717822576849,54.37500000000011
57.93999999999704,0,1,5.221102175948076,5.221102175948076,54.37500000000011
57.94999999999704,0,1,5.220486138537339,5.220486138537339,54.37500000000011
57.95999999999704,0,1,5.219869710341072,5.219869710341072,54.37500000000011
57.969999999997036,0,1,5.219252891356021,5.219252891356021,54.37500000000011
57.979999999997034,0,1,5.218635681578618,5.218635681578618,54.37500000000011
57.98999999999703,0,1,5.21801808100561,5.21801808100561,54.37500000000011
57.99999999999703,0,1,5.217400089633685,5.217400089633685,54.37500000000011
58.00999999999703,0,1,5.216526881507278,5.216526881507278,54.37500000000011
58.019999999997026,0,1,5.215908052167336,5.215908052167336,54.37500000000011
58.029999999997024,0,1,5.21528883210344,5.21528883210344,54.37500000000011
58.03999999999702,0,1,5.214669326439761,5.214669326439761,54.37500000000011
58.04999999999702,0,1,5.2140494814047855,5.2140494814047855,54.37500000000011
58.05999999999702,0,1,5.213429245420784,5.213429245420784,54.37500000000011
58.069999999997016,0,1,5.2128086184841465,5.2128086184841465,54.37500000000011
58.079999999997014,0,1,5.212187600591648,5.212187600591648,54.37500000000011
58.08999999999701,0,1,5.211566191740019,5.211566191740019,54.37500000000011
58.09999999999701,0,1,5.210944391925892,5.210944391925892,54.37500000000011
58.10999999999701,0,1,5.210322201146113,5.210322201146113,54.37500000000011
58.119999999997006,0,1,5.209699619397568,5.209699619397568,54.37500000000011
58.129999999997004,0,1,5.209076646676664,5.209076646676664,54.37500000000011
58.139999999997,0,1,5.208453436452331,5.208453436452331,54.37500000000011
58.149999999997,0,1,5.207830168109297,5.207830168109297,54.37500000000011
58.159999999997,0,1,5.20720605175363,5.20720605175363,54.37500000000011
58.169999999996996,0,1,5.206581544468548,5.206581544468548,54.37500000000011
58.179999999996994,0,1,5.2059566462507405,5.2059566462507405,54.37500000000011
58.18999999999699,0,1,5.205331357096668,5.205331357096668,54.37500000000011
58.19999999999699,0,1,5.204043345525534,5.204043345525534,54.37500000000011
58.20999999999699,0,1,5.203435574283986,5.203435574283986,54.37500000000011
58.219999999996986,0,1,5.2028093638970745,5.2028093638970745,54.37500000000011
58.229999999996984,0,1,5.202182765624116,5.202182765624116,54.37500000000011
58.23999999999698,0,1,5.201555779460861,5.201555779460861,54.37500000000011
58.24999999999698,0,1,5.200928405402877,5.200928405402877,54.37500000000011
58.25999999999698,0,1,5.200300643445644,5.200300643445644,54.37500000000011
58.269999999996976,0,1,5.199672493584998,5.199672493584998,54.37500000000011
58.279999999996974,0,1,5.1990439558165775,5.1990439558165775,54.37500000000011
58.28999999999697,0,1,5.198415030136047,5.198415030136047,54.37500000000011
58.29999999999697,0,1,5.197785716539059,5.197785716539059,54.37500000000011
58.30999999999697,0,1,5.197156015021406,5.197156015021406,54.37500000000011
58.319999999996966,0,1,5.1965259255788965,5.1965259255788965,54.37500000000011
58.329999999996964,0,1,5.195895448206855,5.195895448206855,54.37500000000011
58.33999999999696,0,1,5.195264582901331,5.195264582901331,54.37500000000011
58.34999999999696,0,1,5.19463332965816,5.19463332965816,54.37500000000011
58.35999999999696,0,1,5.19400168847298,5.19400168847298,54.37500000000011
58.369999999996956,0,1,5.193369659341684,5.193369659341684,54.37500000000011
58.379999999996954,0,1,5.192737242259881,5.192737242259881,54.37500000000011
58.38999999999695,0,1,5.192104437223463,5.192104437223463,54.37500000000011
58.39999999999695,0,1,5.1914712442284525,5.1914712442284525,54.37500000000011
58.40999999999695,0,1,5.190837663270429,5.190837663270429,54.37500000000011
58.419999999996946,0,1,5.190203694345385,5.190203694345385,54.37500000000011
58.429999999996944,0,1,5.189569337449029,5.189569337449029,54.37500000000011
58.43999999999694,0,1,5.1889345925775245,5.1889345925775245,54.37500000000011
58.44999999999694,0,1,5.18829945972648,5.18829945972648,54.37500000000011
58.45999999999694,0,1,5.187663938891831,5.187663938891831,54.37500000000011
58.469999999996936,0,1,5.1870280300695555,5.1870280300695555,54.37500000000011
58.479999999996934,0,1,5.186391733255746,5.186391733255746,54.37500000000011
58.48999999999693,0,1,5.185755048446154,5.185755048446154,54.37500000000011
58.49999999999693,0,1,5.1851179756369135,5.1851179756369135,54.37500000000011
58.50999999999693,0,1,5.184480514743797,5.184480514743797,54.37500000000011
58.51999999999693,0,1,5.183842657115505,5.183842657115505,54.37500000000011
58.529999999996924,0,1,5.183204411469063,5.183204411469063,54.37500000000011
58.53999999999692,0,1,5.1825657778003915,5.1825657778003915,54.37500000000011
58.54999999999692,0,1,5.181926756105497,5.181926756105497,54.37500000000011
58.55999999999692,0,1,5.181287346380586,5.181287346380586,54.37500000000011
58.56999999999692,0,1,5.180647548621437,5.180647548621437,54.37500000000011
58.579999999996915,0,1,5.180007362824398,5.180007362824398,54.37500000000011
58.58999999999691,0,1,5.179366788985547,5.179366788985547,54.37500000000011
58.59999999999691,0,1,5.178725827100706,5.178725827100706,54.37500000000011
58.60999999999691,0,1,5.178104687552533,5.178104687552533,54.37500000000011
58.61999999999691,0,1,5.177463199581467,5.177463199581467,54.37500000000011
58.629999999996905,0,1,5.176821325067891,5.176821325067891,54.37500000000011
58.6399999999969,0,1,5.176179210502156,5.176179210502156,54.37500000000011
58.6499999999969,0,1,5.175536723039201,5.175536723039201,54.37500000000011
58.6599999999969,0,1,5.174893848794255,5.174893848794255,54.37500000000011
58.6699999999969,0,1,5.174250587762984,5.174250587762984,54.37500000000011
58.679999999996895,0,1,5.173606939941223,5.173606939941223,54.37500000000011
58.68999999999689,0,1,5.172962905325193,5.172962905325193,54.37500000000011
58.69999999999689,0,1,5.17231848391053,5.17231848391053,54.37500000000011
58.70999999999689,0,1,5.171673675693128,5.171673675693128,54.37500000000011
58.71999999999689,0,1,5.17102848066898,5.17102848066898,54.37500000000011
58.729999999996885,0,1,5.170382898833864,5.170382898833864,54.37500000000011
58.73999999999688,0,1,5.1697369301838165,5.1697369301838165,54.37500000000011
58.74999999999688,0,1,5.169090574714971,5.169090574714971,54.37500000000011
58.75999999999688,0,1,5.168443832423051,5.168443832423051,54.37500000000011
58.76999999999688,0,1,5.1677967033041625,5.1677967033041625,54.37500000000011
58.779999999996875,0,1,5.167149187354212,5.167149187354212,54.37500000000011
58.78999999999687,0,1,5.1665012845692075,5.1665012845692075,54.37500000000011
58.79999999999687,0,1,5.165178608479522,5.165178608479522,54.37500000000011
58.80999999999687,0,1,5.164266699190364,5.164266699190364,54.37500000000011
58.81999999999687,0,1,5.163617533058556,5.163617533058556,54.37500000000011
58.829999999996865,0,1,5.162967980666977,5.162967980666977,54.37500000000011
58.83999999999686,0,1,5.162318042011236,5.162318042011236,54.37500000000011
58.84999999999686,0,1,5.16166771708717,5.16166771708717,54.37500000000011
58.85999999999686,0,1,5.161017005890585,5.161017005890585,54.37500000000011
58.86999999999686,0,1,5.16036590841712,5.16036590841712,54.37500000000011
58.879999999996855,0,1,5.159714424662681,5.159714424662681,54.37500000000011
58.88999999999685,0,1,5.159062554622977,5.159062554622977,54.37500000000011
58.89999999999685,0,1,5.158409942721121,5.158409942721121,54.37500000000011
58.90999999999685,0,1,5.157756312391484,5.157756312391484,54.37500000000011
58.91999999999685,0,1,5.157102295589837,5.157102295589837,54.37500000000011
58.929999999996845,0,1,5.156447892312599,5.156447892312599,54.37500000000011
58.93999999999684,0,1,5.155793102556487,5.155793102556487,54.37500000000011
58.94999999999684,0,1,5.155138586447492,5.155138586447492,54.37500000000011
58.95999999999684,0,1,5.154484040169905,5.154484040169905,54.37500000000011
58.96999999999684,0,1,5.153829107624375,5.153829107624375,54.37500000000011
58.979999999996835,0,1,5.15317378880664,5.15317378880664,54.37500000000011
58.98999999999683,0,1,5.152518083712351,5.152518083712351,54.37500000000011
58.99999999999683,0,1,5.151861992337203,5.151861992337203,54.37500000000011
59.00999999999683,0,1,5.151226427588583,5.151226427588583,54.37500000000011
59.01999999999683,0,1,5.1505697703829725,5.1505697703829725,54.37500000000011
59.029999999996825,0,1,5.14991272788231,5.14991272788231,54.37500000000011
59.03999999999682,0,1,5.149255300081833,5.149255300081833,54.37500000000011
59.04999999999682,0,1,5.148597486976854,5.148597486976854,54.37500000000011
59.05999999999682,0,1,5.147939288562952,5.147939288562952,54.37500000000011
59.06999999999682,0,1,5.147280704835538,5.147280704835538,54.37500000000011
59.079999999996815,0,1,5.146621735790106,5.146621735790106,54.37500000000011
59.08999999999681,0,1,5.145962381421867,5.145962381421867,54.37500000000011
59.09999999999681,0,1,5.145302641726744,5.145302641726744,54.37500000000011
59.10999999999681,0,1,5.144642516699818,5.144642516699818,54.37500000000011
59.11999999999681,0,1,5.14398200633687,5.14398200633687,54.37500000000011
59.129999999996805,0,1,5.143321110633181,5.143321110633181,54.37500000000011
59.1399999999968,0,1,5.142659829584517,5.142659829584517,54.37500000000011
59.1499999999968,0,1,5.141998163186145,5.141998163186145,54.37500000000011
59.1599999999968,0,1,5.141336111433958,5.141336111433958,54.37500000000011
59.1699999999968,0,1,5.1406736743232955,5.1406736743232955,54.37500000000011
59.179999999996795,0,1,5.140010851849908,5.140010851849908,54.37500000000011
59.18999999999679,0,1,5.1393476440090495,5.1393476440090495,54.37500000000011
59.19999999999679,0,1,5.138684050796897,5.138684050796897,54.37500000000011
59.20999999999679,0,1,5.138020072208505,5.138020072208505,54.37500000000011
59.21999999999679,0,1,5.1373557082400225,5.1373557082400225,54.37500000000011
59.229999999996785,0,1,5.136690958886632,5.136690958886632,54.37500000000011
59.23999999999678,0,1,5.136025824144312,5.136025824144312,54.37500000000011
59.24999999999678,0,1,5.1353603681723,5.1353603681723,54.37500000000011
59.25999999999678,0,1,5.134694626734998,5.134694626734998,54.37500000000011
59.26999999999678,0,1,5.134028499657617,5.134028499657617,54.37500000000011
59.279999999996775,0,1,5.133361986936066,5.133361986936066,54.37500000000011
59.28999999999677,0,1,5.132695088566152,5.132695088566152,54.37500000000011
59.29999999999677,0,1,5.132027804543867,5.132027804543867,54.37500000000011
59.30999999999677,0,1,5.131360134864778,5.131360134864778,54.37500000000011
59.31999999999677,0,1,5.130692072269767,5.130692072269767,54.37500000000011
59.329999999996765,0,1,5.1300236220718745,5.1300236220718745,54.37500000000011
59.33999999999676,0,1,5.129354786199215,5.129354786199215,54.37500000000011
59.34999999999676,0,1,5.1286855646479665,5.1286855646479665,54.37500000000011
59.35999999999676,0,1,5.12801595741405,5.12801595741405,54.37500000000011
59.36999999999676,0,1,5.127345964493131,5.127345964493131,54.37500000000011
59.379999999996755,0,1,5.126675585881401,5.126675585881401,54.37500000000011
59.38999999999675,0,1,5.126004821574696,5.126004821574696,54.37500000000011
59.39999999999675,0,1,5.125333671569081,5.125333671569081,54.37500000000011
59.40999999999675,0,1,5.12399091605009,5.12399091605009,54.37500000000011
59.41999999999675,0,1,5.123319128926354,5.123319128926354,54.37500000000011
59.429999999996745,0,1,5.1226469573056335,5.1226469573056335,54.37500000000011
59.43999999999674,0,1,5.12197440118338,5.12197440118338,54.37500000000011
59.44999999999674,0,1,5.12130146055523,5.12130146055523,54.37500000000011
59.45999999999674,0,1,5.120628135416737,5.120628135416737,54.37500000000011
59.46999999999674,0,1,5.119954425763453,5.119954425763453,54.37500000000011
59.479999999996735,0,1,5.119280331590943,5.119280331590943,54.37500000000011
59.48999999999673,0,1,5.118605852894916,5.118605852894916,54.37500000000011
59.49999999999673,0,1,5.1179309896710805,5.1179309896710805,54.37500000000011
59.50999999999673,0,1,5.117255741914846,5.117255741914846,54.37500000000011
59.51999999999673,0,1,5.116580109622106,5.116580109622106,54.37500000000011
59.529999999996726,0,1,5.115904092788227,5.115904092788227,54.37500000000011
59.53999999999672,0,1,5.115227691409174,5.115227691409174,54.37500000000011
59.54999999999672,0,1,5.114550905480357,5.114550905480357,54.37500000000011
59.55999999999672,0,1,5.113873734997824,5.113873734997824,54.37500000000011
59.56999999999672,0,1,5.113196179957029,5.113196179957029,54.37500000000011
59.579999999996716,0,1,5.112518240353836,5.112518240353836,54.37500000000011
59.589999999996714,0,1,5.111839916183911,5.111839916183911,54.37500000000011
59.59999999999671,0,1,5.111161207443189,5.111161207443189,54.37500000000011
59.60999999999671,0,1,5.110211523187559,5.110211523187559,54.37500000000011
59.61999999999671,0,1,5.109532000258639,5.109532000258639,54.37500000000011
59.629999999996706,0,1,5.108852092825558,5.108852092825558,54.37500000000011
59.639999999996704,0,1,5.108171800884065,5.108171800884065,54.37500000000011
59.6499999999967,0,1,5.107491124429956,5.107491124429956,54.37500000000011
59.6599999999967,0,1,5.106809099805659,5.106809099805659,54.37500000000011
59.6699999999967,0,1,5.106126642689006,5.106126642689006,54.37500000000011
59.679999999996696,0,1,5.105443800924803,5.105443800924803,54.37500000000011
59.689999999996694,0,1,5.104761393660908,5.104761393660908,54.37500000000011
59.69999999999669,0,1,5.104078820616266,5.104078820616266,54.37500000000011
59.70999999999669,0,1,5.103395863079285,5.103395863079285,54.37500000000011
59.71999999999669,0,1,5.102712521045831,5.102712521045831,54.37500000000011
59.729999999996686,0,1,5.1020287945113125,5.1020287945113125,54.37500000000011
59.739999999996684,0,1,5.101344683471083,5.101344683471083,54.37500000000011
59.74999999999668,0,1,5.100660187921051,5.100660187921051,54.37500000000011
59.75999999999668,0,1,5.099975307856496,5.099975307856496,54.37500000000011
59.76999999999668,0,1,5.099290043273015,5.099290043273015,54.37500000000011
59.779999999996676,0,1,5.098604394166301,5.098604394166301,54.37500000000011
59.789999999996674,0,1,5.097918360531935,5.097918360531935,54.37500000000011
59.79999999999667,0,1,5.097231942365667,5.097231942365667,54.37500000000011
59.80999999999667,0,1,5.09656687217992,5.09656687217992,54.37500000000011
59.81999999999667,0,1,5.095879838004649,5.095879838004649,54.37500000000011
59.829999999996666,0,1,5.095192419808484,5.095192419808484,54.37500000000011
59.839999999996664,0,1,5.094504617587106,5.094504617587106,54.37500000000011
59.84999999999666,0,1,5.0938164313359096,5.0938164313359096,54.37500000000011
59.85999999999666,0,1,5.093127861050746,5.093127861050746,54.37500000000011
59.86999999999666,0,1,5.092439045074386,5.092439045074386,54.37500000000011
59.879999999996656,0,1,5.09174987436414,5.09174987436414,54.37500000000011
59.889999999996654,0,1,5.091060319357794,5.091060319357794,54.37500000000011
59.89999999999665,0,1,5.09037038005134,5.09037038005134,54.37500000000011
59.90999999999665,0,1,5.089680056440301,5.089680056440301,54.37500000000011
59.91999999999665,0,1,5.088989348520457,5.088989348520457,54.37500000000011
59.929999999996646,0,1,5.088298256287786,5.088298256287786,54.37500000000011
59.939999999996644,0,1,5.08760677973774,5.08760677973774,54.37500000000011
59.94999999999664,0,1,5.086914918866512,5.086914918866512,54.37500000000011
59.95999999999664,0,1,5.086222673669539,5.086222673669539,54.37500000000011
59.96999999999664,0,1,5.085530044142757,5.085530044142757,54.37500000000011
59.979999999996636,0,1,5.08483703028206,5.08483703028206,54.37500000000011
59.989999999996634,0,1,5.084143632083254,5.084143632083254,54.37500000000011
59.99999999999663,0,1,5.083449849542319,5.083449849542319,54.37500000000011
60.00999999999663,0,1,5.082756819341242,5.082756819341242,54.37500000000011
60.01999999999663,0,1,5.0820633778697015,5.0820633778697015,54.37500000000011
60.029999999996626,0,1,5.080658950595847,5.080658950595847,54.37500000000011
60.039999999996624,0,1,5.079964655650869,5.079964655650869,54.37500000000011
60.04999999999662,0,1,5.079269949962452,5.079269949962452,54.37500000000011
60.05999999999662,0,1,5.0785748335333665,5.0785748335333665,54.37500000000011
60.06999999999662,0,1,5.07787930636664,5.07787930636664,54.37500000000011
60.079999999996616,0,1,5.077183368465043,5.077183368465043,54.37500000000011
60.089999999996614,0,1,5.076487019831745,5.076487019831745,54.37500000000011
60.09999999999661,0,1,5.075790260469702,5.075790260469702,54.37500000000011
60.10999999999661,0,1,5.075093090381799,5.075093090381799,54.37500000000011
60.11999999999661,0,1,5.074395505817506,5.074395505817506,54.37500000000011
60.129999999996606,0,1,5.073697504766386,5.073697504766386,54.37500000000011
60.139999999996604,0,1,5.072999092993058,5.072999092993058,54.37500000000011
60.1499999999966,0,1,5.072300270500321,5.072300270500321,54.37500000000011
60.1599999999966,0,1,5.071601037291316,5.071601037291316,54.37500000000011
60.1699999999966,0,1,5.0709013933689135,5.0709013933689135,54.37500000000011
60.179999999996596,0,1,5.070201338736382,5.070201338736382,54.37500000000011
60.189999999996594,0,1,5.069500873396663,5.069500873396663,54.37500000000011
60.19999999999659,0,1,5.068799997352741,5.068799997352741,54.37500000000011
60.20999999999659,0,1,5.068098710607998,5.068098710607998,54.37500000000011
60.21999999999659,0,1,5.067397013165191,5.067397013165191,54.37500000000011
60.229999999996586,0,1,5.066694905027347,5.066694905027347,54.37500000000011
60.239999999996584,0,1,5.065992386198047,5.065992386198047,54.37500000000011
60.24999999999658,0,1,5.065289456679878,5.065289456679878,54.37500000000011
60.25999999999658,0,1,5.064586116476278,5.064586116476278,54.37500000000011
60.26999999999658,0,1,5.063882365590246,5.063882365590246,54.37500000000011
60.279999999996576,0,1,5.063178204024865,5.063178204024865,54.37500000000011
60.289999999996574,0,1,5.062473631783391,5.062473631783391,54.37500000000011
60.29999999999657,0,1,5.061768648868863,5.061768648868863,54.37500000000011
60.30999999999657,0,1,5.0610632552844805,5.0610632552844805,54.37500000000011
60.31999999999657,0,1,5.060357451033383,5.060357451033383,54.37500000000011
60.329999999996566,0,1,5.059651236118853,5.059651236118853,54.37500000000011
60.339999999996564,0,1,5.058944610543847,5.058944610543847,54.37500000000011
60.34999999999656,0,1,5.058237574311661,5.058237574311661,54.37500000000011
60.35999999999656,0,1,5.057530127425579,5.057530127425579,54.37500000000011
60.36999999999656,0,1,5.0568222698888405,5.0568222698888405,54.37500000000011
60.379999999996556,0,1,5.0561139169523415,5.0561139169523415,54.37500000000011
60.389999999996554,0,1,5.055404205057329,5.055404205057329,54.37500000000011
60.39999999999655,0,1,5.054694450260882,5.054694450260882,54.37500000000011
60.40999999999655,0,1,5.053997772884728,5.053997772884728,54.37500000000011
60.41999999999655,0,1,5.053011277556834,5.053011277556834,54.37500000000011
60.42999999999655,0,1,5.052301201642521,5.052301201642521,54.37500000000011
60.439999999996544,0,1,5.051591115013224,5.051591115013224,54.37500000000011
60.44999999999654,0,1,5.050880632975833,5.050880632975833,54.37500000000011
60.45999999999654,0,1,5.050169755529041,5.050169755529041,54.37500000000011
60.46999999999654,0,1,5.0494584826716675,5.0494584826716675,54.37500000000011
60.47999999999654,0,1,5.048746858739307,5.048746858739307,54.37500000000011
60.489999999996535,0,1,5.048034966332793,5.048034966332793,54.37500000000011
60.49999999999653,0,1,5.0473226782572596,5.0473226782572596,54.37500000000011
60.50999999999653,0,1,5.046609994511826,5.046609994511826,54.37500000000011
60.51999999999653,0,1,5.045896915095099,5.045896915095099,54.37500000000011
60.52999999999653,0,1,5.045183440006312,5.045183440006312,54.37500000000011
60.539999999996525,0,1,5.04446956924437,5.04446956924437,54.37500000000011
60.54999999999652,0,1,5.043755302808123,5.043755302808123,54.37500000000011
60.55999999999652,0,1,5.043040640696461,5.043040640696461,54.37500000000011
60.56999999999652,0,1,5.042325582908774,5.042325582908774,54.37500000000011
60.57999999999652,0,1,5.041610129443711,5.041610129443711,54.37500000000011
60.589999999996515,0,1,5.04089428030035,5.04089428030035,54.37500000000011
60.59999999999651,0,1,5.040178035477879,5.040178035477879,54.37500000000011
60.60999999999651,0,1,5.039461394975149,5.039461394975149,54.37500000000011
60.61999999999651,0,1,5.0387443587911775,5.0387443587911775,54.37500000000011
60.62999999999651,0,1,5.038026926925298,5.038026926925298,54.37500000000011
60.639999999996505,0,1,5.036580893705207,5.036580893705207,54.37500000000011
60.6499999999965,0,1,5.035862650490515,5.035862650490515,54.37500000000011
60.6599999999965,0,1,5.035144012100901,5.035144012100901,54.37500000000011
60.6699999999965,0,1,5.034424978535668,5.034424978535668,54.37500000000011
60.6799999999965,0,1,5.033705549793112,5.033705549793112,54.37500000000011
60.689999999996495,0,1,5.032985725872507,5.032985725872507,54.37500000000011
60.69999999999649,0,1,5.032265506772262,5.032265506772262,54.37500000000011
60.70999999999649,0,1,5.031544892491411,5.031544892491411,54.37500000000011
60.71999999999649,0,1,5.030823883028859,5.030823883028859,54.37500000000011
60.72999999999649,0,1,5.030102478383242,5.030102478383242,54.37500000000011
60.739999999996485,0,1,5.029380678553636,5.029380678553636,54.37500000000011
60.74999999999648,0,1,5.028658483538834,5.028658483538834,54.37500000000011
60.75999999999648,0,1,5.0279358933379115,5.0279358933379115,54.37500000000011
60.76999999999648,0,1,5.027212907949547,5.027212907949547,54.37500000000011
60.77999999999648,0,1,5.026489527372675,5.026489527372675,54.37500000000011
60.789999999996475,0,1,5.025765751606485,5.025765751606485,54.37500000000011
60.79999999999647,0,1,5.025041580649585,5.025041580649585,54.37500000000011
60.80999999999647,0,1,5.024333596499858,5.024333596499858,54.37500000000011
60.81999999999647,0,1,5.0236090456381675,5.0236090456381675,54.37500000000011
60.82999999999647,0,1,5.022884104565662,5.022884104565662,54.37500000000011
60.839999999996465,0,1,5.022158773279514,5.022158773279514,54.37500000000011
60.84999999999646,0,1,5.021433051777933,5.021433051777933,54.37500000000011
60.85999999999646,0,1,5.020706940058346,5.020706940058346,54.37500000000011
60.86999999999646,0,1,5.019980438118807,5.019980438118807,54.37500000000011
60.87999999999646,0,1,5.01925354595673,5.01925354595673,54.37500000000011
60.889999999996455,0,1,5.018526263570166,5.018526263570166,54.37500000000011
60.89999999999645,0,1,5.017798590956616,5.017798590956616,54.37500000000011
60.90999999999645,0,1,5.0170705281140044,5.0170705281140044,54.37500000000011
60.91999999999645,0,1,5.09011495041392,5.09011495041392,54.750000000000114
60.92999999999645,0,1,5.089378616211462,5.089378616211462,54.750000000000114
60.939999999996445,0,1,5.088641891044375,5.088641891044375,54.750000000000114
60.94999999999644,0,1,5.087904776195913,5.087904776195913,54.750000000000114
60.95999999999644,0,1,5.087167271663901,5.087167271663901,54.750000000000114
60.96999999999644,0,1,5.086429377446464,5.086429377446464,54.750000000000114
60.97999999999644,0,1,5.085691093541328,5.085691093541328,54.750000000000114
60.989999999996435,0,1,5.084952419946774,5.084952419946774,54.750000000000114
60.99999999999643,0,1,5.084213356660584,5.084213356660584,54.750000000000114
61.00999999999643,0,1,5.083473903680897,5.083473903680897,54.750000000000114
61.01999999999643,0,1,5.0827340610055955,5.0827340610055955,54.750000000000114
61.02999999999643,0,1,5.081993828633003,5.081993828633003,54.750000000000114
61.039999999996425,0,1,5.081253206560817,5.081253206560817,54.750000000000114
61.04999999999642,0,1,5.080512194787502,5.080512194787502,54.750000000000114
61.05999999999642,0,1,5.079770793310743,5.079770793310743,54.750000000000114
61.06999999999642,0,1,5.079029002128905,5.079029002128905,54.750000000000114
61.07999999999642,0,1,5.078286890917568,5.078286890917568,54.750000000000114
61.089999999996415,0,1,5.077544489821051,5.077544489821051,54.750000000000114
61.09999999999641,0,1,5.07680169875735,5.07680169875735,54.750000000000114
61.10999999999641,0,1,5.076058517725031,5.076058517725031,54.750000000000114
61.11999999999641,0,1,5.075314946722187,5.075314946722187,54.750000000000114
61.12999999999641,0,1,5.074570985747243,5.074570985747243,54.750000000000114
61.139999999996405,0,1,5.073826463721275,5.073826463721275,54.750000000000114
61.1499999999964,0,1,5.073081724760257,5.073081724760257,54.750000000000114
61.1599999999964,0,1,5.07233661579761,5.07233661579761,54.750000000000114
61.1699999999964,0,1,5.071591116892648,5.071591116892648,54.750000000000114
61.1799999999964,0,1,5.07084522804324,5.07084522804324,54.750000000000114
61.189999999996395,0,1,5.070098949247281,5.070098949247281,54.750000000000114
61.19999999999639,0,1,5.0693522805031535,5.0693522805031535,54.750000000000114
61.20999999999639,0,1,5.068623809220014,5.068623809220014,54.750000000000114
61.21999999999639,0,1,5.067599332717776,5.067599332717776,54.750000000000114
61.22999999999639,0,1,5.06685176680989,5.06685176680989,54.750000000000114
61.239999999996385,0,1,5.066103813507382,5.066103813507382,54.750000000000114
61.24999999999638,0,1,5.06535547280761,5.06535547280761,54.750000000000114
61.25999999999638,0,1,5.063880352050575,5.063880352050575,54.750000000000114
61.26999999999638,0,1,5.063131218567307,5.063131218567307,54.750000000000114
61.27999999999638,0,1,5.062381698180076,5.062381698180076,54.750000000000114
61.289999999996375,0,1,5.061631790886111,5.061631790886111,54.750000000000114
61.29999999999637,0,1,5.060881496682413,5.060881496682413,54.750000000000114
61.30999999999637,0,1,5.060130815566083,5.060130815566083,54.750000000000114
61.31999999999637,0,1,5.059379747534308,5.059379747534308,54.750000000000114
61.32999999999637,0,1,5.058628292584515,5.058628292584515,54.750000000000114
61.339999999996365,0,1,5.057876450713664,5.057876450713664,54.750000000000114
61.34999999999636,0,1,5.057124221918997,5.057124221918997,54.750000000000114
61.35999999999636,0,1,5.056371606197786,5.056371606197786,54.750000000000114
61.36999999999636,0,1,5.055618603547131,5.055618603547131,54.750000000000114
61.37999999999636,0,1,5.054865213964348,5.054865213964348,54.750000000000114
61.389999999996355,0,1,5.054111437447034,5.054111437447034,54.750000000000114
61.39999999999635,0,1,5.053357273991963,5.053357273991963,54.750000000000114
61.40999999999635,0,1,5.052602723596536,5.052602723596536,54.750000000000114
61.41999999999635,0,1,5.051847786258264,5.051847786258264,54.750000000000114
61.42999999999635,0,1,5.051092461974221,5.051092461974221,54.750000000000114
61.439999999996346,0,1,5.050336750742076,5.050336750742076,54.750000000000114
61.44999999999634,0,1,5.049580652558689,5.049580652558689,54.750000000000114
61.45999999999634,0,1,5.048824167421728,5.048824167421728,54.750000000000114
61.46999999999634,0,1,5.048067295328394,5.048067295328394,54.750000000000114
61.47999999999634,0,1,5.047310036276187,5.047310036276187,54.750000000000114
61.489999999996336,0,1,5.046552390262349,5.046552390262349,54.750000000000114
61.499999999996334,0,1,5.045794357284592,5.045794357284592,54.750000000000114
61.50999999999633,0,1,5.04503593733989,5.04503593733989,54.750000000000114
61.51999999999633,0,1,5.044277130425996,5.044277130425996,54.750000000000114
61.52999999999633,0,1,5.043517936540169,5.043517936540169,54.750000000000114
61.539999999996326,0,1,5.042758355679979,5.042758355679979,54.750000000000114
61.549999999996324,0,1,5.041998387842796,5.041998387842796,54.750000000000114
61.55999999999632,0,1,5.041238033026076,5.041238033026076,54.750000000000114
61.56999999999632,0,1,5.040477291227319,5.040477291227319,54.750000000000114
61.57999999999632,0,1,5.0397161624441935,5.0397161624441935,54.750000000000114
61.589999999996316,0,1,5.038954646674014,5.038954646674014,54.750000000000114
61.599999999996314,0,1,5.038192743914365,5.038192743914365,54.750000000000114
61.60999999999631,0,1,5.037450124469146,5.037450124469146,54.750000000000114
61.61999999999631,0,1,5.036687691168368,5.036687691168368,54.750000000000114
61.62999999999631,0,1,5.035924872347763,5.035924872347763,54.750000000000114
61.639999999996306,0,1,5.035161668004619,5.035161668004619,54.750000000000114
61.649999999996304,0,1,5.034398078136164,5.034398078136164,54.750000000000114
61.6599999999963,0,1,5.033634102739484,5.033634102739484,54.750000000000114
61.6699999999963,0,1,5.032869741812107,5.032869741812107,54.750000000000114
61.6799999999963,0,1,5.032104995350963,5.032104995350963,54.750000000000114
61.689999999996296,0,1,5.031339863353523,5.031339863353523,54.750000000000114
61.699999999996294,0,1,5.030574470006158,5.030574470006158,54.750000000000114
61.70999999999629,0,1,5.0298087397740545,5.0298087397740545,54.750000000000114
61.71999999999629,0,1,5.029042623730518,5.029042623730518,54.750000000000114
61.72999999999629,0,1,5.0282761197811965,5.0282761197811965,54.750000000000114
61.739999999996286,0,1,5.027509222156581,5.027509222156581,54.750000000000114
61.749999999996284,0,1,5.026741938709563,5.026741938709563,54.750000000000114
61.75999999999628,0,1,5.02597426943791,5.02597426943791,54.750000000000114
61.76999999999628,0,1,5.0252062143387946,5.0252062143387946,54.750000000000114
61.77999999999628,0,1,5.024437773409872,5.024437773409872,54.750000000000114
61.789999999996276,0,1,5.023668946648812,5.023668946648812,54.750000000000114
61.799999999996274,0,1,5.02289973405307,5.02289973405307,54.750000000000114
61.80999999999627,0,1,5.022130135620429,5.022130135620429,54.750000000000114
61.81999999999627,0,1,5.021360151348404,5.021360151348404,54.750000000000114
61.82999999999627,0,1,5.020589781234392,5.020589781234392,54.750000000000114
61.839999999996266,0,1,5.019819025276277,5.019819025276277,54.750000000000114
61.849999999996264,0,1,5.019047883471572,5.019047883471572,54.750000000000114
61.85999999999626,0,1,5.017540671723523,5.017540671723523,54.750000000000114
61.86999999999626,0,1,5.0167687500751725,5.0167687500751725,54.750000000000114
61.87999999999626,0,1,5.015996443070875,5.015996443070875,54.750000000000114
61.889999999996256,0,1,5.015223750707847,5.015223750707847,54.750000000000114
61.899999999996254,0,1,5.014450672983429,5.014450672983429,54.750000000000114
61.90999999999625,0,1,5.013676181250602,5.013676181250602,54.750000000000114
61.91999999999625,0,1,5.012901282995273,5.012901282995273,54.750000000000114
61.92999999999625,0,1,5.0121259993441925,5.0121259993441925,54.750000000000114
61.939999999996246,0,1,5.011350330295173,5.011350330295173,54.750000000000114
61.949999999996244,0,1,5.010574275846196,5.010574275846196,54.750000000000114
61.95999999999624,0,1,5.009798174741164,5.009798174741164,54.750000000000114
61.96999999999624,0,1,5.009022419624202,5.009022419624202,54.750000000000114
61.97999999999624,0,1,5.00824627915631,5.00824627915631,54.750000000000114
61.989999999996236,0,1,5.00746975333476,5.00746975333476,54.750000000000114
61.999999999996234,0,1,5.006692842156426,5.006692842156426,54.750000000000114
62.00999999999623,0,1,5.005935904880616,5.005935904880616,54.750000000000114
62.01999999999623,0,1,5.005158424363017,5.005158424363017,54.750000000000114
62.02999999999623,0,1,5.004096428822791,5.004096428822791,54.750000000000114
62.039999999996226,0,1,5.003318147588672,5.003318147588672,54.750000000000114
62.049999999996224,0,1,5.002539482030997,5.002539482030997,54.750000000000114
62.05999999999622,0,1,5.001760432146824,5.001760432146824,54.750000000000114
62.06999999999622,0,1,5.000980997933084,5.000980997933084,54.750000000000114
62.07999999999622,0,1,5.000201179386664,5.000201179386664,54.750000000000114
62.089999999996216,0,1,4.999420976504624,4.999420976504624,54.750000000000114
62.099999999996214,0,1,4.9986403892839775,4.9986403892839775,54.750000000000114
62.10999999999621,0,1,4.997859417721486,4.997859417721486,54.750000000000114
62.11999999999621,0,1,4.997078061814378,4.997078061814378,54.750000000000114
62.12999999999621,0,1,4.996296321559456,4.996296321559456,54.750000000000114
62.139999999996206,0,1,4.995514196953891,4.995514196953891,54.750000000000114
62.149999999996204,0,1,4.994731687994928,4.994731687994928,54.750000000000114
62.1599999999962,0,1,4.993948794679255,4.993948794679255,54.750000000000114
62.1699999999962,0,1,4.993165517004073,4.993165517004073,54.750000000000114
62.1799999999962,0,1,4.992381854966666,4.992381854966666,54.750000000000114
62.189999999996196,0,1,4.991597808563768,4.991597808563768,54.750000000000114
62.199999999996194,0,1,4.990813377792918,4.990813377792918,54.750000000000114
62.20999999999619,0,1,4.990028562650835,4.990028562650835,54.750000000000114
62.21999999999619,0,1,4.989243363134946,4.989243363134946,54.750000000000114
62.22999999999619,0,1,4.988457779242225,4.988457779242225,54.750000000000114
62.239999999996186,0,1,4.987671810969914,4.987671810969914,54.750000000000114
62.249999999996184,0,1,4.9868854583152,4.9868854583152,54.750000000000114
62.25999999999618,0,1,4.986098721275127,4.986098721275127,54.750000000000114
62.26999999999618,0,1,4.985311599846952,4.985311599846952,54.750000000000114
62.27999999999618,0,1,4.984524094028046,4.984524094028046,54.750000000000114
62.289999999996176,0,1,4.983736203815695,4.983736203815695,54.750000000000114
62.299999999996174,0,1,4.982947929206688,4.982947929206688,54.750000000000114
62.30999999999617,0,1,4.982159278592519,4.982159278592519,54.750000000000114
62.31999999999617,0,1,4.981370411604544,4.981370411604544,54.750000000000114
62.32999999999617,0,1,4.980581159935028,4.980581159935028,54.750000000000114
62.33999999999617,0,1,4.979791523581596,4.979791523581596,54.750000000000114
62.349999999996164,0,1,4.979001502541422,4.979001502541422,54.750000000000114
62.35999999999616,0,1,4.978211096812217,4.978211096812217,54.750000000000114
62.36999999999616,0,1,4.977420306391409,4.977420306391409,54.750000000000114
62.37999999999616,0,1,4.976629131276397,4.976629131276397,54.750000000000114
62.38999999999616,0,1,4.975837571464908,4.975837571464908,54.750000000000114
62.399999999996155,0,1,4.9750456269544685,4.9750456269544685,54.750000000000114
62.40999999999615,0,1,4.974274129129469,4.974274129129469,54.750000000000114
62.41999999999615,0,1,4.973481586745137,4.973481586745137,54.750000000000114
62.42999999999615,0,1,4.972688660344346,4.972688660344346,54.750000000000114
62.43999999999615,0,1,4.9718953499240826,4.9718953499240826,54.750000000000114
62.449999999996145,0,1,4.97110165548213,4.97110165548213,54.750000000000114
62.45999999999614,0,1,4.9703075770158165,4.9703075770158165,54.750000000000114
62.46999999999614,0,1,4.9695131145224565,4.9695131145224565,54.750000000000114
62.47999999999614,0,1,4.967965852391245,4.967965852391245,54.750000000000114
62.48999999999614,0,1,4.967170624066128,4.967170624066128,54.750000000000114
62.499999999996135,0,1,4.966375012201354,4.966375012201354,54.750000000000114
62.50999999999613,0,1,4.965579016794436,4.965579016794436,54.750000000000114
62.51999999999613,0,1,4.964782637842319,4.964782637842319,54.750000000000114
62.52999999999613,0,1,4.9639858753422885,4.9639858753422885,54.750000000000114
62.53999999999613,0,1,4.963188725227141,4.963188725227141,54.750000000000114
62.549999999996125,0,1,4.962391185384192,4.962391185384192,54.750000000000114
62.55999999999612,0,1,4.961593261982301,4.961593261982301,54.750000000000114
62.56999999999612,0,1,4.960794955018713,4.960794955018713,54.750000000000114
62.57999999999612,0,1,4.959996264490641,4.959996264490641,54.750000000000114
62.58999999999612,0,1,4.959197190395386,4.959197190395386,54.750000000000114
62.599999999996115,0,1,4.958397732730035,4.958397732730035,54.750000000000114
62.60999999999611,0,1,4.957597891492341,4.957597891492341,54.750000000000114
62.61999999999611,0,1,4.956797666679137,4.956797666679137,54.750000000000114
62.62999999999611,0,1,4.9559970582879345,4.9559970582879345,54.750000000000114
62.63999999999611,0,1,4.955196066316091,4.955196066316091,54.750000000000114
62.649999999996105,0,1,4.954394690760836,4.954394690760836,54.750000000000114
62.6599999999961,0,1,4.953592931619781,4.953592931619781,54.750000000000114
62.6699999999961,0,1,4.952790243536185,4.952790243536185,54.750000000000114
62.6799999999961,0,1,4.951986649012596,4.951986649012596,54.750000000000114
62.6899999999961,0,1,4.951182670914477,4.951182670914477,54.750000000000114
62.699999999996095,0,1,4.9503783092398095,4.9503783092398095,54.750000000000114
62.70999999999609,0,1,4.949573967337386,4.949573967337386,54.750000000000114
62.71999999999609,0,1,4.948769924273449,4.948769924273449,54.750000000000114
62.72999999999609,0,1,4.947965497631685,4.947965497631685,54.750000000000114
62.73999999999609,0,1,4.947160687409337,4.947160687409337,54.750000000000114
62.749999999996085,0,1,4.9463554936035905,4.9463554936035905,54.750000000000114
62.75999999999608,0,1,4.945549916211334,4.945549916211334,54.750000000000114
62.76999999999608,0,1,4.944743955229967,4.944743955229967,54.750000000000114
62.77999999999608,0,1,4.943937610656448,4.943937610656448,54.750000000000114
62.78999999999608,0,1,4.943130882488219,4.943130882488219,54.750000000000114
62.799999999996075,0,1,4.942323770722098,4.942323770722098,54.750000000000114
62.80999999999607,0,1,4.941537440448087,4.941537440448087,54.750000000000114
62.81999999999607,0,1,4.9407297106617705,4.9407297106617705,54.750000000000114
62.82999999999607,0,1,4.9399215977814634,4.9399215977814634,54.750000000000114
62.83999999999607,0,1,4.938822852332507,4.938822852332507,54.750000000000114
62.849999999996065,0,1,4.938013946476445,4.938013946476445,54.750000000000114
62.85999999999606,0,1,4.937204657588609,4.937204657588609,54.750000000000114
62.86999999999606,0,1,4.936394985665856,4.936394985665856,54.750000000000114
62.87999999999606,0,1,4.93558493070519,4.93558493070519,54.750000000000114
62.88999999999606,0,1,4.934774492704108,4.934774492704108,54.750000000000114
62.899999999996055,0,1,4.933963671659541,4.933963671659541,54.750000000000114
62.90999999999605,0,1,4.933152467568675,4.933152467568675,54.750000000000114
62.91999999999605,0,1,4.932340880428853,4.932340880428853,54.750000000000114
62.92999999999605,0,1,4.931528968547582,4.931528968547582,54.750000000000114
62.93999999999605,0,1,4.930716794886791,4.930716794886791,54.750000000000114
62.949999999996045,0,1,4.929904237882425,4.929904237882425,54.750000000000114
62.95999999999604,0,1,4.929091297531528,4.929091297531528,54.750000000000114
62.96999999999604,0,1,4.928277973831783,4.928277973831783,54.750000000000114
62.97999999999604,0,1,4.9274642667804756,4.9274642667804756,54.750000000000114
62.98999999999604,0,1,4.92665017637502,4.92665017637502,54.750000000000114
62.999999999996035,0,1,4.925835702613199,4.925835702613199,54.750000000000114
63.00999999999603,0,1,4.925021953083956,4.925021953083956,54.750000000000114
63.01999999999603,0,1,4.924207793957208,4.924207793957208,54.750000000000114
63.02999999999603,0,1,4.9233932252369925,4.9233932252369925,54.750000000000114
63.03999999999603,0,1,4.9225782469274435,4.9225782469274435,54.750000000000114
63.049999999996025,0,1,4.92176285903264,4.92176285903264,54.750000000000114
63.05999999999602,0,1,4.920947061556603,4.920947061556603,54.750000000000114
63.06999999999602,0,1,4.920130854503668,4.920130854503668,54.750000000000114
63.07999999999602,0,1,4.919314237877629,4.919314237877629,54.750000000000114
63.08999999999602,0,1,4.917728355115344,4.917728355115344,54.750000000000114
63.099999999996015,0,1,4.916910930910788,4.916910930910788,54.750000000000114
63.10999999999601,0,1,4.9160930976510855,4.9160930976510855,54.750000000000114
63.11999999999601,0,1,4.915274855340044,4.915274855340044,54.750000000000114
63.12999999999601,0,1,4.9144562039813735,4.9144562039813735,54.750000000000114
63.13999999999601,0,1,4.913637143579194,4.913637143579194,54.750000000000114
63.149999999996005,0,1,4.912817674137045,4.912817674137045,54.750000000000114
63.159999999996,0,1,4.911997795659104,4.911997795659104,54.750000000000114
63.169999999996,0,1,4.911177508148967,4.911177508148967,54.750000000000114
63.179999999996,0,1,4.910356811610498,4.910356811610498,54.750000000000114
63.189999999996,0,1,4.909535706047819,4.909535706047819,54.750000000000114
63.199999999995995,0,1,4.908714191464767,4.908714191464767,54.750000000000114
63.20999999999599,0,1,4.9078922678649946,4.9078922678649946,54.750000000000114
63.21999999999599,0,1,4.907069935252622,4.907069935252622,54.750000000000114
63.22999999999599,0,1,4.906247193631714,4.906247193631714,54.750000000000114
63.23999999999599,0,1,4.9054240430057945,4.9054240430057945,54.750000000000114
63.249999999995985,0,1,4.90460048337907,4.90460048337907,54.750000000000114
63.25999999999598,0,1,4.903776514755435,4.903776514755435,54.750000000000114
63.26999999999598,0,1,4.902952137138598,4.902952137138598,54.750000000000114
63.27999999999598,0,1,4.902127350532993,4.902127350532993,54.750000000000114
63.28999999999598,0,1,4.901302154942059,4.901302154942059,54.750000000000114
63.299999999995975,0,1,4.9004765503702,4.9004765503702,54.750000000000114
63.30999999999597,0,1,4.89965053682117,4.89965053682117,54.750000000000114
63.31999999999597,0,1,4.898824114298961,4.898824114298961,54.750000000000114
63.32999999999597,0,1,4.8979972828075375,4.8979972828075375,54.750000000000114
63.33999999999597,0,1,4.897170042351036,4.897170042351036,54.750000000000114
63.349999999995966,0,1,4.896342388568925,4.896342388568925,54.750000000000114
63.35999999999596,0,1,4.8955143197069475,4.8955143197069475,54.750000000000114
63.36999999999596,0,1,4.894685841888858,4.894685841888858,54.750000000000114
63.37500000000015,0,1,4.894271449622323,4.894271449622323,54.750000000000114
