alpha,reached,redSubsteps,margin123
2,2.0000000000000027,123,4.852998756061467
2.01,2.0100000000000278,123,4.857181876982054
2.0199999999999996,2.020000000000002,123,4.861367389241352
2.0299999999999994,2.0299999999999754,123,4.865555293359208
2.039999999999999,2.040000000000026,123,4.869745589888822
2.049999999999999,2.05,123,4.87393827941726
2.0599999999999987,2.059999999999974,123,4.8781333625656345
2.0699999999999985,2.070000000000024,123,4.8823294392835095
2.0799999999999983,2.079999999999998,123,4.886074861992071
2.089999999999998,2.089999999999972,123,4.8883840772029
2.099999999999998,2.100000000000022,123,4.890692662705561
2.1099999999999977,2.109999999999996,123,4.893000615653449
2.1199999999999974,2.11999999999997,123,4.902125551659211
2.1299999999999972,2.1300000000000203,123,4.904419445767132
2.139999999999997,2.139999999999994,123,4.906712582315251
2.149999999999997,2.149999999999968,123,4.909004958067413
2.1599999999999966,2.1600000000000183,123,4.911299344779209
2.1699999999999964,2.1699999999999924,123,4.913607464973026
2.179999999999996,2.1799999999999664,123,4.915914942606761
2.189999999999996,2.1900000000000164,123,4.918221774887826
2.1999999999999957,2.1999999999999904,123,4.92048469734948
2.2099999999999955,2.2099999999999644,123,4.922915467913882
2.2199999999999953,2.2200000000000144,123,4.9250658633201
2.229999999999995,2.2299999999999884,123,4.92700027737088
2.239999999999995,2.2399999999999625,123,4.928943019598435
2.2499999999999947,2.250000000000013,123,4.93090207721373
2.2599999999999945,2.2599999999999865,123,4.9328704887175405
2.2699999999999942,2.2699999999999605,123,4.93578297690209
2.279999999999994,2.280000000000011,123,4.938953004609118
2.289999999999994,2.289999999999985,123,4.943117590640398
2.2999999999999936,2.2999999999999585,123,4.947288500594155
2.3099999999999934,2.310000000000009,123,4.954978484629564
2.319999999999993,2.319999999999983,123,4.957166246577373
2.329999999999993,2.329999999999957,123,4.959319425838558
2.3399999999999928,2.340000000000007,123,4.96265051341976
2.3499999999999925,2.349999999999981,123,4.96680510680973
2.3599999999999923,2.359999999999955,123,4.9709655605878
2.369999999999992,2.3700000000000054,123,4.975111681694443
2.379999999999992,2.379999999999979,123,4.979260045757599
2.3899999999999917,2.3900000000000294,123,4.98341065208659
2.3999999999999915,2.4000000000000035,123,4.987563500015909
2.4099999999999913,2.410000000000003,123,4.991718588905485
2.419999999999991,2.419999999999964,123,4.995875918140783
2.429999999999991,2.4300000000000144,123,5.000035487133317
2.4399999999999906,2.4399999999999755,123,5.004198104373387
2.4499999999999904,2.450000000000026,123,5.008363586176472
2.45999999999999,2.459999999999987,123,5.012531356672298
2.46999999999999,2.4699999999999482,123,5.016545739728883
2.4799999999999898,2.479999999999998,123,5.018838467285306
2.4899999999999896,2.48999999999996,123,5.021130512949171
2.4999999999999893,2.5000000000000098,123,5.023298752663877
2.509999999999989,2.509999999999971,123,5.0254048431415725
2.519999999999989,2.5200000000000213,123,5.027513269511459
2.5299999999999887,2.5299999999999825,123,5.029624031571245
2.5399999999999885,2.5399999999999436,123,5.031737129140538
2.5499999999999883,2.549999999999994,123,5.033852562061227
2.559999999999988,2.559999999999955,123,5.035970330197884
2.569999999999988,2.570000000000005,123,5.038090433437986
2.5799999999999876,2.5799999999999668,123,5.040212871692532
2.5899999999999874,2.590000000000017,123,5.042340189499598
2.599999999999987,2.5999999999999783,123,5.044480851770771
2.609999999999987,2.6100000000000287,123,5.04644712922952
2.619999999999987,2.61999999999999,123,5.048416861856566
2.6299999999999866,2.6299999999999506,123,5.0520363907283325
2.6399999999999864,2.640000000000001,123,5.0561693111249895
2.649999999999986,2.6499999999999626,123,5.060308412401284
2.659999999999986,2.6600000000000126,123,5.065523455413185
2.6699999999999857,2.669999999999974,123,5.068625364725989
2.6799999999999855,2.6800000000000246,123,5.072758678495319
2.6899999999999853,2.6899999999999853,123,5.076880643439338
2.699999999999985,2.6999999999999464,123,5.081002993076822
2.709999999999985,2.7099999999999964,123,5.085127556327464
2.7199999999999847,2.719999999999958,123,5.089254332495045
2.7299999999999844,2.7300000000000084,123,5.093383320908444
2.7399999999999842,2.73999999999997,123,5.097514520921777
2.749999999999984,2.75000000000002,123,5.101647931914698
2.759999999999984,2.759999999999981,123,5.105783553292554
2.7699999999999836,2.769999999999942,123,5.109921384486626
2.7799999999999834,2.7799999999999923,123,5.114061424954315
2.789999999999983,2.789999999999954,123,5.118203674179398
2.799999999999983,2.800000000000004,123,5.120617044078756
2.8099999999999827,2.809999999999978,123,5.1227185954003005
2.8199999999999825,2.8200000000000283,123,5.12482255674098
2.8299999999999823,2.8299999999999765,123,5.133132370029244
2.839999999999982,2.840000000000027,123,5.136994511611846
2.849999999999982,2.849999999999975,123,5.140858597165661
2.8599999999999817,2.8600000000000256,123,5.143372324179438
2.8699999999999815,2.8699999999999743,123,5.145484350101015
2.8799999999999812,2.8800000000000243,123,5.147605808892038
2.889999999999981,2.889999999999973,123,5.1497296748830195
2.899999999999981,2.900000000000023,123,5.151855135944075
2.9099999999999806,2.9099999999999717,123,5.1543127361966725
2.9199999999999804,2.920000000000022,123,5.157094322564305
2.92999999999998,2.9299999999999704,123,5.159877299059829
2.93999999999998,2.940000000000021,123,5.1626673128285745
2.9499999999999797,2.949999999999969,123,5.165457366561839
2.9599999999999795,2.9600000000000195,123,5.168241441582751
2.9699999999999793,2.9699999999999678,123,5.171026795662442
2.979999999999979,2.980000000000018,123,5.173813425526646
2.989999999999979,2.989999999999967,123,5.17660132790364
2.9999999999999787,3.000000000000017,123,5.1793904995245015
3.0099999999999785,3.009999999999991,123,5.182378723503803
3.0199999999999783,3.0199999999999902,123,5.185709979155362
3.029999999999978,3.0299999999999896,123,5.189042639017686
3.039999999999978,3.039999999999989,123,5.192376702362992
3.0499999999999776,3.0499999999999883,123,5.195712168474728
3.0599999999999774,3.0599999999999876,123,5.199049036647921
3.069999999999977,3.069999999999987,123,5.2023873061891805
3.079999999999977,3.0799999999999996,123,5.206300482260502
3.0899999999999768,3.089999999999999,123,5.2101367091742645
3.0999999999999766,3.0999999999999983,123,5.21397428709173
3.1099999999999763,3.1099999999999977,123,5.217813143649948
3.119999999999976,3.119999999999997,123,5.221654066553995
3.129999999999976,3.1299999999999963,123,5.2254959862851535
3.1399999999999757,3.1399999999999957,123,5.229338578461835
3.1499999999999755,3.149999999999995,123,5.232045475809542
3.1599999999999753,3.1599999999999944,123,5.234160293451211
3.169999999999975,3.169999999999994,123,5.236277515068096
3.179999999999975,3.1799999999999935,123,5.238397140620819
3.1899999999999746,3.189999999999993,123,5.240519170090465
3.1999999999999744,3.199999999999992,123,5.242643603478612
3.209999999999974,3.2099999999999915,123,5.251455867489369
3.219999999999974,3.219999999999991,123,5.25422436512747
3.229999999999974,3.22999999999999,123,5.257002493068242
3.2399999999999736,3.2399999999999896,123,5.259788125793889
3.2499999999999734,3.249999999999989,123,5.262575137273345
3.259999999999973,3.2599999999999882,123,5.26536352434475
3.269999999999973,3.2699999999999876,123,5.2681532838485765
3.2799999999999727,3.279999999999987,123,5.270944412627657
3.2899999999999725,3.2899999999999863,123,5.273736907527152
3.2999999999999723,3.299999999999986,123,5.276530765395037
3.309999999999972,3.3099999999999854,123,5.279325983081748
3.319999999999972,3.3199999999999847,123,5.282157882649656
3.3299999999999716,3.329999999999984,123,5.2854892948179355
3.3399999999999714,3.3399999999999834,123,5.288822178858851
3.3499999999999712,3.3499999999999828,123,5.303031337891781
3.359999999999971,3.359999999999982,123,5.306166020231842
3.369999999999971,3.369999999999994,123,5.309266927047588
3.3799999999999706,3.3799999999999932,123,5.312367775757252
3.3899999999999704,3.3899999999999926,123,5.315469528344693
3.39999999999997,3.399999999999992,123,5.318572185000562
3.40999999999997,3.4099999999999913,123,5.321676983362593
3.4199999999999697,3.419999999999991,123,5.324792953295315
3.4299999999999695,3.4299999999999904,123,5.327909824100402
3.4399999999999693,3.4399999999999897,123,5.331027595985574
3.449999999999969,3.449999999999989,123,5.3341462691688974
3.459999999999969,3.4599999999999884,123,5.337265330194072
3.4699999999999687,3.4699999999999878,123,5.340383915431488
3.4799999999999685,3.479999999999987,123,5.343494422252519
3.4899999999999682,3.4899999999999864,123,5.346605758352709
3.499999999999968,3.499999999999986,123,5.349717924029946
3.509999999999968,3.509999999999985,123,5.352830919593728
3.5199999999999676,3.5199999999999845,123,5.355944745364994
3.5299999999999674,3.529999999999984,123,5.35902647706763
3.539999999999967,3.539999999999983,123,5.3617715684465
3.549999999999967,3.549999999999983,123,5.3645179340118005
3.5599999999999667,3.5599999999999823,123,5.367265570522903
3.5699999999999665,3.5699999999999816,123,5.370014474740827
3.5799999999999663,3.579999999999981,123,5.372764643428269
3.589999999999966,3.5899999999999803,123,5.375516073349672
3.599999999999966,3.5999999999999797,123,5.378268761271386
3.6099999999999657,3.609999999999979,123,5.381022703961705
3.6199999999999655,3.6199999999999783,123,5.383777898190999
3.6299999999999653,3.6299999999999777,123,5.386535133688014
3.639999999999965,3.639999999999977,123,5.3892961521147384
3.649999999999965,3.6499999999999764,123,5.392273431253045
3.6599999999999646,3.6599999999999757,123,5.395412705775314
3.6699999999999644,3.6699999999999755,123,5.398497387919164
3.679999999999964,3.679999999999975,123,5.401591270866277
3.689999999999964,3.689999999999974,123,5.404689199444803
3.6999999999999638,3.6999999999999735,123,5.407788020744093
3.7099999999999635,3.709999999999973,123,5.41088773492929
3.7199999999999633,3.719999999999972,123,5.413988342175571
3.729999999999963,3.7299999999999716,123,5.417089842668034
3.739999999999963,3.739999999999971,123,5.42019223660192
3.7499999999999627,3.7499999999999702,123,5.423295524182748
3.7599999999999625,3.7599999999999696,123,5.426399705626267
3.7699999999999623,3.769999999999969,123,5.429504781158528
3.779999999999962,3.7799999999999683,123,5.438862401137854
3.789999999999962,3.7899999999999676,123,5.441968179782748
3.7999999999999616,3.7999999999999674,123,5.445074848858582
3.8099999999999614,3.8099999999999667,123,5.448182408600232
3.819999999999961,3.8199999999999785,123,5.451290859253163
3.829999999999961,3.8299999999999907,123,5.454400201073241
3.839999999999961,3.8399999999999648,123,5.4575104343269345
3.8499999999999606,3.8499999999999766,123,5.4606215592915675
3.8599999999999604,3.8599999999999888,123,5.463554941406414
3.86999999999996,3.869999999999963,123,5.466304491340409
3.87999999999996,3.8799999999999746,123,5.480098986936298
3.8899999999999597,3.8899999999999872,123,5.483232844487375
3.8999999999999595,3.899999999999961,123,5.486351015606189
3.9099999999999593,3.9099999999999726,123,5.489463778434867
3.919999999999959,3.9199999999999853,123,5.492443679028938
3.929999999999959,3.9299999999999593,123,5.4952240987238525
3.9399999999999586,3.939999999999971,123,5.498004611275491
3.9499999999999584,3.9499999999999833,123,5.500785229762613
3.959999999999958,3.9599999999999573,123,5.503565951770057
3.969999999999958,3.969999999999969,123,5.5063561190683
3.979999999999958,3.9799999999999813,123,5.509150428466157
3.9899999999999576,3.9899999999999554,123,5.5119448392322425
3.9999999999999574,3.999999999999967,123,5.51473934898209
4.009999999999957,4.009999999999979,123,5.51752480615076
4.019999999999957,4.019999999999992,123,5.520308323170028
4.029999999999957,4.029999999999966,123,5.523091842749494
4.0399999999999565,4.039999999999978,123,5.525874403509107
4.049999999999956,4.04999999999999,123,5.528831394272473
4.059999999999956,4.059999999999963,123,5.531906308156522
4.069999999999956,4.069999999999975,123,5.534982026394729
4.079999999999956,4.0799999999999885,123,5.538058549162741
4.0899999999999554,4.089999999999962,123,5.541135876646251
4.099999999999955,4.099999999999974,123,5.544214009041127
4.109999999999955,4.109999999999986,123,5.547292946553469
4.119999999999955,4.11999999999996,123,5.550372689399467
4.129999999999955,4.129999999999972,123,5.553453237805812
4.139999999999954,4.139999999999985,123,5.556534592009768
4.149999999999954,4.149999999999958,123,5.559616752258776
4.159999999999954,4.15999999999997,123,5.562699718811331
4.169999999999954,4.169999999999983,123,5.565783574765021
4.1799999999999535,4.179999999999956,123,5.568870778398249
4.189999999999953,4.189999999999968,123,5.571958860739031
4.199999999999953,4.199999999999981,123,5.575047822066239
4.209999999999953,4.209999999999993,123,5.57813766266942
4.219999999999953,4.219999999999992,123,5.580966074368831
4.2299999999999525,4.2299999999999915,123,5.583700219871645
4.239999999999952,4.23999999999999,123,5.586466598881913
4.249999999999952,4.24999999999999,123,5.589239146223761
4.259999999999952,4.259999999999989,123,5.592011801709546
4.269999999999952,4.269999999999989,123,5.594784562978546
4.279999999999951,4.279999999999988,123,5.597557427669841
4.289999999999951,4.289999999999988,123,5.600330393421828
4.299999999999951,4.299999999999987,123,5.60310345787245
4.309999999999951,4.309999999999986,123,5.605876618659224
4.3199999999999505,4.319999999999986,123,5.608649873419324
4.32999999999995,4.329999999999985,123,5.623642286266957
4.33999999999995,4.339999999999985,123,5.626442668978569
4.34999999999995,4.349999999999984,123,5.629232392970877
4.35999999999995,4.3599999999999834,123,5.627035069009409
4.3699999999999495,4.369999999999982,123,5.629809539864993
4.379999999999949,4.379999999999982,123,5.632671350506158
4.389999999999949,4.389999999999981,123,5.635735682736524
4.399999999999949,4.399999999999981,123,5.63880087680559
4.409999999999949,4.40999999999998,123,5.641866932851926
4.419999999999948,4.4199999999999795,123,5.65580584778283
4.429999999999948,4.429999999999979,123,5.658615235698363
4.439999999999948,4.439999999999978,123,5.66142461319869
4.449999999999948,4.449999999999978,123,5.664229916738591
4.459999999999948,4.459999999999977,123,5.66729261147151
4.469999999999947,4.469999999999977,123,5.67035616343199
4.479999999999947,4.479999999999976,123,5.673420572775484
4.489999999999947,4.489999999999975,123,5.676485839666796
4.499999999999947,4.499999999999974,123,5.679540531456098
4.5099999999999465,4.509999999999974,123,5.682592896370437
4.519999999999946,4.519999999999973,123,5.68564745575469
4.529999999999946,4.529999999999973,123,5.688704209937228
4.539999999999946,4.5399999999999725,123,5.691770705204604
4.549999999999946,4.549999999999971,123,5.694839283079531
4.559999999999945,4.559999999999971,123,5.6979041651222815
4.569999999999945,4.56999999999997,123,5.700971173829828
4.579999999999945,4.57999999999997,123,5.704039959339781
4.589999999999945,4.589999999999969,123,5.707110255702531
4.599999999999945,4.599999999999969,123,5.710182421493087
4.609999999999944,4.609999999999955,123,5.71325645642915
4.619999999999944,4.619999999999992,123,5.716217119309974
4.629999999999944,4.629999999999966,123,5.718963159562307
4.639999999999944,4.63999999999994,123,5.721708403592174
4.6499999999999435,4.649999999999977,123,5.724453655226171
4.659999999999943,4.659999999999952,123,5.727198912025457
4.669999999999943,4.669999999999989,123,5.729950483769358
4.679999999999943,4.679999999999963,123,5.732709886795632
4.689999999999943,4.689999999999937,123,5.7354692934057
4.6999999999999424,4.699999999999974,123,5.738228701190323
4.709999999999942,4.709999999999949,123,5.740988107739355
4.719999999999942,4.719999999999986,123,5.743747510641668
4.729999999999942,4.7299999999999605,123,5.746508795430401
4.739999999999942,4.7399999999999345,123,5.749271299798494
4.749999999999941,4.749999999999972,123,5.752128016241599
4.759999999999941,4.759999999999946,123,5.755179873639108
4.769999999999941,4.769999999999984,123,5.758232577464156
4.779999999999941,4.779999999999957,123,5.7612861278530545
4.7899999999999405,4.789999999999931,123,5.7643405249511375
4.79999999999994,4.799999999999969,123,5.767395768912905
4.80999999999994,4.809999999999943,123,5.770448202479571
4.81999999999994,4.81999999999998,123,5.773500859999032
4.82999999999994,4.829999999999954,123,5.77655594239927
4.8399999999999395,4.839999999999928,123,5.77961317798642
4.849999999999939,4.849999999999965,123,5.782672567119192
4.859999999999939,4.85999999999994,123,5.785734110128374
4.869999999999939,4.869999999999977,123,5.788797807316442
4.879999999999939,4.879999999999951,123,5.791863658956714
4.889999999999938,4.889999999999925,123,5.804685584701829
4.899999999999938,4.899999999999962,123,5.807770371001524
4.909999999999938,4.909999999999936,123,5.810852732134478
4.919999999999938,4.919999999999974,123,5.813909557138132
4.9299999999999375,4.929999999999948,123,5.816968122174856
4.939999999999937,4.939999999999985,123,5.820028592792468
4.949999999999937,4.949999999999959,123,5.823090968592766
4.959999999999937,4.959999999999933,123,5.826155249186456
4.969999999999937,4.96999999999997,123,5.824975008021056
4.9799999999999365,4.9799999999999445,123,5.838194318932921
4.989999999999936,4.9899999999999824,123,5.841292821851553
4.999999999999936,4.999999999999956,123,5.844393122757381
5.009999999999936,5.009999999999969,123,5.847495192933039
5.019999999999936,5.019999999999942,123,5.850568626852336
5.029999999999935,5.029999999999916,123,5.853499638870957
5.039999999999935,5.039999999999966,123,5.856238857629592
5.049999999999935,5.04999999999994,123,5.858978154323566
5.059999999999935,5.059999999999914,123,5.861717526620907
5.069999999999935,5.069999999999965,123,5.864456972188705
5.079999999999934,5.079999999999939,123,5.867019762724524
5.089999999999934,5.089999999999988,123,5.8695016448101
5.099999999999934,5.099999999999963,123,5.871985659119616
5.109999999999934,5.109999999999936,123,5.874468416217795
5.1199999999999335,5.119999999999987,123,5.876947796174278
5.129999999999933,5.12999999999996,123,5.879951645401846
5.139999999999933,5.139999999999935,123,5.882965606586183
5.149999999999933,5.149999999999985,123,5.885981682835023
5.159999999999933,5.159999999999959,123,5.888999874917275
5.169999999999932,5.169999999999933,123,5.892020183577202
5.179999999999932,5.179999999999983,123,5.8950426095337605
5.189999999999932,5.189999999999957,123,5.898067153479687
5.199999999999932,5.199999999999931,123,5.9010938160814135
5.209999999999932,5.209999999999981,123,5.90412259797813
5.219999999999931,5.219999999999955,123,5.907153499781202
5.229999999999931,5.229999999999929,123,5.910191599170162
5.239999999999931,5.23999999999998,123,5.913232102777826
5.249999999999931,5.249999999999953,123,5.916273162401751
5.2599999999999305,5.259999999999927,123,5.919315883020317
5.26999999999993,5.269999999999977,123,5.922360425588238
5.27999999999993,5.279999999999952,123,5.925406789735334
5.28999999999993,5.289999999999925,123,5.928454975100138
5.29999999999993,5.299999999999976,123,5.9315063314315495
5.309999999999929,5.309999999999949,123,5.93456059674665
5.319999999999929,5.319999999999924,123,5.937616741697042
5.329999999999929,5.329999999999973,123,5.940545753640748
5.339999999999929,5.339999999999948,123,5.943271613402544
5.349999999999929,5.3499999999999215,123,5.945997552127864
5.359999999999928,5.359999999999972,123,5.9487235674798455
5.369999999999928,5.369999999999945,123,5.951449657120492
5.379999999999928,5.37999999999992,123,5.954175818711036
5.389999999999928,5.38999999999997,123,5.956847235423638
5.3999999999999275,5.399999999999944,123,5.95931811402582
5.409999999999927,5.40999999999993,123,5.961802343005701
5.419999999999927,5.41999999999998,123,5.964295867489383
5.429999999999927,5.429999999999942,123,5.966933061064921
5.439999999999927,5.439999999999904,123,5.969944396122159
5.4499999999999265,5.449999999999954,123,5.972957812481809
5.459999999999926,5.459999999999915,123,5.985577504019048
5.469999999999926,5.469999999999965,123,5.988608440370456
5.479999999999926,5.479999999999926,123,5.991641392000162
5.489999999999926,5.489999999999976,123,5.994658468806151
5.499999999999925,5.499999999999939,123,5.997665798563446
5.509999999999925,5.509999999999899,123,6.00067524570386
5.519999999999925,5.51999999999995,123,6.003686811057577
5.529999999999925,5.5299999999999105,123,6.006700495431744
5.5399999999999245,5.539999999999961,123,6.009716299609892
5.549999999999924,5.549999999999922,123,6.0127342243511634
5.559999999999924,5.559999999999972,123,6.015754270390147
5.569999999999924,5.569999999999933,123,6.018776438435907
5.579999999999924,5.579999999999983,123,6.021796771731758
5.5899999999999235,5.589999999999945,123,6.030726635515066
5.599999999999923,5.599999999999906,123,6.033750176102629
5.609999999999923,5.609999999999957,123,6.036775512044414
5.619999999999923,5.6199999999999175,123,6.039802642813967
5.629999999999923,5.629999999999968,123,6.042831567892691
5.639999999999922,5.6399999999999295,123,6.045862286769818
5.649999999999922,5.64999999999998,123,6.048894798942399
5.659999999999922,5.659999999999941,123,6.051844021438555
5.669999999999922,5.669999999999901,123,6.054648554159627
5.679999999999922,5.679999999999952,123,6.057454042358245
5.689999999999921,5.689999999999913,123,6.060254593723954
5.699999999999921,5.699999999999963,123,6.06305678136367
5.709999999999921,5.7099999999999245,123,6.065860612452255
5.719999999999921,5.719999999999975,123,6.068666094238367
5.7299999999999205,5.7299999999999365,123,6.071480764012634
5.73999999999992,5.739999999999897,123,6.074017012254018
5.74999999999992,5.749999999999948,123,6.076470966817013
5.75999999999992,5.759999999999908,123,6.078926898487637
5.76999999999992,5.769999999999959,123,6.081384807835093
5.779999999999919,5.779999999999921,123,6.084063842167595
5.789999999999919,5.789999999999972,123,6.087040149014669
5.799999999999919,5.799999999999932,123,6.090018504350908
5.809999999999919,5.809999999999893,123,6.092998909207978
5.819999999999919,5.819999999999943,123,6.095981364595914
5.829999999999918,5.829999999999892,123,6.098965871502912
5.839999999999918,5.839999999999942,123,6.101952430894656
5.849999999999918,5.84999999999989,123,6.104941043713822
5.859999999999918,5.859999999999941,123,6.107931710879427
5.8699999999999175,5.869999999999889,123,6.1109244332863
5.879999999999917,5.8799999999999395,123,6.113918949698444
5.889999999999917,5.889999999999888,123,6.116917109435988
5.899999999999917,5.899999999999938,123,6.119916082603268
5.909999999999917,5.9099999999998865,123,6.122916012825499
5.919999999999916,5.919999999999937,123,6.125917722821214
5.929999999999916,5.929999999999886,123,6.1289212120711625
5.939999999999916,5.9399999999999356,123,6.131926480063811
5.949999999999916,5.949999999999885,123,6.1349335262955265
5.959999999999916,5.959999999999934,123,6.137942350270578
5.969999999999915,5.969999999999883,123,6.140952951501248
5.979999999999915,5.979999999999934,123,6.143763529821001
5.989999999999915,5.989999999999882,123,6.146548090954937
5.999999999999915,5.9999999999999325,123,6.149334312529476
6.0099999999999145,6.009999999999944,123,6.152122889358452
6.019999999999914,6.019999999999944,123,6.1549208330577585
6.029999999999914,6.029999999999957,123,6.1577204415849
6.039999999999914,6.039999999999955,123,6.169065907365194
6.049999999999914,6.049999999999955,123,6.171878264434
6.0599999999999135,6.059999999999953,123,6.174692183229226
6.069999999999913,6.069999999999954,123,6.177507670524108
6.079999999999913,6.079999999999952,123,6.180302216681213
6.089999999999913,6.089999999999953,123,6.183094576287672
6.099999999999913,6.099999999999951,123,6.185888629283653
6.109999999999912,6.1099999999999515,123,6.188328748197719
6.119999999999912,6.1199999999999495,123,6.191196715317545
6.129999999999912,6.12999999999995,123,6.194144517541758
6.139999999999912,6.139999999999948,123,6.197094429262421
6.1499999999999115,6.149999999999949,123,6.200046451562542
6.159999999999911,6.159999999999947,123,6.202996870910653
6.169999999999911,6.1699999999999475,123,6.2059452759605875
6.179999999999911,6.1799999999999455,123,6.208895746231292
6.189999999999911,6.189999999999946,123,6.211848282748591
6.1999999999999105,6.199999999999944,123,6.214802886514974
6.20999999999991,6.209999999999945,123,6.217759558508831
6.21999999999991,6.219999999999943,123,6.226567608859739
6.22999999999991,6.229999999999944,123,6.229533947436693
6.23999999999991,6.2399999999999425,123,6.232502417560141
6.249999999999909,6.249999999999942,123,6.235323907888443
6.259999999999909,6.259999999999941,123,6.238062058951272
6.269999999999909,6.269999999999941,123,6.240796186924882
6.279999999999909,6.27999999999994,123,6.243531856454297
6.2899999999999086,6.2899999999999405,123,6.246269073978226
6.299999999999908,6.2999999999999385,123,6.249007846002314
6.309999999999908,6.309999999999939,123,6.2517481790994935
6.319999999999908,6.319999999999937,123,6.254490079910809
6.329999999999908,6.329999999999938,123,6.257234714936345
6.3399999999999075,6.339999999999936,123,6.259988047572989
6.349999999999907,6.349999999999937,123,6.262742953568747
6.359999999999907,6.359999999999948,123,6.265499439724039
6.369999999999907,6.369999999999948,123,6.268257512909386
6.379999999999907,6.379999999999947,123,6.2710171800659396
6.389999999999906,6.389999999999946,123,6.273778448206258
6.399999999999906,6.399999999999945,123,6.276541324415078
6.409999999999906,6.409999999999933,123,6.279305815849796
6.419999999999906,6.419999999999931,123,6.282071929741463
6.429999999999906,6.429999999999931,123,6.284904272876233
6.439999999999905,6.439999999999929,123,6.287848946082278
6.449999999999905,6.44999999999993,123,6.290771422868303
6.459999999999905,6.459999999999928,123,6.293695943871114
6.469999999999905,6.469999999999929,123,6.296623507448601
6.4799999999999045,6.479999999999928,123,6.299554488482869
6.489999999999904,6.489999999999927,123,6.302487572355943
6.499999999999904,6.499999999999952,123,6.3054227601575406
6.509999999999904,6.509999999999951,123,6.308360052957212
6.519999999999904,6.519999999999951,123,6.31129857125768
6.529999999999903,6.5299999999999505,123,6.31423905853336
6.539999999999903,6.539999999999949,123,6.317181654205314
6.549999999999903,6.549999999999949,123,6.320126359252484
6.559999999999903,6.559999999999948,123,6.323071766793973
6.569999999999903,6.569999999999948,123,6.325789857766694
6.579999999999902,6.579999999999947,123,6.328509515009543
6.589999999999902,6.589999999999947,123,6.331230744680056
6.599999999999902,6.5999999999999455,123,6.333953552999148
6.609999999999902,6.609999999999945,123,6.336677946251598
6.6199999999999015,6.619999999999944,123,6.347823982661325
6.629999999999901,6.629999999999944,123,6.350570074231413
6.639999999999901,6.639999999999943,123,6.353317024471693
6.649999999999901,6.649999999999943,123,6.356065450966597
6.659999999999901,6.659999999999942,123,6.358812903282143
6.6699999999999005,6.669999999999941,123,6.361538294790833
6.6799999999999,6.679999999999941,123,6.364265281865968
6.6899999999999,6.68999999999994,123,6.366993871033429
6.6999999999999,6.69999999999994,123,6.369724068886583
6.7099999999999,6.709999999999939,123,6.372509550104795
6.719999999999899,6.7199999999999385,123,6.375425471068368
6.729999999999899,6.729999999999937,123,6.378342936939575
6.739999999999899,6.739999999999937,123,6.381256350569274
6.749999999999899,6.749999999999936,123,6.384169428650168
6.7599999999998985,6.759999999999936,123,6.387084014505973
6.769999999999898,6.769999999999935,123,6.39000011190069
6.779999999999898,6.7799999999999345,123,6.392917724633023
6.789999999999898,6.789999999999934,123,6.395836856536292
6.799999999999898,6.799999999999933,123,6.3987575114789195
6.8099999999998975,6.809999999999945,123,6.401668163786724
6.819999999999897,6.8199999999999195,123,6.40456408451594
6.829999999999897,6.829999999999932,123,6.407469657698101
6.839999999999897,6.839999999999943,123,6.410375198292641
6.849999999999897,6.849999999999918,123,6.4132827899144615
6.859999999999896,6.859999999999929,123,6.421386582496169
6.869999999999896,6.8699999999999415,123,6.424059160595675
6.879999999999896,6.8799999999999155,123,6.42673329990825
6.889999999999896,6.889999999999928,123,6.429409004191712
6.8999999999998956,6.899999999999939,123,6.43208627723169
6.909999999999895,6.909999999999914,123,6.434765122842052
6.919999999999895,6.919999999999926,123,6.4374455448651275
6.929999999999895,6.9299999999999375,123,6.440127547171642
6.939999999999895,6.9399999999999125,123,6.442814942387258
6.9499999999998945,6.949999999999924,123,6.445508178383349
6.959999999999894,6.959999999999936,123,6.44820299138685
6.969999999999894,6.969999999999947,123,6.450898561381095
6.979999999999894,6.979999999999922,123,6.453594786767468
6.989999999999894,6.989999999999934,123,6.456292531773869
6.999999999999893,6.999999999999947,123,6.45899180287951
7.009999999999893,7.00999999999992,123,6.461804391016685
7.019999999999893,7.019999999999932,123,6.464688693245023
7.029999999999893,7.029999999999944,123,6.467574464104857
7.039999999999893,7.039999999999918,123,6.470461707126418
7.049999999999892,7.0499999999999305,123,6.473350425872113
7.059999999999892,7.059999999999943,123,6.476242291521089
7.069999999999892,7.069999999999917,123,6.479136304073819
7.079999999999892,7.079999999999928,123,6.482031856765914
7.0899999999998915,7.08999999999994,123,6.484928953228362
7.099999999999891,7.099999999999914,123,6.487827597125474
7.109999999999891,7.109999999999927,123,6.490727792155226
7.119999999999891,7.11999999999994,123,6.493629542049376
7.129999999999891,7.129999999999913,123,6.4965328505738995
7.13999999999989,7.139999999999924,123,6.499437721529176
7.14999999999989,7.149999999999936,123,6.5023292719415196
7.15999999999989,7.159999999999911,123,6.505072228070873
7.16999999999989,7.169999999999923,123,6.507728740436292
7.17999999999989,7.179999999999936,123,6.510386837922653
7.189999999999889,7.189999999999909,123,6.5130465240725925
7.199999999999889,7.199999999999921,123,6.523928093439551
7.209999999999889,7.209999999999908,123,6.526634833658633
7.219999999999889,7.219999999999907,123,6.529333391339463
7.2299999999998885,7.229999999999906,123,6.532016596958556
7.239999999999888,7.239999999999906,123,6.534701292804243
7.249999999999888,7.249999999999905,123,6.537379291689234
7.259999999999888,7.259999999999905,123,6.540041377975669
7.269999999999888,7.269999999999904,123,6.542705066877531
7.2799999999998875,7.279999999999903,123,6.545370362117268
7.289999999999887,7.289999999999903,123,6.548109404000854
7.299999999999887,7.299999999999902,123,6.550951562315902
7.309999999999887,7.309999999999902,123,6.553795038966669
7.319999999999887,7.319999999999901,123,6.556633826893702
7.329999999999886,7.329999999999901,123,6.559474549944198
7.339999999999886,7.3399999999998995,123,6.56231799787686
7.349999999999886,7.349999999999899,123,6.565168109197728
7.359999999999886,7.359999999999898,123,6.56801968027267
7.3699999999998855,7.369999999999898,123,6.5708727145946
7.379999999999885,7.379999999999897,123,6.573727215688791
7.389999999999885,7.389999999999897,123,6.576583187113073
7.399999999999885,7.3999999999998956,123,6.579440632458045
7.409999999999885,7.409999999999895,123,6.58229955534749
7.4199999999998845,7.419999999999946,123,6.585159959438627
7.429999999999884,7.429999999999894,123,6.5880249613665285
7.439999999999884,7.439999999999944,123,6.590896728094421
7.449999999999884,7.449999999999893,123,6.593740649804857
7.459999999999884,7.459999999999943,123,6.596384106022555
7.469999999999883,7.469999999999943,123,6.599030008689894
7.479999999999883,7.479999999999942,123,6.601678364404208
7.489999999999883,7.489999999999942,123,6.609498594321863
7.499999999999883,7.4999999999999405,123,6.612140014393532
7.5099999999998825,7.50999999999994,123,6.614783915664177
7.519999999999882,7.519999999999939,123,6.617430304918784
7.529999999999882,7.529999999999939,123,6.620079188981563
7.539999999999882,7.539999999999938,123,6.62273057471613
7.549999999999882,7.549999999999938,123,6.625391319789799
7.5599999999998815,7.5599999999999365,123,6.628052376050363
7.569999999999881,7.569999999999936,123,6.6306855161192715
7.579999999999881,7.579999999999935,123,6.633319914144209
7.589999999999881,7.589999999999935,123,6.636081141456572
7.599999999999881,7.599999999999935,123,6.638890016191269
7.60999999999988,7.609999999999908,123,6.641700781788771
7.61999999999988,7.619999999999946,123,6.644513442365991
7.62999999999988,7.62999999999992,123,6.647328002061968
7.63999999999988,7.639999999999893,123,6.650144518932876
7.64999999999988,7.649999999999931,123,6.6529651908588505
7.659999999999879,7.659999999999906,123,6.655787825776912
7.669999999999879,7.669999999999942,123,6.658612427791184
7.679999999999879,7.679999999999917,123,6.661439001028242
7.689999999999879,7.68999999999989,123,6.664272971285797
7.6999999999998785,7.699999999999928,123,6.667108491100734
7.709999999999878,7.709999999999901,123,6.66994551261088
7.719999999999878,7.719999999999939,123,6.672784039274745
7.729999999999878,7.729999999999914,123,6.675624074582899
7.739999999999878,7.739999999999887,123,6.678465622057999
7.749999999999877,7.749999999999925,123,6.6813086852552885
7.759999999999877,7.759999999999899,123,6.683986038686726
7.769999999999877,7.7699999999999365,123,6.68660053636107
7.779999999999877,7.7799999999999105,123,6.689217503371793
7.789999999999877,7.789999999999885,123,6.69976743504796
7.799999999999876,7.799999999999922,123,6.702402918274871
7.809999999999876,7.809999999999896,123,6.705040757320717
7.819999999999876,7.819999999999933,123,6.7076809585077655
7.829999999999876,7.829999999999908,123,6.7103235281953175
7.8399999999998755,7.839999999999881,123,6.712955069992546
7.849999999999875,7.849999999999919,123,6.71557786885721
7.859999999999875,7.859999999999894,123,6.718203166925406
7.869999999999875,7.86999999999993,123,6.720930032905912
7.879999999999875,7.879999999999905,123,6.7237311319981785
7.8899999999998744,7.889999999999942,123,6.726530844259827
7.899999999999874,7.899999999999916,123,6.729328987619468
7.909999999999874,7.909999999999889,123,6.732129120434863
7.919999999999874,7.919999999999927,123,6.734931247852444
7.929999999999874,7.929999999999901,123,6.737735375046924
7.939999999999873,7.939999999999938,123,6.740534459806
7.949999999999873,7.949999999999912,123,6.743311141046462
7.959999999999873,7.959999999999887,123,6.74608971372777
7.969999999999873,7.969999999999924,123,6.748870181999862
7.9799999999998725,7.979999999999898,123,6.751652550035217
7.989999999999872,7.989999999999936,123,6.754436822029163
7.999999999999872,7.999999999999909,123,6.757223002200021
8.009999999999872,8.00999999999991,123,6.760011094789249
8.019999999999872,8.019999999999884,123,6.762801104061694
8.029999999999871,8.029999999999934,123,6.765593034305596
8.039999999999871,8.039999999999907,123,6.7683950179119705
8.049999999999871,8.04999999999988,123,6.771199008160778
8.05999999999987,8.059999999999931,123,6.773781722080301
8.06999999999987,8.069999999999904,123,6.776359577856724
8.07999999999987,8.07999999999988,123,6.77893980899303
8.08999999999987,8.08999999999993,123,6.781522421806741
8.09999999999987,8.099999999999904,123,6.7841074226519
8.10999999999987,8.109999999999877,123,6.7866948179197095
8.11999999999987,8.119999999999926,123,6.794318396087917
8.12999999999987,8.129999999999901,123,6.796908308502381
8.13999999999987,8.139999999999876,123,6.799500550986949
8.149999999999869,8.149999999999926,123,6.802094333441644
8.159999999999869,8.159999999999899,123,6.804689707159326
8.169999999999868,8.169999999999874,123,6.807414955004532
8.179999999999868,8.179999999999923,123,6.810185652043586
8.189999999999868,8.189999999999898,123,6.812958287389691
8.199999999999868,8.199999999999871,123,6.815732865983179
8.209999999999868,8.209999999999923,123,6.818509392791171
8.219999999999867,8.219999999999896,123,6.821287872807844
8.229999999999867,8.229999999999869,123,6.824069076587065
8.239999999999867,8.23999999999992,123,6.826853735965884
8.249999999999867,8.249999999999893,123,6.829640412189988
8.259999999999867,8.259999999999868,123,6.832429110222151
8.269999999999866,8.269999999999918,123,6.835219835052172
8.279999999999866,8.279999999999893,123,6.8380124891018
8.289999999999866,8.289999999999866,123,6.840777427818736
8.299999999999866,8.299999999999915,123,6.843539910025683
8.309999999999865,8.30999999999989,123,6.846304318301932
8.319999999999865,8.319999999999865,123,6.849070656661652
8.329999999999865,8.329999999999915,123,6.851838929141294
8.339999999999865,8.339999999999888,123,6.854609139799379
8.349999999999865,8.34999999999994,123,6.857381292717122
8.359999999999864,8.359999999999912,123,6.860006113969689
8.369999999999864,8.369999999999887,123,6.870163329217945
8.379999999999864,8.379999999999937,123,6.872723845196617
8.389999999999864,8.389999999999912,123,6.875287123279591
8.399999999999864,8.399999999999885,123,6.877853175383962
8.409999999999863,8.409999999999858,123,6.880422013515613
8.419999999999863,8.419999999999908,123,6.883002794798642
8.429999999999863,8.42999999999987,123,6.885568456993582
8.439999999999863,8.439999999999921,123,6.8882197768933935
8.449999999999863,8.449999999999882,123,6.890947392406218
8.459999999999862,8.459999999999932,123,6.893676938859258
8.469999999999862,8.469999999999892,123,6.896401841209297
8.479999999999862,8.479999999999855,123,6.899128389486023
8.489999999999862,8.489999999999904,123,6.901856843273237
8.499999999999861,8.499999999999867,123,6.904587207376963
8.509999999999861,8.509999999999916,123,6.907319486629518
8.519999999999861,8.519999999999877,123,6.910053685889508
8.52999999999986,8.529999999999928,123,6.91278981004227
8.53999999999986,8.539999999999889,123,6.915527863999657
8.54999999999986,8.549999999999939,123,6.918267852700765
8.55999999999986,8.5599999999999,123,6.921009781111607
8.56999999999986,8.569999999999862,123,6.923753654225649
8.57999999999986,8.579999999999911,123,6.926499477063885
8.58999999999986,8.589999999999872,123,6.929247254675019
8.59999999999986,8.599999999999923,123,6.93199699213578
8.609999999999859,8.609999999999884,123,6.934748694550919
8.619999999999859,8.619999999999933,123,6.937502367053668
8.629999999999859,8.629999999999896,123,6.94025801480565
8.639999999999858,8.639999999999857,123,6.943020951431123
8.649999999999858,8.649999999999908,123,6.945684061364517
8.659999999999858,8.659999999999869,123,6.948212787238447
8.669999999999858,8.669999999999918,123,6.950719787567692
8.679999999999858,8.679999999999879,123,6.953229576922013
8.689999999999857,8.68999999999993,123,6.955742167098478
8.699999999999857,8.699999999999891,123,6.958257569980674
8.709999999999857,8.709999999999853,123,6.9607770295559135
8.719999999999857,8.719999999999903,123,6.9633001695021335
8.729999999999857,8.729999999999864,123,6.965832913136126
8.739999999999856,8.739999999999915,123,6.9683722603744656
8.749999999999856,8.749999999999876,123,6.976073967171843
8.759999999999856,8.759999999999925,123,6.978773466756223
8.769999999999856,8.769999999999888,123,6.9814748228424435
8.779999999999855,8.779999999999848,123,6.984178040038998
8.789999999999855,8.7899999999999,123,6.986883122979165
8.799999999999855,8.79999999999986,123,6.989590076321349
8.809999999999855,8.80999999999991,123,6.992298904749148
8.819999999999855,8.819999999999858,123,6.99501123298198
8.829999999999854,8.82999999999991,123,6.997726107648532
8.839999999999854,8.839999999999858,123,7.000442919527174
8.849999999999854,8.849999999999907,123,7.0031616732696875
8.859999999999854,8.859999999999856,123,7.005882373553277
8.869999999999854,8.869999999999907,123,7.008605025080584
8.879999999999853,8.879999999999855,123,7.011329632579958
8.889999999999853,8.889999999999905,123,7.014056200805669
8.899999999999853,8.899999999999853,123,7.016784734537978
8.909999999999853,8.909999999999904,123,7.01951523858348
8.919999999999852,8.919999999999852,123,7.022247717775201
8.929999999999852,8.929999999999902,123,7.02498217697287
8.939999999999852,8.93999999999985,123,7.027718621062789
8.949999999999852,8.949999999999902,123,7.037747699942599
8.959999999999852,8.95999999999985,123,7.0402616979695125
8.969999999999851,8.9699999999999,123,7.042778056952912
8.979999999999851,8.97999999999985,123,7.045296788430392
8.989999999999851,8.989999999999899,123,7.047817904019894
8.99999999999985,8.999999999999847,123,7.050341415420576
9.00999999999985,9.009999999999897,123,7.052865746266548
9.01999999999985,9.019999999999897,123,7.055410295975975
9.02999999999985,9.029999999999896,123,7.058113939658696
9.03999999999985,9.039999999999896,123,7.060816142349992
9.04999999999985,9.049999999999896,123,7.063516774567603
9.05999999999985,9.059999999999894,123,7.066217421122573
9.06999999999985,9.069999999999894,123,7.0689096710719355
9.079999999999849,9.079999999999893,123,7.0715846147133306
9.089999999999849,9.089999999999893,123,7.074259019909093
9.099999999999849,9.099999999999904,123,7.076933082684306
9.109999999999848,9.109999999999904,123,7.079608837264232
9.119999999999848,9.119999999999903,123,7.082286289421589
9.129999999999848,9.129999999999903,123,7.0849654449505834
9.139999999999848,9.139999999999901,123,7.087646309666837
9.149999999999848,9.1499999999999,123,7.090328889407786
9.159999999999847,9.1599999999999,123,7.093013190032892
9.169999999999847,9.1699999999999,123,7.095699217423885
9.179999999999847,9.1799999999999,123,7.098386977485035
9.189999999999847,9.189999999999898,123,7.101076476143334
9.199999999999847,9.199999999999898,123,7.103767719348809
9.209999999999846,9.209999999999898,123,7.106460713074682
9.219999999999846,9.219999999999898,123,7.109155463317833
9.229999999999846,9.229999999999896,123,7.111851976098706
9.239999999999846,9.239999999999895,123,7.114548922418592
9.249999999999845,9.249999999999895,123,7.117087358354695
9.259999999999845,9.259999999999895,123,7.119550050297633
9.269999999999845,9.269999999999893,123,7.12201513433439
9.279999999999845,9.279999999999893,123,7.124482472137558
9.289999999999845,9.289999999999893,123,7.1269519513038375
9.299999999999844,9.299999999999892,123,7.129425730014361
9.309999999999844,9.309999999999892,123,7.131901994723108
9.319999999999844,9.31999999999989,123,7.134380756925452
9.329999999999844,9.32999999999989,123,7.136862028200397
9.339999999999844,9.33999999999989,123,7.139348481931748
9.349999999999843,9.34999999999989,123,7.1419203116768415
9.359999999999843,9.359999999999888,123,7.144602889238371
9.369999999999843,9.369999999999887,123,7.1472875219866125
9.379999999999843,9.379999999999901,123,7.155089311920264
9.389999999999842,9.3899999999999,123,7.157773658046466
9.399999999999842,9.399999999999899,123,7.1604602141958225
9.409999999999842,9.409999999999897,123,7.163150531341856
9.419999999999842,9.419999999999899,123,7.165812853189166
9.429999999999842,9.429999999999897,123,7.168471975629544
9.439999999999841,9.439999999999896,123,7.171131635811292
9.449999999999841,9.449999999999894,123,7.173793020997735
9.459999999999841,9.459999999999896,123,7.176456136754155
9.46999999999984,9.469999999999894,123,7.179120988666682
9.47999999999984,9.479999999999894,123,7.181787582342565
9.48999999999984,9.489999999999892,123,7.184455923410326
9.49999999999984,9.499999999999893,123,7.1871260175201
9.50999999999984,9.509999999999891,123,7.189797870343796
9.51999999999984,9.519999999999891,123,7.192471487575375
9.52999999999984,9.529999999999891,123,7.202599503153593
9.53999999999984,9.53999999999989,123,7.205042854706406
9.549999999999839,9.549999999999889,123,7.207488363194258
9.559999999999839,9.559999999999889,123,7.209936039477725
9.569999999999839,9.569999999999888,123,7.212385894486658
9.579999999999838,9.579999999999888,123,7.214837939221013
9.589999999999838,9.589999999999886,123,7.21729218475231
9.599999999999838,9.599999999999888,123,7.219738760620487
9.609999999999838,9.609999999999886,123,7.2221746411459975
9.619999999999838,9.619999999999886,123,7.2248081362376695
9.629999999999837,9.629999999999884,123,7.2274488140648
9.639999999999837,9.639999999999885,123,7.2300912819359695
9.649999999999837,9.649999999999883,123,7.232735549745485
9.659999999999837,9.659999999999883,123,7.235381627431352
9.669999999999837,9.669999999999881,123,7.238029524975488
9.679999999999836,9.679999999999882,123,7.240678792801944
9.689999999999836,9.68999999999988,123,7.243329448695846
9.699999999999836,9.69999999999988,123,7.245981955399216
9.709999999999836,9.709999999999878,123,7.248636323070755
9.719999999999835,9.71999999999988,123,7.2512925619165856
9.729999999999835,9.729999999999878,123,7.253950682190762
9.739999999999835,9.739999999999878,123,7.25661069419597
9.749999999999835,9.749999999999876,123,7.259272608283922
9.759999999999835,9.759999999999877,123,7.26193486597802
9.769999999999834,9.769999999999875,123,7.264594453354206
9.779999999999834,9.779999999999875,123,7.267253098146313
9.789999999999834,9.789999999999875,123,7.269913014329589
9.799999999999834,9.799999999999875,123,7.272546323769376
9.809999999999834,9.809999999999887,123,7.275180076646876
9.819999999999833,9.819999999999897,123,7.277815398284815
9.829999999999833,9.829999999999872,123,7.2804522942196
9.839999999999833,9.839999999999884,123,7.283090770003469
9.849999999999833,9.849999999999897,123,7.285600890281458
9.859999999999832,9.859999999999872,123,7.287998123606073
9.869999999999832,9.869999999999882,123,7.290397563162671
9.879999999999832,9.879999999999894,123,7.292800389662773
9.889999999999832,9.889999999999867,123,7.295206258378428
9.899999999999832,9.899999999999881,123,7.297614405181747
9.909999999999831,9.909999999999892,123,7.300028315885584
9.919999999999831,9.919999999999867,123,7.302444950336721
9.929999999999831,9.929999999999879,123,7.304863995427198
9.93999999999983,9.939999999999891,123,7.307285461722529
9.94999999999983,9.949999999999864,123,7.309899637190725
9.95999999999983,9.959999999999877,123,7.312524173091617
9.96999999999983,9.969999999999889,123,7.315150525301007
9.97999999999983,9.979999999999864,123,7.317778703501858
9.98999999999983,9.989999999999876,123,7.32040871742042
9.99999999999983,9.999999999999886,123,7.327977121548869
10.00999999999983,10.00999999999986,123,7.330606372042993
10.019999999999829,10.019999999999873,123,7.333237495978722
10.029999999999829,10.029999999999886,123,7.335870503190208
10.039999999999829,10.039999999999896,123,7.3385054035585
10.049999999999828,10.049999999999871,123,7.341142207011828
10.059999999999828,10.059999999999883,123,7.343780923526452
10.069999999999828,10.069999999999895,123,7.346421563127166
10.079999999999828,10.079999999999869,123,7.349064135887872
10.089999999999828,10.08999999999988,123,7.351706760308815
10.099999999999827,10.099999999999893,123,7.35434694254603
10.109999999999827,10.109999999999868,123,7.356988761694055
10.119999999999827,10.11999999999988,123,7.366826776004274
10.129999999999827,10.12999999999989,123,7.369262647978147
10.139999999999826,10.139999999999866,123,7.371671751350689
10.149999999999826,10.149999999999878,123,7.374083016006182
10.159999999999826,10.15999999999989,123,7.376496452497435
10.169999999999826,10.169999999999863,123,7.378912071444972
10.179999999999826,10.179999999999875,123,7.3813308941817155
10.189999999999825,10.189999999999888,123,7.383728875917043
10.199999999999825,10.19999999999986,123,7.386127513920343
10.209999999999825,10.209999999999873,123,7.38855414749905
10.219999999999825,10.219999999999873,123,7.391137284848156
10.229999999999825,10.229999999999874,123,7.393721914262329
10.239999999999824,10.239999999999872,123,7.396308043877369
10.249999999999824,10.24999999999987,123,7.39889568187003
10.259999999999824,10.25999999999987,123,7.401484836459133
10.269999999999824,10.269999999999872,123,7.404075515906072
10.279999999999824,10.27999999999987,123,7.406667728515629
10.289999999999823,10.289999999999868,123,7.409261482636708
10.299999999999823,10.299999999999867,123,7.411856786663151
10.309999999999823,10.309999999999869,123,7.414452974337692
10.319999999999823,10.319999999999867,123,7.417050524663026
10.329999999999822,10.329999999999865,123,7.41964965063579
10.339999999999822,10.339999999999867,123,7.42225036083093
10.349999999999822,10.349999999999866,123,7.424852663872315
10.359999999999822,10.359999999999864,123,7.427456568433371
10.369999999999822,10.369999999999862,123,7.430062083238042
10.379999999999821,10.379999999999864,123,7.432669217061488
10.389999999999821,10.389999999999864,123,7.435277978731051
10.399999999999821,10.399999999999862,123,7.437888282044753
10.40999999999982,10.40999999999986,123,7.440499538400644
10.41999999999982,10.419999999999861,123,7.4431126950482
10.42999999999982,10.429999999999861,123,7.445727762079443
10.43999999999982,10.43999999999986,123,7.448340714787292
10.44999999999982,10.449999999999857,123,7.450954931782789
10.45999999999982,10.459999999999859,123,7.453322914271382
10.46999999999982,10.469999999999859,123,7.455694541817763
10.47999999999982,10.479999999999857,123,7.458068422600576
10.489999999999819,10.489999999999855,123,7.460444728833437
10.499999999999819,10.499999999999856,123,7.462824408511764
10.509999999999819,10.509999999999856,123,7.465206367339036
10.519999999999818,10.519999999999854,123,7.467575838917739
10.529999999999818,10.529999999999854,123,7.4699337387170885
10.539999999999818,10.539999999999853,123,7.47231067510981
10.549999999999818,10.549999999999853,123,7.474876607710996
10.559999999999818,10.559999999999851,123,7.477444057344158
10.569999999999817,10.569999999999851,123,7.480013032028168
10.579999999999817,10.57999999999985,123,7.482583539823523
10.589999999999817,10.58999999999985,123,7.492159544826762
10.599999999999817,10.59999999999985,123,7.494747332873132
10.609999999999816,10.60999999999986,123,7.4973366272909345
10.619999999999816,10.619999999999898,123,7.49992743805619
10.629999999999816,10.629999999999873,123,7.5001536197716945
10.639999999999816,10.639999999999848,123,7.502730377316425
10.649999999999816,10.649999999999883,123,7.505308773022932
10.659999999999815,10.65999999999986,123,7.507888816810976
10.669999999999815,10.669999999999897,123,7.510470518643672
10.679999999999815,10.67999999999987,123,7.513053888527949
10.689999999999815,10.689999999999843,123,7.515638936516012
10.699999999999815,10.699999999999882,123,7.524994261493603
10.709999999999814,10.709999999999855,123,7.5275990534976955
10.719999999999814,10.719999999999894,123,7.53020855266918
10.729999999999814,10.729999999999867,123,7.5327680996773125
10.739999999999814,10.73999999999984,123,7.535120682233398
10.749999999999813,10.749999999999877,123,7.537475334148482
10.759999999999813,10.759999999999852,123,7.5398301156930785
10.769999999999813,10.76999999999989,123,7.542173585766534
10.779999999999813,10.779999999999863,123,7.544511501067461
10.789999999999813,10.78999999999984,123,7.546851657475884
10.799999999999812,10.799999999999876,123,7.5491940636497645
10.809999999999812,10.80999999999985,123,7.551634652147442
10.819999999999812,10.819999999999885,123,7.554120263462309
10.829999999999812,10.829999999999862,123,7.556663511596014
10.839999999999812,10.839999999999835,123,7.559208518449708
10.849999999999811,10.849999999999872,123,7.561765511044754
10.859999999999811,10.859999999999847,123,7.564324461784736
10.869999999999811,10.869999999999884,123,7.566884708881702
10.87999999999981,10.879999999999857,123,7.569446257988503
10.88999999999981,10.88999999999983,123,7.5720092355119135
10.89999999999981,10.899999999999869,123,7.574573822325107
10.90999999999981,10.909999999999842,123,7.577140028291382
10.91999999999981,10.919999999999881,123,7.579707863316145
10.92999999999981,10.929999999999856,123,7.582277133709667
10.93999999999981,10.939999999999891,123,7.584827578254732
10.94999999999981,10.949999999999864,123,7.587370762898885
10.959999999999809,10.959999999999841,123,7.589915533758003
10.969999999999809,10.969999999999878,123,7.592461900454552
10.979999999999809,10.979999999999851,123,7.595009872652312
10.989999999999808,10.98999999999989,123,7.597559460057468
10.999999999999808,10.999999999999863,123,7.6001106724193335
11.009999999999808,11.00999999999985,123,7.602663519531276
11.019999999999808,11.019999999999824,123,7.605218011231429
11.029999999999808,11.029999999999873,123,7.607774157403668
11.039999999999807,11.039999999999846,123,7.610333857079695
11.049999999999807,11.049999999999821,123,7.612901015792318
11.059999999999807,11.05999999999987,123,7.61544771016689
11.069999999999807,11.069999999999846,123,7.617764146857411
11.079999999999806,11.079999999999819,123,7.620082797634524
11.089999999999806,11.08999999999987,123,7.62240367080463
11.099999999999806,11.099999999999843,123,7.6247267747210685
11.109999999999806,11.109999999999818,123,7.627052117784359
11.119999999999806,11.11999999999987,123,7.629379708443423
11.129999999999805,11.129999999999843,123,7.631709555195798
11.139999999999805,11.139999999999892,123,7.634041666588686
11.149999999999805,11.149999999999867,123,7.636516688838853
11.159999999999805,11.15999999999984,123,7.63905660036346
11.169999999999805,11.16999999999989,123,7.648068384797696
11.179999999999804,11.179999999999863,123,7.65061318252711
11.189999999999804,11.18999999999984,123,7.653159693612778
11.199999999999804,11.19999999999989,123,7.655707927165295
11.209999999999804,11.209999999999862,123,7.658257892320407
11.219999999999803,11.219999999999835,123,7.660808154724791
11.229999999999803,11.229999999999887,123,7.663367706036283
11.239999999999803,11.239999999999862,123,7.665918377259672
11.249999999999803,11.249999999999835,123,7.6663435436043414
11.259999999999803,11.259999999999886,123,7.668895029838282
11.269999999999802,11.26999999999986,123,7.67761730804898
11.279999999999802,11.279999999999832,123,7.680185684204432
11.289999999999802,11.289999999999882,123,7.682755414721029
11.299999999999802,11.299999999999855,123,7.685326508290174
11.309999999999802,11.309999999999832,123,7.687899075257931
11.319999999999801,11.319999999999881,123,7.690478533819331
11.329999999999801,11.329999999999854,123,7.693057686068926
11.339999999999801,11.33999999999983,123,7.695606439220683
11.3499999999998,11.349999999999879,123,7.697913867745356
11.3599999999998,11.359999999999854,123,7.700189715325621
11.3699999999998,11.369999999999827,123,7.702467645188548
11.3799999999998,11.379999999999878,123,7.704747664613208
11.3899999999998,11.389999999999851,123,7.707117191475831
11.3999999999998,11.399999999999824,123,7.709537398827166
11.4099999999998,11.409999999999876,123,7.711959435839361
11.4199999999998,11.419999999999837,123,7.714383309854554
11.429999999999799,11.429999999999888,123,7.716809028262276
11.439999999999799,11.439999999999849,123,7.719236598500132
11.449999999999799,11.44999999999981,123,7.721666028054614
11.459999999999798,11.459999999999859,123,7.724119497778034
11.469999999999798,11.469999999999821,123,7.726609867305683
11.479999999999798,11.479999999999873,123,7.729101970515401
11.489999999999798,11.489999999999831,123,7.731595816018185
11.499999999999797,11.499999999999881,123,7.734091412450951
11.509999999999797,11.509999999999843,123,7.736588768477148
11.519999999999797,11.519999999999806,123,7.73908789278741
11.529999999999797,11.529999999999855,123,7.741588794100068
11.539999999999797,11.539999999999816,123,7.7440914811617745
11.549999999999796,11.549999999999866,123,7.746595962747975
11.559999999999796,11.559999999999828,123,7.749101480332129
11.569999999999796,11.569999999999878,123,7.751610268522086
11.579999999999796,11.579999999999838,123,7.754129523879627
11.589999999999796,11.589999999999888,123,7.756650126855959
11.599999999999795,11.59999999999985,123,7.759172085718674
11.609999999999795,11.609999999999813,123,7.761695408784334
11.619999999999795,11.619999999999862,123,7.764220104419294
11.629999999999795,11.629999999999823,123,7.766747671884971
11.639999999999795,11.639999999999873,123,7.769277015035556
11.649999999999794,11.649999999999835,123,7.771812541683502
11.659999999999794,11.659999999999885,123,7.774338088221043
11.669999999999794,11.669999999999847,123,7.776851645985175
11.679999999999794,11.679999999999808,123,7.779168702104812
11.689999999999793,11.689999999999857,123,7.78143129576344
11.699999999999793,11.69999999999982,123,7.783696042701806
11.709999999999793,11.70999999999987,123,7.785962950644219
11.719999999999793,11.719999999999832,123,7.788232027359371
11.729999999999793,11.729999999999881,123,7.790578339394969
11.739999999999792,11.739999999999842,123,7.799054304040567
11.749999999999792,11.749999999999805,123,7.801476061166724
11.759999999999792,11.759999999999854,123,7.803899593254101
11.769999999999792,11.769999999999815,123,7.806324907602132
11.779999999999792,11.779999999999864,123,7.808776605189337
11.789999999999791,11.789999999999827,123,7.811260127268511
11.799999999999791,11.799999999999876,123,7.813745157075431
11.80999999999979,11.809999999999825,123,7.8162318176198085
11.81999999999979,11.819999999999876,123,7.818708340388184
11.82999999999979,11.829999999999824,123,7.821176476331104
11.83999999999979,11.839999999999874,123,7.823646371605321
11.84999999999979,11.849999999999822,123,7.8261180346533195
11.85999999999979,11.859999999999873,123,7.8285914739458065
11.86999999999979,11.869999999999822,123,7.835023966316996
11.87999999999979,11.879999999999871,123,7.837521428714126
11.88999999999979,11.88999999999982,123,7.840019820089708
11.899999999999789,11.89999999999987,123,7.842518795030799
11.909999999999789,11.909999999999819,123,7.845019500874429
11.919999999999789,11.919999999999868,123,7.847526581773536
11.929999999999788,11.929999999999819,123,7.850029489887831
11.939999999999788,11.939999999999868,123,7.852521913984418
11.949999999999788,11.949999999999816,123,7.855016362599599
11.959999999999788,11.959999999999868,123,7.857351838628347
11.969999999999787,11.969999999999816,123,7.859618751025181
11.979999999999787,11.979999999999865,123,7.8619968651871375
11.989999999999787,11.989999999999814,123,7.864386968021407
11.999999999999787,11.999999999999865,123,7.866778898878323
12.009999999999787,12.00999999999985,123,7.869172664863299
12.019999999999786,12.01999999999985,123,7.871568273129924
12.029999999999786,12.02999999999985,123,7.873965730880371
12.039999999999786,12.039999999999848,123,7.876365045366271
12.049999999999786,12.049999999999848,123,7.878766223889372
12.059999999999786,12.059999999999848,123,7.881169273802058
12.069999999999785,12.069999999999848,123,7.883574202508271
12.079999999999785,12.079999999999846,123,7.885955645682898
12.089999999999785,12.089999999999847,123,7.8883364646737135
12.099999999999785,12.099999999999845,123,7.89073602846463
12.109999999999784,12.109999999999845,123,7.893173955332742
12.119999999999784,12.119999999999843,123,7.895613586261163
12.129999999999784,12.129999999999844,123,7.898054929406641
12.139999999999784,12.139999999999842,123,7.900497992951429
12.149999999999784,12.149999999999842,123,7.902942785103917
12.159999999999783,12.159999999999854,123,7.905389314099139
12.169999999999783,12.169999999999842,123,7.907837588199257
12.179999999999783,12.179999999999852,123,7.910286916746088
12.189999999999783,12.189999999999852,123,7.912737926050852
12.199999999999783,12.199999999999852,123,7.9151907059390965
12.209999999999782,12.209999999999852,123,7.917646641239969
12.219999999999782,12.219999999999851,123,7.920104812490351
12.229999999999782,12.22999999999985,123,7.922564813349183
12.239999999999782,12.23999999999985,123,7.92502665217539
12.249999999999782,12.249999999999849,123,7.927490337359714
12.259999999999781,12.259999999999849,123,7.929961102003659
12.269999999999781,12.269999999999847,123,7.93243580801105
12.27999999999978,12.279999999999847,123,7.934912546342289
12.28999999999978,12.289999999999848,123,7.937373016006163
12.29999999999978,12.299999999999846,123,7.939603451847134
12.30999999999978,12.309999999999844,123,7.941841882609253
12.31999999999978,12.319999999999844,123,7.949745121288146
12.32999999999978,12.329999999999846,123,7.95212839184812
12.33999999999978,12.339999999999844,123,7.954515756109799
12.34999999999978,12.349999999999842,123,7.956904161231321
12.35999999999978,12.359999999999841,123,7.959293197641429
12.369999999999779,12.369999999999843,123,7.961683984105406
12.379999999999779,12.379999999999841,123,7.964076527883705
12.389999999999779,12.389999999999839,123,7.9664708362846
12.399999999999778,12.399999999999839,123,7.968853502216717
12.409999999999778,12.40999999999984,123,7.971231490496663
12.419999999999778,12.419999999999838,123,7.973618523001463
12.429999999999778,12.429999999999836,123,7.976055261183475
12.439999999999777,12.439999999999836,123,7.9784937699973995
12.449999999999777,12.449999999999838,123,7.980926529570439
12.459999999999777,12.459999999999836,123,7.983340758137601
12.469999999999777,12.469999999999834,123,7.985756704126203
12.479999999999777,12.479999999999835,123,7.9919975835295105
12.489999999999776,12.489999999999835,123,7.994445140738435
12.499999999999776,12.499999999999833,123,7.996883464981735
12.509999999999776,12.509999999999831,123,7.999313077825775
12.519999999999776,12.519999999999833,123,8.001737468255442
12.529999999999776,12.529999999999832,123,8.00416776167802
12.539999999999775,12.53999999999983,123,8.006599985358179
12.549999999999775,12.549999999999828,123,8.009034147909247
12.559999999999775,12.55999999999983,123,8.01157127267382
12.569999999999775,12.56999999999983,123,8.014159712397827
12.579999999999774,12.579999999999828,123,8.016556075732709
12.589999999999774,12.589999999999826,123,8.018859779140428
12.599999999999774,12.599999999999827,123,8.021165833954939
12.609999999999774,12.609999999999827,123,8.02347425345323
12.619999999999774,12.619999999999825,123,8.02578505101954
12.629999999999773,12.629999999999823,123,8.028098240146662
12.639999999999773,12.639999999999825,123,8.03041383443778
12.649999999999773,12.649999999999824,123,8.03273184760782
12.659999999999773,12.659999999999847,123,8.035064568674798
12.669999999999773,12.669999999999822,123,8.03741090683208
12.679999999999772,12.679999999999847,123,8.03975905460679
12.689999999999772,12.689999999999847,123,8.042109018840478
12.699999999999772,12.699999999999847,123,8.044460806423572
12.709999999999772,12.709999999999846,123,8.046814424295974
12.719999999999771,12.719999999999844,123,8.049169879447675
12.729999999999771,12.729999999999844,123,8.051527178919443
12.739999999999771,12.739999999999844,123,8.05388632980349
12.74999999999977,12.749999999999844,123,8.056291073573576
12.75999999999977,12.759999999999842,123,8.058708285785826
12.76999999999977,12.769999999999843,123,8.061127250472737
12.77999999999977,12.779999999999841,123,8.06354797587511
12.78999999999977,12.789999999999841,123,8.06597185739352
12.79999999999977,12.799999999999839,123,8.068376168411234
12.80999999999977,12.809999999999826,123,8.070775570438698
12.81999999999977,12.819999999999839,123,8.073176720686163
12.82999999999977,12.829999999999812,123,8.075579626951978
12.839999999999769,12.839999999999826,123,8.07798429706277
12.849999999999769,12.849999999999838,123,8.080390738873803
12.859999999999769,12.859999999999848,123,8.082800185915701
12.869999999999768,12.869999999999823,123,8.08521692329903
12.879999999999768,12.879999999999834,123,8.087635603575237
12.889999999999768,12.889999999999846,123,8.095843823804444
12.899999999999768,12.899999999999823,123,8.098136083115364
12.909999999999767,12.909999999999833,123,8.10042891603166
12.919999999999767,12.919999999999845,123,8.102721706422713
12.929999999999767,12.929999999999819,123,8.105016710530819
12.939999999999767,12.93999999999983,123,8.107313942024007
12.949999999999767,12.949999999999843,123,8.109613414170624
12.959999999999766,12.959999999999818,123,8.111915140343044
12.969999999999766,12.96999999999983,123,8.114219134019677
12.979999999999766,12.979999999999842,123,8.116507324688214
12.989999999999766,12.989999999999815,123,8.118796765302562
12.999999999999766,12.999999999999828,123,8.121088634714454
13.009999999999765,13.009999999999838,123,8.12340184475272
13.019999999999765,13.019999999999815,123,8.125723429049827
13.029999999999765,13.029999999999827,123,8.12804682275005
13.039999999999765,13.039999999999837,123,8.130372032567806
13.049999999999764,13.04999999999981,123,8.132699065267332
13.059999999999764,13.059999999999823,123,8.135027927663387
13.069999999999764,13.069999999999835,123,8.13738024628205
13.079999999999764,13.07999999999981,123,8.139766363845652
13.089999999999764,13.089999999999822,123,8.142154219800474
13.099999999999763,13.099999999999834,123,8.148145834144415
13.109999999999763,13.109999999999808,123,8.150534351004225
13.119999999999763,13.11999999999982,123,8.152924639286482
13.129999999999763,13.129999999999832,123,8.155322272020143
13.139999999999763,13.139999999999846,123,8.157722437262493
13.149999999999762,13.14999999999982,123,8.160232364074673
13.159999999999762,13.159999999999831,123,8.162784476558926
13.169999999999762,13.169999999999842,123,8.165338177931488
13.179999999999762,13.179999999999815,123,8.167893476834976
13.189999999999761,13.189999999999827,123,8.17045038195549
13.199999999999761,13.19999999999984,123,8.172914131249058
13.209999999999761,13.20999999999984,123,8.17517049082548
13.21999999999976,13.21999999999984,123,8.177417167825325
13.22999999999976,13.229999999999839,123,8.179666114620218
13.23999999999976,13.239999999999837,123,8.18191734361892
13.24999999999976,13.249999999999837,123,8.184170867330465
13.25999999999976,13.259999999999838,123,8.18642669836585
13.26999999999976,13.269999999999836,123,8.188684849439298
13.27999999999976,13.279999999999834,123,8.190945333369854
13.28999999999976,13.289999999999836,123,8.193208163082971
13.29999999999976,13.299999999999836,123,8.195473351611838
13.309999999999759,13.309999999999834,123,8.197740912098993
13.319999999999759,13.319999999999832,123,8.200010857797977
13.329999999999758,13.329999999999833,123,8.202283202074739
13.339999999999758,13.339999999999833,123,8.204566501845619
13.349999999999758,13.349999999999831,123,8.206869201966583
13.359999999999758,13.359999999999829,123,8.20917400834061
13.369999999999758,13.36999999999983,123,8.211481908808182
13.379999999999757,13.37999999999983,123,8.213791637972818
13.389999999999757,13.389999999999828,123,8.21610320242442
13.399999999999757,13.399999999999826,123,8.218463767126693
13.409999999999757,13.409999999999828,123,8.22083150014656
13.419999999999757,13.419999999999828,123,8.223200768034545
13.429999999999756,13.429999999999826,123,8.225571791271662
13.439999999999756,13.439999999999824,123,8.22794457760402
13.449999999999756,13.449999999999825,123,8.230319134808582
13.459999999999756,13.459999999999825,123,8.232695470693798
13.469999999999756,13.469999999999823,123,8.240555034600192
13.479999999999755,13.479999999999823,123,8.24309849223016
13.489999999999755,13.489999999999823,123,8.245643125270504
13.499999999999755,13.499999999999822,123,8.248189230080527
13.509999999999755,13.509999999999822,123,8.250592440160574
13.519999999999754,13.51999999999982,123,8.252848951951208
13.529999999999754,13.52999999999982,123,8.255107649494292
13.539999999999754,13.53999999999982,123,8.257368545369161
13.549999999999754,13.54999999999982,123,8.25962433657783
13.559999999999754,13.559999999999818,123,8.26187191080534
13.569999999999753,13.569999999999817,123,8.26412183712658
13.579999999999753,13.579999999999819,123,8.266374128312094
13.589999999999753,13.589999999999817,123,8.268602864743599
13.599999999999753,13.599999999999815,123,8.270832670241248
13.609999999999753,13.609999999999815,123,8.273064787612228
13.619999999999752,13.619999999999788,123,8.275299229448464
13.629999999999752,13.629999999999827,123,8.277536008448422
13.639999999999752,13.639999999999802,123,8.279775137418639
13.649999999999752,13.649999999999837,123,8.282016629275063
13.659999999999751,13.659999999999814,123,8.284260497044869
13.669999999999751,13.669999999999787,123,8.286506753867698
13.679999999999751,13.679999999999824,123,8.28875541299746
13.68999999999975,13.689999999999797,123,8.291020184675418
13.69999999999975,13.699999999999836,123,8.293300510909248
13.70999999999975,13.709999999999809,123,8.298995608814991
13.71999999999975,13.719999999999782,123,8.301319552586605
13.72999999999975,13.729999999999821,123,8.303618242777063
13.73999999999975,13.739999999999794,123,8.305987328792654
13.74999999999975,13.749999999999831,123,8.308427152505544
13.75999999999975,13.759999999999804,123,8.310868552973659
13.769999999999749,13.769999999999781,123,8.31331153804372
13.779999999999749,13.779999999999816,123,8.315756115603335
13.789999999999749,13.78999999999979,123,8.318202293581408
13.799999999999748,13.799999999999828,123,8.320650079948933
13.809999999999748,13.809999999999803,123,8.3230994827193
13.819999999999748,13.819999999999839,123,8.32555050994901
13.829999999999748,13.829999999999815,123,8.327918258896531
13.839999999999748,13.839999999999788,123,8.330092069898427
13.849999999999747,13.849999999999826,123,8.332268255296057
13.859999999999747,13.8599999999998,123,8.334446827059864
13.869999999999747,13.869999999999838,123,8.336627797264612
13.879999999999747,13.87999999999981,123,8.338811178090864
13.889999999999747,13.889999999999784,123,8.340996981826223
13.899999999999746,13.899999999999823,123,8.3431852208668
13.909999999999746,13.909999999999796,123,8.345376258795582
13.919999999999746,13.919999999999833,123,8.347563122701771
13.929999999999746,13.929999999999808,123,8.349732437066592
13.939999999999745,13.939999999999783,123,8.351904179979769
13.949999999999745,13.949999999999818,123,8.354078363555018
13.959999999999745,13.959999999999793,123,8.356255000014428
13.969999999999745,13.969999999999832,123,8.358434101690065
13.979999999999745,13.979999999999805,123,8.360615681025436
13.989999999999744,13.989999999999778,123,8.36279975057677
13.999999999999744,13.999999999999817,123,8.36967134844383
14.009999999999744,14.00999999999979,123,8.371867075045628
14.019999999999744,14.01999999999984,123,8.374065180223653
14.029999999999744,14.029999999999815,123,8.376265677179603
14.039999999999743,14.039999999999788,123,8.378520108572744
14.049999999999743,14.049999999999837,123,8.380954253450568
14.059999999999743,14.059999999999812,123,8.383388709803754
14.069999999999743,14.069999999999787,123,8.385824599419621
14.079999999999742,14.079999999999837,123,8.38824276865823
14.089999999999742,14.08999999999981,123,8.390658078949443
14.099999999999742,14.099999999999786,123,8.393074956391075
14.109999999999742,14.109999999999836,123,8.395493408696467
14.119999999999742,14.11999999999981,123,8.397913443619558
14.129999999999741,14.129999999999782,123,8.4003350689555
14.139999999999741,14.139999999999834,123,8.402758292541066
14.149999999999741,14.149999999999807,123,8.405051116334192
14.15999999999974,14.15999999999978,123,8.407197877925526
14.16999999999974,14.16999999999983,123,8.409346975634932
14.17999999999974,14.179999999999806,123,8.411498421055185
14.18999999999974,14.18999999999978,123,8.41365222588027
14.19999999999974,14.199999999999829,123,8.415808401906574
14.20999999999974,14.209999999999802,123,8.417966961034296
14.21999999999974,14.219999999999779,123,8.420127915268978
14.22999999999974,14.229999999999828,123,8.422291276722646
14.239999999999739,14.239999999999801,123,8.424457057615555
14.249999999999739,14.249999999999774,123,8.426625270277341
14.259999999999739,14.259999999999826,123,8.428795927148599
14.269999999999738,14.269999999999799,123,8.430969040782387
14.279999999999738,14.279999999999772,123,8.433134060828635
14.289999999999738,14.289999999999823,123,8.435283944814032
14.299999999999738,14.299999999999798,123,8.437436231297212
14.309999999999738,14.309999999999771,123,8.439590932635852
14.319999999999737,14.319999999999823,123,8.441749276746563
14.329999999999737,14.329999999999796,123,8.443910661023196
14.339999999999737,14.33999999999977,123,8.446074532140642
14.349999999999737,14.34999999999982,123,8.448240902717302
14.359999999999737,14.359999999999795,123,8.450412294185654
14.369999999999736,14.369999999999768,123,8.45261180805555
14.379999999999736,14.379999999999818,123,8.454828615987182
14.389999999999736,14.389999999999791,123,8.457082633132131
14.399999999999736,14.399999999999764,123,8.459338409854908
14.409999999999735,14.409999999999803,123,8.467106951755824
14.419999999999735,14.419999999999765,123,8.469520031208248
14.429999999999735,14.429999999999817,123,8.471934550300205
14.439999999999735,14.439999999999776,123,8.474350516747734
14.449999999999735,14.449999999999827,123,8.476767938304832
14.459999999999734,14.459999999999788,123,8.479186822763864
14.469999999999734,14.469999999999839,123,8.481459016012124
14.479999999999734,14.479999999999798,123,8.483590788150494
14.489999999999734,14.48999999999976,123,8.485712981554556
14.499999999999734,14.49999999999981,123,8.487837483888711
14.509999999999733,14.509999999999772,123,8.489964306473155
14.519999999999733,14.519999999999824,123,8.492093460727276
14.529999999999733,14.529999999999783,123,8.494224958171074
14.539999999999733,14.539999999999832,123,8.496358810426457
14.549999999999732,14.549999999999795,123,8.498495029218475
14.559999999999732,14.559999999999755,123,8.500633626376981
14.569999999999732,14.569999999999805,123,8.5027746138378
14.579999999999732,14.579999999999767,123,8.504918003644136
14.589999999999732,14.589999999999817,123,8.507063807948114
14.599999999999731,14.59999999999978,123,8.509212039012013
14.609999999999731,14.609999999999829,123,8.51136270920999
14.619999999999731,14.61999999999979,123,8.513515831029338
14.62999999999973,14.629999999999752,123,8.515671417072
14.63999999999973,14.639999999999802,123,8.51781558188867
14.64999999999973,14.649999999999764,123,8.519947966827928
14.65999999999973,14.659999999999814,123,8.522082762000835
14.66999999999973,14.669999999999774,123,8.524219979815484
14.67999999999973,14.679999999999824,123,8.526359632794097
14.68999999999973,14.689999999999786,123,8.528501733574217
14.69999999999973,14.699999999999836,123,8.530646294910525
14.709999999999729,14.709999999999798,123,8.532822025167661
14.719999999999729,14.719999999999759,123,8.535142221488954
14.729999999999729,14.729999999999809,123,8.537514032445799
14.739999999999728,14.739999999999771,123,8.539887393557976
14.749999999999728,14.74999999999982,123,8.542262312119249
14.759999999999728,14.759999999999781,123,8.54463879546094
14.769999999999728,14.76999999999983,123,8.547016850952787
14.779999999999728,14.779999999999793,123,8.549396486003332
14.789999999999727,14.789999999999756,123,8.551777708060357
14.799999999999727,14.799999999999805,123,8.554160524611433
14.809999999999727,14.809999999999741,123,8.561241416181872
14.819999999999727,14.81999999999979,123,8.563358657298267
14.829999999999727,14.82999999999984,123,8.565478061244363
14.839999999999726,14.83999999999979,123,8.567599639251057
14.849999999999726,14.849999999999739,123,8.569723402643888
14.859999999999726,14.859999999999788,123,8.571849362844077
14.869999999999726,14.869999999999838,123,8.57397753136992
14.879999999999725,14.879999999999788,123,8.576105449959897
14.889999999999725,14.889999999999736,123,8.578219395344775
14.899999999999725,14.899999999999785,123,8.58033570120088
14.909999999999725,14.909999999999837,123,8.582454379286688
14.919999999999725,14.919999999999785,123,8.58457544146711
14.929999999999724,14.929999999999835,123,8.586698899715358
14.939999999999724,14.939999999999783,123,8.588824766114016
14.949999999999724,14.949999999999834,123,8.590953052856563
14.959999999999724,14.959999999999782,123,8.593083772248931
14.969999999999724,14.969999999999832,123,8.595216936710798
14.979999999999723,14.97999999999978,123,8.597352558777203
14.989999999999723,14.989999999999831,123,8.599490651099984
14.999999999999723,14.99999999999978,123,8.601613177409973
15.009999999999723,15.009999999999804,123,8.603728102084801
15.019999999999722,15.019999999999802,123,8.605845443304005
15.029999999999722,15.029999999999804,123,8.60801817722377
15.039999999999722,15.039999999999802,123,8.610367828792661
15.049999999999722,15.049999999999802,123,8.612716707207241
15.059999999999722,15.0599999999998,123,8.615060483029254
15.069999999999721,15.069999999999801,123,8.617405747131471
15.079999999999721,15.0799999999998,123,8.619752506753201
15.089999999999721,15.0899999999998,123,8.62210076917114
15.09999999999972,15.099999999999799,123,8.624450541699616
15.10999999999972,15.109999999999799,123,8.626801831691168
15.11999999999972,15.119999999999797,123,8.629154970516268
15.12999999999972,15.129999999999798,123,8.631511409971282
15.13999999999972,15.139999999999796,123,8.633839950398553
15.14999999999972,15.149999999999796,123,8.63592603239428
15.15999999999972,15.159999999999794,123,8.638013947189847
15.16999999999972,15.169999999999796,123,8.640103369634545
15.179999999999719,15.179999999999794,123,8.642195096326432
15.189999999999719,15.189999999999793,123,8.644289138219776
15.199999999999719,15.199999999999791,123,8.646385506365803
15.209999999999718,15.209999999999793,123,8.652830650125466
15.219999999999718,15.219999999999791,123,8.654937835835298
15.229999999999718,15.22999999999979,123,8.657047237805756
15.239999999999718,15.239999999999789,123,8.659158867665113
15.249999999999718,15.24999999999979,123,8.661272737143648
15.259999999999717,15.259999999999803,123,8.663388858074683
15.269999999999717,15.269999999999788,123,8.665507242396188
15.279999999999717,15.2799999999998,123,8.667626473418167
15.289999999999717,15.289999999999798,123,8.669731248834736
15.299999999999716,15.2999999999998,123,8.671838438998506
15.309999999999716,15.309999999999798,123,8.673948056138698
15.319999999999716,15.319999999999798,123,8.67606011259899
15.329999999999716,15.329999999999796,123,8.678174620838817
15.339999999999716,15.339999999999797,123,8.680291593434873
15.349999999999715,15.349999999999795,123,8.682499218012424
15.359999999999715,15.359999999999795,123,8.684824662304052
15.369999999999715,15.369999999999793,123,8.687146921975184
15.379999999999715,15.379999999999795,123,8.689470918518737
15.389999999999715,15.389999999999793,123,8.691796661482613
15.399999999999714,15.399999999999793,123,8.694116451818303
15.409999999999714,15.409999999999805,123,8.696435989357823
15.419999999999714,15.419999999999803,123,8.698757012507173
15.429999999999714,15.429999999999804,123,8.70107952840462
15.439999999999714,15.439999999999804,123,8.703403544225807
15.449999999999713,15.449999999999802,123,8.705729067184365
15.459999999999713,15.4599999999998,123,8.708056104532247
15.469999999999713,15.469999999999802,123,8.710161901807524
15.479999999999713,15.479999999999801,123,8.712220554378831
15.489999999999712,15.4899999999998,123,8.714281427500197
15.499999999999712,15.499999999999797,123,8.71634453185601
15.509999999999712,15.509999999999799,123,8.718409878223824
15.519999999999712,15.519999999999799,123,8.720477891757994
15.529999999999712,15.529999999999797,123,8.722549482215697
15.539999999999711,15.539999999999795,123,8.724623380175714
15.549999999999711,15.549999999999796,123,8.72669959660999
15.559999999999711,15.559999999999796,123,8.728778142589277
15.56999999999971,15.569999999999794,123,8.730859029284218
15.57999999999971,15.579999999999794,123,8.732942267966848
15.58999999999971,15.589999999999794,123,8.735027870011734
15.59999999999971,15.599999999999794,123,8.737115846897382
15.60999999999971,15.609999999999792,123,8.743412513684703
15.61999999999971,15.619999999999791,123,8.745511128995105
15.62999999999971,15.629999999999791,123,8.747612012195646
15.63999999999971,15.639999999999791,123,8.749715175357764
15.649999999999709,15.64999999999979,123,8.751820630662166
15.659999999999709,15.659999999999789,123,8.75392839040019
15.669999999999709,15.669999999999789,123,8.756129492102872
15.679999999999708,15.679999999999788,123,8.758465702144903
15.689999999999708,15.689999999999788,123,8.760787634158817
15.699999999999708,15.699999999999786,123,8.763111356098136
15.709999999999708,15.709999999999786,123,8.765436877891375
15.719999999999708,15.719999999999787,123,8.767737563681038
15.729999999999707,15.729999999999785,123,8.770039163376651
15.739999999999707,15.739999999999783,123,8.772339467012287
15.749999999999707,15.749999999999783,123,8.774634819332377
15.759999999999707,15.759999999999785,123,8.77693164458114
15.769999999999706,15.769999999999783,123,8.779229949766517
15.779999999999706,15.77999999999978,123,8.781529741933412
15.789999999999706,15.78999999999978,123,8.783715288560117
15.799999999999706,15.799999999999782,123,8.785747517959749
15.809999999999706,15.809999999999805,123,8.78778192815733
15.819999999999705,15.819999999999778,123,8.789818529476605
15.829999999999705,15.829999999999792,123,8.791857332331503
15.839999999999705,15.839999999999804,123,8.793898347226985
15.849999999999705,15.849999999999778,123,8.795941584760513
15.859999999999705,15.85999999999979,123,8.797987055623153
15.869999999999704,15.8699999999998,123,8.80003477060066
15.879999999999704,15.879999999999777,123,8.802084740574998
15.889999999999704,15.88999999999979,123,8.80413697652547
15.899999999999704,15.8999999999998,123,8.806191489529795
15.909999999999703,15.909999999999775,123,8.808248290765832
15.919999999999703,15.919999999999785,123,8.810308242666665
15.929999999999703,15.929999999999797,123,8.812371351865153
15.939999999999703,15.93999999999977,123,8.814436815063885
15.949999999999703,15.949999999999784,123,8.816504643661972
15.959999999999702,15.959999999999797,123,8.818574849163994
15.969999999999702,15.96999999999977,123,8.820647443181471
15.979999999999702,15.979999999999782,123,8.822722437434223
15.989999999999702,15.989999999999794,123,8.824799843751677
15.999999999999702,15.999999999999769,123,8.831216277244863
16.009999999999703,16.00999999999978,123,8.833532498445422
16.019999999999705,16.019999999999794,123,8.835850367888455
16.029999999999706,16.029999999999767,123,8.8381698953378
16.039999999999708,16.03999999999978,123,8.840491090623544
16.04999999999971,16.04999999999979,123,8.842813963642698
16.05999999999971,16.059999999999803,123,8.845138524360337
16.069999999999713,16.069999999999776,123,8.84746069876438
16.079999999999714,16.07999999999979,123,8.84974835303234
16.089999999999716,16.0899999999998,123,8.852021683418698
16.099999999999717,16.099999999999813,123,8.854294387662506
16.10999999999972,16.109999999999786,123,8.856568558390535
16.11999999999972,16.1199999999998,123,8.85859337078935
16.129999999999722,16.12999999999981,123,8.860601507763675
16.139999999999723,16.139999999999784,123,8.862611795901486
16.149999999999725,16.149999999999796,123,8.864624245260586
16.159999999999727,16.15999999999981,123,8.866638865986673
16.169999999999728,16.16999999999982,123,8.868655668314545
16.17999999999973,16.179999999999794,123,8.870674662569172
16.18999999999973,16.189999999999806,123,8.87269585916701
16.199999999999733,16.19999999999982,123,8.874719268616957
16.209999999999734,16.209999999999805,123,8.876744901521903
16.219999999999736,16.219999999999807,123,8.878772768579694
16.229999999999738,16.229999999999805,123,8.880802880584355
16.23999999999974,16.239999999999803,123,8.882835248427497
16.24999999999974,16.249999999999805,123,8.884869883099498
16.259999999999742,16.259999999999803,123,8.886906795690834
16.269999999999744,16.2699999999998,123,8.888945997393193
16.279999999999745,16.279999999999802,123,8.890987499500966
16.289999999999747,16.289999999999853,123,8.893031313412578
16.29999999999975,16.29999999999985,123,8.895077450631675
16.30999999999975,16.30999999999985,123,8.89712592276858
16.31999999999975,16.319999999999848,123,8.89917829540559
16.329999999999753,16.32999999999985,123,8.901233147007275
16.339999999999755,16.33999999999985,123,8.903290399685318
16.349999999999756,16.34999999999985,123,8.905350065298563
16.359999999999758,16.359999999999847,123,8.907596413514113
16.36999999999976,16.36999999999985,123,8.90986857093418
16.37999999999976,16.379999999999846,123,8.91212801383152
16.389999999999763,16.389999999999844,123,8.914389172359662
16.399999999999764,16.399999999999842,123,8.921621373139601
16.409999999999766,16.409999999999844,123,8.923923521353743
16.419999999999767,16.419999999999845,123,8.92622736037606
16.42999999999977,16.429999999999843,123,8.928518810723574
16.43999999999977,16.43999999999984,123,8.930712139973068
16.449999999999772,16.449999999999843,123,8.932712453346227
16.459999999999773,16.45999999999984,123,8.934714766628858
16.469999999999775,16.46999999999984,123,8.936716516982372
16.479999999999777,16.47999999999984,123,8.93870493462002
16.489999999999778,16.48999999999984,123,8.940695493044203
16.49999999999978,16.49999999999984,123,8.94268820222193
16.50999999999978,16.509999999999838,123,8.944683072208022
16.519999999999783,16.51999999999989,123,8.946680113146698
16.529999999999784,16.529999999999887,123,8.948679335272303
16.539999999999786,16.53999999999989,123,8.950680748910813
16.549999999999788,16.549999999999887,123,8.952684364480874
16.55999999999979,16.559999999999885,123,8.954690192495008
16.56999999999979,16.569999999999883,123,8.95669824356078
16.579999999999792,16.579999999999885,123,8.958708528382246
16.589999999999794,16.589999999999886,123,8.960721057760821
16.599999999999795,16.599999999999884,123,8.962735842596928
16.609999999999797,16.609999999999896,123,8.964752893890974
16.6199999999998,16.61999999999987,123,8.966772222744808
16.6299999999998,16.629999999999907,123,8.968793840362807
16.6399999999998,16.63999999999988,123,8.970817758053528
16.649999999999803,16.649999999999853,123,8.972843987230732
16.659999999999805,16.659999999999894,123,8.974872539414804
16.669999999999806,16.669999999999867,123,8.976903426234216
16.679999999999808,16.679999999999904,123,8.979042553947323
16.68999999999981,16.689999999999877,123,8.98129716778223
16.69999999999981,16.69999999999993,123,8.983553495101646
16.709999999999813,16.70999999999989,123,8.985812630498486
16.719999999999814,16.719999999999928,123,8.98807441085036
16.729999999999816,16.7299999999999,123,8.990321035875581
16.739999999999817,16.739999999999874,123,8.992559565306578
16.74999999999982,16.74999999999991,123,8.99479894188643
16.75999999999982,16.759999999999888,123,8.997031474646192
16.769999999999822,16.769999999999925,123,8.999265465137682
16.779999999999824,16.779999999999898,123,9.001500919937271
16.789999999999825,16.78999999999987,123,9.008011421430794
16.799999999999827,16.79999999999991,123,9.009992103060554
16.809999999999828,16.80999999999988,123,9.011974774788825
16.81999999999983,16.81999999999992,123,9.013959446394466
16.82999999999983,16.829999999999895,123,9.015946127738559
16.839999999999833,16.839999999999932,123,9.017934828765632
16.849999999999834,16.849999999999905,123,9.019925559504742
16.859999999999836,16.859999999999943,123,9.021918330070633
16.869999999999838,16.86999999999992,123,9.023898506366208
16.87999999999984,16.879999999999892,123,9.025877988890741
16.88999999999984,16.88999999999993,123,9.027859651016811
16.899999999999842,16.899999999999903,123,9.029843503070438
16.909999999999844,16.90999999999994,123,9.031829555471361
16.919999999999845,16.919999999999916,123,9.033816876835743
16.929999999999847,16.929999999999964,123,9.035806367906872
16.93999999999985,16.939999999999927,123,9.037798093197452
16.94999999999985,16.9499999999999,123,9.039792063510461
16.95999999999985,16.959999999999937,123,9.041788289748936
16.969999999999853,16.96999999999991,123,9.043786782917195
16.979999999999855,16.979999999999947,123,9.04578755412227
16.989999999999856,16.989999999999924,123,9.047790614574964
16.999999999999858,16.99999999999996,123,9.049798013759528
17.00999999999986,17.009999999999962,123,9.052023922705274
17.01999999999986,17.019999999999936,123,9.054251510423214
17.029999999999863,17.02999999999991,123,9.056480786026313
17.039999999999864,17.039999999999957,123,9.058711758691587
17.049999999999866,17.04999999999993,123,9.060944437661064
17.059999999999867,17.05999999999998,123,9.063178832242627
17.06999999999987,17.069999999999954,123,9.065414951810737
17.07999999999987,17.07999999999993,123,9.067652805807455
17.089999999999872,17.089999999999982,123,9.069870214866384
17.099999999999874,17.099999999999955,123,9.072081339850413
17.109999999999875,17.10999999999993,123,9.074289918342117
17.119999999999877,17.119999999999976,123,9.076499948320034
17.129999999999878,17.129999999999953,123,9.078577729793565
17.13999999999988,17.139999999999926,123,9.08052906493377
17.14999999999988,17.149999999999977,123,9.082482507959682
17.159999999999883,17.15999999999995,123,9.08443806827816
17.169999999999884,17.17,123,9.086395755378874
17.179999999999886,17.179999999999975,123,9.092346673609981
17.189999999999888,17.189999999999948,123,9.094314819174414
17.19999999999989,17.2,123,9.096284985029854
17.20999999999989,17.209999999999972,123,9.098257181185886
17.219999999999892,17.219999999999946,123,9.100231417738996
17.229999999999894,17.229999999999997,123,9.10220770487355
17.239999999999895,17.23999999999997,123,9.104186052863156
17.249999999999897,17.249999999999947,123,9.106166472071664
17.2599999999999,17.259999999999998,123,9.108135696357792
17.2699999999999,17.26999999999997,123,9.110103266326405
17.2799999999999,17.279999999999944,123,9.112073046399217
17.289999999999903,17.289999999999992,123,9.114045047185044
17.299999999999905,17.299999999999965,123,9.116019279391267
17.309999999999906,17.310000000000016,123,9.117995753825127
17.319999999999908,17.31999999999999,123,9.119974481394962
17.32999999999991,17.329999999999966,123,9.12204172512871
17.33999999999991,17.340000000000018,123,9.124241966737245
17.349999999999913,17.34999999999999,123,9.126443859559444
17.359999999999914,17.359999999999964,123,9.128647412475985
17.369999999999916,17.37000000000001,123,9.13085263442997
17.379999999999917,17.37999999999999,123,9.133059534427304
17.38999999999992,17.39000000000004,123,9.135268121538076
17.39999999999992,17.400000000000013,123,9.13747840489701
17.409999999999922,17.41,123,9.139690393704356
17.419999999999924,17.41999999999996,123,9.1419040972268
17.429999999999925,17.43000000000001,123,9.144119524798285
17.439999999999927,17.439999999999973,123,9.146335373023305
17.44999999999993,17.450000000000035,123,9.148520507400619
17.45999999999993,17.459999999999983,123,9.150563734626303
17.46999999999993,17.470000000000034,123,9.152489485741157
17.479999999999933,17.479999999999993,123,9.154417281725529
17.489999999999934,17.490000000000045,123,9.156347795595451
17.499999999999936,17.500000000000018,123,9.158281380638982
17.509999999999938,17.510000000000055,123,9.160217070214614
17.51999999999994,17.520000000000017,123,9.162154873714584
17.52999999999994,17.52999999999998,123,9.164094800614905
17.539999999999942,17.540000000000028,123,9.166036860476268
17.549999999999944,17.55,123,9.167981062945245
17.559999999999945,17.560000000000052,123,9.16992741775529
17.569999999999947,17.57,123,9.175759100021153
17.57999999999995,17.58000000000005,123,9.177715775732239
17.58999999999995,17.590000000000014,123,9.179674499551567
17.59999999999995,17.600000000000062,123,9.181635281740341
17.609999999999953,17.610000000000035,123,9.183598132650971
17.619999999999955,17.620000000000072,123,9.185563062728377
17.629999999999956,17.630000000000035,123,9.187530082511259
17.639999999999958,17.639999999999997,123,9.189499202633158
17.64999999999996,17.65000000000005,123,9.191455535100573
17.65999999999996,17.66000000000002,123,9.193555775330893
17.669999999999963,17.670000000000073,123,9.19573046526233
17.679999999999964,17.68000000000002,123,9.197906778641638
17.689999999999966,17.69000000000007,123,9.200084724120018
17.699999999999967,17.70000000000003,123,9.202264310408964
17.70999999999997,17.710000000000083,123,9.204445546281192
17.71999999999997,17.72000000000004,123,9.20662844057152
17.729999999999972,17.730000000000093,123,9.208813002177507
17.739999999999974,17.740000000000055,123,9.210999240060303
17.749999999999975,17.750000000000018,123,9.213187163245493
17.759999999999977,17.760000000000066,123,9.215376780823973
17.76999999999998,17.77000000000004,123,9.217568101952608
17.77999999999998,17.780000000000076,123,9.219761135855151
17.78999999999998,17.79000000000004,123,9.221832368187776
17.799999999999983,17.80000000000009,123,9.223755863108082
17.809999999999985,17.810000000000063,123,9.225659968650518
17.819999999999986,17.820000000000114,123,9.227566096517933
17.829999999999988,17.830000000000062,123,9.229474255850093
17.83999999999999,17.840000000000124,123,9.231384455866902
17.84999999999999,17.850000000000072,123,9.233296705869321
17.859999999999992,17.860000000000124,123,9.235211015240509
17.869999999999994,17.870000000000072,123,9.237127393446713
17.879999999999995,17.88000000000011,123,9.239046825973915
17.889999999999997,17.890000000000057,123,9.240969017941197
17.9,17.90000000000011,123,9.242893338400194
17.91,17.910000000000057,123,9.244819796983862
17.92,17.92000000000011,123,9.246748403412766
17.930000000000003,17.930000000000057,123,9.24867916749649
17.940000000000005,17.940000000000104,123,9.2506120991345
17.950000000000006,17.950000000000053,123,9.252547208317367
17.960000000000008,17.960000000000104,123,9.258266628739761
17.97000000000001,17.970000000000066,123,9.260211908368916
17.98000000000001,17.980000000000103,123,9.262159263573906
17.990000000000013,17.99000000000005,123,9.264267523926307
18.000000000000014,18.000000000000114,123,9.26643749207436
18.010000000000016,18.010000000000126,123,9.268608955495452
18.020000000000017,18.020000000000124,123,9.270781922746934
18.03000000000002,18.030000000000125,123,9.272952882771165
18.04000000000002,18.040000000000123,123,9.275108572220915
18.050000000000022,18.050000000000125,123,9.277265891231721
18.060000000000024,18.060000000000123,123,9.279424848466775
18.070000000000025,18.070000000000135,123,9.281585452650916
18.080000000000027,18.080000000000137,123,9.283747712571454
18.09000000000003,18.090000000000135,123,9.285911637078897
18.10000000000003,18.100000000000133,123,9.28807723508784
18.11000000000003,18.11000000000013,123,9.290244515577712
18.120000000000033,18.120000000000143,123,9.292338422925297
18.130000000000035,18.130000000000145,123,9.294247438109466
18.140000000000036,18.140000000000146,123,9.296158525932725
18.150000000000038,18.150000000000144,123,9.298071695613046
18.16000000000004,18.160000000000142,123,9.299973905567086
18.17000000000004,18.170000000000144,123,9.301860446690412
18.180000000000042,18.180000000000142,123,9.303749004976225
18.190000000000044,18.19000000000014,123,9.305639589539751
18.200000000000045,18.200000000000152,123,9.307532209577005
18.210000000000047,18.210000000000154,123,9.309426874365812
18.22000000000005,18.22000000000015,123,9.311323593266806
18.23000000000005,18.230000000000153,123,9.313222375724635
18.24000000000005,18.240000000000165,123,9.3151232312688
18.250000000000053,18.250000000000163,123,9.31702616951489
18.260000000000055,18.26000000000016,123,9.318931200165665
18.270000000000056,18.27000000000016,123,9.32083987936663
18.280000000000058,18.28000000000016,123,9.322750754008439
18.29000000000006,18.29000000000016,123,9.324663780753653
18.30000000000006,18.30000000000016,123,9.32657896948787
18.310000000000063,18.310000000000173,123,9.328496330188585
18.320000000000064,18.32000000000017,123,9.33041587292631
18.330000000000066,18.33000000000017,123,9.332337607865554
18.340000000000067,18.34000000000017,123,9.338517876703676
18.35000000000007,18.350000000000183,123,9.340665700977851
18.36000000000007,18.36000000000018,123,9.342815009874826
18.370000000000072,18.37000000000018,123,9.344965811840169
18.380000000000074,18.38000000000018,123,9.347118115375821
18.390000000000075,18.39000000000018,123,9.34927192904091
18.400000000000077,18.40000000000018,123,9.351427261452287
18.41000000000008,18.410000000000178,123,9.353584121285493
18.42000000000008,18.420000000000176,123,9.355730122737981
18.43000000000008,18.430000000000177,123,9.35787011750024
18.440000000000083,18.440000000000175,123,9.360011764340172
18.450000000000085,18.450000000000173,123,9.362155072059366
18.460000000000086,18.4600000000002,123,9.364041375223323
18.470000000000088,18.4700000000002,123,9.36592863642231
18.48000000000009,18.4800000000002,123,9.367817945302107
18.49000000000009,18.490000000000197,123,9.369709310892887
18.500000000000092,18.5000000000002,123,9.371602742302557
18.510000000000094,18.510000000000197,123,9.373498248717723
18.520000000000095,18.520000000000195,123,9.375378596528478
18.530000000000097,18.530000000000197,123,9.377247587577784
18.5400000000001,18.540000000000195,123,9.379118589642786
18.5500000000001,18.550000000000196,123,9.380991611812249
18.5600000000001,18.56000000000022,123,9.382866663256294
18.570000000000103,18.57000000000022,123,9.384743753227426
18.580000000000105,18.58000000000022,123,9.386622891061734
18.590000000000106,18.590000000000217,123,9.388504086179665
18.600000000000108,18.600000000000218,123,9.390387348087373
18.61000000000011,18.610000000000216,123,9.392272686377552
18.62000000000011,18.620000000000214,123,9.394160110730738
18.630000000000113,18.630000000000216,123,9.39604963091628
18.640000000000114,18.640000000000217,123,9.397941256793487
18.650000000000116,18.650000000000215,123,9.39983577613738
18.660000000000117,18.660000000000213,123,9.401733231770606
18.67000000000012,18.67000000000021,123,9.40363285277573
18.68000000000012,18.680000000000213,123,9.40553464920751
18.690000000000122,18.690000000000236,123,9.407530879516415
18.700000000000124,18.700000000000237,123,9.409645944878278
18.710000000000125,18.710000000000235,123,9.411762614940102
18.720000000000127,18.720000000000237,123,9.413880897905386
18.73000000000013,18.730000000000235,123,9.420478018070355
18.74000000000013,18.740000000000233,123,9.422609677071407
18.75000000000013,18.75000000000023,123,9.42474284292129
18.760000000000133,18.760000000000232,123,9.426877524180753
18.770000000000135,18.77000000000023,123,9.429013729469375
18.780000000000136,18.780000000000232,123,9.431151467466407
18.790000000000138,18.790000000000255,123,9.43314016004804
18.80000000000014,18.80000000000023,123,9.435016135180334
18.81000000000014,18.810000000000244,123,9.436881716712122
18.820000000000142,18.820000000000256,123,9.438749320472667
18.830000000000144,18.830000000000265,123,9.44061895530433
18.840000000000146,18.840000000000238,123,9.442490630125647
18.850000000000147,18.850000000000254,123,9.444364353932457
18.86000000000015,18.860000000000266,123,9.446240135798888
18.87000000000015,18.87000000000024,123,9.448117984878053
18.88000000000015,18.88000000000025,123,9.449975950330199
18.890000000000153,18.890000000000263,123,9.451827401563406
18.900000000000155,18.900000000000276,123,9.453680856716815
18.910000000000156,18.91000000000025,123,9.4555363248504
18.920000000000158,18.92000000000026,123,9.457393815105974
18.93000000000016,18.930000000000273,123,9.459252753996125
18.94000000000016,18.940000000000246,123,9.461113541059731
18.950000000000163,18.95000000000026,123,9.462976380013359
18.960000000000164,18.96000000000027,123,9.464841280333886
18.970000000000166,18.970000000000283,123,9.466708251585416
18.980000000000167,18.980000000000256,123,9.46857730342036
18.99000000000017,18.99000000000027,123,9.47044844558053
19.00000000000017,19.00000000000028,123,9.472321687898159
19.010000000000172,19.010000000000293,123,9.474197040297085
19.020000000000174,19.020000000000266,123,9.476113967730484
19.030000000000175,19.03000000000028,123,9.478201123256696
19.040000000000177,19.04000000000029,123,9.480291338473222
19.05000000000018,19.050000000000267,123,9.482383139236873
19.06000000000018,19.06000000000028,123,9.484476533577734
19.07000000000018,19.070000000000288,123,9.48657152958242
19.080000000000183,19.0800000000003,123,9.488668135394747
19.090000000000185,19.090000000000273,123,9.49076635921648
19.100000000000186,19.10000000000029,123,9.492866209308175
19.110000000000188,19.1100000000003,123,9.49935933113639
19.12000000000019,19.120000000000314,123,9.501472534974184
19.13000000000019,19.130000000000287,123,9.503331615018098
19.140000000000192,19.1400000000003,123,9.505189098806753
19.150000000000194,19.15000000000031,123,9.507048469683568
19.160000000000196,19.160000000000284,123,9.508909736354084
19.170000000000197,19.170000000000297,123,9.510772907595864
19.1800000000002,19.18000000000031,123,9.512637186553391
19.1900000000002,19.19000000000032,123,9.51448848492619
19.200000000000202,19.200000000000333,123,9.516341816539878
19.210000000000203,19.21000000000033,123,9.5181971903516
19.220000000000205,19.220000000000333,123,9.520054615397157
19.230000000000206,19.23000000000033,123,9.521913001944512
19.240000000000208,19.24000000000033,123,9.523747885757388
19.25000000000021,19.250000000000327,123,9.52558107848354
19.26000000000021,19.26000000000033,123,9.527416268908055
19.270000000000213,19.27000000000033,123,9.529253466056858
19.280000000000214,19.280000000000328,123,9.531092679038082
19.290000000000216,19.290000000000326,123,9.532933917043295
19.300000000000217,19.300000000000328,123,9.534777189348446
19.31000000000022,19.310000000000326,123,9.536622505314952
19.32000000000022,19.320000000000324,123,9.538469874390728
19.330000000000222,19.33000000000032,123,9.540319306111229
19.340000000000224,19.340000000000323,123,9.542170810100686
19.350000000000225,19.350000000000325,123,9.544024396073041
19.360000000000227,19.360000000000323,123,9.54604634438141
19.37000000000023,19.37000000000032,123,9.548109496683338
19.38000000000023,19.380000000000322,123,9.550174166168546
19.39000000000023,19.39000000000032,123,9.552240360752151
19.400000000000233,19.40000000000032,123,9.554308088404284
19.410000000000235,19.41000000000032,123,9.556377622364238
19.420000000000236,19.420000000000318,123,9.558450339296186
19.430000000000238,19.43000000000037,123,9.560524652004958
19.44000000000024,19.440000000000317,123,9.562600568577281
19.45000000000024,19.45000000000037,123,9.564678097158193
19.460000000000242,19.460000000000367,123,9.56675724595145
19.470000000000244,19.47000000000037,123,9.568838023220579
19.480000000000246,19.480000000000366,123,9.57092043728936
19.490000000000247,19.490000000000364,123,9.576475298229752
19.50000000000025,19.500000000000362,123,9.578315169020456
19.51000000000025,19.510000000000364,123,9.580156918809209
19.520000000000252,19.520000000000366,123,9.58200055625531
19.530000000000253,19.530000000000364,123,9.583846090090375
19.540000000000255,19.54000000000036,123,9.585693529119325
19.550000000000257,19.550000000000363,123,9.587542882221129
19.560000000000258,19.56000000000036,123,9.589393278441435
19.57000000000026,19.57000000000036,123,9.591231073950524
19.58000000000026,19.580000000000357,123,9.59307091110071
19.590000000000263,19.59000000000036,123,9.594905344800083
19.600000000000264,19.600000000000385,123,9.596722691469765
19.610000000000266,19.61000000000036,123,9.598538412123318
19.620000000000267,19.620000000000395,123,9.600356121520207
19.63000000000027,19.63000000000037,123,9.602175828652179
19.64000000000027,19.640000000000406,123,9.603997542593618
19.650000000000272,19.65000000000038,123,9.605821272502581
19.660000000000274,19.660000000000352,123,9.607647027621823
19.670000000000275,19.670000000000393,123,9.60947481727986
19.680000000000277,19.680000000000366,123,9.611304650892038
19.69000000000028,19.690000000000406,123,9.613198313006947
19.70000000000028,19.70000000000038,123,9.615236459318623
19.71000000000028,19.710000000000417,123,9.617276093324364
19.720000000000283,19.72000000000039,123,9.619317222715992
19.730000000000285,19.730000000000363,123,9.621359855238623
19.740000000000286,19.7400000000004,123,9.62340399869126
19.750000000000288,19.750000000000373,123,9.625449660927302
19.76000000000029,19.760000000000414,123,9.627496849855518
19.77000000000029,19.770000000000387,123,9.629545573440481
19.780000000000292,19.780000000000424,123,9.63159583970345
19.790000000000294,19.790000000000397,123,9.633648085503253
19.800000000000296,19.800000000000374,123,9.63570334399239
19.810000000000297,19.810000000000407,123,9.637760207629341
19.8200000000003,19.82000000000038,123,9.639818684559089
19.8300000000003,19.83000000000042,123,9.64178922841026
19.840000000000302,19.840000000000394,123,9.64360196121892
19.850000000000303,19.85000000000043,123,9.64541667397927
19.860000000000305,19.860000000000408,123,9.647233374991174
19.870000000000307,19.870000000000445,123,9.652480726316725
19.880000000000308,19.88000000000042,123,9.65430673361945
19.89000000000031,19.89000000000039,123,9.656134628272866
19.90000000000031,19.90000000000043,123,9.657964419034002
19.910000000000313,19.9100000000004,123,9.659796114734164
19.920000000000314,19.92000000000044,123,9.661629724280303
19.930000000000316,19.930000000000415,123,9.663465256655456
19.940000000000317,19.940000000000452,123,9.66529937068475
19.95000000000032,19.950000000000426,123,9.667109625218131
19.96000000000032,19.960000000000402,123,9.66890930770144
19.970000000000322,19.970000000000436,123,9.670707555899142
19.980000000000324,19.98000000000041,123,9.672507783035996
19.990000000000325,19.99000000000045,123,9.674309998066363
20.000000000000327,20.000000000000462,123,9.67611421002725
20.01000000000033,20.010000000000435,123,9.677920428039656
20.02000000000033,20.020000000000408,123,9.679728661309554
20.03000000000033,20.03000000000046,123,9.681675505425105
20.040000000000333,20.040000000000433,123,9.683690241297981
20.050000000000335,20.050000000000406,123,9.685706442878214
20.060000000000336,20.060000000000457,123,9.687724117689314
20.070000000000338,20.07000000000043,123,9.689743273307059
20.08000000000034,20.08000000000048,123,9.69176391735968
20.09000000000034,20.090000000000455,123,9.693786057528627
20.100000000000342,20.10000000000043,123,9.695809701549464
20.110000000000344,20.11000000000048,123,9.6978348572122
20.120000000000346,20.120000000000452,123,9.699861532362235
20.130000000000347,20.13000000000043,123,9.70188973490096
20.14000000000035,20.140000000000477,123,9.703919472786424
20.15000000000035,20.15000000000045,123,9.705950754034049
20.160000000000352,20.160000000000423,123,9.707983586717447
20.170000000000353,20.170000000000474,123,9.70990185175856
20.180000000000355,20.18000000000045,123,9.711692957867356
20.190000000000357,20.190000000000424,123,9.713486017062849
20.200000000000358,20.200000000000475,123,9.715281037456833
20.21000000000036,20.21000000000045,123,9.717078027231338
20.22000000000036,20.220000000000496,123,9.718876994639459
20.230000000000363,20.230000000000473,123,9.720677948006212
20.240000000000364,20.240000000000446,123,9.725833614674087
20.250000000000366,20.250000000000497,123,9.727643866676004
20.260000000000367,20.26000000000047,123,9.729456004870372
20.27000000000037,20.270000000000444,123,9.73127003803826
20.28000000000037,20.280000000000495,123,9.733085975036403
20.290000000000372,20.290000000000468,123,9.734903824797954
20.300000000000374,20.30000000000044,123,9.736723596333576
20.310000000000375,20.310000000000493,123,9.738524199439098
20.320000000000377,20.320000000000466,123,9.740313260631183
20.33000000000038,20.330000000000517,123,9.742094034067819
20.34000000000038,20.34000000000049,123,9.743876775817341
20.35000000000038,20.350000000000467,123,9.745661494792955
20.360000000000383,20.360000000000515,123,9.747448199990771
20.370000000000385,20.370000000000488,123,9.749422136307103
20.380000000000386,20.380000000000464,123,9.751413550381784
20.390000000000388,20.390000000000512,123,9.753406407851799
20.40000000000039,20.4000000000005,123,9.755400716073211
20.41000000000039,20.41000000000046,123,9.757396482452918
20.420000000000393,20.420000000000524,123,9.75939371444909
20.430000000000394,20.430000000000476,123,9.761392419571962
20.440000000000396,20.440000000000524,123,9.763392605384368
20.450000000000397,20.450000000000486,123,9.76539427950243
20.4600000000004,20.460000000000534,123,9.767397449596274
20.4700000000004,20.470000000000507,123,9.769402123390677
20.480000000000402,20.480000000000544,123,9.771408308665656
20.490000000000403,20.490000000000503,123,9.773416013257304
20.500000000000405,20.50000000000047,123,9.775425245058457
20.510000000000407,20.51000000000052,123,9.777318226375925
20.520000000000408,20.520000000000493,123,9.779086390424538
20.53000000000041,20.53000000000054,123,9.780856451753294
20.54000000000041,20.54000000000049,123,9.782628418455417
20.550000000000413,20.55000000000054,123,9.784403615037974
20.560000000000414,20.560000000000503,123,9.786180935580262
20.570000000000416,20.570000000000555,123,9.787960214147375
20.580000000000418,20.580000000000528,123,9.789741458942942
20.59000000000042,20.590000000000565,123,9.791524678242737
20.60000000000042,20.600000000000524,123,9.793306489021674
20.610000000000422,20.610000000000486,123,9.795066548540305
20.620000000000424,20.620000000000537,123,9.800173551188976
20.630000000000425,20.63000000000051,123,9.801969915460205
20.640000000000427,20.640000000000548,123,9.803768172738856
20.65000000000043,20.650000000000507,123,9.805568331905121
20.66000000000043,20.660000000000558,123,9.807365555243095
20.67000000000043,20.670000000000524,123,9.809145370676006
20.680000000000433,20.680000000000582,123,9.810924706897879
20.690000000000435,20.690000000000545,123,9.812703283595866
20.700000000000436,20.700000000000596,123,9.81447722538364
20.710000000000438,20.710000000000544,123,9.816443995144866
20.72000000000044,20.720000000000507,123,9.818412178555704
20.73000000000044,20.730000000000558,123,9.820381782756769
20.740000000000443,20.74000000000053,123,9.822352814937375
20.750000000000444,20.75000000000057,123,9.824325282336446
20.760000000000446,20.760000000000527,123,9.826299192242786
20.770000000000447,20.77000000000058,123,9.828274551996145
20.78000000000045,20.78000000000054,123,9.83025136898749
20.79000000000045,20.790000000000592,123,9.832229650659684
20.800000000000452,20.800000000000537,123,9.834209404508371
20.810000000000453,20.81000000000059,123,9.8361906380824
20.820000000000455,20.820000000000533,123,9.838173358984506
20.830000000000457,20.830000000000584,123,9.840157574872137
20.840000000000458,20.840000000000536,123,9.842143293457966
20.85000000000046,20.850000000000588,123,9.844039007894807
20.86000000000046,20.860000000000536,123,9.845785842597792
20.870000000000463,20.870000000000598,123,9.847534546930916
20.880000000000464,20.880000000000532,123,9.849285128796083
20.890000000000466,20.890000000000583,123,9.85103759616328
20.900000000000468,20.90000000000053,123,9.85279195707102
20.91000000000047,20.91000000000058,123,9.854548219627532
20.92000000000047,20.92000000000053,123,9.856307039667684
20.930000000000472,20.930000000000582,123,9.858068616997457
20.940000000000474,20.94000000000053,123,9.85983214839257
20.950000000000475,20.950000000000582,123,9.861597642076589
20.960000000000477,20.960000000000633,123,9.863355123498565
20.97000000000048,20.970000000000578,123,9.865097150941537
20.98000000000048,20.98000000000063,123,9.866839424931925
20.99000000000048,20.990000000000574,123,9.87190093691521
21.000000000000483,21.000000000000615,123,9.87368150647032
21.010000000000485,21.010000000000613,123,9.87546396625325
21.020000000000486,21.020000000000614,123,9.877235415081898
21.030000000000488,21.030000000000612,123,9.878997632126172
21.04000000000049,21.040000000000628,123,9.880758651589659
21.05000000000049,21.050000000000622,123,9.882720856423532
21.060000000000493,21.060000000000624,123,9.88468508714017
21.070000000000494,21.070000000000626,123,9.886638294575931
21.080000000000496,21.08000000000062,123,9.888586143889796
21.090000000000497,21.09000000000062,123,9.890535405222252
21.1000000000005,21.100000000000634,123,9.892486085693832
21.1100000000005,21.110000000000635,123,9.894438192474539
21.120000000000502,21.12000000000063,123,9.896391732784267
21.130000000000503,21.13000000000063,123,9.89834671389373
21.140000000000505,21.140000000000633,123,9.90030314312476
21.150000000000507,21.15000000000064,123,9.902261027851267
21.160000000000508,21.160000000000643,123,9.904220375499506
21.17000000000051,21.170000000000645,123,9.906181193549088
21.18000000000051,21.180000000000643,123,9.908143489533487
21.190000000000513,21.19000000000064,123,9.91006857568415
21.200000000000514,21.20000000000064,123,9.911794167934048
21.210000000000516,21.21000000000064,123,9.913521601943444
21.220000000000518,21.22000000000065,123,9.915250885423859
21.23000000000052,21.23000000000065,123,9.916982026152994
21.24000000000052,21.240000000000652,123,9.918715031975793
21.250000000000522,21.25000000000065,123,9.920449910804749
21.260000000000524,21.260000000000662,123,9.922186670621286
21.270000000000525,21.27000000000066,123,9.923925319476112
21.280000000000527,21.280000000000662,123,9.925665865490387
21.29000000000053,21.290000000000664,123,9.927408540000258
21.30000000000053,21.300000000000658,123,9.929154365841441
21.31000000000053,21.31000000000066,123,9.93090214102314
21.320000000000533,21.32000000000066,123,9.932635150177546
21.330000000000535,21.330000000000656,123,9.934359048949744
21.340000000000536,21.340000000000657,123,9.93608372845452
21.350000000000538,21.35000000000067,123,9.937810308197513
21.36000000000054,21.36000000000067,123,9.93953836632636
21.37000000000054,21.370000000000665,123,9.944594956222574
21.380000000000543,21.380000000000667,123,9.94634009309523
21.390000000000544,21.390000000000683,123,9.948245748835589
21.400000000000546,21.400000000000677,123,9.950187191549176
21.410000000000547,21.41000000000068,123,9.952129140909165
21.42000000000055,21.420000000000677,123,9.95407238104994
21.43000000000055,21.43000000000068,123,9.956016918990144
21.440000000000552,21.440000000000676,123,9.957954428047515
21.450000000000554,21.450000000000674,123,9.959882743204716
21.460000000000555,21.460000000000676,123,9.961812469455339
21.470000000000557,21.4700000000007,123,9.963743613896
21.480000000000558,21.4800000000007,123,9.965676183673395
21.49000000000056,21.4900000000007,123,9.967610185984796
21.50000000000056,21.500000000000696,123,9.969545628078535
21.510000000000563,21.510000000000698,123,9.971482517254927
21.520000000000564,21.520000000000696,123,9.973420860866653
21.530000000000566,21.530000000000697,123,9.97536066631946
21.540000000000568,21.5400000000007,123,9.977106488710135
21.55000000000057,21.550000000000693,123,9.978812230409702
21.56000000000057,21.560000000000695,123,9.98051979493006
21.570000000000572,21.570000000000697,123,9.982229189856554
21.580000000000574,21.58000000000069,123,9.983940422839964
21.590000000000575,21.590000000000693,123,9.985653501597085
21.600000000000577,21.60000000000072,123,9.987368433911755
21.61000000000058,21.610000000000714,123,9.989085227635627
21.62000000000058,21.620000000000715,123,9.990803890688738
21.63000000000058,21.630000000000717,123,9.99252443106073
21.640000000000583,21.640000000000718,123,9.994246856811287
21.650000000000585,21.650000000000713,123,9.995971176071322
21.660000000000586,21.660000000000714,123,9.997697492437126
21.670000000000588,21.670000000000712,123,9.999427046820315
21.68000000000059,21.680000000000714,123,10.001134590444451
21.69000000000059,21.690000000000712,123,10.002839670961947
21.700000000000593,21.70000000000074,123,10.004546266547862
21.710000000000594,21.71000000000074,123,10.006254750912902
21.720000000000596,21.720000000000734,123,10.007965132163605
21.730000000000597,21.730000000000736,123,10.009677418481601
21.7400000000006,21.740000000000734,123,10.014963338882112
21.7500000000006,21.750000000000732,123,10.016886803853126
21.760000000000602,21.760000000000733,123,10.018807182079854
21.770000000000604,21.77000000000073,123,10.020728835054996
21.780000000000605,21.780000000000733,123,10.022651769677253
21.790000000000607,21.790000000000735,123,10.024575992890561
21.80000000000061,21.800000000000743,123,10.026501511684728
21.81000000000061,21.810000000000755,123,10.028420304356885
21.82000000000061,21.820000000000732,123,10.030329788457166
21.830000000000613,21.83000000000074,123,10.032240680398445
21.840000000000614,21.840000000000753,123,10.03415298725524
21.850000000000616,21.850000000000726,123,10.036066716152405
21.860000000000618,21.860000000000742,123,10.037981874265853
21.87000000000062,21.87000000000075,123,10.03989846882321
21.88000000000062,21.880000000000766,123,10.041730607373339
21.890000000000622,21.89000000000074,123,10.043415303536932
21.900000000000624,21.900000000000748,123,10.045101794085795
21.910000000000625,21.91000000000076,123,10.046790086415683
21.920000000000627,21.920000000000773,123,10.048480187985788
21.93000000000063,21.93000000000075,123,10.050172106319934
21.94000000000063,21.940000000000758,123,10.051865849006958
21.95000000000063,21.950000000000774,123,10.053561423701808
21.960000000000633,21.960000000000747,123,10.055258838126107
21.970000000000635,21.970000000000756,123,10.056958100069068
21.980000000000636,21.98000000000077,123,10.058659217388325
21.990000000000638,21.990000000000784,123,10.060362198010623
22.00000000000064,22.000000000000757,123,10.062067049932821
22.01000000000064,22.01000000000077,123,10.06377378122258
22.020000000000643,22.02000000000078,123,10.065482400019306
22.030000000000644,22.03000000000079,123,10.067185551531566
22.040000000000646,22.04000000000077,123,10.06887507848242
22.050000000000647,22.05000000000078,123,10.070562279610641
22.06000000000065,22.06000000000079,123,10.072251347701595
22.07000000000065,22.070000000000764,123,10.073942290728112
22.080000000000652,22.080000000000776,123,10.075635116736976
22.090000000000654,22.09000000000079,123,10.077329833849973
22.100000000000655,22.100000000000797,123,10.082841280897469
22.110000000000657,22.110000000000777,123,10.084743414329537
22.12000000000066,22.120000000000786,123,10.086643534327877
22.13000000000066,22.130000000000802,123,10.088544919351975
22.14000000000066,22.14000000000081,123,10.09044757622435
22.150000000000663,22.150000000000784,123,10.092351511812794
22.160000000000664,22.160000000000796,123,10.094256733030534
22.170000000000666,22.170000000000808,123,10.096163246837165
22.180000000000668,22.180000000000785,123,10.098060619509084
22.19000000000067,22.190000000000794,123,10.09995128684379
22.20000000000067,22.20000000000081,123,10.101843358019423
22.210000000000672,22.210000000000807,123,10.10373684008654
22.220000000000674,22.220000000000805,123,10.105631740146634
22.230000000000675,22.230000000000807,123,10.107343367444699
22.240000000000677,22.240000000000805,123,10.109008875503775
22.25000000000068,22.250000000000803,123,10.110676156606047
22.26000000000068,22.2600000000008,123,10.112345218020721
22.27000000000068,22.270000000000802,123,10.114016067079561
22.280000000000683,22.280000000000804,123,10.115688711177853
22.290000000000685,22.290000000000806,123,10.11736315777506
22.300000000000686,22.3000000000008,123,10.119039414395502
22.310000000000688,22.3100000000008,123,10.120717488629339
22.32000000000069,22.3200000000008,123,10.122397388133209
22.33000000000069,22.330000000000798,123,10.124079120631038
22.340000000000693,22.34000000000085,123,10.125762693914936
22.350000000000694,22.350000000000797,123,10.127448115845851
22.360000000000696,22.36000000000085,123,10.129135394354549
22.370000000000697,22.37000000000085,123,10.130824537442393
22.3800000000007,22.380000000000848,123,10.132515553182017
22.3900000000007,22.390000000000846,123,10.134193323321568
22.400000000000702,22.400000000000844,123,10.13586345289103
22.410000000000704,22.410000000000846,123,10.13753314755968
22.420000000000705,22.420000000000844,123,10.139204694749239
22.430000000000707,22.43000000000084,123,10.140878102369413
22.44000000000071,22.440000000000843,123,10.142553378403647
22.45000000000071,22.450000000000845,123,10.144230530910093
22.46000000000071,22.460000000000843,123,10.14597506746297
22.470000000000713,22.47000000000084,123,10.151822040948232
22.480000000000715,22.480000000000842,123,10.153701932264525
22.490000000000716,22.49000000000084,123,10.15558307824547
22.500000000000718,22.50000000000084,123,10.157465485636024
22.51000000000072,22.510000000000836,123,10.159349161225919
22.52000000000072,22.520000000000838,123,10.16123411185039
22.530000000000722,22.53000000000084,123,10.16312034439072
22.540000000000724,22.54000000000084,123,10.16500786577474
22.550000000000725,22.550000000000836,123,10.166881227544437
22.560000000000727,22.560000000000837,123,10.1687530907558
22.57000000000073,22.570000000000835,123,10.170601142444156
22.58000000000073,22.580000000000833,123,10.1722457617754
22.59000000000073,22.59000000000088,123,10.173892125331236
22.600000000000733,22.600000000000847,123,10.175540240192035
22.610000000000735,22.610000000000884,123,10.17719011349918
22.620000000000736,22.620000000000857,123,10.178841752455654
22.630000000000738,22.63000000000091,123,10.180495164326857
22.64000000000074,22.640000000000867,123,10.182150356441312
22.65000000000074,22.650000000000844,123,10.183807336191492
22.660000000000743,22.66000000000088,123,10.185466111034444
22.670000000000744,22.670000000000854,123,10.187126688492697
22.680000000000746,22.68000000000089,123,10.188789076155004
22.690000000000747,22.690000000000865,123,10.190453281677051
22.70000000000075,22.7000000000009,123,10.192119312782324
22.71000000000075,22.71000000000088,123,10.193787177262948
22.720000000000752,22.72000000000085,123,10.19545688298038
22.730000000000754,22.73000000000089,123,10.197128437866368
22.740000000000755,22.740000000000876,123,10.198801849923669
22.750000000000757,22.7500000000009,123,10.200454376135724
22.76000000000076,22.760000000000872,123,10.202105489725014
22.77000000000076,22.77000000000091,123,10.203757269066188
22.78000000000076,22.780000000000896,123,10.205411301936508
22.790000000000763,22.790000000000923,123,10.207067180095777
22.800000000000765,22.8000000000009,123,10.20872491146035
22.810000000000766,22.810000000000873,123,10.210510942840173
22.820000000000768,22.82000000000092,123,10.212357878872197
22.83000000000077,22.830000000000883,123,10.214206167820052
22.84000000000077,22.840000000000916,123,10.219988012777321
22.850000000000772,22.850000000000897,123,10.22184894930615
22.860000000000774,22.860000000000934,123,10.22371113619073
22.870000000000775,22.870000000000907,123,10.225574580141256
22.880000000000777,22.88000000000088,123,10.227439287913299
22.89000000000078,22.890000000000917,123,10.22930526630806
22.90000000000078,22.90000000000089,123,10.231172522173196
22.91000000000078,22.91000000000093,123,10.233036247418454
22.920000000000783,22.920000000000904,123,10.234817096135245
22.930000000000785,22.93000000000094,123,10.236442638168754
22.940000000000786,22.940000000000914,123,10.238069902450803
22.950000000000788,22.950000000000887,123,10.239698895933927
22.96000000000079,22.960000000000925,123,10.241329625630428
22.97000000000079,22.970000000000898,123,10.242962098613205
22.980000000000793,22.98000000000094,123,10.244596322016662
22.990000000000794,22.99000000000091,123,10.246232303037061
23.000000000000796,23.000000000000934,123,10.247870048933606
23.010000000000797,23.010000000000908,123,10.24950956702888
23.0200000000008,23.02000000000096,123,10.251150864709984
23.0300000000008,23.030000000000932,123,10.252793949428948
23.040000000000802,23.04000000000091,123,10.254438828703499
23.050000000000804,23.05000000000096,123,10.256085510118325
23.060000000000805,23.060000000000933,123,10.257734001325147
23.070000000000807,23.070000000000906,123,10.259384310044098
23.08000000000081,23.080000000000958,123,10.261036444064231
23.09000000000081,23.09000000000093,123,10.262690411244407
23.10000000000081,23.100000000000982,123,10.26433918594023
23.110000000000813,23.110000000000955,123,10.265973453897672
23.120000000000815,23.12000000000093,123,10.267605994702365
23.130000000000816,23.13000000000098,123,10.269239575755293
23.140000000000818,23.140000000000953,123,10.270876101157427
23.15000000000082,23.150000000000926,123,10.2725144560943
23.16000000000082,23.160000000000974,123,10.27431758795396
23.170000000000822,23.170000000000947,123,10.27614303141614
23.180000000000824,23.180000000000927,123,10.277969809346516
23.190000000000826,23.19000000000098,123,10.27979792808729
23.200000000000827,23.20000000000095,123,10.28550736645127
23.21000000000083,23.210000000000925,123,10.287348123995883
23.22000000000083,23.220000000000972,123,10.289190120251945
23.23000000000083,23.230000000000945,123,10.291033361848534
23.240000000000833,23.240000000000997,123,10.29287785545985
23.250000000000835,23.25000000000097,123,10.294723607805409
23.260000000000836,23.260000000000943,123,10.296570625650844
23.270000000000838,23.270000000000994,123,10.298329740830283
23.28000000000084,23.280000000000967,123,10.299938774475194
23.29000000000084,23.290000000000944,123,10.301546986481569
23.300000000000843,23.300000000000995,123,10.30315690524894
23.310000000000844,23.31000000000097,123,10.304768537659655
23.320000000000846,23.32000000000094,123,10.306381890655445
23.330000000000847,23.330000000000993,123,10.307996971238438
23.34000000000085,23.340000000000966,123,10.309613786471587
23.35000000000085,23.350000000001017,123,10.311232343479546
23.360000000000852,23.36000000000099,123,10.312852649449326
23.370000000000854,23.370000000000964,123,10.314474711631163
23.380000000000855,23.380000000001015,123,10.316098537339087
23.390000000000857,23.390000000000988,123,10.31772413395177
23.40000000000086,23.40000000000096,123,10.3193515089133
23.41000000000086,23.41000000000101,123,10.320980669733956
23.42000000000086,23.420000000000975,123,10.322611623990866
23.430000000000863,23.430000000001026,123,10.324244379328988
23.440000000000865,23.440000000001,123,10.325878943461774
23.450000000000866,23.450000000001037,123,10.32751532417197
23.460000000000868,23.460000000000996,123,10.329138634845705
23.47000000000087,23.470000000000958,123,10.33075529570742
23.48000000000087,23.48000000000101,123,10.332369333380626
23.490000000000872,23.49000000000097,123,10.333985140334107
23.500000000000874,23.500000000001034,123,10.335603963988447
23.510000000000876,23.51000000000098,123,10.337400500077422
23.520000000000877,23.52000000000103,123,10.339204527169471
23.53000000000088,23.530000000000992,123,10.341009869938361
23.54000000000088,23.540000000001044,123,10.34281653460478
23.550000000000882,23.550000000001017,123,10.344624527432629
23.560000000000883,23.560000000001054,123,10.346433854729597
23.570000000000885,23.570000000001013,123,10.352086148226633
23.580000000000886,23.580000000000975,123,10.35390798481231
23.590000000000888,23.590000000001023,123,10.355731054445528
23.60000000000089,23.600000000001003,123,10.357555363717339
23.61000000000089,23.61000000000104,123,10.359380919264026
23.620000000000893,23.620000000001,123,10.361130010194174
23.630000000000894,23.630000000001047,123,10.362732060902687
23.640000000000896,23.64000000000101,123,10.364328088528438
23.650000000000897,23.65000000000107,123,10.365918981162878
23.6600000000009,23.660000000001038,123,10.367511564562491
23.6700000000009,23.670000000001075,123,10.369105845536936
23.680000000000902,23.680000000001034,123,10.370701830955085
23.690000000000904,23.690000000000992,123,10.372299527745511
23.700000000000905,23.700000000001058,123,10.373898942897341
23.710000000000907,23.71000000000102,123,10.37550008346085
23.72000000000091,23.720000000001072,123,10.377102956548256
23.73000000000091,23.730000000001017,123,10.37870756933458
23.74000000000091,23.740000000001068,123,10.380313929058033
23.750000000000913,23.750000000001027,123,10.381922043021177
23.760000000000915,23.760000000001092,123,10.383531918591316
23.770000000000916,23.77000000000104,123,10.385143563201453
23.780000000000918,23.780000000001092,123,10.386756984351123
23.79000000000092,23.79000000000105,123,10.388372189606983
23.80000000000092,23.800000000001067,123,10.389989186603643
23.810000000000922,23.81000000000101,123,10.391607983044551
23.820000000000924,23.820000000001063,123,10.393205805677823
23.830000000000926,23.83000000000101,123,10.394803733813163
23.840000000000927,23.84000000000106,123,10.396400330298988
23.85000000000093,23.85000000000101,123,10.39799867940657
23.86000000000093,23.86000000000106,123,10.399765123213868
23.870000000000932,23.87000000000111,123,10.401547812181136
23.880000000000933,23.88000000000106,123,10.4033317977174
23.890000000000935,23.890000000001113,123,10.405117085921532
23.900000000000936,23.90000000000107,123,10.40690368293474
23.910000000000938,23.910000000001123,123,10.40869159494136
23.92000000000094,23.920000000001053,123,10.410480828168815
23.93000000000094,23.930000000001105,123,10.416068522728608
23.940000000000943,23.940000000001056,123,10.417870231847388
23.950000000000944,23.950000000001104,123,10.419673161177315
23.960000000000946,23.960000000001056,123,10.421477317224827
23.970000000000947,23.970000000001107,123,10.423240994120505
23.98000000000095,23.980000000001052,123,10.424824096674612
23.99000000000095,23.990000000001103,123,10.426408764066167
24.000000000000952,24.000000000001105,123,10.427989769432884
24.010000000000954,24.010000000001114,123,10.429563354151597
24.020000000000955,24.020000000001115,123,10.431138613154332
24.030000000000957,24.030000000001113,123,10.432715553175811
24.04000000000096,24.040000000001115,123,10.43429418100935
24.05000000000096,24.050000000001123,123,10.435874503507605
24.06000000000096,24.060000000001125,123,10.437456527583251
24.070000000000963,24.070000000001126,123,10.439040260209566
24.080000000000965,24.08000000000112,123,10.440625708421365
24.090000000000966,24.090000000001123,123,10.442212879315605
24.100000000000968,24.100000000001124,123,10.443801780052098
24.11000000000097,24.110000000001122,123,10.445392417854208
24.12000000000097,24.12000000000112,123,10.446984800009687
24.130000000000972,24.130000000001132,123,10.448578933871445
24.140000000000974,24.140000000001134,123,10.45017482685816
24.150000000000976,24.15000000000113,123,10.451772486455269
24.160000000000977,24.16000000000113,123,10.453371920215474
24.17000000000098,24.17000000000113,123,10.45496529771286
24.18000000000098,24.18000000000114,123,10.45654545780586
24.190000000000982,24.19000000000114,123,10.458124589227566
24.200000000000983,24.20000000000114,123,10.4597037500331
24.210000000000985,24.21000000000114,123,10.461417619585902
24.220000000000987,24.220000000001143,123,10.463178278913276
24.230000000000988,24.230000000001137,123,10.464940987294014
24.24000000000099,24.24000000000114,123,10.466704978823003
24.25000000000099,24.25000000000114,123,10.468470259518654
24.260000000000993,24.26000000000115,123,10.470236835441497
24.270000000000994,24.27000000000115,123,10.472004712694499
24.280000000000996,24.28000000000115,123,10.473773897423683
24.290000000000997,24.29000000000115,123,10.479300703242401
24.300000000001,24.30000000000116,123,10.48108231849389
24.310000000001,24.31000000000116,123,10.48286514060078
24.320000000001002,24.320000000001162,123,10.484649175983392
24.330000000001004,24.330000000001156,123,10.48623139684645
24.340000000001005,24.340000000001158,123,10.487797144601615
24.350000000001007,24.350000000001156,123,10.489364441320802
24.36000000000101,24.36000000000117,123,10.490928488043949
24.37000000000101,24.370000000001166,123,10.492484777298301
24.38000000000101,24.380000000001168,123,10.494042723892846
24.390000000001013,24.39000000000117,123,10.495602334484929
24.400000000001015,24.400000000001178,123,10.497163615789944
24.410000000001016,24.41000000000118,123,10.498726574582108
24.420000000001018,24.420000000001178,123,10.500291217695107
24.43000000000102,24.430000000001176,123,10.501857552022727
24.44000000000102,24.440000000001177,123,10.503425584519647
24.450000000001022,24.450000000001175,123,10.504995322202191
24.460000000001024,24.460000000001177,123,10.506566772148844
24.470000000001026,24.47000000000118,123,10.50813994150117
24.480000000001027,24.480000000001173,123,10.509714837464514
24.49000000000103,24.490000000001174,123,10.511291467308723
24.50000000000103,24.500000000001176,123,10.51286983836873
24.510000000001032,24.51000000000117,123,10.51444995804573
24.520000000001033,24.520000000001197,123,10.51603183380746
24.530000000001035,24.5300000000012,123,10.517599559541921
24.540000000001037,24.540000000001193,123,10.519162292122886
24.550000000001038,24.550000000001194,123,10.520722566843716
24.56000000000104,24.560000000001196,123,10.522363396198969
24.57000000000104,24.570000000001198,123,10.524101944067624
24.580000000001043,24.580000000001192,123,10.525842779288666
24.590000000001044,24.590000000001194,123,10.527585556166585
24.600000000001046,24.60000000000119,123,10.529329602304799
24.610000000001047,24.610000000001214,123,10.531074923640062
24.62000000000105,24.620000000001216,123,10.532821526150727
24.63000000000105,24.630000000001218,123,10.534569415857248
24.640000000001052,24.64000000000122,123,10.536318598822646
24.650000000001054,24.650000000001214,123,10.541788100551727
24.660000000001055,24.660000000001215,123,10.543549538289142
24.670000000001057,24.670000000001213,123,10.545311956947458
24.68000000000106,24.68000000000121,123,10.546957760028121
24.69000000000106,24.690000000001213,123,10.548504371044046
24.70000000000106,24.70000000000121,123,10.550052509359631
24.710000000001063,24.710000000001212,123,10.55160218141718
24.720000000001065,24.720000000001214,123,10.55314704910387
24.730000000001066,24.730000000001237,123,10.554685776617319
24.740000000001068,24.740000000001235,123,10.556226145269349
24.75000000000107,24.750000000001233,123,10.557768161636787
24.76000000000107,24.760000000001234,123,10.559311832354169
24.770000000001072,24.770000000001232,123,10.560857164114154
24.780000000001074,24.780000000001234,123,10.562404163668205
24.790000000001076,24.79000000000123,123,10.563952837827614
24.800000000001077,24.800000000001216,123,10.565503193463698
24.81000000000108,24.81000000000123,123,10.567055237508896
24.82000000000108,24.82000000000124,123,10.568608976957236
24.830000000001082,24.830000000001256,123,10.57016441886519
24.840000000001083,24.84000000000123,123,10.571721570352423
24.850000000001085,24.85000000000124,123,10.57328043860231
24.860000000001087,24.86000000000125,123,10.574841030862927
24.870000000001088,24.870000000001223,123,10.576403354447592
24.88000000000109,24.88000000000124,123,10.577965684474478
24.89000000000109,24.890000000001255,123,10.57950904099593
24.900000000001093,24.900000000001263,123,10.58105278322462
24.910000000001094,24.910000000001236,123,10.582597886815805
24.920000000001096,24.92000000000125,123,10.584315055957958
24.930000000001098,24.93000000000126,123,10.58603342649495
24.9400000000011,24.940000000001273,123,10.587754438532059
24.9500000000011,24.950000000001246,123,10.589477011603506
24.960000000001102,24.960000000001262,123,10.591200840836024
24.970000000001104,24.97000000000127,123,10.592925932081826
24.980000000001105,24.980000000001244,123,10.594652291234354
24.990000000001107,24.99000000000126,123,10.596379924228756
25.00000000000111,25.00000000000127,123,10.601784867126597
25.01000000000111,25.01000000000128,123,10.603524931826414
25.02000000000111,25.020000000001254,123,10.605266170030617
25.030000000001113,25.03000000000127,123,10.606999837393545
25.040000000001115,25.040000000001278,123,10.60852766953812
25.050000000001116,25.050000000001294,123,10.610057005949216
25.060000000001118,25.060000000001267,123,10.611587852934377
25.07000000000112,25.070000000001276,123,10.613120216853588
25.08000000000112,25.08000000000129,123,10.614644005650405
25.090000000001123,25.090000000001265,123,10.616165501478662
25.100000000001124,25.100000000001277,123,10.617688620603076
25.110000000001126,25.110000000001286,123,10.61921336951896
25.120000000001127,25.1200000000013,123,10.620739754778356
25.13000000000113,25.130000000001274,123,10.622267782991017
25.14000000000113,25.140000000001287,123,10.623797460824903
25.150000000001132,25.1500000000013,123,10.625328795006908
25.160000000001133,25.16000000000131,123,10.626861792323538
25.170000000001135,25.170000000001284,123,10.628396459621612
25.180000000001137,25.180000000001296,123,10.629932803808941
25.190000000001138,25.19000000000131,123,10.631470831855097
25.20000000000114,25.200000000001282,123,10.633010550792065
25.21000000000114,25.210000000001283,123,10.634551967714899
25.220000000001143,25.220000000001285,123,10.6360950897826
25.230000000001144,25.23000000000128,123,10.637639924218703
25.240000000001146,25.24000000000128,123,10.63917621536089
25.250000000001148,25.25000000000133,123,10.640702218187428
25.26000000000115,25.260000000001277,123,10.642226949392906
25.27000000000115,25.27000000000133,123,10.643828997645059
25.280000000001152,25.280000000001326,123,10.645526416318816
25.290000000001154,25.290000000001328,123,10.647225314555868
25.300000000001155,25.30000000000133,123,10.64892686103758
25.310000000001157,25.310000000001327,123,10.65062964315075
25.32000000000116,25.320000000001325,123,10.652333666623434
25.33000000000116,25.330000000001323,123,10.65403893722393
25.34000000000116,25.340000000001325,123,10.65574546076138
25.350000000001163,25.350000000001323,123,10.660545954625007
25.360000000001165,25.36000000000132,123,10.662259630411597
25.370000000001166,25.370000000001323,123,10.66397453051556
25.380000000001168,25.380000000001324,123,10.665690660875725
25.39000000000117,25.390000000001322,123,10.667408027472916
25.40000000000117,25.40000000000132,123,10.668932614965811
25.410000000001173,25.41000000000132,123,10.670441022220388
25.420000000001174,25.42000000000132,123,10.671945450966362
25.430000000001176,25.430000000001318,123,10.673442114360952
25.440000000001177,25.440000000001316,123,10.674940416711976
25.45000000000118,25.450000000001317,123,10.67644036422341
25.46000000000118,25.46000000000132,123,10.677941963154638
25.470000000001182,25.47000000000132,123,10.679445219821119
25.480000000001183,25.480000000001315,123,10.680950140594959
25.490000000001185,25.490000000001316,123,10.682456731905589
25.500000000001187,25.500000000001364,123,10.683965000240491
25.510000000001188,25.510000000001366,123,10.685474952145682
25.52000000000119,25.52000000000136,123,10.68698659422661
25.53000000000119,25.530000000001362,123,10.688499933148591
25.540000000001193,25.540000000001363,123,10.69001497563778
25.550000000001194,25.550000000001365,123,10.691531728481422
25.560000000001196,25.560000000001363,123,10.69305019852915
25.570000000001198,25.57000000000136,123,10.694570392693066
25.5800000000012,25.58000000000136,123,10.696092317948938
25.5900000000012,25.59000000000136,123,10.697594407421448
25.600000000001202,25.60000000000137,123,10.699095739747492
25.610000000001204,25.610000000001342,123,10.700596188632218
25.620000000001205,25.620000000001387,123,10.702098324163984
25.630000000001207,25.63000000000136,123,10.703602153301972
25.64000000000121,25.640000000001397,123,10.705253487044061
25.65000000000121,25.65000000000137,123,10.70692726850504
25.66000000000121,25.660000000001357,123,10.70860227533582
25.670000000001213,25.67000000000138,123,10.7102785131312
25.680000000001215,25.680000000001353,123,10.71195598752638
25.690000000001216,25.690000000001394,123,10.713634704197176
25.700000000001218,25.70000000000138,123,10.715314668860685
25.71000000000122,25.710000000001404,123,10.716995887275559
25.72000000000122,25.720000000001377,123,10.718678365242766
25.730000000001223,25.73000000000135,123,10.720362108605883
25.740000000001224,25.7400000000014,123,10.722047123251656
25.750000000001226,25.750000000001364,123,10.723733415110601
25.760000000001227,25.7600000000014,123,10.725420990157247
25.77000000000123,25.770000000001374,123,10.727109854410998
25.78000000000123,25.780000000001426,123,10.728800013936478
25.790000000001232,25.790000000001385,123,10.730375136103916
25.800000000001234,25.800000000001358,123,10.731864285929262
25.810000000001235,25.8100000000014,123,10.733355060009444
25.820000000001237,25.82000000000137,123,10.734847464605096
25.830000000001238,25.83000000000141,123,10.736341506032275
25.84000000000124,25.840000000001382,123,10.737837190663129
25.85000000000124,25.85000000000142,123,10.739334524926349
25.860000000001243,25.860000000001392,123,10.740833515308168
25.870000000001244,25.870000000001365,123,10.742334168352642
25.880000000001246,25.880000000001406,123,10.743823719088198
25.890000000001248,25.890000000001383,123,10.745301667867139
25.90000000000125,25.900000000001416,123,10.746781228409318
25.91000000000125,25.91000000000139,123,10.748262407165683
25.920000000001252,25.920000000001426,123,10.749745210646893
25.930000000001254,25.930000000001414,123,10.75122964542399
25.940000000001255,25.940000000001437,123,10.752715718129082
25.950000000001257,25.950000000001417,123,10.754203435456049
25.96000000000126,25.96000000000139,123,10.755692804161328
25.97000000000126,25.970000000001427,123,10.75718383106458
25.98000000000126,25.9800000000014,123,10.758676523049331
25.990000000001263,25.990000000001437,123,10.760170887063921
26.000000000001265,26.00000000000141,123,10.761666930122018
26.010000000001266,26.010000000001384,123,10.76316465930357
26.020000000001268,26.02000000000143,123,10.764664081755484
26.03000000000127,26.03000000000141,123,10.766165204692285
26.04000000000127,26.04000000000146,123,10.767726771183987
26.050000000001273,26.050000000001432,123,10.769393258788938
26.060000000001274,26.06000000000141,123,10.771060973305453
26.070000000001276,26.070000000001457,123,10.772729920487478
26.080000000001277,26.08000000000143,123,10.774400106130841
26.09000000000128,26.090000000001403,123,10.776071536073829
26.10000000000128,26.100000000001454,123,10.777744216197519
26.110000000001282,26.110000000001428,123,10.779418152426373
26.120000000001284,26.1200000000014,123,10.781093350728852
26.130000000001285,26.130000000001452,123,10.782769817117767
26.140000000001287,26.14000000000143,123,10.784447557650793
26.150000000001288,26.15000000000148,123,10.786126578431137
26.16000000000129,26.160000000001453,123,10.787806885607864
26.17000000000129,26.170000000001426,123,10.789484672695707
26.180000000001293,26.180000000001478,123,10.791096398774599
26.190000000001294,26.19000000000145,123,10.792555632557765
26.200000000001296,26.200000000001424,123,10.794016418241242
26.210000000001298,26.210000000001475,123,10.79547876192855
26.2200000000013,26.22000000000145,123,10.796942669778034
26.2300000000013,26.23000000000142,123,10.798408148003986
26.240000000001302,26.24000000000147,123,10.799875202876763
26.250000000001304,26.250000000001446,123,10.801343840723803
26.260000000001305,26.260000000001494,123,10.802814067930115
26.270000000001307,26.270000000001467,123,10.804285890939013
26.28000000000131,26.280000000001447,123,10.805759316252804
26.29000000000131,26.290000000001495,123,10.807234350433404
26.30000000000131,26.300000000001468,123,10.808711000103088
26.310000000001313,26.310000000001445,123,10.810189271945163
26.320000000001315,26.320000000001492,123,10.811669172704669
26.330000000001316,26.330000000001466,123,10.813150709189117
26.340000000001318,26.34000000000144,123,10.8146338882692
26.35000000000132,26.35000000000149,123,10.816118716879586
26.36000000000132,26.360000000001463,123,10.81760520201938
26.370000000001323,26.370000000001514,123,10.81909335075332
26.380000000001324,26.380000000001488,123,10.820583170212146
26.390000000001326,26.390000000001464,123,10.82207583668091
26.400000000001327,26.400000000001516,123,10.823570513504393
26.41000000000133,26.410000000001475,123,10.825066899178196
26.42000000000133,26.42000000000154,123,10.82656500103856
26.430000000001332,26.430000000001485,123,10.828064826490746
26.440000000001334,26.440000000001444,123,10.82956638301009
26.450000000001335,26.450000000001495,123,10.831210278713172
26.460000000001337,26.46000000000146,123,10.832872557991678
26.47000000000134,26.47000000000151,123,10.834526892242394
26.48000000000134,26.48000000000147,123,10.836170464703272
26.49000000000134,26.49000000000152,123,10.837815161666668
26.500000000001343,26.50000000000148,123,10.83946104171325
26.510000000001344,26.51000000000153,123,10.84110204355899
26.520000000001346,26.520000000001502,123,10.842743066560928
26.530000000001348,26.530000000001543,123,10.844385104190081
26.54000000000135,26.540000000001505,123,10.846028160504673
26.55000000000135,26.550000000001464,123,10.847672239585748
26.560000000001352,26.560000000001516,123,10.84931734553767
26.570000000001354,26.57000000000149,123,10.850963482488254
26.580000000001355,26.58000000000153,123,10.852434179111185
26.590000000001357,26.59000000000149,123,10.853892004502384
26.60000000000136,26.60000000000154,123,10.855351382334689
26.61000000000136,26.6100000000015,123,10.856812318907572
26.62000000000136,26.62000000000155,123,10.858274820577108
26.630000000001363,26.630000000001523,123,10.859738893756528
26.640000000001365,26.640000000001564,123,10.861204544917015
26.650000000001366,26.650000000001523,123,10.862671780588244
26.660000000001368,26.66000000000148,123,10.864140607359133
26.67000000000137,26.670000000001533,123,10.865611031878501
26.68000000000137,26.680000000001506,123,10.867083060855776
26.690000000001373,26.690000000001543,123,10.868556701061706
26.700000000001374,26.70000000000151,123,10.87003195932904
26.710000000001376,26.710000000001557,123,10.871508842553297
26.720000000001377,26.72000000000152,123,10.872987357693333
26.73000000000138,26.73000000000158,123,10.874467511772409
26.74000000000138,26.74000000000153,123,10.875949311878458
26.750000000001382,26.750000000001577,123,10.87743276516531
26.760000000001384,26.760000000001543,123,10.878917878853102
26.770000000001385,26.770000000001502,123,10.880394504559888
26.780000000001387,26.780000000001568,123,10.881861881925644
26.79000000000139,26.790000000001527,123,10.883330883161733
26.80000000000139,26.80000000000159,123,10.884801515339078
26.81000000000139,26.81000000000155,123,10.886273785594014
26.820000000001393,26.8200000000016,123,10.887747701129058
26.830000000001395,26.83000000000155,123,10.889223269213687
26.840000000001396,26.840000000001588,123,10.890711839123313
26.850000000001398,26.850000000001533,123,10.8922517789495
26.8600000000014,26.860000000001584,123,10.893878564820895
26.8700000000014,26.870000000001536,123,10.895506336150689
26.880000000001402,26.880000000001584,123,10.897135096942009
26.890000000001404,26.890000000001535,123,10.89876485121998
26.900000000001405,26.900000000001587,123,10.900395603032138
26.910000000001407,26.91000000000153,123,10.902027356448542
26.92000000000141,26.920000000001597,123,10.90366011556226
26.93000000000141,26.93000000000154,123,10.905293884489396
26.94000000000141,26.94000000000158,123,10.906928667369513
26.950000000001413,26.95000000000153,123,10.908564468365839
26.960000000001415,26.960000000001582,123,10.910201291665501
26.970000000001416,26.97000000000153,123,10.911706102860776
26.980000000001418,26.98000000000158,123,10.913159236221134
26.99000000000142,26.990000000001526,123,10.914613916509111
27.00000000000142,27.000000000001606,123,10.916070150178456
27.010000000001423,27.0100000000016,123,10.917527943740623
27.020000000001424,27.020000000001602,123,10.918987303765235
27.030000000001426,27.030000000001603,123,10.920448236881057
27.040000000001427,27.0400000000016,123,10.921910749776387
27.05000000000143,27.05000000000161,123,10.923374849200016
27.06000000000143,27.06000000000161,123,10.9248405419617
27.070000000001432,27.070000000001613,123,10.926298451062067
27.080000000001434,27.080000000001608,123,10.927746793900795
27.090000000001435,27.090000000001623,123,10.929196694411445
27.100000000001437,27.100000000001625,123,10.930648159258553
27.11000000000144,27.11000000000162,123,10.932101195166837
27.12000000000144,27.12000000000162,123,10.933555808921767
27.13000000000144,27.13000000000162,123,10.935012007370261
27.140000000001443,27.14000000000162,123,10.93646979742148
27.150000000001445,27.150000000001622,123,10.93792918604747
27.160000000001446,27.16000000000163,123,10.939390180283866
27.170000000001448,27.170000000001632,123,10.940855754861062
27.18000000000145,27.18000000000163,123,10.942339028414168
27.19000000000145,27.19000000000163,123,10.943823426485409
27.200000000001452,27.20000000000163,123,10.945308952340739
27.210000000001454,27.210000000001642,123,10.946813211853126
27.220000000001455,27.22000000000164,123,10.9483360009377
27.230000000001457,27.23000000000164,123,10.949859868675503
27.24000000000146,27.24000000000164,123,10.951384818669837
27.25000000000146,27.25000000000164,123,10.952910854542438
27.26000000000146,27.260000000001636,123,10.954437979933559
27.270000000001463,27.27000000000165,123,10.955968858129282
27.280000000001465,27.28000000000165,123,10.957501933468947
27.290000000001466,27.290000000001648,123,10.959071792845492
27.300000000001468,27.300000000001646,123,10.960694172670202
27.31000000000147,27.31000000000166,123,10.962317549128173
27.32000000000147,27.320000000001663,123,10.963941926391755
27.330000000001473,27.330000000001657,123,10.965567308657256
27.340000000001474,27.34000000000166,123,10.967193700144989
27.350000000001476,27.350000000001657,123,10.968821105099664
27.360000000001477,27.360000000001655,123,10.970349170539535
27.37000000000148,27.370000000001657,123,10.971789573165623
27.38000000000148,27.380000000001655,123,10.97321936375451
27.390000000001482,27.390000000001656,123,10.974650647359923
27.400000000001484,27.400000000001658,123,10.976083430273917
27.410000000001485,27.410000000001652,123,10.9775177188438
27.420000000001487,27.420000000001654,123,10.978953519472427
27.43000000000149,27.430000000001677,123,10.98039083861913
27.44000000000149,27.440000000001678,123,10.98182968280021
27.45000000000149,27.450000000001676,123,10.983270058589625
27.460000000001493,27.460000000001678,123,10.98471197261965
27.470000000001495,27.470000000001672,123,10.986155431581608
27.480000000001496,27.480000000001674,123,10.987600442226508
27.490000000001498,27.490000000001675,123,10.98904701136567
27.5000000000015,27.500000000001677,123,10.990495145871492
27.5100000000015,27.51000000000167,123,10.991956971340201
27.520000000001502,27.520000000001698,123,10.9934254231555
27.530000000001504,27.530000000001696,123,10.994894974731508
27.540000000001505,27.540000000001694,123,10.996365629272404
27.550000000001507,27.550000000001695,123,10.997837390010275
27.56000000000151,27.560000000001697,123,10.99931026020522
27.57000000000151,27.5700000000017,123,11.000784243145773
27.58000000000151,27.580000000001693,123,11.002293945774412
27.590000000001513,27.590000000001695,123,11.003804963009998
27.600000000001515,27.600000000001693,123,11.005317038844552
27.610000000001516,27.61000000000169,123,11.00683017689343
27.620000000001518,27.620000000001692,123,11.008344380790021
27.63000000000152,27.63000000000169,123,11.009859654186016
27.64000000000152,27.64000000000169,123,11.011376000751696
27.650000000001523,27.650000000001715,123,11.012893424175957
27.660000000001524,27.660000000001716,123,11.01441192816678
27.670000000001526,27.670000000001714,123,11.015929552245993
27.680000000001527,27.680000000001712,123,11.017432162979873
27.69000000000153,27.690000000001714,123,11.018937696861585
27.70000000000153,27.70000000000171,123,11.020444357652508
27.710000000001532,27.710000000001713,123,11.021952149258823
27.720000000001534,27.720000000001708,123,11.023493599015296
27.730000000001535,27.73000000000171,123,11.02509032586319
27.740000000001537,27.74000000000171,123,11.02668801214098
27.75000000000154,27.750000000001712,123,11.028208501119693
27.76000000000154,27.760000000001735,123,11.029631830063352
27.77000000000154,27.770000000001733,123,11.031056637771059
27.780000000001543,27.78000000000173,123,11.03248293061452
27.790000000001545,27.79000000000173,123,11.033910715020667
27.800000000001546,27.80000000000173,123,11.035339997472363
27.810000000001548,27.810000000001747,123,11.03677078450886
27.82000000000155,27.82000000000172,123,11.038203082726781
27.83000000000155,27.83000000000173,123,11.039636898780401
27.840000000001552,27.84000000000174,123,11.0410745768839
27.850000000001554,27.850000000001753,123,11.04252733575835
27.860000000001556,27.860000000001726,123,11.043981166122308
27.870000000001557,27.87000000000174,123,11.045436071094016
27.88000000000156,27.880000000001754,123,11.046892053818098
27.89000000000156,27.890000000001727,123,11.048349117466017
27.90000000000156,27.900000000001736,123,11.049807265236055
27.910000000001563,27.91000000000175,123,11.05126650035389
27.920000000001565,27.92000000000176,123,11.052726826072671
27.930000000001566,27.930000000001737,123,11.054188245673316
27.940000000001568,27.94000000000175,123,11.05566386871557
27.95000000000157,27.95000000000176,123,11.057162141453574
27.96000000000157,27.96000000000177,123,11.058661448803448
27.970000000001573,27.970000000001743,123,11.060161794373784
27.980000000001574,27.98000000000176,123,11.061650876568365
27.990000000001576,27.99000000000177,123,11.063133609853637
28.000000000001577,28.000000000001744,123,11.064617348124031
28.01000000000158,28.010000000001757,123,11.066102094763934
28.02000000000158,28.02000000000177,123,11.067587853173137
28.030000000001582,28.030000000001742,123,11.069074626766806
28.040000000001584,28.040000000001754,123,11.07056241897591
28.050000000001585,28.050000000001766,123,11.072051233247208
28.060000000001587,28.060000000001782,123,11.073541073043515
28.07000000000159,28.070000000001755,123,11.075031941844017
28.08000000000159,28.080000000001764,123,11.076523843144301
28.09000000000159,28.090000000001776,123,11.078019701119388
28.100000000001593,28.10000000000179,123,11.079517787907136
28.110000000001595,28.11000000000176,123,11.081016999330515
28.120000000001596,28.120000000001774,123,11.082517339396105
28.130000000001598,28.13000000000179,123,11.084018812134033
28.1400000000016,28.140000000001763,123,11.085459905506951
28.1500000000016,28.15000000000177,123,11.086867804693142
28.160000000001602,28.160000000001787,123,11.088287461097494
28.170000000001604,28.170000000001796,123,11.089708594103882
28.180000000001606,28.180000000001773,123,11.091138707180832
28.190000000001607,28.19000000000178,123,11.092577071972372
28.20000000000161,28.200000000001808,123,11.094016482732812
28.21000000000161,28.210000000001806,123,11.095456942524194
28.220000000001612,28.220000000001807,123,11.096898454433983
28.230000000001613,28.23000000000181,123,11.098341021575195
28.240000000001615,28.240000000001807,123,11.099784647086679
28.250000000001616,28.250000000001805,123,11.10122933413355
28.260000000001618,28.260000000001803,123,11.102675085907123
28.27000000000162,28.270000000001804,123,11.104121905625448
28.28000000000162,28.280000000001802,123,11.105568608937745
28.290000000001623,28.2900000000018,123,11.106998270541055
28.300000000001624,28.300000000001802,123,11.108428967556208
28.310000000001626,28.310000000001803,123,11.109883685555687
28.320000000001627,28.3200000000018,123,11.111350957991178
28.33000000000163,28.3300000000018,123,11.112819200853153
28.34000000000163,28.3400000000018,123,11.114288417473176
28.350000000001632,28.3500000000018,123,11.115758611196853
28.360000000001634,28.360000000001797,123,11.117229785384296
28.370000000001635,28.370000000001795,123,11.11870194340996
28.380000000001637,28.380000000001797,123,11.120175088663075
28.39000000000164,28.390000000001848,123,11.121649224547767
28.40000000000164,28.4000000000018,123,11.123124354483252
28.41000000000164,28.410000000001848,123,11.12460048190404
28.420000000001643,28.420000000001846,123,11.126077610260111
28.430000000001645,28.430000000001844,123,11.127555743017197
28.440000000001646,28.440000000001845,123,11.129034883656843
28.450000000001648,28.45000000000184,123,11.130515035676751
28.46000000000165,28.46000000000184,123,11.131996202590926
28.47000000000165,28.470000000001843,123,11.133478387929884
28.480000000001652,28.480000000001844,123,11.134961595240824
28.490000000001654,28.490000000001842,123,11.136446962064852
28.500000000001656,28.50000000000184,123,11.137936469701586
28.510000000001657,28.51000000000184,123,11.139432028251974
28.52000000000166,28.52000000000184,123,11.140930689313208
28.53000000000166,28.530000000001838,123,11.142371591011894
28.540000000001662,28.540000000001836,123,11.143721215081086
28.550000000001663,28.550000000001837,123,11.14507199179232
28.560000000001665,28.56000000000184,123,11.146423924277357
28.570000000001667,28.570000000001837,123,11.14782342531717
28.580000000001668,28.580000000001835,123,11.149252729133408
28.59000000000167,28.590000000001837,123,11.150675665252564
28.60000000000167,28.600000000001835,123,11.15208815915183
28.610000000001673,28.61000000000187,123,11.153501653523776
28.620000000001674,28.620000000001845,123,11.154916151294856
28.630000000001676,28.630000000001882,123,11.156331655414846
28.640000000001677,28.640000000001855,123,11.157748168856983
28.65000000000168,28.650000000001832,123,11.15916569461838
28.66000000000168,28.660000000001883,123,11.160584235719938
28.670000000001682,28.670000000001856,123,11.1620037952069
28.680000000001684,28.68000000000188,123,11.163453922093723
28.690000000001685,28.690000000001852,123,11.164909782372177
28.700000000001687,28.70000000000189,123,11.166366591606845
28.71000000000169,28.710000000001862,123,11.167824353134463
28.72000000000169,28.720000000001843,123,11.16928307030554
28.73000000000169,28.73000000000188,123,11.170742746484535
28.740000000001693,28.740000000001853,123,11.172203385049926
28.750000000001695,28.750000000001886,123,11.173664989394567
28.760000000001696,28.760000000001863,123,11.175127562925667
28.770000000001698,28.770000000001897,123,11.17659110906527
28.7800000000017,28.780000000001873,123,11.178055631250203
28.7900000000017,28.790000000001914,123,11.179521132932365
28.800000000001702,28.800000000001887,123,11.18098761757895
28.810000000001704,28.81000000000186,123,11.182456175843711
28.820000000001706,28.820000000001897,123,11.183931433318975
28.830000000001707,28.83000000000187,123,11.185407366083155
28.84000000000171,28.840000000001908,123,11.186883977459416
28.85000000000171,28.850000000001884,123,11.188361270799007
28.860000000001712,28.86000000000192,123,11.189839249481679
28.870000000001713,28.870000000001895,123,11.191317916916205
28.880000000001715,28.880000000001868,123,11.192797276540631
28.890000000001717,28.89000000000192,123,11.194280749411192
28.900000000001718,28.900000000001892,123,11.19575653294757
28.91000000000172,28.91000000000192,123,11.197223777316665
28.92000000000172,28.92000000000189,123,11.198625106504224
28.930000000001723,28.93000000000193,123,11.199947028934076
28.940000000001724,28.940000000001902,123,11.201270124723521
28.950000000001726,28.950000000001875,123,11.202594397002372
28.960000000001727,28.960000000001912,123,11.203919848922013
28.97000000000173,28.970000000001885,123,11.205246483655785
28.98000000000173,28.980000000001937,123,11.206574304399183
28.990000000001732,28.9900000000019,123,11.207976849951166
29.000000000001734,29.000000000001886,123,11.209381362783333
29.010000000001735,29.010000000001938,123,11.210786867367077
29.020000000001737,29.02000000000191,123,11.212193366712356
29.03000000000174,29.030000000001884,123,11.213600863852761
29.04000000000174,29.040000000001935,123,11.215009361845532
29.05000000000174,29.05000000000191,123,11.216452589210746
29.060000000001743,29.06000000000196,123,11.217897093057971
29.070000000001745,29.070000000001933,123,11.21934252409973
29.080000000001746,29.080000000001906,123,11.22078888567711
29.090000000001748,29.090000000001954,123,11.222236181144439
29.10000000000175,29.100000000001927,123,11.22368441386952
29.11000000000175,29.110000000001904,123,11.22513358723377
29.120000000001752,29.12000000000195,123,11.22658682106254
29.130000000001754,29.13000000000193,123,11.228044684516874
29.140000000001756,29.140000000001905,123,11.229503187833629
29.150000000001757,29.150000000001953,123,11.230962334262372
29.16000000000176,29.160000000001926,123,11.232422127078607
29.17000000000176,29.170000000001977,123,11.233882569584054
29.180000000001762,29.18000000000195,123,11.23534367157913
29.190000000001763,29.190000000001923,123,11.236805612304991
29.200000000001765,29.200000000001975,123,11.238268421444062
29.210000000001767,29.210000000001948,123,11.239726033019025
29.220000000001768,29.22000000000192,123,11.241171911612938
29.23000000000177,29.230000000001972,123,11.242618628986307
29.24000000000177,29.24000000000195,123,11.244066188790072
29.250000000001773,29.250000000001922,123,11.245514594697042
29.260000000001774,29.260000000001973,123,11.246963850401997
29.270000000001776,29.270000000001946,123,11.248413959621985
29.280000000001777,29.280000000001998,123,11.24986641544021
29.29000000000178,29.29000000000197,123,11.25132190884024
29.30000000000178,29.300000000001944,123,11.2527782002022
29.310000000001782,29.310000000001995,123,11.254158843121303
29.320000000001784,29.32000000000197,123,11.255473001110943
29.330000000001785,29.33000000000194,123,11.256788316608336
29.340000000001787,29.34000000000199,123,11.258104792790817
29.35000000000179,29.350000000001963,123,11.259422432857221
29.36000000000179,29.360000000001936,123,11.26074124002831
29.37000000000179,29.370000000001987,123,11.26206121754683
29.380000000001793,29.380000000001967,123,11.263382368677952
29.390000000001795,29.39000000000194,123,11.264704696709273
29.400000000001796,29.400000000001974,123,11.266067353132357
29.410000000001798,29.410000000001936,123,11.267464779592714
29.4200000000018,29.420000000001984,123,11.268890944484198
29.4300000000018,29.43000000000195,123,11.270328253897944
29.440000000001803,29.440000000002,123,11.271769225053077
29.450000000001804,29.45000000000196,123,11.27321080047021
29.460000000001806,29.46000000000201,123,11.274652981818804
29.470000000001807,29.47000000000197,123,11.276095876510254
29.48000000000181,29.480000000002033,123,11.277539584190464
29.49000000000181,29.490000000001984,123,11.278984108533933
29.500000000001812,29.500000000002036,123,11.280429453235485
29.510000000001813,29.510000000001995,123,11.28187562201073
29.520000000001815,29.520000000001954,123,11.283322406321574
29.530000000001817,29.530000000002005,123,11.284751997211245
29.540000000001818,29.540000000001964,123,11.286182383613436
29.55000000000182,29.550000000002015,123,11.287613569088961
29.56000000000182,29.560000000001978,123,11.289045557218174
29.570000000001823,29.57000000000203,123,11.290478351601507
29.580000000001824,29.580000000001988,123,11.291911955859703
29.590000000001826,29.59000000000204,123,11.293346373634122
29.600000000001828,29.600000000001998,123,11.294781608586874
29.61000000000183,29.61000000000205,123,11.296217664401368
29.62000000000183,29.620000000002015,123,11.297654544782347
29.630000000001832,29.630000000001974,123,11.299092253456323
29.640000000001834,29.640000000002026,123,11.300530794171834
29.650000000001835,29.650000000001985,123,11.301970170699661
29.660000000001837,29.660000000002036,123,11.303410386833264
29.67000000000184,29.670000000002,123,11.304851765527033
29.68000000000184,29.68000000000205,123,11.306296325656788
29.69000000000184,29.69000000000201,123,11.307715668226308
29.700000000001843,29.700000000002074,123,11.309022438167375
29.710000000001845,29.71000000000202,123,11.310330356846748
29.720000000001846,29.72000000000207,123,11.311639427472798
29.730000000001848,29.730000000002033,123,11.312949653274543
29.74000000000185,29.74000000000199,123,11.314260613544391
29.75000000000185,29.750000000002043,123,11.315570668201659
29.760000000001853,29.760000000002,123,11.31688202973595
29.770000000001854,29.770000000002053,123,11.318195068494902
29.780000000001856,29.780000000002012,123,11.319509253162352
29.790000000001857,29.790000000002063,123,11.320824587420248
29.80000000000186,29.800000000002015,123,11.322249914685969
29.81000000000186,29.810000000002063,123,11.323678913431038
29.820000000001862,29.820000000002015,123,11.32510869721942
29.830000000001863,29.830000000002066,123,11.326539269675862
29.840000000001865,29.84000000000201,123,11.327960801081957
29.850000000001867,29.850000000002062,123,11.329375119561874
29.860000000001868,29.860000000002007,123,11.330790199399573
29.87000000000187,29.870000000002058,123,11.332206044073146
29.88000000000187,29.88000000000201,123,11.333622657077868
29.890000000001873,29.890000000002058,123,11.335040041926732
29.900000000001874,29.90000000000201,123,11.33645820215051
29.910000000001876,29.91000000000206,123,11.337877141298037
29.920000000001878,29.920000000002005,123,11.339296862936507
29.93000000000188,29.930000000002057,123,11.340717574005737
29.94000000000188,29.940000000002108,123,11.342139169934299
29.950000000001882,29.950000000002053,123,11.34356150914752
29.960000000001884,29.960000000002104,123,11.344984594752347
29.970000000001885,29.970000000002056,123,11.346408429876377
29.980000000001887,29.980000000002104,123,11.347833017668364
29.99000000000189,29.990000000002055,123,11.349258361298311
30.00000000000189,30.00000000000208,123,11.350684463957876
30.01000000000189,30.010000000002087,123,11.352111328860545
30.020000000001893,30.02000000000209,123,11.353538959241959
30.030000000001895,30.03000000000209,123,11.3549673583601
30.040000000001896,30.0400000000021,123,11.356396254878888
30.050000000001898,30.0500000000021,123,11.357825747604068
30.0600000000019,30.0600000000021,123,11.359256182439339
30.0700000000019,30.0700000000021,123,11.360686003182664
30.080000000001903,30.0800000000021,123,11.362050762766003
30.090000000001904,30.090000000002096,123,11.363315978006625
30.100000000001906,30.100000000002098,123,11.364582798635979
30.110000000001907,30.1100000000021,123,11.365851410737122
30.12000000000191,30.120000000002094,123,11.367121067523101
30.13000000000191,30.13000000000211,123,11.368391773864303
30.140000000001912,30.14000000000212,123,11.369663534674714
30.150000000001913,30.15000000000212,123,11.370936354912615
30.160000000001915,30.160000000002118,123,11.372230942843672
30.170000000001917,30.17000000000212,123,11.373632454739095
30.180000000001918,30.18000000000212,123,11.375034815159069
30.19000000000192,30.190000000002115,123,11.376437861590361
30.20000000000192,30.200000000002117,123,11.377841596951086
30.210000000001923,30.210000000002115,123,11.379246024177192
30.220000000001924,30.220000000002116,123,11.380651146222831
30.230000000001926,30.230000000002125,123,11.382056966060631
30.240000000001928,30.240000000002127,123,11.38346348668179
30.25000000000193,30.250000000002128,123,11.384870711096525
30.26000000000193,30.260000000002123,123,11.386278642334133
30.270000000001932,30.27000000000214,123,11.387687283443455
30.280000000001934,30.280000000002136,123,11.389096637492884
30.290000000001935,30.290000000002134,123,11.390506707570879
30.300000000001937,30.300000000002136,123,11.391917496786007
30.31000000000194,30.310000000002134,123,11.39332877437127
30.32000000000194,30.320000000002135,123,11.394740565552013
30.33000000000194,30.330000000002137,123,11.396153242706148
30.340000000001943,30.34000000000213,123,11.397566809346841
30.350000000001945,30.350000000002133,123,11.398981269005034
30.360000000001946,30.360000000002145,123,11.400396625229789
30.370000000001948,30.370000000002143,123,11.401812881588256
30.38000000000195,30.380000000002145,123,11.403230041666049
30.39000000000195,30.390000000002157,123,11.404648109067352
30.400000000001953,30.40000000000215,123,11.40606653462197
30.410000000001954,30.410000000002153,123,11.407482751068486
30.420000000001956,30.420000000002155,123,11.408899719057445
30.430000000001957,30.430000000002156,123,11.410317732964273
30.44000000000196,30.44000000000215,123,11.4117379749175
30.45000000000196,30.450000000002152,123,11.413158973520567
30.460000000001962,30.46000000000215,123,11.41458073060673
30.470000000001964,30.470000000002152,123,11.416003248017063
30.480000000001965,30.480000000002175,123,11.417411336063978
30.490000000001967,30.490000000002176,123,11.418817921555586
30.500000000001968,30.500000000002178,123,11.420225245382142
30.51000000000197,30.510000000002172,123,11.421633309250367
30.52000000000197,30.520000000002174,123,11.423042114873894
30.530000000001973,30.530000000002172,123,11.424451663973372
30.540000000001974,30.54000000000217,123,11.4258619582764
30.550000000001976,30.55000000000217,123,11.427272999517825
30.560000000001978,30.56000000000217,123,11.4286847894396
30.57000000000198,30.57000000000217,123,11.43009732979101
30.58000000000198,30.580000000002173,123,11.431510622328688
30.590000000001982,30.590000000002167,123,11.432923673395408
30.600000000001984,30.60000000000217,123,11.43433750431592
30.610000000001985,30.61000000000219,123,11.435761113198794
30.620000000001987,30.620000000002193,123,11.437255407340643
30.63000000000199,30.63000000000219,123,11.438750351682899
30.64000000000199,30.640000000002193,123,11.44024594822973
30.65000000000199,30.650000000002187,123,11.441742198994078
30.660000000001993,30.66000000000219,123,11.443239105997591
30.670000000001995,30.67000000000219,123,11.444736671270846
30.680000000001996,30.68000000000219,123,11.446234896853184
30.690000000001998,30.690000000002186,123,11.447733784793087
30.700000000002,30.700000000002213,123,11.449233337147959
30.710000000002,30.71000000000221,123,11.4507335559843
30.720000000002003,30.72000000000221,123,11.452234443377833
30.730000000002004,30.73000000000221,123,11.453736001413446
30.740000000002006,30.740000000002212,123,11.455239742000444
30.750000000002007,30.750000000002213,123,11.456745254589052
30.76000000000201,30.760000000002208,123,11.45825140254665
30.77000000000201,30.77000000000221,123,11.459758187936714
30.780000000002012,30.780000000002207,123,11.461265612833273
30.790000000002014,30.790000000002205,123,11.46277367932116
30.800000000002015,30.800000000002207,123,11.464266528063277
30.810000000002017,30.81000000000222,123,11.465758538206984
30.82000000000202,30.820000000002228,123,11.467250526775487
30.83000000000202,30.830000000002208,123,11.468742512822729
30.84000000000202,30.840000000002217,123,11.470235193927635
30.850000000002023,30.85000000000223,123,11.471728571960199
30.860000000002024,30.860000000002202,123,11.473222648799776
30.870000000002026,30.870000000002214,123,11.474717426334792
30.880000000002028,30.880000000002227,123,11.47621290646309
30.89000000000203,30.89000000000225,123,11.477709091091654
30.90000000000203,30.900000000002215,123,11.479205982136918
30.910000000002032,30.910000000002224,123,11.480703581524708
30.920000000002034,30.92000000000224,123,11.482201891190314
30.930000000002035,30.93000000000225,123,11.483700913078408
30.940000000002037,30.94000000000222,123,11.485201861061825
30.95000000000204,30.950000000002234,123,11.486701997080587
30.96000000000204,30.960000000002246,123,11.488201316800897
30.97000000000204,30.970000000002223,123,11.489700907121616
30.980000000002043,30.980000000002246,123,11.491200767673206
30.990000000002045,30.990000000002247,123,11.492700898089254
31.000000000002046,31.00000000000227,123,11.494201298006615
31.010000000002048,31.01000000000223,123,11.495701967065159
31.02000000000205,31.020000000002245,123,11.497202904908207
31.03000000000205,31.030000000002257,123,11.498704111182093
31.040000000002053,31.040000000002266,123,11.500205585536563
31.050000000002054,31.05000000000224,123,11.50170868168317
31.060000000002056,31.060000000002255,123,11.503214262708184
31.070000000002057,31.070000000002263,123,11.50472008347522
31.08000000000206,31.080000000002244,123,11.506226143650693
31.09000000000206,31.090000000002266,123,11.507732442904796
31.100000000002062,31.100000000002264,123,11.50923898091149
31.110000000002064,31.110000000002238,123,11.5107457573488
31.120000000002065,31.12000000000225,123,11.51224372817535
31.130000000002067,31.130000000002262,123,11.513734319925987
31.14000000000207,31.14000000000227,123,11.515140777584975
31.15000000000207,31.150000000002287,123,11.516487901884801
31.16000000000207,31.16000000000226,123,11.517835734550516
31.170000000002073,31.170000000002275,123,11.51918427750222
31.180000000002075,31.180000000002284,123,11.52053353267793
31.190000000002076,31.190000000002257,123,11.521883502033319
31.200000000002078,31.200000000002284,123,11.523234187541988
31.21000000000208,31.21000000000228,123,11.524585591195603
31.22000000000208,31.22000000000228,123,11.525937715003991
31.230000000002082,31.23000000000228,123,11.527290560995269
31.240000000002084,31.240000000002283,123,11.528644131215927
31.250000000002085,31.25000000000228,123,11.529998427730987
31.260000000002087,31.26000000000228,123,11.531353452624188
31.27000000000209,31.27000000000228,123,11.532709207997954
31.28000000000209,31.28000000000228,123,11.534065695973652
31.29000000000209,31.290000000002276,123,11.535422918691665
31.300000000002093,31.300000000002274,123,11.536780878311504
31.310000000002095,31.310000000002276,123,11.53813957701199
31.320000000002096,31.320000000002278,123,11.539499761537485
31.330000000002098,31.33000000000228,123,11.540860984534575
31.3400000000021,31.340000000002327,123,11.542222888342721
31.3500000000021,31.350000000002275,123,11.543649139930622
31.360000000002103,31.360000000002323,123,11.545086821554222
31.370000000002104,31.37000000000227,123,11.546524971361052
31.380000000002106,31.38000000000232,123,11.547963591930937
31.390000000002107,31.39000000000232,123,11.549402685871897
31.40000000000211,31.400000000002322,123,11.550842255820484
31.41000000000211,31.410000000002324,123,11.552282304441874
31.420000000002112,31.42000000000232,123,11.553722834430147
31.430000000002114,31.43000000000232,123,11.555164017057962
31.440000000002115,31.440000000002318,123,11.556605951281483
31.450000000002117,31.45000000000232,123,11.558035570440254
31.46000000000212,31.460000000002317,123,11.559462003860261
31.47000000000212,31.470000000002315,123,11.560888970990817
31.48000000000212,31.480000000002317,123,11.562316474002984
31.490000000002123,31.49000000000232,123,11.563744515088374
31.500000000002125,31.500000000002316,123,11.565173096459446
31.510000000002126,31.510000000002314,123,11.56660222034941
31.520000000002128,31.520000000002316,123,11.568031889012616
31.53000000000213,31.530000000002314,123,11.569468138329142
31.54000000000213,31.540000000002312,123,11.57090538872609
31.550000000002132,31.55000000000231,123,11.572342860650082
31.560000000002134,31.56000000000231,123,11.573780553747824
31.570000000002135,31.570000000002313,123,11.575218467669615
31.580000000002137,31.58000000000231,123,11.576656602069392
31.59000000000214,31.590000000002362,123,11.578094956604772
31.60000000000214,31.60000000000237,123,11.579533530937198
31.61000000000214,31.610000000002334,123,11.58097232473176
31.620000000002143,31.620000000002307,123,11.58241133765739
31.630000000002145,31.630000000002347,123,11.583850569386826
31.640000000002146,31.64000000000232,123,11.585290019596627
31.650000000002148,31.650000000002358,123,11.586729687967278
31.66000000000215,31.660000000002345,123,11.588169574183127
31.67000000000215,31.670000000002382,123,11.589609677932373
31.680000000002153,31.680000000002355,123,11.591049998907351
31.690000000002154,31.69000000000238,123,11.592490536804249
31.700000000002156,31.700000000002355,123,11.593931291323372
31.710000000002157,31.710000000002328,123,11.59537226216898
31.72000000000216,31.720000000002365,123,11.596813449049506
31.73000000000216,31.730000000002338,123,11.598256290992069
31.740000000002162,31.74000000000239,123,11.599700623843304
31.750000000002164,31.750000000002352,123,11.601145207029745
31.760000000002165,31.760000000002403,123,11.602590040225024
31.770000000002167,31.770000000002376,123,11.604033837415585
31.78000000000217,31.7800000000024,123,11.605462902524536
31.79000000000217,31.790000000002372,123,11.606892202147677
31.80000000000217,31.800000000002346,123,11.608321735860102
31.810000000002173,31.810000000002383,123,11.609751503239607
31.820000000002175,31.82000000000237,123,11.611181503866689
31.830000000002176,31.830000000002396,123,11.612611737324755
31.840000000002178,31.84000000000237,123,11.614062086321098
31.85000000000218,31.850000000002346,123,11.615605105522505
31.86000000000218,31.86000000000238,123,11.617148105288933
31.870000000002182,31.870000000002353,123,11.618691085307049
31.880000000002184,31.88000000000239,123,11.62023404526667
31.890000000002185,31.890000000002377,123,11.62177698486046
31.900000000002187,31.900000000002418,123,11.623319903784221
31.91000000000219,31.91000000000239,123,11.624862801736782
31.92000000000219,31.920000000002418,123,11.626405678420056
31.93000000000219,31.93000000000239,123,11.627948533538998
31.940000000002193,31.940000000002364,123,11.629491366801787
31.950000000002195,31.950000000002404,123,11.631034177919588
31.960000000002196,31.960000000002378,123,11.632576966606806
31.970000000002198,31.97000000000243,123,11.634119732580999
31.9800000000022,31.980000000002388,123,11.635662475562953
31.9900000000022,31.99000000000244,123,11.637205195276564
32.0000000000022,32.00000000000244,123,11.638747891449057
32.0100000000022,32.010000000002414,123,11.640290563810865
32.0200000000022,32.0200000000024,123,11.641833212095761
32.0300000000022,32.03000000000236,123,11.643375836040704
32.040000000002195,32.04000000000241,123,11.644918435386089
32.05000000000219,32.050000000002385,123,11.64646100987548
32.06000000000219,32.060000000002354,123,11.648003559255983
32.07000000000219,32.07000000000241,123,11.649546083278025
32.08000000000219,32.080000000002386,123,11.651088581695348
32.090000000002185,32.090000000002355,123,11.652632170562015
32.10000000000218,32.10000000000242,123,11.654176776623572
32.11000000000218,32.11000000000238,123,11.655706855042425
32.12000000000218,32.12000000000237,123,11.657235491331832
32.13000000000218,32.13000000000242,123,11.658764088062355
32.140000000002175,32.14000000000238,123,11.660292644939531
32.15000000000217,32.150000000002365,123,11.661821161671995
32.16000000000217,32.1600000000024,123,11.663349637971095
32.17000000000217,32.170000000002375,123,11.66487807355118
32.18000000000217,32.18000000000236,123,11.666406468129537
32.190000000002165,32.19000000000232,123,11.6679348214263
32.20000000000216,32.20000000000237,123,11.669463133164783
32.21000000000216,32.21000000000235,123,11.670991403071042
32.22000000000216,32.22000000000232,123,11.67251963087432
32.23000000000216,32.23000000000237,123,11.674047816306768
32.240000000002155,32.24000000000235,123,11.67557595910364
32.25000000000215,32.250000000002316,123,11.67710405900317
32.26000000000215,32.26000000000237,123,11.678632115746794
32.27000000000215,32.27000000000234,123,11.680160129078956
32.28000000000215,32.28000000000232,123,11.681688098747244
32.290000000002145,32.29000000000238,123,11.683216024502357
32.30000000000214,32.30000000000234,123,11.684743906098205
32.31000000000214,32.31000000000232,123,11.686271743291755
32.32000000000214,32.320000000002366,123,11.687799535843283
32.33000000000214,32.33000000000234,123,11.689215931839769
32.340000000002135,32.34000000000233,123,11.690622938168744
32.35000000000213,32.35000000000237,123,11.692030164130713
32.36000000000213,32.36000000000234,123,11.693437609428216
32.37000000000213,32.37000000000233,123,11.694845273767001
32.38000000000213,32.38000000000236,123,11.696316814578012
32.390000000002125,32.39000000000234,123,11.697803380588894
32.40000000000212,32.400000000002365,123,11.699289928795253
32.41000000000212,32.41000000000231,123,11.700776459101704
32.42000000000212,32.42000000000236,123,11.702262971416246
32.43000000000212,32.43000000000232,123,11.703749465650361
32.440000000002115,32.440000000002286,123,11.705225363678878
32.45000000000211,32.450000000002355,123,11.706696141590001
32.46000000000211,32.46000000000231,123,11.708166889227329
32.47000000000211,32.47000000000236,123,11.709637606411022
32.48000000000211,32.480000000002306,123,11.711108292964084
32.490000000002105,32.49000000000227,123,11.712578948712277
32.5000000000021,32.500000000002316,123,11.714049573484331
32.5100000000021,32.5100000000023,123,11.715520167111833
32.5200000000021,32.52000000000234,123,11.716990729429227
32.5300000000021,32.5300000000023,123,11.718461260273884
32.540000000002095,32.54000000000225,123,11.719931759486187
32.55000000000209,32.550000000002306,123,11.721402226909419
32.56000000000209,32.56000000000226,123,11.72287266238979
32.57000000000209,32.570000000002324,123,11.72434306577658
32.58000000000209,32.580000000002286,123,11.725813436922039
32.590000000002085,32.59000000000233,123,11.727283775681457
32.60000000000208,32.60000000000228,123,11.728754081913237
32.61000000000208,32.610000000002245,123,11.730224355478725
32.62000000000208,32.6200000000023,123,11.731694596242448
32.63000000000208,32.63000000000227,123,11.733164804072018
32.640000000002075,32.640000000002324,123,11.734634978838187
32.65000000000207,32.650000000002265,123,11.736105120414791
32.66000000000207,32.660000000002235,123,11.737575228678935
32.67000000000207,32.67000000000228,123,11.739045303510835
32.68000000000207,32.680000000002266,123,11.740515344793934
32.690000000002065,32.69000000000231,123,11.741985352414929
32.70000000000206,32.70000000000226,123,11.7434553262637
32.71000000000206,32.71000000000222,123,11.744925266233466
32.72000000000206,32.720000000002265,123,11.746395172220716
32.73000000000206,32.73000000000223,123,11.74786504412522
32.740000000002055,32.74000000000229,123,11.74933488185009
32.75000000000205,32.75000000000225,123,11.750804685301802
32.76000000000205,32.760000000002286,123,11.75227445439019
32.77000000000205,32.77000000000225,123,11.753739409205778
32.78000000000205,32.78000000000221,123,11.75519364223176
32.790000000002046,32.79000000000226,123,11.756647829139098
32.80000000000204,32.800000000002235,123,11.758101969748637
32.81000000000204,32.81000000000228,123,11.759556063883991
32.82000000000204,32.82000000000223,123,11.761010111371633
32.83000000000204,32.83000000000218,123,11.762464112040675
32.840000000002036,32.840000000002235,123,11.763918065723203
32.850000000002034,32.85000000000228,123,11.765371972254059
32.86000000000203,32.86000000000223,123,11.766825831470882
32.87000000000203,32.87000000000218,123,11.768279643214271
32.88000000000203,32.88000000000223,123,11.76973340732772
32.890000000002026,32.890000000002175,123,11.771187123657526
32.900000000002024,32.90000000000222,123,11.772640792052982
32.91000000000202,32.91000000000218,123,11.77409441236631
32.92000000000202,32.920000000002226,123,11.77554798445263
32.93000000000202,32.93000000000218,123,11.777001508170116
32.940000000002016,32.94000000000223,123,11.778454983379916
32.950000000002014,32.95000000000218,123,11.77990840994616
32.96000000000201,32.960000000002225,123,11.781361787736046
32.97000000000201,32.97000000000217,123,11.782815116619773
32.98000000000201,32.98000000000222,123,11.784268396470665
32.990000000002006,32.99000000000217,123,11.785721627165103
33.000000000002004,33.000000000002196,123,11.787174808582563
33.010000000002,33.010000000002194,123,11.788627940605664
33.020000000002,33.0200000000022,123,11.790081023120138
33.030000000002,33.0300000000022,123,11.791534056014982
33.040000000001996,33.040000000002195,123,11.792987039182279
33.050000000001994,33.05000000000219,123,11.794515033327173
33.06000000000199,33.06000000000219,123,11.796050612194122
33.07000000000199,33.070000000002196,123,11.797585882918014
33.08000000000199,33.08000000000219,123,11.79912084569392
33.090000000001986,33.09000000000219,123,11.800655500720083
33.100000000001984,33.100000000002176,123,11.802189848197685
33.11000000000198,33.110000000002195,123,11.803711549306485
33.12000000000198,33.12000000000218,123,11.805230179269856
33.13000000000198,33.13000000000218,123,11.806748493006054
33.140000000001976,33.140000000002175,123,11.808266490629563
33.150000000001974,33.15000000000216,123,11.809784172257537
33.16000000000197,33.160000000002164,123,11.81130153800953
33.17000000000197,33.17000000000216,123,11.8128185880078
33.18000000000197,33.18000000000216,123,11.81433532237709
33.190000000001966,33.19000000000216,123,11.815851741244686
33.200000000001964,33.20000000000216,123,11.81736784474063
33.21000000000196,33.210000000002154,123,11.81888363299744
33.22000000000196,33.22000000000216,123,11.82039910615039
33.23000000000196,33.23000000000216,123,11.821914264337238
33.240000000001956,33.240000000002155,123,11.823429107698615
33.250000000001954,33.25000000000216,123,11.824943636377625
33.26000000000195,33.26000000000215,123,11.826457850520214
33.27000000000195,33.270000000002156,123,11.827971750275012
33.28000000000195,33.28000000000214,123,11.82948533579328
33.290000000001946,33.29000000000215,123,11.830998607229162
33.300000000001944,33.300000000002136,123,11.832511564739377
33.31000000000194,33.31000000000214,123,11.834024208483626
33.32000000000194,33.32000000000214,123,11.835536538624268
33.33000000000194,33.33000000000212,123,11.837048555326447
33.340000000001936,33.34000000000213,123,11.838560258758193
33.350000000001934,33.35000000000212,123,11.840071649090376
33.36000000000193,33.360000000002124,123,11.841582726496682
33.37000000000193,33.37000000000212,123,11.843093491153624
33.38000000000193,33.38000000000213,123,11.844603943240713
33.390000000001926,33.39000000000212,123,11.84611408294029
33.400000000001924,33.40000000000212,123,11.847623910437562
33.41000000000192,33.41000000000212,123,11.849133425920783
33.42000000000192,33.42000000000212,123,11.850642629581074
33.43000000000192,33.43000000000212,123,11.85215152161257
33.440000000001916,33.440000000002115,123,11.853660102212388
33.450000000001914,33.45000000000212,123,11.855154628817175
33.46000000000191,33.46000000000212,123,11.856647740064375
33.47000000000191,33.470000000002116,123,11.85814053149609
33.48000000000191,33.48000000000209,123,11.859633003225028
33.490000000001906,33.49000000000209,123,11.861125155366238
33.500000000001904,33.50000000000209,123,11.862616988037317
33.5100000000019,33.51000000000209,123,11.86410850135836
33.5200000000019,33.520000000002085,123,11.865599695451849
33.5300000000019,33.53000000000208,123,11.867090570442869
33.540000000001896,33.54000000000209,123,11.868581126458977
33.550000000001894,33.550000000002086,123,11.870071363630302
33.56000000000189,33.56000000000209,123,11.871561282089417
33.57000000000189,33.57000000000208,123,11.873050881971636
33.58000000000189,33.58000000000209,123,11.874540163414721
33.590000000001886,33.590000000002085,123,11.87602912655899
33.600000000001884,33.60000000000208,123,11.877517771547545
33.61000000000188,33.61000000000208,123,11.879002629740825
33.62000000000188,33.62000000000208,123,11.880486983669257
33.63000000000188,33.630000000002084,123,11.881971027170152
33.640000000001876,33.64000000000208,123,11.883454760389952
33.650000000001874,33.65000000000208,123,11.884938183477587
33.66000000000187,33.66000000000208,123,11.886421296584814
33.67000000000187,33.67000000000208,123,11.887904099866077
33.68000000000187,33.680000000002075,123,11.889386593478463
33.69000000000187,33.69000000000208,123,11.8908687775819
33.700000000001864,33.70000000000208,123,11.892350652339061
33.71000000000186,33.71000000000205,123,11.893832217915303
33.72000000000186,33.72000000000205,123,11.895313474478911
33.73000000000186,33.73000000000205,123,11.896794422200799
33.74000000000186,33.74000000000205,123,11.898275061254893
33.750000000001855,33.750000000002046,123,11.899755391817806
33.76000000000185,33.76000000000205,123,11.90123541406902
33.77000000000185,33.77000000000205,123,11.90271512819099
33.78000000000185,33.78000000000205,123,11.90419453436894
33.79000000000185,33.790000000002046,123,11.905660990653857
33.800000000001845,33.80000000000203,123,11.907125194217073
33.81000000000184,33.81000000000205,123,11.908589081742647
33.82000000000184,33.82000000000202,123,11.91005265333358
33.83000000000184,33.830000000002045,123,11.911515909095243
33.84000000000184,33.84000000000204,123,11.912978849135385
33.850000000001835,33.85000000000202,123,11.914441473564167
33.86000000000183,33.86000000000203,123,11.91590378249417
33.87000000000183,33.87000000000204,123,11.917365776040356
33.88000000000183,33.88000000000201,123,11.918827454320194
33.89000000000183,33.890000000002026,123,11.920288817453482
33.900000000001825,33.90000000000204,123,11.921749865562617
33.91000000000182,33.91000000000201,123,11.923210598772414
33.92000000000182,33.92000000000203,123,11.924671017210159
33.93000000000182,33.930000000001996,123,11.926131121005625
33.94000000000182,33.940000000002016,123,11.927590910291201
33.950000000001815,33.950000000002035,123,11.929050385201705
33.96000000000181,33.960000000002,123,11.930509545874528
33.97000000000181,33.97000000000201,123,11.931968392449704
33.98000000000181,33.98000000000203,123,11.93342692506971
33.99000000000181,33.990000000002006,123,11.934885143879711
34.000000000001805,34.000000000002004,123,11.936343049027414
34.0100000000018,34.01000000000198,123,11.937800640663184
34.0200000000018,34.02000000000199,123,11.93925791894003
34.0300000000018,34.030000000002005,123,11.940714884013559
34.0400000000018,34.04000000000198,123,11.942171536042068
34.050000000001795,34.050000000001994,123,11.943627875186564
34.06000000000179,34.060000000002006,123,11.945083901610687
34.07000000000179,34.070000000001976,123,11.946539615480788
34.08000000000179,34.08000000000199,123,11.947995016966075
34.09000000000179,34.090000000002,123,11.949450106238302
34.100000000001785,34.10000000000198,123,11.950904883472077
34.11000000000178,34.11000000000199,123,11.952359348844752
34.12000000000178,34.120000000002,123,11.953813502536462
34.13000000000178,34.13000000000197,123,11.955267344730245
34.14000000000178,34.140000000002,123,11.956720875611794
34.150000000001775,34.15000000000196,123,11.958174095369742
34.16000000000177,34.16000000000197,123,11.95962700419554
34.17000000000177,34.17000000000195,123,11.961079602283462
34.18000000000177,34.180000000001954,123,11.962531889830785
34.19000000000177,34.19000000000197,123,11.963983867037513
34.200000000001765,34.20000000000194,123,11.965435534106703
34.21000000000176,34.21000000000195,123,11.966865667608829
34.22000000000176,34.22000000000194,123,11.968294283318812
34.23000000000176,34.230000000001944,123,11.969722770585847
34.24000000000176,34.24000000000194,123,11.971151129198432
34.250000000001755,34.25000000000194,123,11.972579358947954
34.26000000000175,34.260000000001945,123,11.97400745962878
34.27000000000175,34.270000000001936,123,11.975435431038221
34.28000000000175,34.28000000000194,123,11.976863272976544
34.29000000000175,34.29000000000194,123,11.978290985247014
34.300000000001745,34.30000000000194,123,11.979718567655794
34.31000000000174,34.310000000001935,123,11.981146020012176
34.32000000000174,34.32000000000193,123,11.982573342128376
34.33000000000174,34.33000000000194,123,11.984000533819724
34.34000000000174,34.340000000001936,123,11.98542759490455
34.350000000001735,34.350000000001934,123,11.986854525204294
34.36000000000173,34.36000000000193,123,11.988281324543507
34.37000000000173,34.37000000000194,123,11.989707992749729
34.38000000000173,34.38000000000193,123,11.991134529653763
34.39000000000173,34.39000000000193,123,11.992560935089458
34.400000000001725,34.40000000000193,123,11.993987208893856
34.41000000000172,34.41000000000193,123,11.995413350907171
34.42000000000172,34.420000000001934,123,11.996839360972743
34.43000000000172,34.430000000001925,123,11.998265238937194
34.44000000000172,34.44000000000193,123,11.999690984650371
34.450000000001715,34.45000000000193,123,12.001116597965279
34.46000000000171,34.460000000001926,123,12.002542078738244
34.47000000000171,34.470000000001924,123,12.003967426828808
34.48000000000171,34.48000000000193,123,12.005392642099906
34.49000000000171,34.49000000000188,123,12.0068177244177
34.500000000001705,34.500000000001926,123,12.00824267365168
34.5100000000017,34.510000000001874,123,12.009667489674726
34.5200000000017,34.52000000000192,123,12.011092172363021
34.5300000000017,34.53000000000187,123,12.012516721596157
34.5400000000017,34.54000000000192,123,12.01394113725712
34.550000000001695,34.55000000000187,123,12.015365419232367
34.56000000000169,34.56000000000187,123,12.016789567411678
34.57000000000169,34.57000000000187,123,12.018213581688372
34.58000000000169,34.58000000000187,123,12.019637461959192
34.59000000000169,34.59000000000187,123,12.021061208124436
34.600000000001685,34.600000000001884,123,12.02248482008784
34.61000000000168,34.61000000000192,123,12.023908297756734
34.62000000000168,34.62000000000188,123,12.025331641041888
34.63000000000168,34.63000000000185,123,12.026754849857753
34.64000000000168,34.640000000001905,123,12.028177924122303
34.650000000001675,34.65000000000187,123,12.029580243763832
34.66000000000167,34.660000000001844,123,12.03097966666023
34.67000000000167,34.67000000000188,123,12.032378624192674
34.68000000000167,34.680000000001854,123,12.033777116823927
34.69000000000167,34.69000000000189,123,12.03517514501877
34.700000000001666,34.70000000000186,123,12.036572709244084
34.71000000000166,34.710000000001834,123,12.037969809968772
34.72000000000166,34.720000000001875,123,12.039366447663895
34.73000000000166,34.730000000001866,123,12.04076262280239
34.74000000000166,34.740000000001885,123,12.04215833585944
34.750000000001656,34.75000000000186,123,12.043553587312402
34.760000000001654,34.76000000000183,123,12.044948377640551
34.77000000000165,34.77000000000188,123,12.04634270732548
34.78000000000165,34.78000000000184,123,12.047736576850866
34.79000000000165,34.79000000000182,123,12.049129986702539
34.800000000001646,34.80000000000186,123,12.050522937368598
34.810000000001644,34.81000000000184,123,12.051915429339218
34.82000000000164,34.820000000001805,123,12.053307463106862
34.83000000000164,34.83000000000184,123,12.05469903916628
34.84000000000164,34.840000000001815,123,12.056090158014314
34.850000000001636,34.85000000000186,123,12.057480820150232
34.860000000001634,34.860000000001826,123,12.058871026075451
34.87000000000163,34.8700000000018,123,12.060260776293745
34.88000000000163,34.880000000001836,123,12.061650071311249
34.89000000000163,34.89000000000183,123,12.063038911636284
34.900000000001626,34.900000000001846,123,12.064427297779659
34.910000000001624,34.91000000000182,123,12.06581523025443
34.92000000000162,34.92000000000179,123,12.067202709576065
34.93000000000162,34.93000000000185,123,12.068589736262453
34.94000000000162,34.940000000001824,123,12.069976310833852
34.950000000001616,34.95000000000184,123,12.071362269122673
34.960000000001614,34.96000000000182,123,12.072747528610464
34.97000000000161,34.970000000001804,123,12.074132659697426
34.98000000000161,34.980000000001844,123,12.075517662282266
34.99000000000161,34.99000000000181,123,12.076902536267127
35.000000000001606,35.00000000000177,123,12.078287281557522
35.010000000001604,35.01000000000182,123,12.079671898062387
35.0200000000016,35.020000000001794,123,12.08105638569424
35.0300000000016,35.03000000000176,123,12.082440744368967
35.0400000000016,35.04000000000182,123,12.083824974006049
35.050000000001596,35.05000000000179,123,12.085209074528422
35.060000000001594,35.060000000001764,123,12.086593045862614
35.07000000000159,35.070000000001826,123,12.087976887938723
35.08000000000159,35.08000000000178,123,12.089360600690341
35.09000000000159,35.090000000001766,123,12.090740553523858
35.100000000001586,35.10000000000182,123,12.092115891994638
35.110000000001584,35.11000000000179,123,12.093490769144239
35.12000000000158,35.120000000001774,123,12.094865185442572
35.13000000000158,35.13000000000181,123,12.096239141361622
35.14000000000158,35.140000000001784,123,12.09761263737549
35.150000000001576,35.15000000000177,123,12.098985673960257
35.160000000001574,35.16000000000173,123,12.100358251594216
35.17000000000157,35.17000000000178,123,12.10173037075775
35.18000000000157,35.18000000000177,123,12.103102031933417
35.19000000000157,35.19000000000173,123,12.104473235605838
35.200000000001566,35.20000000000178,123,12.105843982261888
35.210000000001564,35.210000000001756,123,12.107214272390593
35.22000000000156,35.220000000001725,123,12.10858410648315
35.23000000000156,35.23000000000178,123,12.109953485032975
35.24000000000156,35.24000000000175,123,12.111322408535798
35.250000000001556,35.25000000000173,123,12.112690877489456
35.260000000001554,35.26000000000179,123,12.11405889239414
35.27000000000155,35.27000000000175,123,12.11542645375225
35.28000000000155,35.28000000000172,123,12.116793562068551
35.29000000000155,35.290000000001776,123,12.118160217850019
35.300000000001546,35.300000000001745,123,12.119526421606025
35.310000000001544,35.310000000001736,123,12.120892173848233
35.32000000000154,35.32000000000177,123,12.12225747509072
35.33000000000154,35.330000000001746,123,12.123622325849809
35.34000000000154,35.34000000000174,123,12.124986726644337
35.350000000001536,35.35000000000177,123,12.126350677995461
35.360000000001534,35.36000000000175,123,12.127714180426807
35.37000000000153,35.37000000000173,123,12.129077234464361
35.38000000000153,35.380000000001694,123,12.13044042571427
35.39000000000153,35.39000000000174,123,12.131803372607095
35.400000000001526,35.40000000000174,123,12.133165874933567
35.410000000001524,35.410000000001716,123,12.134527933172023
35.42000000000152,35.420000000001764,123,12.135889547802506
35.43000000000152,35.43000000000172,123,12.137250719306493
35.44000000000152,35.440000000001675,123,12.138611448167381
35.450000000001516,35.45000000000173,123,12.139971734870016
35.460000000001514,35.460000000001685,123,12.141331579900992
35.47000000000151,35.470000000001754,123,12.142690983748622
35.48000000000151,35.48000000000171,123,12.144049946902854
35.49000000000151,35.490000000001665,123,12.145408469855326
35.500000000001506,35.50000000000171,123,12.146766553099468
35.510000000001504,35.510000000001675,123,12.148124197130315
35.5200000000015,35.52000000000172,123,12.149481402444692
35.5300000000015,35.53000000000169,123,12.150838169541132
35.5400000000015,35.54000000000173,123,12.152192133140659
35.550000000001496,35.550000000001695,123,12.153544286758475
35.560000000001494,35.56000000000166,123,12.15489598606122
35.57000000000149,35.570000000001706,123,12.156247231486617
35.58000000000149,35.58000000000168,123,12.157598023473724
35.59000000000149,35.59000000000173,123,12.158948362463136
35.60000000000149,35.60000000000168,123,12.160298248896908
35.610000000001484,35.61000000000173,123,12.161647683218504
35.62000000000148,35.62000000000169,123,12.16299666587284
35.63000000000148,35.63000000000165,123,12.164345197306389
35.64000000000148,35.64000000000173,123,12.165693277967023
35.65000000000148,35.650000000001675,123,12.167040908304102
35.660000000001475,35.66000000000172,123,12.168388088768594
35.67000000000147,35.67000000000167,123,12.169734819812774
35.68000000000147,35.680000000001634,123,12.171081101890664
35.69000000000147,35.69000000000168,123,12.172426935457608
35.70000000000147,35.70000000000167,123,12.17377232097057
35.710000000001465,35.71000000000169,123,12.175117258888008
35.72000000000146,35.72000000000166,123,12.176461749670054
35.73000000000146,35.73000000000162,123,12.177805793778134
35.74000000000146,35.74000000000167,123,12.179149391675494
35.75000000000146,35.75000000000163,123,12.180492543826773
35.760000000001455,35.760000000001696,123,12.181835250698285
35.77000000000145,35.770000000001644,123,12.183177512757837
35.78000000000145,35.78000000000169,123,12.184519330474927
35.79000000000145,35.790000000001655,123,12.185860704320604
35.80000000000145,35.80000000000164,123,12.187201634767476
35.810000000001445,35.81000000000169,123,12.18854212228986
35.82000000000144,35.82000000000164,123,12.189882167363592
35.83000000000144,35.83000000000159,123,12.191221770466242
35.84000000000144,35.84000000000164,123,12.192560932076944
35.85000000000144,35.850000000001586,123,12.19389965267652
35.860000000001435,35.860000000001634,123,12.195237932747418
35.87000000000143,35.87000000000159,123,12.196575772773798
35.88000000000143,35.88000000000164,123,12.197913173241403
35.89000000000143,35.890000000001585,123,12.19925013463778
35.90000000000143,35.90000000000164,123,12.200586657452078
35.910000000001425,35.91000000000158,123,12.201922742175142
35.92000000000142,35.920000000001636,123,12.203258389299606
35.93000000000142,35.93000000000158,123,12.20459359931968
35.94000000000142,35.94000000000163,123,12.20592837273145
35.95000000000142,35.95000000000158,123,12.207262710032637
35.960000000001415,35.96000000000163,123,12.20859661172274
35.97000000000141,35.97000000000158,123,12.209930078303003
35.98000000000141,35.98000000000163,123,12.211263110276434
35.99000000000141,35.99000000000158,123,12.212594102454304
36.00000000000141,36.0000000000016,123,12.213922341733365
36.010000000001405,36.010000000001604,123,12.215250129903822
36.0200000000014,36.0200000000016,123,12.216577467405429
36.0300000000014,36.0300000000016,123,12.217904354679433
36.0400000000014,36.0400000000016,123,12.219230792168517
36.0500000000014,36.050000000001596,123,12.220556780316798
36.060000000001395,36.0600000000016,123,12.221882319569929
36.07000000000139,36.0700000000016,123,12.223207410374982
36.08000000000139,36.0800000000016,123,12.224532053180553
36.09000000000139,36.09000000000158,123,12.225856248436642
36.10000000000139,36.100000000001586,123,12.227179996594927
36.110000000001385,36.110000000001584,123,12.228503298108407
36.12000000000138,36.12000000000157,123,12.229826153431702
36.13000000000138,36.13000000000157,123,12.231148563020923
36.14000000000138,36.14000000000157,123,12.232470527333703
36.15000000000138,36.15000000000157,123,12.233792046829265
36.160000000001375,36.16000000000157,123,12.23511312196824
36.17000000000137,36.170000000001565,123,12.236433753213007
36.18000000000137,36.18000000000156,123,12.237753941027364
36.19000000000137,36.19000000000157,123,12.239073685876718
36.20000000000137,36.200000000001566,123,12.240392988228066
36.210000000001365,36.210000000001564,123,12.241711848549969
36.22000000000136,36.22000000000156,123,12.243030267312548
36.23000000000136,36.23000000000156,123,12.244348244987663
36.24000000000136,36.240000000001565,123,12.245665782048604
36.25000000000136,36.25000000000156,123,12.246982878970357
36.260000000001355,36.26000000000156,123,12.248300265556793
36.27000000000135,36.270000000001545,123,12.249626942071345
36.28000000000135,36.28000000000155,123,12.250953176824922
36.29000000000135,36.29000000000155,123,12.252278970300694
36.30000000000135,36.30000000000153,123,12.253604322983506
36.310000000001345,36.310000000001544,123,12.254929235359967
36.32000000000134,36.320000000001535,123,12.25625370791822
36.33000000000134,36.33000000000153,123,12.257577741148253
36.34000000000134,36.34000000000153,123,12.258901335541637
36.35000000000134,36.35000000000153,123,12.260224491591757
36.360000000001335,36.36000000000153,123,12.26154720979362
36.37000000000133,36.37000000000153,123,12.262869490644022
36.38000000000133,36.38000000000153,123,12.264191334641481
36.39000000000133,36.39000000000153,123,12.26551274228622
36.40000000000133,36.400000000001526,123,12.266833714080306
36.410000000001325,36.410000000001524,123,12.26815425052746
36.42000000000132,36.42000000000153,123,12.26947435213323
36.43000000000132,36.43000000000152,123,12.270794019404946
36.44000000000132,36.440000000001525,123,12.272113252851724
36.45000000000132,36.450000000001495,123,12.273428820612239
36.460000000001315,36.46000000000153,123,12.274743030758898
36.47000000000131,36.4700000000015,123,12.276056789977943
36.48000000000131,36.480000000001496,123,12.277370098713135
36.49000000000131,36.490000000001494,123,12.2786829574095
36.50000000000131,36.50000000000149,123,12.279995366513731
36.510000000001305,36.5100000000015,123,12.281307326473865
36.5200000000013,36.520000000001495,123,12.282618837739534
36.5300000000013,36.53000000000149,123,12.283929900761791
36.5400000000013,36.54000000000149,123,12.285240515993266
36.5500000000013,36.550000000001496,123,12.28655068388801
36.560000000001295,36.56000000000149,123,12.28786040490175
36.57000000000129,36.57000000000149,123,12.289169679491565
36.58000000000129,36.58000000000149,123,12.29047850811618
36.59000000000129,36.59000000000149,123,12.291787009627399
36.60000000000129,36.600000000001494,123,12.293095136193202
36.610000000001286,36.610000000001484,123,12.294402819734955
36.62000000000128,36.62000000000149,123,12.295710060717155
36.63000000000128,36.63000000000149,123,12.297017388737714
36.64000000000128,36.640000000001486,123,12.298324696436808
36.65000000000128,36.650000000001484,123,12.299631566077181
36.660000000001276,36.66000000000149,123,12.30093799814236
36.670000000001274,36.67000000000149,123,12.302243993117472
36.68000000000127,36.680000000001456,123,12.303549551489354
36.69000000000127,36.69000000000146,123,12.304854673746519
36.70000000000127,36.70000000000146,123,12.30615936037914
36.710000000001266,36.71000000000146,123,12.307463611879157
36.720000000001264,36.720000000001455,123,12.308767428740182
36.73000000000126,36.73000000000146,123,12.310070811457479
36.74000000000126,36.74000000000145,123,12.311373760528141
36.75000000000126,36.75000000000146,123,12.312676276450944
36.760000000001256,36.760000000001455,123,12.31397835972642
36.770000000001254,36.77000000000145,123,12.315280010856839
36.78000000000125,36.78000000000145,123,12.316581230346202
36.79000000000125,36.79000000000145,123,12.317882018700374
36.80000000000125,36.800000000001454,123,12.319182376426838
36.810000000001246,36.81000000000145,123,12.320482304035053
36.820000000001244,36.82000000000143,123,12.321781802036114
36.83000000000124,36.830000000001434,123,12.323080870942974
36.84000000000124,36.84000000000145,123,12.324379511270365
36.85000000000124,36.85000000000142,123,12.325677723534909
36.860000000001236,36.860000000001435,123,12.326975508255032
36.870000000001234,36.87000000000145,123,12.328272865950922
36.88000000000123,36.88000000000142,123,12.329569797144686
36.89000000000123,36.890000000001436,123,12.330866302360263
36.90000000000123,36.90000000000144,123,12.332162382123443
36.910000000001226,36.910000000001425,123,12.333454745623328
36.920000000001224,36.920000000001444,123,12.334745465716537
36.93000000000122,36.93000000000141,123,12.33603574238657
36.94000000000122,36.94000000000142,123,12.337325576090123
36.95000000000122,36.95000000000144,123,12.33861496728538
36.960000000001216,36.9600000000014,123,12.339903916432107
36.970000000001214,36.97000000000141,123,12.341192423991572
36.98000000000121,36.98000000000139,123,12.34248049042661
36.99000000000121,36.990000000001416,123,12.343768116201659
37.00000000000121,37.000000000001414,123,12.345055301782693
37.010000000001206,37.010000000001384,123,12.346342047637265
37.020000000001204,37.0200000000014,123,12.347628354234502
37.0300000000012,37.03000000000141,123,12.348914222045181
37.0400000000012,37.040000000001385,123,12.350199651541587
37.0500000000012,37.0500000000014,123,12.351484643197708
37.060000000001196,37.06000000000141,123,12.352769197489096
37.070000000001194,37.070000000001386,123,12.354053314892894
37.08000000000119,37.08000000000139,123,12.355336995887995
37.09000000000119,37.09000000000141,123,12.356620240954797
37.10000000000119,37.10000000000138,123,12.35790305057543
37.110000000001186,37.11000000000139,123,12.35918542523359
37.120000000001184,37.12000000000137,123,12.360467365414792
37.13000000000118,37.13000000000138,123,12.361748871606096
37.14000000000118,37.14000000000141,123,12.36302994429623
37.15000000000118,37.15000000000136,123,12.364310583975652
37.160000000001176,37.16000000000138,123,12.36559079113654
37.170000000001174,37.17000000000135,123,12.366870566272766
37.18000000000117,37.18000000000138,123,12.368149909879818
37.19000000000117,37.190000000001376,123,12.369428822455035
37.20000000000117,37.20000000000135,123,12.370707304497387
37.210000000001166,37.21000000000135,123,12.37198535650765
37.220000000001164,37.22000000000135,123,12.373262978988265
37.23000000000116,37.23000000000135,123,12.374540172443417
37.24000000000116,37.240000000001345,123,12.37581688802939
37.25000000000116,37.25000000000135,123,12.37709316686832
37.260000000001156,37.26000000000134,123,12.378369018271172
37.270000000001154,37.270000000001346,123,12.379644442749196
37.28000000000115,37.280000000001344,123,12.38091944081549
37.29000000000115,37.29000000000135,123,12.382194012984968
37.30000000000115,37.30000000000135,123,12.383468159774324
37.310000000001146,37.310000000001345,123,12.384741881702055
37.320000000001144,37.32000000000134,123,12.386015179288549
37.33000000000114,37.33000000000134,123,12.387288053055897
37.34000000000114,37.34000000000134,123,12.388560503528169
37.35000000000114,37.35000000000134,123,12.389832531231221
37.360000000001136,37.36000000000134,123,12.391104136692789
37.370000000001134,37.37000000000134,123,12.392374023633025
37.38000000000113,37.38000000000134,123,12.393640147723431
37.39000000000113,37.390000000001336,123,12.394905831152755
37.40000000000113,37.400000000001334,123,12.396171074378358
37.410000000001126,37.41000000000134,123,12.397435877859053
37.420000000001124,37.42000000000134,123,12.398700242055156
37.43000000000112,37.430000000001336,123,12.399964167428593
37.44000000000112,37.44000000000133,123,12.401227654442806
37.45000000000112,37.45000000000134,123,12.402490703562833
37.460000000001116,37.46000000000134,123,12.403753315255258
37.470000000001114,37.470000000001335,123,12.405015489988216
37.48000000000111,37.48000000000133,123,12.406277228231474
37.49000000000111,37.49000000000128,123,12.407538530456335
37.50000000000111,37.50000000000133,123,12.408799397135766
37.51000000000111,37.51000000000128,123,12.410059828744266
37.520000000001104,37.52000000000128,123,12.411319825757985
37.5300000000011,37.53000000000128,123,12.412579388654663
37.5400000000011,37.54000000000128,123,12.413838517913703
37.5500000000011,37.550000000001276,123,12.415097214016114
37.5600000000011,37.56000000000128,123,12.416355449650212
37.570000000001095,37.57000000000127,123,12.417613223514593
37.58000000000109,37.58000000000128,123,12.418870565740463
37.59000000000109,37.590000000001275,123,12.420127476815367
37.60000000000109,37.60000000000132,123,12.421383957228642
37.61000000000109,37.610000000001286,123,12.422641031075571
37.620000000001085,37.620000000001255,123,12.423897787666121
37.63000000000108,37.63000000000131,123,12.425154118530244
37.64000000000108,37.64000000000127,123,12.426410024178324
37.65000000000108,37.65000000000125,123,12.427665505122604
37.66000000000108,37.66000000000128,123,12.428920561877135
37.670000000001075,37.670000000001274,123,12.430175194957684
37.68000000000107,37.68000000000129,123,12.43142940488191
37.69000000000107,37.69000000000127,123,12.43268319216918
37.70000000000107,37.700000000001246,123,12.433936557340786
37.71000000000107,37.71000000000128,123,12.43518950091979
37.720000000001065,37.72000000000127,123,12.436442023431098
37.73000000000106,37.73000000000129,123,12.43769412540145
37.74000000000106,37.74000000000127,123,12.438945807359474
37.75000000000106,37.75000000000125,123,12.440197069835605
37.76000000000106,37.76000000000129,123,12.441447913362182
37.770000000001055,37.770000000001254,123,12.442698338473392
37.78000000000105,37.78000000000122,123,12.443948345705394
37.79000000000105,37.790000000001264,123,12.445197935596127
37.80000000000105,37.80000000000125,123,12.446447108685476
37.81000000000105,37.81000000000121,123,12.447695865515229
37.820000000001045,37.820000000001244,123,12.448944206629164
37.83000000000104,37.83000000000123,123,12.450192132572852
37.84000000000104,37.84000000000126,123,12.451437689536377
37.85000000000104,37.85000000000123,123,12.452679835587205
37.86000000000104,37.86000000000121,123,12.453921547083937
37.870000000001035,37.87000000000124,123,12.455162824498075
37.88000000000103,37.88000000000123,123,12.456403657916823
37.89000000000103,37.89000000000125,123,12.457644011995967
37.90000000000103,37.900000000001235,123,12.458883933481431
37.91000000000103,37.910000000001205,123,12.460123422851098
37.920000000001025,37.92000000000125,123,12.46136248058447
37.93000000000102,37.930000000001215,123,12.462601107162598
37.94000000000102,37.940000000001255,123,12.46383930306827
37.95000000000102,37.950000000001225,123,12.465077068785845
37.96000000000102,37.960000000001216,123,12.46631440480138
37.970000000001015,37.97000000000125,123,12.467551311602534
37.98000000000101,37.98000000000121,123,12.468787789678615
37.99000000000101,37.99000000000119,123,12.470023839520735
38.00000000000101,38.00000000000117,123,12.471259461621543
38.01000000000101,38.01000000000123,123,12.472494656475419
38.020000000001005,38.0200000000012,123,12.473729424578451
38.030000000001,38.03000000000117,123,12.474963766428388
38.040000000001,38.040000000001235,123,12.476197682524727
38.050000000001,38.0500000000012,123,12.4774311733687
38.060000000001,38.06000000000117,123,12.478664239463157
38.070000000000995,38.07000000000123,123,12.479896881312811
38.08000000000099,38.0800000000012,123,12.481129099424038
38.09000000000099,38.09000000000117,123,12.482360894304918
38.10000000000099,38.10000000000122,123,12.483592266465422
38.11000000000099,38.11000000000119,123,12.484823216417183
38.120000000000985,38.12000000000118,123,12.486053744673512
38.13000000000098,38.13000000000114,123,12.487283851749709
38.14000000000098,38.14000000000119,123,12.488513538162735
38.15000000000098,38.15000000000118,123,12.489742804431316
38.16000000000098,38.16000000000113,123,12.490971651076038
38.170000000000975,38.17000000000119,123,12.492200078619248
38.18000000000097,38.18000000000117,123,12.493428087585158
38.19000000000097,38.190000000001135,123,12.494655678499754
38.20000000000097,38.20000000000118,123,12.495882851890855
38.21000000000097,38.21000000000116,123,12.497109558634719
38.220000000000965,38.220000000001136,123,12.49833584265339
38.23000000000096,38.2300000000012,123,12.499561710807484
38.24000000000096,38.24000000000116,123,12.500787163632154
38.25000000000096,38.25000000000113,123,12.502012201664513
38.26000000000096,38.260000000001185,123,12.503236825443537
38.270000000000955,38.270000000001154,123,12.504461035510076
38.28000000000095,38.280000000001145,123,12.505684832406828
38.29000000000095,38.29000000000118,123,12.506908216678468
38.30000000000095,38.300000000001155,123,12.508131188871502
38.31000000000095,38.31000000000114,123,12.509353345633514
38.320000000000945,38.32000000000118,123,12.510570341642108
38.33000000000094,38.33000000000116,123,12.511786905757532
38.34000000000094,38.34000000000114,123,12.513003038451075
38.35000000000094,38.3500000000011,123,12.51421874019556
38.36000000000094,38.36000000000115,123,12.515434011465487
38.370000000000935,38.37000000000113,123,12.516648852736878
38.38000000000093,38.3800000000011,123,12.517863264487389
38.39000000000093,38.39000000000115,123,12.519077247196265
38.40000000000093,38.400000000001135,123,12.520290801344302
38.41000000000093,38.4100000000011,123,12.521504762829423
38.420000000000925,38.420000000001174,123,12.522718721786063
38.43000000000092,38.430000000001115,123,12.523932257204649
38.44000000000092,38.44000000000117,123,12.525145369587591
38.45000000000092,38.45000000000112,123,12.526358059438977
38.46000000000092,38.46000000000108,123,12.52757032726457
38.470000000000915,38.47000000000113,123,12.528782173571955
38.48000000000091,38.48000000000112,123,12.529993598870362
38.49000000000091,38.490000000001146,123,12.53120460367083
38.50000000000091,38.5000000000011,123,12.532415188486112
38.51000000000091,38.510000000001064,123,12.533625353830786
38.520000000000906,38.52000000000111,123,12.534835100221116
38.5300000000009,38.53000000000108,123,12.536044393366254
38.5400000000009,38.540000000001136,123,12.537253248271469
38.5500000000009,38.55000000000109,123,12.53846168584613
38.5600000000009,38.56000000000114,123,12.539669706613722
38.570000000000896,38.5700000000011,123,12.540877311099507
38.580000000000894,38.58000000000106,123,12.542084499830523
38.59000000000089,38.59000000000111,123,12.543291273335726
38.60000000000089,38.60000000000109,123,12.544497632145791
38.61000000000089,38.610000000001136,123,12.54570357679333
38.620000000000886,38.620000000001085,123,12.546909107812695
38.630000000000884,38.63000000000104,123,12.548114225740193
38.64000000000088,38.640000000001095,123,12.549318931113945
38.65000000000088,38.65000000000108,123,12.55052322447392
38.66000000000088,38.66000000000112,123,12.551727106361994
38.670000000000876,38.67000000000108,123,12.552930577321902
38.680000000000874,38.68000000000103,123,12.554133637899255
38.69000000000087,38.69000000000108,123,12.555336288641655
38.70000000000087,38.70000000000104,123,12.556538530098464
38.71000000000087,38.71000000000111,123,12.557740362821121
38.720000000000866,38.720000000001065,123,12.558941787362784
38.730000000000864,38.730000000001105,123,12.56014280427874
38.74000000000086,38.74000000000106,123,12.5613434141261
38.75000000000086,38.75000000000102,123,12.562543617463902
38.76000000000086,38.76000000000108,123,12.56374341485322
38.770000000000856,38.77000000000105,123,12.564942806857019
38.780000000000854,38.7800000000011,123,12.566141794040234
38.79000000000085,38.790000000001044,123,12.567338622883028
38.80000000000085,38.80000000000105,123,12.568531308765486
38.81000000000085,38.8100000000011,123,12.569723568969138
38.820000000000846,38.820000000001045,123,12.57091540397984
38.830000000000844,38.83000000000099,123,12.572106814285178
38.84000000000084,38.84000000000105,123,12.573297800374348
38.85000000000084,38.850000000000996,123,12.574488338439707
38.86000000000084,38.860000000001044,123,12.575678423286362
38.870000000000836,38.87000000000099,123,12.5768680854584
38.880000000000834,38.88000000000104,123,12.578057325451553
38.89000000000083,38.89000000000099,123,12.579246143763314
38.90000000000083,38.900000000001036,123,12.580434540892838
38.91000000000083,38.91000000000099,123,12.581622517340875
38.920000000000826,38.92000000000104,123,12.582810073610005
38.930000000000824,38.93000000000099,123,12.583997210204402
38.94000000000082,38.94000000000104,123,12.585183927629998
38.95000000000082,38.95000000000099,123,12.58637022639438
38.96000000000082,38.96000000000104,123,12.587556107006876
38.970000000000816,38.97000000000101,123,12.588741569978623
38.980000000000814,38.980000000001034,123,12.589926615822336
38.99000000000081,38.99000000000101,123,12.591111245052602
39.00000000000081,39.00000000000101,123,12.592295458185674
39.01000000000081,39.01000000000101,123,12.593479255739567
39.020000000000806,39.02000000000101,123,12.594662638234112
39.030000000000804,39.03000000000101,123,12.595845606190807
39.0400000000008,39.04000000000101,123,12.597028160133021
39.0500000000008,39.050000000001006,123,12.598210300585848
39.0600000000008,39.06000000000099,123,12.599392028076124
39.070000000000796,39.070000000000995,123,12.600573343132595
39.080000000000794,39.08000000000099,123,12.601754246285722
39.09000000000079,39.090000000000984,123,12.60293474399937
39.10000000000079,39.10000000000099,123,12.604116286771955
39.11000000000079,39.11000000000098,123,12.605297423369919
39.120000000000786,39.12000000000098,123,12.606478154348792
39.130000000000784,39.130000000000976,123,12.607658480266025
39.14000000000078,39.140000000000974,123,12.608838401680913
39.15000000000078,39.15000000000097,123,12.610017919154785
39.16000000000078,39.16000000000098,123,12.61119703325086
39.170000000000776,39.170000000000975,123,12.612375729370015
39.180000000000774,39.18000000000097,123,12.613553984656534
39.19000000000077,39.19000000000097,123,12.614731838330059
39.20000000000077,39.20000000000097,123,12.61590929096161
39.21000000000077,39.21000000000097,123,12.617086343124328
39.220000000000766,39.22000000000097,123,12.618262995393167
39.230000000000764,39.23000000000097,123,12.619439248345188
39.24000000000076,39.240000000000954,123,12.620615102559384
39.25000000000076,39.25000000000097,123,12.621790558616809
39.26000000000076,39.26000000000095,123,12.622965617100533
39.270000000000756,39.270000000000955,123,12.624139625342295
39.280000000000754,39.28000000000095,123,12.625308049608734
39.29000000000075,39.290000000000944,123,12.626476054378927
39.30000000000075,39.30000000000094,123,12.627643640153181
39.31000000000075,39.31000000000094,123,12.628810807433567
39.320000000000746,39.32000000000094,123,12.629977556723674
39.330000000000744,39.330000000000936,123,12.631143888528925
39.34000000000074,39.34000000000094,123,12.632309803356407
39.35000000000074,39.35000000000093,123,12.633475301714896
39.36000000000074,39.36000000000094,123,12.634640384114874
39.370000000000736,39.370000000000935,123,12.635805051068516
39.380000000000734,39.38000000000093,123,12.636969303089742
39.39000000000073,39.39000000000093,123,12.638133140694222
39.40000000000073,39.40000000000094,123,12.63929656439936
39.41000000000073,39.410000000000935,123,12.640459574724261
39.42000000000073,39.42000000000093,123,12.641622172189841
39.430000000000724,39.43000000000093,123,12.64278435731866
39.44000000000072,39.4400000000009,123,12.643946130635157
39.45000000000072,39.450000000000905,123,12.645107492665502
39.46000000000072,39.4600000000009,123,12.6462684439376
39.47000000000072,39.47000000000091,123,12.647428984981175
39.480000000000715,39.480000000000906,123,12.648589116327742
39.49000000000071,39.490000000000904,123,12.649748829136797
39.50000000000071,39.5000000000009,123,12.650908089801646
39.51000000000071,39.5100000000009,123,12.652066942438154
39.52000000000071,39.5200000000009,123,12.653225387584982
39.530000000000705,39.530000000000896,123,12.654383425782655
39.5400000000007,39.5400000000009,123,12.655541057573515
39.5500000000007,39.5500000000009,123,12.656698283501768
39.5600000000007,39.5600000000009,123,12.657855104113409
39.5700000000007,39.570000000000896,123,12.659011519956294
39.580000000000695,39.580000000000894,123,12.660167531580186
39.59000000000069,39.5900000000009,123,12.66132313953662
39.60000000000069,39.6000000000009,123,12.66247834437904
39.61000000000069,39.610000000000895,123,12.663633146662747
39.62000000000069,39.62000000000089,123,12.664787546944908
39.630000000000685,39.6300000000009,123,12.665941545784605
39.64000000000068,39.640000000000896,123,12.667095143742813
39.65000000000068,39.650000000000865,123,12.668248341382338
39.66000000000068,39.66000000000089,123,12.669401139267961
39.67000000000068,39.67000000000087,123,12.670553537966313
39.680000000000675,39.68000000000087,123,12.671705538045998
39.69000000000067,39.690000000000865,123,12.672858237820975
39.70000000000067,39.70000000000086,123,12.674011088505367
39.71000000000067,39.71000000000086,123,12.675163546911591
39.72000000000067,39.720000000000866,123,12.676315613636177
39.730000000000665,39.730000000000864,123,12.677467289277814
39.74000000000066,39.74000000000086,123,12.678618574437195
39.75000000000066,39.75000000000086,123,12.679769469717087
39.76000000000066,39.76000000000086,123,12.680917215221768
39.77000000000066,39.77000000000086,123,12.682061111347366
39.780000000000655,39.780000000000854,123,12.683204594498804
39.79000000000065,39.79000000000086,123,12.684347665192178
39.80000000000065,39.80000000000084,123,12.685490323945373
39.81000000000065,39.81000000000086,123,12.68663256317437
39.82000000000065,39.82000000000083,123,12.68777434751506
39.830000000000645,39.830000000000844,123,12.688915721542713
39.84000000000064,39.840000000000856,123,12.690056685782224
39.85000000000064,39.85000000000083,123,12.691197240760062
39.86000000000064,39.860000000000845,123,12.6923373870046
39.87000000000064,39.87000000000085,123,12.693477125045845
39.880000000000635,39.88000000000083,123,12.694616455415684
39.89000000000063,39.89000000000085,123,12.695755378647718
39.90000000000063,39.90000000000085,123,12.696893895277327
39.91000000000063,39.91000000000082,123,12.698032005841739
39.92000000000063,39.920000000000854,123,12.699169710879943
39.930000000000625,39.93000000000081,123,12.700307010932676
39.94000000000062,39.94000000000082,123,12.701443906542593
39.95000000000062,39.9500000000008,123,12.702580398254028
39.96000000000062,39.96000000000082,123,12.703716486613288
39.97000000000062,39.97000000000082,123,12.704852172168401
39.980000000000615,39.98000000000079,123,12.705987455469227
39.99000000000061,39.99000000000082,123,12.707122337067545
40.00000000000061,40.00000000000082,123,12.708256817516826
40.01000000000061,40.010000000000794,123,12.70939089737253
40.02000000000061,40.020000000000806,123,12.71052457719199
40.030000000000605,40.03000000000082,123,12.71165785753422
40.0400000000006,40.040000000000795,123,12.712790738960308
40.0500000000006,40.0500000000008,123,12.71392322203306
40.0600000000006,40.06000000000082,123,12.715055307317286
40.0700000000006,40.07000000000079,123,12.71618699537953
40.080000000000595,40.0800000000008,123,12.717318286788398
40.09000000000059,40.09000000000078,123,12.718449182114242
40.10000000000059,40.10000000000079,123,12.719579681929375
40.11000000000059,40.11000000000082,123,12.720709786808072
40.12000000000059,40.120000000000786,123,12.721839497326386
40.130000000000585,40.130000000000784,123,12.72296880532285
40.14000000000058,40.14000000000076,123,12.724097677354123
40.15000000000058,40.15000000000079,123,12.725226156827617
40.16000000000058,40.160000000000785,123,12.726354244327112
40.17000000000058,40.17000000000076,123,12.727481940438409
40.180000000000575,40.18000000000077,123,12.728609245749212
40.19000000000057,40.190000000000786,123,12.729736160849185
40.20000000000057,40.200000000000756,123,12.730862686329914
40.21000000000057,40.210000000000754,123,12.731989184276031
40.22000000000057,40.22000000000075,123,12.733116736127073
40.230000000000565,40.23000000000075,123,12.734243905158635
40.24000000000056,40.240000000000755,123,12.735370691992514
40.25000000000056,40.25000000000075,123,12.736495060004088
40.26000000000056,40.26000000000076,123,12.737614472917087
40.27000000000056,40.27000000000075,123,12.738733479342386
40.280000000000555,40.280000000000754,123,12.739852079811328
40.29000000000055,40.29000000000075,123,12.74097027485729
40.30000000000055,40.30000000000075,123,12.742088065015238
40.31000000000055,40.31000000000075,123,12.743205450821932
40.32000000000055,40.320000000000746,123,12.744322432815935
40.330000000000545,40.33000000000075,123,12.745439011537613
40.34000000000054,40.34000000000075,123,12.746555187529054
40.35000000000054,40.35000000000075,123,12.74767096133418
40.36000000000054,40.360000000000746,123,12.7487863334987
40.37000000000054,40.37000000000075,123,12.74990130457013
40.380000000000535,40.38000000000074,123,12.751015875097707
40.39000000000053,40.39000000000075,123,12.752130045632683
40.40000000000053,40.400000000000745,123,12.753243816727888
40.41000000000053,40.41000000000074,123,12.754357188938144
40.42000000000053,40.42000000000075,123,12.755470162820032
40.430000000000526,40.43000000000074,123,12.756582738932025
40.44000000000052,40.440000000000744,123,12.7576949178343
40.45000000000052,40.450000000000685,123,12.758806686525872
40.46000000000052,40.46000000000074,123,12.75991802199934
40.47000000000052,40.47000000000069,123,12.761028962017576
40.480000000000516,40.480000000000736,123,12.76213950714829
40.490000000000514,40.49000000000069,123,12.763249657961012
40.50000000000051,40.50000000000069,123,12.764359415027116
40.51000000000051,40.51000000000069,123,12.765468778919939
40.52000000000051,40.520000000000685,123,12.766577750214566
40.530000000000506,40.53000000000068,123,12.767686329488072
40.540000000000504,40.54000000000068,123,12.768794517319407
40.5500000000005,40.550000000000686,123,12.769902314289354
40.5600000000005,40.560000000000684,123,12.7710097209807
40.5700000000005,40.57000000000068,123,12.772116737978038
40.580000000000496,40.58000000000068,123,12.773223365867906
40.590000000000494,40.59000000000068,123,12.774329605238776
40.60000000000049,40.6000000000007,123,12.77543545668101
40.61000000000049,40.61000000000067,123,12.7765409207869
40.62000000000049,40.62000000000072,123,12.777645998150675
40.630000000000486,40.63000000000068,123,12.778750689368493
40.640000000000484,40.640000000000654,123,12.779854995038434
40.65000000000048,40.65000000000069,123,12.78095891576055
40.66000000000048,40.66000000000068,123,12.782062452136813
40.67000000000048,40.670000000000705,123,12.783165604771128
40.680000000000476,40.680000000000675,123,12.784268705515544
40.690000000000474,40.69000000000065,123,12.78537303541988
40.70000000000047,40.7000000000007,123,12.786476988731863
40.71000000000047,40.710000000000676,123,12.787580566087243
40.72000000000047,40.72000000000063,123,12.788683768123946
40.730000000000466,40.73000000000067,123,12.789786595481985
40.740000000000464,40.740000000000656,123,12.790889048803436
40.75000000000046,40.750000000000696,123,12.79198626541448
40.76000000000046,40.76000000000065,123,12.79308093322176
40.77000000000046,40.77000000000063,123,12.79417517745459
40.780000000000456,40.78000000000068,123,12.795268996641624
40.790000000000454,40.79000000000064,123,12.7963624173492
40.80000000000045,40.80000000000062,123,12.797455440128815
40.81000000000045,40.81000000000065,123,12.798548065533794
40.82000000000045,40.82000000000063,123,12.799640294119186
40.830000000000446,40.83000000000067,123,12.800732126441943
40.840000000000444,40.84000000000064,123,12.801823563060722
40.85000000000044,40.85000000000062,123,12.802914604536085
40.86000000000044,40.86000000000065,123,12.804005251430354
40.87000000000044,40.87000000000064,123,12.805095504307658
40.880000000000436,40.88000000000066,123,12.806185363733988
40.890000000000434,40.89000000000064,123,12.807274830277137
40.90000000000043,40.90000000000061,123,12.808363904506777
40.91000000000043,40.91000000000066,123,12.809452586994325
40.92000000000043,40.92000000000063,123,12.810540878313162
40.930000000000426,40.9300000000006,123,12.8116287790384
40.940000000000424,40.94000000000064,123,12.812716289747073
40.95000000000042,40.95000000000062,123,12.813803411018057
40.96000000000042,40.96000000000058,123,12.814890143432066
40.97000000000042,40.970000000000624,123,12.815976487571717
40.980000000000416,40.98000000000061,123,12.817062444021445
40.990000000000414,40.99000000000064,123,12.818148013367562
41.00000000000041,41.000000000000576,123,12.819233196198283
41.01000000000041,41.010000000000645,123,12.820317993103743
41.02000000000041,41.02000000000061,123,12.821402404675823
41.030000000000406,41.030000000000584,123,12.822486431508423
41.040000000000404,41.04000000000064,123,12.823570074197278
41.0500000000004,41.0500000000006,123,12.824653333340024
41.0600000000004,41.060000000000585,123,12.825736209536203
41.0700000000004,41.07000000000055,123,12.826818703387204
41.080000000000396,41.080000000000595,123,12.82790081549642
41.090000000000394,41.090000000000586,123,12.828982510763822
41.10000000000039,41.10000000000054,123,12.830063811900814
41.11000000000039,41.110000000000596,123,12.831146205000707
41.12000000000039,41.12000000000058,123,12.83222881225926
41.130000000000386,41.13000000000055,123,12.833311046450376
41.140000000000384,41.1400000000006,123,12.83439290821427
41.15000000000038,41.15000000000057,123,12.8354743981931
41.16000000000038,41.16000000000055,123,12.836555517031186
41.17000000000038,41.1700000000006,123,12.837636265374911
41.180000000000376,41.18000000000057,123,12.838716643872644
41.190000000000374,41.190000000000545,123,12.839796653174915
41.20000000000037,41.20000000000061,123,12.840876293934244
41.21000000000037,41.21000000000056,123,12.841955566805296
41.22000000000037,41.22000000000054,123,12.84303447244477
41.230000000000366,41.2300000000006,123,12.844113011511482
41.240000000000364,41.24000000000056,123,12.845191184666277
41.25000000000036,41.25000000000054,123,12.846264622060673
41.26000000000036,41.26000000000059,123,12.847334585595021
41.27000000000036,41.270000000000564,123,12.848404156277752
41.280000000000356,41.280000000000555,123,12.849473334672211
41.290000000000354,41.29000000000059,123,12.850542121343508
41.30000000000035,41.300000000000566,123,12.851610516858472
41.31000000000035,41.31000000000055,123,12.852678521785876
41.32000000000035,41.32000000000058,123,12.853746136696216
41.33000000000035,41.33000000000056,123,12.854813362161721
41.340000000000344,41.34000000000055,123,12.855880198756509
41.35000000000034,41.350000000000506,123,12.856946647056446
41.36000000000034,41.36000000000056,123,12.85801270763929
41.37000000000034,41.37000000000052,123,12.859078381084515
41.38000000000034,41.38000000000051,123,12.86014366797346
41.390000000000335,41.390000000000555,123,12.86120856888931
41.40000000000033,41.40000000000053,123,12.862273079103545
41.41000000000033,41.410000000000494,123,12.863337161282217
41.42000000000033,41.42000000000054,123,12.864400859310123
41.43000000000033,41.430000000000504,123,12.86546417377778
41.440000000000325,41.44000000000058,123,12.86652710527747
41.45000000000032,41.45000000000053,123,12.867589654403233
41.46000000000032,41.46000000000047,123,12.8686518217511
41.47000000000032,41.470000000000525,123,12.869713607918868
41.48000000000032,41.48000000000048,123,12.870775013506119
41.490000000000315,41.49000000000055,123,12.87183671112011
41.50000000000031,41.50000000000051,123,12.872899520670131
41.51000000000031,41.51000000000055,123,12.873961957148197
41.52000000000031,41.520000000000515,123,12.875024021187542
41.53000000000031,41.53000000000047,123,12.876085713423322
41.540000000000305,41.540000000000525,123,12.877147034492666
41.5500000000003,41.55000000000049,123,12.878207985034692
41.5600000000003,41.56000000000054,123,12.87926856569058
41.5700000000003,41.57000000000049,123,12.880328777103472
41.5800000000003,41.58000000000045,123,12.88138861991851
41.590000000000295,41.5900000000005,123,12.882448094782816
41.60000000000029,41.60000000000049,123,12.883507202345541
41.61000000000029,41.61000000000054,123,12.884565943257883
41.62000000000029,41.62000000000049,123,12.885624318172958
41.63000000000029,41.63000000000044,123,12.886682327745959
41.640000000000285,41.64000000000049,123,12.887739972634122
41.65000000000028,41.65000000000045,123,12.888797253496605
41.66000000000028,41.6600000000005,123,12.889854170994624
41.67000000000028,41.67000000000048,123,12.890910725791457
41.68000000000028,41.68000000000051,123,12.8919669185523
41.690000000000275,41.690000000000474,123,12.893022749944464
41.70000000000027,41.70000000000043,123,12.894078220637198
41.71000000000027,41.710000000000484,123,12.895133331301864
41.72000000000027,41.72000000000046,123,12.8961880521055
41.73000000000027,41.73000000000051,123,12.897242396656694
41.740000000000265,41.74000000000046,123,12.89829638326718
41.75000000000026,41.75000000000051,123,12.899350012616281
41.76000000000026,41.76000000000047,123,12.90039554832542
41.77000000000026,41.77000000000043,123,12.901440501783696
41.78000000000026,41.78000000000049,123,12.902485069583392
41.790000000000255,41.79000000000046,123,12.903529252303173
41.80000000000025,41.80000000000045,123,12.90457305052351
41.81000000000025,41.81000000000041,123,12.905616464826608
41.82000000000025,41.820000000000455,123,12.906659495796461
41.83000000000025,41.830000000000396,123,12.90770214401877
41.840000000000245,41.840000000000444,123,12.908745908614577
41.85000000000024,41.8500000000004,123,12.909790040680647
41.86000000000024,41.86000000000045,123,12.910833797531893
41.87000000000024,41.870000000000395,123,12.91187717978768
41.88000000000024,41.88000000000045,123,12.912920188069279
41.890000000000235,41.8900000000004,123,12.913962822999878
41.90000000000023,41.900000000000446,123,12.91500508520447
41.91000000000023,41.9100000000004,123,12.916046975310124
41.92000000000023,41.92000000000045,123,12.917088493945727
41.93000000000023,41.93000000000039,123,12.918129641742098
41.940000000000225,41.940000000000445,123,12.91917041933199
41.95000000000022,41.95000000000042,123,12.920210827350033
41.96000000000022,41.96000000000047,123,12.921250866432842
41.97000000000022,41.97000000000042,123,12.92229053721887
41.98000000000022,41.980000000000445,123,12.923329840348558
41.990000000000215,41.990000000000414,123,12.924368776464249
42.00000000000021,42.00000000000042,123,12.925407346210179
42.01000000000021,42.01000000000042,123,12.9264455502326
42.02000000000021,42.02000000000041,123,12.927483389179542
42.03000000000021,42.03000000000041,123,12.928520853067226
42.040000000000205,42.040000000000404,123,12.929557916506425
42.0500000000002,42.05000000000039,123,12.930594616887447
42.0600000000002,42.0600000000004,123,12.931630954866122
42.0700000000002,42.0700000000004,123,12.932666931100158
42.0800000000002,42.08000000000039,123,12.933702546249194
42.090000000000195,42.09000000000038,123,12.934737800974816
42.10000000000019,42.1000000000004,123,12.935772695940486
42.11000000000019,42.11000000000038,123,12.9368072318116
42.12000000000019,42.12000000000038,123,12.937841409255498
42.13000000000019,42.130000000000386,123,12.938875228941413
42.140000000000185,42.14000000000038,123,12.939908691540523
42.15000000000018,42.150000000000375,123,12.940941797725898
42.16000000000018,42.16000000000038,123,12.94197616259585
42.17000000000018,42.17000000000038,123,12.9430110884839
42.18000000000018,42.18000000000038,123,12.94404566688904
42.190000000000175,42.19000000000038,123,12.945079898524781
42.20000000000017,42.20000000000037,123,12.946113784106686
42.21000000000017,42.21000000000038,123,12.947147324352414
42.22000000000017,42.22000000000037,123,12.948180519981676
42.23000000000017,42.23000000000036,123,12.949213371716326
42.240000000000165,42.24000000000036,123,12.950245880280164
42.25000000000016,42.25000000000036,123,12.951278046399125
42.26000000000016,42.26000000000035,123,12.952309870801201
42.27000000000016,42.270000000000344,123,12.95333402095173
42.28000000000016,42.28000000000036,123,12.954356475824952
42.290000000000155,42.29000000000035,123,12.955378558010068
42.30000000000015,42.300000000000345,123,12.956400268126316
42.31000000000015,42.31000000000035,123,12.957421606794739
42.32000000000015,42.32000000000034,123,12.95844257463817
42.33000000000015,42.33000000000034,123,12.959463172281303
42.340000000000146,42.340000000000344,123,12.960483399311215
42.35000000000014,42.35000000000034,123,12.961503211904514
42.36000000000014,42.36000000000035,123,12.962522656243962
42.37000000000014,42.370000000000346,123,12.963541732961545
42.38000000000014,42.38000000000034,123,12.964560442690996
42.390000000000136,42.39000000000034,123,12.965578786067908
42.400000000000134,42.40000000000031,123,12.966596763729669
42.41000000000013,42.410000000000316,123,12.967614376315481
42.42000000000013,42.42000000000034,123,12.968631624466369
42.43000000000013,42.43000000000031,123,12.969648508825145
42.440000000000126,42.44000000000032,123,12.970665030036486
42.450000000000124,42.45000000000031,123,12.971681525452368
42.46000000000012,42.460000000000306,123,12.972699905156674
42.47000000000012,42.47000000000031,123,12.973717930474677
42.48000000000012,42.48000000000031,123,12.97473560209066
42.490000000000116,42.490000000000315,123,12.975752920690894
42.500000000000114,42.500000000000306,123,12.976769886963595
42.51000000000011,42.5100000000003,123,12.977786501598985
42.52000000000011,42.52000000000031,123,12.978802765289188
42.53000000000011,42.53000000000031,123,12.979818678728307
42.540000000000106,42.54000000000031,123,12.980834242612445
42.550000000000104,42.5500000000003,123,12.981849457639612
42.5600000000001,42.5600000000003,123,12.98286432450979
42.5700000000001,42.570000000000306,123,12.983878843924927
42.5800000000001,42.580000000000304,123,12.984893016588813
42.590000000000096,42.5900000000003,123,12.985906843207331
42.600000000000094,42.60000000000031,123,12.986920324488153
42.61000000000009,42.6100000000003,123,12.987933461141026
42.62000000000009,42.620000000000296,123,12.988946253877486
42.63000000000009,42.63000000000027,123,12.989958703411077
42.640000000000086,42.6400000000003,123,12.990970810457227
42.650000000000084,42.650000000000276,123,12.991982575733289
42.66000000000008,42.660000000000274,123,12.992993956287805
42.67000000000008,42.67000000000028,123,12.994004994095661
42.68000000000008,42.68000000000027,123,12.995015692357825
42.690000000000076,42.69000000000027,123,12.996026051799149
42.700000000000074,42.70000000000027,123,12.997036073146461
42.71000000000007,42.71000000000027,123,12.99804575712848
42.72000000000007,42.72000000000026,123,12.999056082778736
42.73000000000007,42.73000000000027,123,13.000067964005524
42.740000000000066,42.740000000000265,123,13.00107951808721
42.750000000000064,42.75000000000027,123,13.00209074579925
42.76000000000006,42.76000000000024,123,13.003101647919138
42.77000000000006,42.770000000000266,123,13.004112225226379
42.78000000000006,42.78000000000027,123,13.005120714036096
42.790000000000056,42.790000000000234,123,13.006121168980243
42.800000000000054,42.80000000000025,123,13.007121265294487
42.81000000000005,42.810000000000265,123,13.008121003641094
42.82000000000005,42.820000000000235,123,13.00912038468411
42.83000000000005,42.83000000000025,123,13.010119409089441
42.840000000000046,42.84000000000026,123,13.011118077524785
42.850000000000044,42.85000000000024,123,13.012116390659727
42.86000000000004,42.86000000000025,123,13.013114349165619
42.87000000000004,42.87000000000026,123,13.014111953715641
42.88000000000004,42.88000000000024,123,13.01510920498481
42.890000000000036,42.89000000000026,123,13.01610610364996
42.900000000000034,42.900000000000226,123,13.017102650389631
42.91000000000003,42.91000000000023,123,13.018098845884296
42.92000000000003,42.92000000000026,123,13.019094690816146
42.93000000000003,42.93000000000023,123,13.020090185869137
42.940000000000026,42.94000000000023,123,13.021085331729083
42.950000000000024,42.9500000000002,123,13.022080129083506
42.96000000000002,42.960000000000235,123,13.023074575928746
42.97000000000002,42.970000000000226,123,13.024068683186798
42.98000000000002,42.9800000000002,123,13.025065290922441
42.990000000000016,42.99000000000021,123,13.026061560790396
43.000000000000014,43.00000000000023,123,13.027057493525206
43.01000000000001,43.010000000000204,123,13.028053089863391
43.02000000000001,43.02000000000021,123,13.02904835054342
43.03000000000001,43.03000000000022,123,13.030043276305605
43.040000000000006,43.0400000000002,123,13.031037867892309
43.050000000000004,43.05000000000022,123,13.032032126047653
43.06,43.06000000000018,123,13.033026051517751
43.07,43.0700000000002,123,13.034019645050606
43.08,43.08000000000017,123,13.035012907396109
43.089999999999996,43.09000000000018,123,13.036005839305943
43.099999999999994,43.10000000000019,123,13.036998441533783
43.10999999999999,43.11000000000017,123,13.037990714835018
43.11999999999999,43.120000000000196,123,13.038982659967033
43.12999999999999,43.130000000000194,123,13.039974277688884
43.139999999999986,43.14000000000017,123,13.040965568761592
43.149999999999984,43.15000000000018,123,13.041956533947882
43.15999999999998,43.16000000000019,123,13.04294717401234
43.16999999999998,43.170000000000165,123,13.043937489721316
43.17999999999998,43.18000000000018,123,13.044927481842919
43.189999999999976,43.19000000000018,123,13.045917151147066
43.199999999999974,43.200000000000166,123,13.046906498405292
43.20999999999997,43.21000000000016,123,13.047898674344225
43.21999999999997,43.22000000000016,123,13.048890573015868
43.22999999999997,43.23000000000016,123,13.049882161079424
43.23999999999997,43.24000000000016,123,13.050873439359322
43.249999999999964,43.25000000000016,123,13.051864408681865
43.25999999999996,43.260000000000154,123,13.052855069875363
43.26999999999996,43.27000000000016,123,13.05384540325025
43.27999999999996,43.28000000000016,123,13.05483540552919
43.28999999999996,43.290000000000155,123,13.05582510223553
43.299999999999955,43.30000000000016,123,13.056814494205014
43.30999999999995,43.31000000000015,123,13.057793437171838
43.31999999999995,43.32000000000016,123,13.05877180965085
43.32999999999995,43.330000000000155,123,13.05974984015343
43.33999999999995,43.34000000000015,123,13.060727529389084
43.349999999999945,43.35000000000016,123,13.061704878069065
43.35999999999994,43.360000000000156,123,13.062681886906304
43.36999999999994,43.37000000000015,123,13.06365855661555
43.37999999999994,43.38000000000015,123,13.064634887913101
43.38999999999994,43.39000000000015,123,13.065610881517003
43.399999999999935,43.40000000000015,123,13.066586538146993
43.40999999999993,43.41000000000015,123,13.067561858524485
43.41999999999993,43.420000000000144,123,13.06853813673068
43.42999999999993,43.4300000000001,123,13.069515978996336
43.43999999999993,43.44000000000015,123,13.070493495922335
43.449999999999925,43.450000000000095,123,13.071470688280513
43.45999999999992,43.46000000000015,123,13.072447556844551
43.46999999999992,43.4700000000001,123,13.073424102389865
43.47999999999992,43.480000000000096,123,13.074400325693759
43.48999999999992,43.490000000000094,123,13.075376227535315
43.499999999999915,43.5000000000001,123,13.076351808695392
43.50999999999991,43.51000000000009,123,13.077327069956596
43.51999999999991,43.52000000000009,123,13.07830201210335
43.52999999999991,43.53000000000009,123,13.079276635921701
43.53999999999991,43.54000000000009,123,13.080250942199541
43.549999999999905,43.55000000000008,123,13.08122493172634
43.5599999999999,43.56000000000009,123,13.082198605293385
43.5699999999999,43.570000000000086,123,13.083171963693474
43.5799999999999,43.58000000000009,123,13.084144963532538
43.5899999999999,43.59000000000009,123,13.085117649650897
43.599999999999895,43.60000000000009,123,13.086090023051511
43.60999999999989,43.61000000000011,123,13.087062084533756
43.61999999999989,43.62000000000008,123,13.088034479863808
43.62999999999989,43.63000000000006,123,13.089009399147201
43.63999999999989,43.64000000000009,123,13.089984018966646
43.649999999999885,43.650000000000084,123,13.090958340179569
43.65999999999988,43.6600000000001,123,13.09193236364517
43.66999999999988,43.67000000000008,123,13.092906090224346
43.67999999999988,43.680000000000064,123,13.093879520779737
43.68999999999988,43.69000000000011,123,13.09485265617569
43.699999999999875,43.700000000000074,123,13.095825497278184
43.70999999999987,43.7100000000001,123,13.096798044954852
43.71999999999987,43.720000000000084,123,13.097770300074956
43.72999999999987,43.73000000000007,123,13.09874226350928
43.73999999999987,43.74000000000003,123,13.099713936130286
43.749999999999865,43.75000000000007,123,13.100685318811841
43.75999999999986,43.76000000000004,123,13.101656412429364
43.76999999999986,43.77000000000009,123,13.102627217859762
43.77999999999986,43.78000000000005,123,13.103597735981324
43.78999999999986,43.79000000000003,123,13.104567967673773
43.799999999999855,43.80000000000006,123,13.105537913818196
43.80999999999985,43.81000000000004,123,13.106511118344685
43.81999999999985,43.82000000000008,123,13.107484285345464
43.82999999999985,43.83000000000005,123,13.107835025811141
43.83999999999985,43.840000000000025,123,13.10574759811017
43.849999999999845,43.85000000000006,123,13.10365760547569
43.85999999999984,43.86000000000004,123,13.101565039977515
43.86999999999984,43.87000000000007,123,13.099469893672463
43.87999999999984,43.880000000000045,123,13.097372158604372
43.88999999999984,43.89000000000002,123,13.095271826804662
43.899999999999835,43.90000000000007,123,13.093168890291835
43.90999999999983,43.91000000000003,123,13.091063322216144
43.91999999999983,43.92,123,13.088955127210028
43.92999999999983,43.93000000000004,123,13.086844303490196
43.93999999999983,43.940000000000026,123,13.084730843027131
43.949999999999825,43.94999999999999,123,13.082614737779835
43.95999999999982,43.96000000000003,123,13.080495979696067
43.96999999999982,43.97000000000001,123,13.07837456071239
43.97999999999982,43.98000000000005,123,13.076250472754495
43.98999999999982,43.99000000000001,123,13.074123707737087
43.999999999999815,43.999999999999986,123,13.07199425756464
44.00999999999981,44.01000000000005,123,13.069862114131382
44.01999999999981,44.02,123,13.06772726932114
44.02999999999981,44.02999999999999,123,13.065589715008343
44.03999999999981,44.040000000000035,123,13.063449443057578
44.049999999999805,44.05000000000001,123,13.06130644532405
44.0599999999998,44.059999999999995,123,13.059160713654009
44.0699999999998,44.07000000000003,123,13.05701408335645
44.0799999999998,44.080000000000005,123,13.05486531800507
44.0899999999998,44.089999999999996,123,13.052713802668151
44.099999999999795,44.09999999999996,123,13.05055952920577
44.10999999999979,44.11000000000001,123,13.048402489470334
44.11999999999979,44.11999999999999,123,13.046242675307184
44.12999999999979,44.12999999999995,123,13.044080078554401
44.13999999999979,44.14,123,13.041914691043772
44.149999999999785,44.14999999999998,123,13.039746504600274
44.15999999999978,44.15999999999995,123,13.037575511043002
44.16999999999978,44.17,123,13.035401702185169
44.17999999999978,44.17999999999998,123,13.033225069834288
44.18999999999978,44.18999999999995,123,13.031045605792826
44.199999999999775,44.199999999999996,123,13.028907971125818
44.20999999999977,44.20999999999997,123,13.026793829465646
44.21999999999977,44.21999999999996,123,13.02467885461536
44.22999999999977,44.23,123,13.022563045889314
44.23999999999977,44.239999999999974,123,13.020446402600612
44.249999999999766,44.24999999999996,123,13.018328924060981
44.25000000000005,44.25000000000025,123,13.018328924060953
44.25,44.25000000000018,123,13.018328924060938
44.251,44.25100000000021,123,13.018117130241606
44.251999999999995,44.252000000000166,123,13.017905328062227
44.25299999999999,44.2530000000002,123,13.017693517522034
44.25399999999999,44.254000000000175,123,13.017481698620358
44.25499999999999,44.2550000000002,123,13.017269871356518
44.255999999999986,44.256000000000164,123,13.017058035729889
44.256999999999984,44.25700000000019,123,13.016846191739617
44.25799999999998,44.25800000000015,123,13.016634339385163
44.25899999999998,44.259000000000185,123,13.016422478665774
44.25999999999998,44.26000000000016,123,13.016210609580739
44.260999999999974,44.26100000000019,123,13.015998732129418
44.26199999999997,44.26200000000014,123,13.015786846311073
44.26299999999997,44.263000000000176,123,13.015574952125021
44.26399999999997,44.26400000000014,123,13.015363049570638
44.264999999999965,44.26500000000017,123,13.015151138647099
44.26599999999996,44.266000000000126,123,13.014939219353849
44.26699999999996,44.26700000000017,123,13.014727291690093
44.26799999999996,44.26800000000013,123,13.014515355655178
44.268999999999956,44.26900000000016,123,13.014303411248434
44.26999999999995,44.270000000000124,123,13.014091458469139
44.27099999999995,44.27100000000016,123,13.013879497316609
44.27199999999995,44.27200000000011,123,13.013667527790162
44.272999999999946,44.27300000000015,123,13.013455549889102
44.273999999999944,44.274000000000115,123,13.013243563612718
44.27499999999994,44.27500000000015,123,13.013031568960372
44.27599999999994,44.27600000000011,123,13.012819565931224
44.27699999999994,44.277000000000136,123,13.012607554524763
44.277999999999935,44.2780000000001,123,13.01239553474015
44.27899999999993,44.27900000000014,123,13.012183506576832
44.27999999999993,44.2800000000001,123,13.01197147003397
44.28099999999993,44.281000000000134,123,13.011759425110938
44.281999999999925,44.28200000000017,123,13.011547371807055
44.28299999999992,44.28300000000012,123,13.011335310121623
44.28399999999992,44.284000000000084,123,13.011123240053948
44.28499999999992,44.285000000000124,123,13.010911161603318
44.285999999999916,44.28600000000008,123,13.010699074769065
44.286999999999914,44.28700000000012,123,13.010486979550436
44.28799999999991,44.288000000000075,123,13.010274875946763
44.28899999999991,44.28900000000011,123,13.010062763957407
44.28999999999991,44.29000000000007,123,13.009850643581558
44.290999999999904,44.2910000000001,123,13.009638514818661
44.2919999999999,44.29200000000006,123,13.009426377667921
44.2929999999999,44.2930000000001,123,13.009214232128642
44.2939999999999,44.29400000000013,123,13.009002078200254
44.294999999999895,44.295000000000094,123,13.008789915881863
44.29599999999989,44.296000000000056,123,13.0085777451729
44.29699999999989,44.29700000000009,123,13.008365566072598
44.29799999999989,44.29800000000013,123,13.008153378580403
44.298999999999886,44.299000000000085,123,13.00794118269549
44.29999999999988,44.30000000000005,123,13.007728978417163
44.30099999999988,44.30100000000008,123,13.007516765744725
44.30199999999988,44.30200000000004,123,13.007304544677595
44.30299999999988,44.30300000000007,123,13.007092315214948
44.303999999999874,44.30400000000003,123,13.006880077356072
44.30499999999987,44.30500000000007,123,13.006667831100302
44.30599999999987,44.306000000000104,123,13.006455576447095
44.30699999999987,44.307000000000066,123,13.006243313395629
44.307999999999865,44.30800000000002,123,13.006031041945135
44.30899999999986,44.309000000000054,123,13.005818762094947
44.30999999999986,44.310000000000095,123,13.005606473844423
44.31099999999986,44.31100000000006,123,13.00539417719284
44.311999999999856,44.312000000000005,123,13.005181872139516
44.31299999999985,44.31300000000005,123,13.004969558683769
44.31399999999985,44.31400000000008,123,13.004757236824844
44.31499999999985,44.31500000000004,123,13.004544906562046
44.315999999999846,44.31600000000008,123,13.004332567894764
44.316999999999844,44.317000000000036,123,13.004120220822145
44.31799999999984,44.318000000000076,123,13.003907865343578
44.31899999999984,44.31900000000003,123,13.003695501458424
44.31999999999984,44.320000000000064,123,13.003483129165943
44.320999999999835,44.321000000000026,123,13.003270820030153
44.32199999999983,44.32200000000006,123,13.003058677593046
44.32299999999983,44.323000000000015,123,13.002846526811837
44.32399999999983,44.32399999999998,123,13.002634367685857
44.324999999999825,44.32500000000002,123,13.002422200214525
44.32599999999982,44.32600000000005,123,13.002210024397101
44.32699999999982,44.32700000000001,123,13.001997840232946
44.32799999999982,44.328000000000046,123,13.001785647721377
44.328999999999816,44.329,123,13.001573446861627
44.329999999999814,44.330000000000055,123,13.00136123765327
44.33099999999981,44.33100000000001,123,13.00114902009534
44.33199999999981,44.332000000000036,123,13.000936794187368
44.33299999999981,44.333,123,13.000724559928585
44.333999999999804,44.334000000000024,123,13.000512317318353
44.3349999999998,44.33499999999999,123,13.000300066356061
44.3359999999998,44.33600000000004,123,13.000087807040956
44.3369999999998,44.336999999999996,123,12.999875539372354
44.337999999999795,44.33800000000002,123,12.999663263349646
44.33899999999979,44.33899999999998,123,12.999450978972106
44.33999999999979,44.34000000000001,123,12.999238686239039
44.34099999999979,44.340999999999994,123,12.999026385149833
44.341999999999786,44.34200000000002,123,12.998814075703848
44.34299999999978,44.34299999999998,123,12.998601757900332
44.34399999999978,43.953333333333376,123,13.081908780242856
44.34499999999978,43.95416666666667,123,13.081732244767409
44.345999999999776,43.95500000000004,123,13.081555690846258
44.346999999999774,43.955833333333345,123,13.081379118474587
44.34799999999977,43.9566666666667,123,13.081202527647804
44.34899999999977,43.957499999999996,123,13.081025918361277
44.34999999999977,43.958333333333364,123,13.080849290610203
44.35,43.958333333333556,123,13.080849290610146
