alpha,blueOver,pushedRed,m0m,x0m,l0m
2,0,0,4.001729870849317,4.001729870849317,46.125000000000064
2.01,0,0,3.998699081277138,3.998699081277138,46.125000000000064
2.0199999999999996,0,0,3.995670893282579,3.995670893282579,46.125000000000064
2.0299999999999994,0,0,3.9926265345640672,3.9926265345640672,46.125000000000064
2.039999999999999,0,0,3.9895720198843208,3.9895720198843208,46.125000000000064
2.049999999999999,0,0,3.9865201092545277,3.9865201092545277,46.125000000000064
2.0599999999999987,0,0,3.983470820401081,3.983470820401081,46.125000000000064
2.0699999999999985,0,0,3.9804241350881853,3.9804241350881853,46.125000000000064
2.0799999999999983,0,0,3.977380047949339,3.977380047949339,46.125000000000064
2.089999999999998,0,0,3.9743385570127288,3.9743385570127288,46.125000000000064
2.099999999999998,0,0,3.9712996603089294,3.9712996603089294,46.125000000000064
2.1099999999999977,0,0,3.9682633558714,3.9682633558714,46.125000000000064
2.1199999999999974,0,0,3.9656817220556064,3.9656817220556064,46.125000000000064
2.1299999999999972,0,0,3.9632909538423604,3.9632909538423604,46.125000000000064
2.139999999999997,0,0,3.9609022716037714,3.9609022716037714,46.125000000000064
2.149999999999997,0,0,3.958508446246114,3.958508446246114,46.125000000000064
2.1599999999999966,0,0,3.956098152419713,3.956098152419713,46.125000000000064
2.1699999999999964,0,0,3.953689948354068,3.953689948354068,46.125000000000064
2.179999999999996,0,0,3.951283832449505,3.951283832449505,46.125000000000064
2.189999999999996,0,0,3.948879803108241,3.948879803108241,46.125000000000064
2.1999999999999957,0,0,3.9464778587344824,3.9464778587344824,46.125000000000064
2.2099999999999955,0,0,3.94407799773451,3.94407799773451,46.125000000000064
2.2199999999999953,0,0,3.941680218515941,3.941680218515941,46.125000000000064
2.229999999999995,0,0,3.939284519488851,3.939284519488851,46.125000000000064
2.239999999999995,0,0,3.936890899064835,3.936890899064835,46.125000000000064
2.2499999999999947,0,0,3.934499355657124,3.934499355657124,46.125000000000064
2.2599999999999945,0,0,3.9321098876814347,3.9321098876814347,46.125000000000064
2.2699999999999942,0,0,3.9297224935548485,3.9297224935548485,46.125000000000064
2.279999999999994,0,0,3.9273138154562446,3.9273138154562446,46.125000000000064
2.289999999999994,0,0,3.9249048284911083,3.9249048284911083,46.125000000000064
2.2999999999999936,0,0,3.9225547636165032,3.9225547636165032,46.125000000000064
2.3099999999999934,0,0,3.9210977643485307,3.9210977643485307,46.125000000000064
2.319999999999993,0,0,3.919730326293646,3.919730326293646,46.125000000000064
2.329999999999993,0,0,3.9183928906826253,3.9183928906826253,46.125000000000064
2.3399999999999928,0,0,3.91705618925927,3.91705618925927,46.125000000000064
2.3499999999999925,0,0,3.9157202220006155,3.9157202220006155,46.125000000000064
2.3599999999999923,0,0,3.9143849888835405,3.9143849888835405,46.125000000000064
2.369999999999992,0,0,3.913050489884455,3.913050489884455,46.125000000000064
2.379999999999992,0,0,3.9117167249796836,3.9117167249796836,46.125000000000064
2.3899999999999917,0,0,3.9103836941452386,3.9103836941452386,46.125000000000064
2.3999999999999915,0,0,3.9090440412418843,3.9090440412418843,46.125000000000064
2.4099999999999913,0,0,3.907697005437754,3.907697005437754,46.125000000000064
2.419999999999991,0,0,3.906350700594899,3.906350700594899,46.125000000000064
2.429999999999991,0,0,3.9050051266982706,3.9050051266982706,46.125000000000064
2.4399999999999906,0,0,3.9036602837325063,3.9036602837325063,46.125000000000064
2.4499999999999904,0,0,3.9023161716820596,3.9023161716820596,46.125000000000064
2.45999999999999,0,0,3.901007099413917,3.901007099413917,46.125000000000064
2.46999999999999,0,0,3.8997535750305587,3.8997535750305587,46.125000000000064
2.4799999999999898,0,0,3.89850080893531,3.89850080893531,46.125000000000064
2.4899999999999896,0,0,3.89724880087617,3.89724880087617,46.125000000000064
2.4999999999999893,0,0,3.895997550601649,3.895997550601649,46.125000000000064
2.509999999999989,0,0,3.8947470578603713,3.8947470578603713,46.125000000000064
2.519999999999989,0,0,3.8934973224011458,3.8934973224011458,46.125000000000064
2.5299999999999887,0,0,3.8922374732735534,3.8922374732735534,46.125000000000064
2.5399999999999885,0,0,3.890978202111171,3.890978202111171,46.125000000000064
2.5499999999999883,0,0,3.8897196814057082,3.8897196814057082,46.125000000000064
2.559999999999988,0,0,3.888461910916945,3.888461910916945,46.125000000000064
2.569999999999988,0,0,3.8872048904048597,3.8872048904048597,46.125000000000064
2.5799999999999876,0,0,3.8859486196299855,3.8859486196299855,46.125000000000064
2.5899999999999874,0,0,3.8846930983528978,3.8846930983528978,46.125000000000064
2.599999999999987,0,0,3.8834383263346695,3.8834383263346695,46.125000000000064
2.609999999999987,0,0,3.8821843033364445,3.8821843033364445,46.125000000000064
2.619999999999987,0,0,3.880931029119836,3.880931029119836,46.125000000000064
2.6299999999999866,0,0,3.8796785034467405,3.8796785034467405,46.125000000000064
2.6399999999999864,0,0,3.8784267260791836,3.8784267260791836,46.125000000000064
2.649999999999986,0,0,3.8771708999721852,3.8771708999721852,46.125000000000064
2.659999999999986,0,0,3.875909541104619,3.875909541104619,46.125000000000064
2.6699999999999857,0,0,3.8746489237279604,3.8746489237279604,46.125000000000064
2.6799999999999855,0,0,3.873389047614637,3.873389047614637,46.125000000000064
2.6899999999999853,0,0,3.8726064231824466,3.8726064231824466,46.125000000000064
2.699999999999985,0,0,3.872116725776806,3.872116725776806,46.125000000000064
2.709999999999985,0,0,3.871627082841684,3.871627082841684,46.125000000000064
2.7199999999999847,0,0,3.8711374949489965,3.8711374949489965,46.125000000000064
2.7299999999999844,0,0,3.870647962669466,3.870647962669466,46.125000000000064
2.7399999999999842,0,0,3.8701584865725778,3.8701584865725778,46.125000000000064
2.749999999999984,0,0,3.869669067226326,3.869669067226326,46.125000000000064
2.759999999999984,0,0,3.8691797051976096,3.8691797051976096,46.125000000000064
2.7699999999999836,0,0,3.8691182226972245,3.8691182226972245,46.125000000000064
2.7799999999999834,0,0,3.869470747043877,3.869470747043877,46.125000000000064
2.789999999999983,0,0,3.8698242796950097,3.8698242796950097,46.125000000000064
2.799999999999983,0,0,3.8701773136590276,3.8701773136590276,46.125000000000064
2.8099999999999827,0,0,3.8705298498084204,3.8705298498084204,46.125000000000064
2.8199999999999825,0,0,3.8708818890139725,3.8708818890139725,46.125000000000064
2.8299999999999823,0,0,3.871233432144493,3.871233432144493,46.125000000000064
2.839999999999982,0,0,3.871584480067341,3.871584480067341,46.125000000000064
2.849999999999982,0,0,3.8719350336480147,3.8719350336480147,46.125000000000064
2.8599999999999817,0,0,3.8722850937504063,3.8722850937504063,46.125000000000064
2.8699999999999815,0,0,3.8726346612369014,3.8726346612369014,46.125000000000064
2.8799999999999812,0,0,3.8729837369676687,3.8729837369676687,46.125000000000064
2.889999999999981,0,0,3.873332321801797,3.873332321801797,46.125000000000064
2.899999999999981,0,0,3.873681659260015,3.873681659260015,46.125000000000064
2.9099999999999806,0,0,3.874037648268242,3.874037648268242,46.125000000000064
2.9199999999999804,0,0,3.8743931374885108,3.8743931374885108,46.125000000000064
2.92999999999998,0,0,3.8747481277911078,3.8747481277911078,46.125000000000064
2.93999999999998,0,0,3.8751026200444585,3.8751026200444585,46.125000000000064
2.9499999999999797,0,0,3.8754566151155814,3.8754566151155814,46.125000000000064
2.9599999999999795,0,0,3.8758101138695764,3.8758101138695764,46.125000000000064
2.9699999999999793,0,0,3.876163117169881,3.876163117169881,46.125000000000064
2.979999999999979,0,0,3.876515625878312,3.876515625878312,46.125000000000064
2.989999999999979,0,0,3.8768676408550533,3.8768676408550533,46.125000000000064
2.9999999999999787,0,0,3.877219162958781,3.877219162958781,46.125000000000064
3.0099999999999785,0,0,3.8775701930458126,3.8775701930458126,46.125000000000064
3.0199999999999783,0,0,3.877920731971656,3.877920731971656,46.125000000000064
3.029999999999978,0,0,3.8782742238210233,3.8782742238210233,46.125000000000064
3.039999999999978,0,0,3.8786321157525236,3.8786321157525236,46.125000000000064
3.0499999999999776,0,0,3.8789895078265175,3.8789895078265175,46.125000000000064
3.0599999999999774,0,0,3.8793464009091707,3.8793464009091707,46.125000000000064
3.069999999999977,0,0,3.879702795864958,3.879702795864958,46.125000000000064
3.079999999999977,0,0,3.880058693556734,3.880058693556734,46.125000000000064
3.0899999999999768,0,0,3.8804140948457473,3.8804140948457473,46.125000000000064
3.0999999999999766,0,0,3.8807690005913997,3.8807690005913997,46.125000000000064
3.1099999999999763,0,0,3.881123411651444,3.881123411651444,46.125000000000064
3.119999999999976,0,0,3.881477328882241,3.881477328882241,46.125000000000064
3.129999999999976,0,0,3.881830753138175,3.881830753138175,46.125000000000064
3.1399999999999757,0,0,3.8821836852721106,3.8821836852721106,46.125000000000064
3.1499999999999755,0,0,3.882536126135193,3.882536126135193,46.125000000000064
3.1599999999999753,0,0,3.8828931744511266,3.8828931744511266,46.125000000000064
3.169999999999975,0,0,3.8832529186299922,3.8832529186299922,46.125000000000064
3.179999999999975,0,0,3.883612163035039,3.883612163035039,46.125000000000064
3.1899999999999746,0,0,3.883970908528269,3.883970908528269,46.125000000000064
3.1999999999999744,0,0,3.88432915596988,3.88432915596988,46.125000000000064
3.209999999999974,0,0,3.8846869062186045,3.8846869062186045,46.125000000000064
3.219999999999974,0,0,3.884445206929769,3.884445206929769,46.125000000000064
3.229999999999974,0,0,3.883520818829325,3.883520818829325,46.125000000000064
3.2399999999999736,0,0,3.88259667401519,3.88259667401519,46.125000000000064
3.2499999999999734,0,0,3.8816727730884395,3.8816727730884395,46.125000000000064
3.259999999999973,0,0,3.8807491166487864,3.8807491166487864,46.125000000000064
3.269999999999973,0,0,3.879825705294664,3.879825705294664,46.125000000000064
3.2799999999999727,0,0,3.878902539623425,3.878902539623425,46.125000000000064
3.2899999999999725,0,0,3.8779715907552372,3.8779715907552372,46.125000000000064
3.2999999999999723,0,0,3.877038252141162,3.877038252141162,46.125000000000064
3.309999999999972,0,0,3.876105153361962,3.876105153361962,46.125000000000064
3.319999999999972,0,0,3.875172295026104,3.875172295026104,46.125000000000064
3.3299999999999716,0,0,3.87423967774059,3.87423967774059,46.125000000000064
3.3399999999999714,0,0,3.8733073021113285,3.8733073021113285,46.125000000000064
3.3499999999999712,0,0,3.87237516874292,3.87237516874292,46.125000000000064
3.359999999999971,0,0,3.8714432782387433,3.8714432782387433,46.125000000000064
3.369999999999971,0,0,3.8705116312009835,3.8705116312009835,46.125000000000064
3.3799999999999706,0,0,3.8695802282306317,3.8695802282306317,46.125000000000064
3.3899999999999704,0,0,3.8686490699273435,3.8686490699273435,46.125000000000064
3.39999999999997,0,0,3.867718156889566,3.867718156889566,46.125000000000064
3.40999999999997,0,0,3.866787489714625,3.866787489714625,46.125000000000064
3.4199999999999697,0,0,3.865848202854181,3.865848202854181,46.125000000000064
3.4299999999999695,0,0,3.864907309298218,3.864907309298218,46.125000000000064
3.4399999999999693,0,0,3.863966655726273,3.863966655726273,46.125000000000064
3.449999999999969,0,0,3.863026242746571,3.863026242746571,46.125000000000064
3.459999999999969,0,0,3.8620860709660576,3.8620860709660576,46.125000000000064
3.4699999999999687,0,0,3.861146140990627,3.861146140990627,46.125000000000064
3.4799999999999685,0,0,3.8602064534247376,3.8602064534247376,46.125000000000064
3.4899999999999682,0,0,3.8592670088717966,3.8592670088717966,46.125000000000064
3.499999999999968,0,0,3.858327807933904,3.858327807933904,46.125000000000064
3.509999999999968,0,0,3.8573888512118515,3.8573888512118515,46.125000000000064
3.5199999999999676,0,0,3.856450139305423,3.856450139305423,46.125000000000064
3.5299999999999674,0,0,3.8555116728130656,3.8555116728130656,46.125000000000064
3.539999999999967,0,0,3.854573452331934,3.854573452331934,46.125000000000064
3.549999999999967,0,0,3.853626466711205,3.853626466711205,46.125000000000064
3.5599999999999667,0,0,3.8526779672125144,3.8526779672125144,46.125000000000064
3.5699999999999665,0,0,3.8517297078142434,3.8517297078142434,46.125000000000064
3.5799999999999663,0,0,3.8507816891243607,3.8507816891243607,46.125000000000064
3.589999999999966,0,0,3.849833911749883,3.849833911749883,46.125000000000064
3.599999999999966,0,0,3.848886376296491,3.848886376296491,46.125000000000064
3.6099999999999657,0,0,3.8479390833686864,3.8479390833686864,46.125000000000064
3.6199999999999655,0,0,3.84640147574828,3.84640147574828,46.125000000000064
3.6299999999999653,0,0,3.8444249440186553,3.8444249440186553,46.125000000000064
3.639999999999965,0,0,3.842449601708836,3.842449601708836,46.125000000000064
3.649999999999965,0,0,3.8404754484892294,3.8404754484892294,46.125000000000064
3.6599999999999646,0,0,3.838502484030556,3.838502484030556,46.125000000000064
3.6699999999999644,0,0,3.8365307080033944,3.8365307080033944,46.125000000000064
3.679999999999964,0,0,3.834542342379649,3.834542342379649,46.125000000000064
3.689999999999964,0,0,3.8325501773741593,3.8325501773741593,46.125000000000064
3.6999999999999638,0,0,3.8305591995806196,3.8305591995806196,46.125000000000064
3.7099999999999635,0,0,3.8285694086771827,3.8285694086771827,46.125000000000064
3.7199999999999633,0,0,3.8265808043422,3.8265808043422,46.125000000000064
3.729999999999963,0,0,3.82459338625425,3.82459338625425,46.125000000000064
3.739999999999963,0,0,3.8226071540920117,3.8226071540920117,46.125000000000064
3.7499999999999627,0,0,3.8206221075341347,3.8206221075341347,46.125000000000064
3.7599999999999625,0,0,3.8186382462597805,3.8186382462597805,46.125000000000064
3.7699999999999623,0,0,3.816655569947713,3.816655569947713,46.125000000000064
3.779999999999962,0,0,3.8146740782773065,3.8146740782773065,46.125000000000064
3.789999999999962,0,0,3.812693770927737,3.812693770927737,46.125000000000064
3.7999999999999616,0,0,3.810714647578493,3.810714647578493,46.125000000000064
3.8099999999999614,0,0,3.808721714710643,3.808721714710643,46.125000000000064
3.819999999999961,0,0,3.80672218799171,3.80672218799171,46.125000000000064
3.829999999999961,0,0,3.8047238439374524,3.8047238439374524,46.125000000000064
3.839999999999961,0,0,3.80272668223472,3.80272668223472,46.125000000000064
3.8499999999999606,0,0,3.8007307025705614,3.8007307025705614,46.125000000000064
3.8599999999999604,0,0,3.798735904632238,3.798735904632238,46.125000000000064
3.86999999999996,0,0,3.796742288107154,3.796742288107154,46.125000000000064
3.87999999999996,0,0,3.7947498526826564,3.7947498526826564,46.125000000000064
3.8899999999999597,0,0,3.7927585980464045,3.7927585980464045,46.125000000000064
3.8999999999999595,0,0,3.790768523886072,3.790768523886072,46.125000000000064
3.9099999999999593,0,0,3.78877962988949,3.78877962988949,46.125000000000064
3.919999999999959,0,0,3.7867919157446437,3.7867919157446437,46.125000000000064
3.929999999999959,0,0,3.784805381139577,3.784805381139577,46.125000000000064
3.9399999999999586,0,0,3.7828093464587056,3.7828093464587056,46.125000000000064
3.9499999999999584,0,0,3.7808024739935604,3.7808024739935604,46.125000000000064
3.959999999999958,0,0,3.778796781905257,3.778796781905257,46.125000000000064
3.969999999999958,0,0,3.776792267514722,3.776792267514722,46.125000000000064
3.979999999999958,0,0,3.774788930514802,3.774788930514802,46.125000000000064
3.9899999999999576,0,0,3.7727867705986284,3.7727867705986284,46.125000000000064
3.9999999999999574,0,0,3.7707857874592605,3.7707857874592605,46.125000000000064
4.009999999999957,0,0,3.7687859807899287,3.7687859807899287,46.125000000000064
4.019999999999957,0,0,3.766787350284119,3.766787350284119,46.125000000000064
4.029999999999957,0,0,3.7647898956353174,3.7647898956353174,46.125000000000064
4.0399999999999565,0,0,3.76279361653728,3.76279361653728,46.125000000000064
4.049999999999956,0,0,3.7607985126837207,3.7607985126837207,46.125000000000064
4.059999999999956,0,0,3.7588045837685513,3.7588045837685513,46.125000000000064
4.069999999999956,0,0,3.7569345008993764,3.7569345008993764,46.125000000000064
4.079999999999956,0,0,3.7556413525611703,3.7556413525611703,46.125000000000064
4.0899999999999554,0,0,3.754348848541696,3.754348848541696,46.125000000000064
4.099999999999955,0,0,3.7530569887739063,3.7530569887739063,46.125000000000064
4.109999999999955,0,0,3.7517657731910106,3.7517657731910106,46.125000000000064
4.119999999999955,0,0,3.7504752017262177,3.7504752017262177,46.125000000000064
4.129999999999955,0,0,3.7491852743129783,3.7491852743129783,46.125000000000064
4.139999999999954,0,0,3.7478959908846576,3.7478959908846576,46.125000000000064
4.149999999999954,0,0,3.7466073513749194,3.7466073513749194,46.125000000000064
4.159999999999954,0,0,3.745319355717342,3.745319355717342,46.125000000000064
4.169999999999954,0,0,3.7440320038457884,3.7440320038457884,46.125000000000064
4.1799999999999535,0,0,3.7427452956941067,3.7427452956941067,46.125000000000064
4.189999999999953,0,0,3.741459231196231,3.741459231196231,46.125000000000064
4.199999999999953,0,0,3.7401738102862225,3.7401738102862225,46.125000000000064
4.209999999999953,0,0,3.73887619260708,3.73887619260708,46.125000000000064
4.219999999999953,0,0,3.737577556600172,3.737577556600172,46.125000000000064
4.2299999999999525,0,0,3.736279560694257,3.736279560694257,46.125000000000064
4.239999999999952,0,0,3.7349822048286825,3.7349822048286825,46.125000000000064
4.249999999999952,0,0,3.733685488943138,3.733685488943138,46.125000000000064
4.259999999999952,0,0,3.73238941297717,3.73238941297717,46.125000000000064
4.269999999999952,0,0,3.7310939768706106,3.7310939768706106,46.125000000000064
4.279999999999951,0,0,3.729799180563205,3.729799180563205,46.125000000000064
4.289999999999951,0,0,3.7285050239949555,3.7285050239949555,46.125000000000064
4.299999999999951,0,0,3.7272115071059204,3.7272115071059204,46.125000000000064
4.309999999999951,0,0,3.725918629836258,3.725918629836258,46.125000000000064
4.3199999999999505,0,0,3.7246263921261544,3.7246263921261544,46.125000000000064
4.32999999999995,0,0,3.7233347939159103,3.7233347939159103,46.125000000000064
4.33999999999995,0,0,3.722036717024295,3.722036717024295,46.125000000000064
4.34999999999995,0,0,3.7207318776621463,3.7207318776621463,46.125000000000064
4.35999999999995,0,0,3.7194276742141312,3.7194276742141312,46.125000000000064
4.3699999999999495,0,0,3.718124106625865,3.718124106625865,46.125000000000064
4.379999999999949,0,0,3.7168211748430906,3.7168211748430906,46.125000000000064
4.389999999999949,0,0,3.7155188788117357,3.7155188788117357,46.125000000000064
4.399999999999949,0,0,3.714217218477799,3.714217218477799,46.125000000000064
4.409999999999949,0,0,3.7129161937872652,3.7129161937872652,46.125000000000064
4.419999999999948,0,0,3.7116158046863603,3.7116158046863603,46.125000000000064
4.429999999999948,0,0,3.7103162644102383,3.7103162644102383,46.125000000000064
4.439999999999948,0,0,3.709017572731767,3.709017572731767,46.125000000000064
4.449999999999948,0,0,3.707719515674981,3.707719515674981,46.125000000000064
4.459999999999948,0,0,3.706422093185253,3.706422093185253,46.125000000000064
4.469999999999947,0,0,3.705124944187105,3.705124944187105,46.125000000000064
4.479999999999947,0,0,3.7038143005185873,3.7038143005185873,46.125000000000064
4.489999999999947,0,0,3.7025042877574634,3.7025042877574634,46.125000000000064
4.499999999999947,0,0,3.7012922242683146,3.7012922242683146,46.125000000000064
4.5099999999999465,0,0,3.700411502535246,3.700411502535246,46.125000000000064
4.519999999999946,0,0,3.699531087061274,3.699531087061274,46.125000000000064
4.529999999999946,0,0,3.698650978058822,3.698650978058822,46.125000000000064
4.539999999999946,0,0,3.6977711757400016,3.6977711757400016,46.125000000000064
4.549999999999946,0,0,3.6968916803165968,3.6968916803165968,46.125000000000064
4.559999999999945,0,0,3.696012492000065,3.696012492000065,46.125000000000064
4.569999999999945,0,0,3.6951336110016797,3.6951336110016797,46.125000000000064
4.579999999999945,0,0,3.6942550375322725,3.6942550375322725,46.125000000000064
4.589999999999945,0,0,3.693376771802491,3.693376771802491,46.125000000000064
4.599999999999945,0,0,3.6924988140226134,3.6924988140226134,46.125000000000064
4.609999999999944,0,0,3.6916163965343287,3.6916163965343287,46.125000000000064
4.619999999999944,0,0,3.690729293795556,3.690729293795556,46.125000000000064
4.629999999999944,0,0,3.689842494532641,3.689842494532641,46.125000000000064
4.639999999999944,0,0,3.688955998961262,3.688955998961262,46.125000000000064
4.6499999999999435,0,0,3.688069807297097,3.688069807297097,46.125000000000064
4.659999999999943,0,0,3.687183919755469,3.687183919755469,46.125000000000064
4.669999999999943,0,0,3.68759523514926,3.68759523514926,46.125000000000064
4.679999999999943,0,0,3.686709728940528,3.686709728940528,46.125000000000064
4.689999999999943,0,0,3.68582452766546,3.68582452766546,46.125000000000064
4.6999999999999424,0,0,3.6849396315396348,3.6849396315396348,46.125000000000064
4.709999999999942,0,0,3.684055040778162,3.684055040778162,46.125000000000064
4.719999999999942,0,0,3.683170755596052,3.683170755596052,46.125000000000064
4.729999999999942,0,0,3.6822867762078317,3.6822867762078317,46.125000000000064
4.739999999999942,0,0,3.6814031028278436,3.6814031028278436,46.125000000000064
4.749999999999941,0,0,3.68051109014813,3.68051109014813,46.125000000000064
4.759999999999941,0,0,3.679618207355915,3.679618207355915,46.125000000000064
4.769999999999941,0,0,3.6787256260088697,3.6787256260088697,46.125000000000064
4.779999999999941,0,0,3.6778333463269206,3.6778333463269206,46.125000000000064
4.7899999999999405,0,0,3.6769413685297394,3.6769413685297394,46.125000000000064
4.79999999999994,0,0,3.676049692836557,3.676049692836557,46.125000000000064
4.80999999999994,0,0,3.6751583194664335,3.6751583194664335,46.125000000000064
4.81999999999994,0,0,3.6742672486381878,3.6742672486381878,46.125000000000064
4.82999999999994,0,0,3.673376480570127,3.673376480570127,46.125000000000064
4.8399999999999395,0,0,3.6724860154804446,3.6724860154804446,46.125000000000064
4.849999999999939,0,0,3.671595853586922,3.671595853586922,46.125000000000064
4.859999999999939,0,0,3.6707059951070846,3.6707059951070846,46.125000000000064
4.869999999999939,0,0,3.6698164402582307,3.6698164402582307,46.125000000000064
4.879999999999939,0,0,3.6689252181713385,3.6689252181713385,46.125000000000064
4.889999999999938,0,0,3.668026422413888,3.668026422413888,46.125000000000064
4.899999999999938,0,0,3.667128300344473,3.667128300344473,46.125000000000064
4.909999999999938,0,0,3.6662304848744043,3.6662304848744043,46.125000000000064
4.919999999999938,0,0,3.6653329684915974,3.6653329684915974,46.125000000000064
4.9299999999999375,0,0,3.6644357514169315,3.6644357514169315,46.125000000000064
4.939999999999937,0,0,3.6635388338709873,3.6635388338709873,46.125000000000064
4.949999999999937,0,0,3.6625741975049664,3.6625741975049664,46.125000000000064
4.959999999999937,0,0,3.6611251650913204,3.6611251650913204,46.125000000000064
4.969999999999937,0,0,3.6596766829068628,3.6596766829068628,46.125000000000064
4.9799999999999365,0,0,3.6582287512193403,3.6582287512193403,46.125000000000064
4.989999999999936,0,0,3.6567813702958603,3.6567813702958603,46.125000000000064
4.999999999999936,0,0,3.655334540403345,3.655334540403345,46.125000000000064
5.009999999999936,0,0,3.653888261808163,3.653888261808163,46.125000000000064
5.019999999999936,0,0,3.652435369364113,3.652435369364113,46.125000000000064
5.029999999999935,0,0,3.650974133177442,3.650974133177442,46.125000000000064
5.039999999999935,0,0,3.649513433202287,3.649513433202287,46.125000000000064
5.049999999999935,0,0,3.6480532697062387,3.6480532697062387,46.125000000000064
5.059999999999935,0,0,3.646593642956418,3.646593642956418,46.125000000000064
5.069999999999935,0,0,3.6451345532194495,3.6451345532194495,46.125000000000064
5.079999999999934,0,0,3.643676000761701,3.643676000761701,46.125000000000064
5.089999999999934,0,0,3.6422179858489017,3.6422179858489017,46.125000000000064
5.099999999999934,0,0,3.6407605087465384,3.6407605087465384,46.125000000000064
5.109999999999934,0,0,3.6393035697196012,3.6393035697196012,46.125000000000064
5.1199999999999335,0,0,3.637847169032625,3.637847169032625,46.125000000000064
5.129999999999933,0,0,3.6363913069497897,3.6363913069497897,46.125000000000064
5.139999999999933,0,0,3.6349359837348203,3.6349359837348203,46.125000000000064
5.149999999999933,0,0,3.633481199650987,3.633481199650987,46.125000000000064
5.159999999999933,0,0,3.6319177269591023,3.6319177269591023,46.125000000000064
5.169999999999932,0,0,3.6302874617540226,3.6302874617540226,46.125000000000064
5.179999999999932,0,0,3.6286577476207356,3.6286577476207356,46.125000000000064
5.189999999999932,0,0,3.6270285849783193,3.6270285849783193,46.125000000000064
5.199999999999932,0,0,3.625399974245596,3.625399974245596,46.125000000000064
5.209999999999932,0,0,3.623771915840905,3.623771915840905,46.125000000000064
5.219999999999931,0,0,3.622144410182571,3.622144410182571,46.125000000000064
5.229999999999931,0,0,3.6205174576883934,3.6205174576883934,46.125000000000064
5.239999999999931,0,0,3.6188910587759295,3.6188910587759295,46.125000000000064
5.249999999999931,0,0,3.6172652138625807,3.6172652138625807,46.125000000000064
5.2599999999999305,0,0,3.6156399233652365,3.6156399233652365,46.125000000000064
5.26999999999993,0,0,3.6140151877006446,3.6140151877006446,46.125000000000064
5.27999999999993,0,0,3.6123910072852965,3.6123910072852965,46.125000000000064
5.28999999999993,0,0,3.6137023215089954,3.6137023215089954,46.125000000000064
5.29999999999993,0,0,3.612079493923517,3.612079493923517,46.125000000000064
5.309999999999929,0,0,3.6104572242835076,3.6104572242835076,46.125000000000064
5.319999999999929,0,0,3.608830748851858,3.608830748851858,46.125000000000064
5.329999999999929,0,0,3.6071933400115057,3.6071933400115057,46.125000000000064
5.339999999999929,0,0,3.6055564774525806,3.6055564774525806,46.125000000000064
5.349999999999929,0,0,3.603920161592683,3.603920161592683,46.125000000000064
5.359999999999928,0,0,3.6022843928490857,3.6022843928490857,46.125000000000064
5.369999999999928,0,0,3.6006491716387217,3.6006491716387217,46.125000000000064
5.379999999999928,0,0,3.5990144983782244,3.5990144983782244,46.125000000000064
5.389999999999928,0,0,3.5973803734840715,3.5973803734840715,46.125000000000064
5.3999999999999275,0,0,3.5957467973722714,3.5957467973722714,46.125000000000064
5.409999999999927,0,0,3.594111912889133,3.594111912889133,46.125000000000064
5.419999999999927,0,0,3.592476954019844,3.592476954019844,46.125000000000064
5.429999999999927,0,0,3.5908425289815256,3.5908425289815256,46.125000000000064
5.439999999999927,0,0,3.589208638198656,3.589208638198656,46.125000000000064
5.4499999999999265,0,0,3.5875752820952584,3.5875752820952584,46.125000000000064
5.459999999999926,0,0,3.5859424610952146,3.5859424610952146,46.125000000000064
5.469999999999926,0,0,3.5843101756221927,3.5843101756221927,46.125000000000064
5.479999999999926,0,0,3.582678426099477,3.582678426099477,46.125000000000064
5.489999999999926,0,0,3.5810399845232865,3.5810399845232865,46.125000000000064
5.499999999999925,0,0,3.5793929891892446,3.5793929891892446,46.125000000000064
5.509999999999925,0,0,3.5777465169414313,3.5777465169414313,46.125000000000064
5.519999999999925,0,0,3.5761005682028184,3.5761005682028184,46.125000000000064
5.529999999999925,0,0,3.5744551433961647,3.5744551433961647,46.125000000000064
5.5399999999999245,0,0,3.5728102429438877,3.5728102429438877,46.125000000000064
5.549999999999924,0,0,3.571165867268192,3.571165867268192,46.125000000000064
5.559999999999924,0,0,3.569522377101663,3.569522377101663,46.125000000000064
5.569999999999924,0,0,3.5678806996384225,3.5678806996384225,46.125000000000064
5.579999999999924,0,0,3.5662419773995566,3.5662419773995566,46.125000000000064
5.5899999999999235,0,0,3.5646045591554554,3.5646045591554554,46.125000000000064
5.599999999999923,0,0,3.562967874858458,3.562967874858458,46.125000000000064
5.609999999999923,0,0,3.5613317384709404,3.5613317384709404,46.125000000000064
5.619999999999923,0,0,3.559696150396661,3.559696150396661,46.125000000000064
5.629999999999923,0,0,3.558061111038967,3.558061111038967,46.125000000000064
5.639999999999922,0,0,3.556426620801119,3.556426620801119,46.125000000000064
5.649999999999922,0,0,3.5547926800861376,3.5547926800861376,46.125000000000064
5.659999999999922,0,0,3.5531516731350763,3.5531516731350763,46.125000000000064
5.669999999999922,0,0,3.5515026585273404,3.5515026585273404,46.125000000000064
5.679999999999922,0,0,3.5498541815022264,3.5498541815022264,46.125000000000064
5.689999999999921,0,0,3.54820624246355,3.54820624246355,46.125000000000064
5.699999999999921,0,0,3.5465588418148855,3.5465588418148855,46.125000000000064
5.709999999999921,0,0,3.5449119799595934,3.5449119799595934,46.125000000000064
5.719999999999921,0,0,3.5432656573008074,3.5432656573008074,46.125000000000064
5.7299999999999205,0,0,3.5416198742413627,3.5416198742413627,46.125000000000064
5.73999999999992,0,0,3.5399746311839095,3.5399746311839095,46.125000000000064
5.74999999999992,0,0,3.5384594634499678,3.5384594634499678,46.125000000000064
5.75999999999992,0,0,3.5372302485078677,3.5372302485078677,46.125000000000064
5.76999999999992,0,0,3.536001406928875,3.536001406928875,46.125000000000064
5.779999999999919,0,0,3.5347729390378078,3.5347729390378078,46.125000000000064
5.789999999999919,0,0,3.5335448451592555,3.5335448451592555,46.125000000000064
5.799999999999919,0,0,3.532317125617638,3.532317125617638,46.125000000000064
5.809999999999919,0,0,3.5310897807372044,3.5310897807372044,46.125000000000064
5.819999999999919,0,0,3.529862810842033,3.529862810842033,46.125000000000064
5.829999999999918,0,0,3.530798863591471,3.530798863591471,46.125000000000064
5.839999999999918,0,0,3.5295608346633998,3.5295608346633998,46.125000000000064
5.849999999999918,0,0,3.5283231723598476,3.5283231723598476,46.125000000000064
5.859999999999918,0,0,3.5270858770050353,3.5270858770050353,46.125000000000064
5.8699999999999175,0,0,3.525848948923368,3.525848948923368,46.125000000000064
5.879999999999917,0,0,3.5246123884388396,3.5246123884388396,46.125000000000064
5.889999999999917,0,0,3.523376195875443,3.523376195875443,46.125000000000064
5.899999999999917,0,0,3.5221403715568442,3.5221403715568442,46.125000000000064
5.909999999999917,0,0,3.520904915806682,3.520904915806682,46.125000000000064
5.919999999999916,0,0,3.5196697237510364,3.5196697237510364,46.125000000000064
5.929999999999916,0,0,3.5184330778010633,3.5184330778010633,46.125000000000064
5.939999999999916,0,0,3.5171967880788344,3.5171967880788344,46.125000000000064
5.949999999999916,0,0,3.515960854911654,3.515960854911654,46.125000000000064
5.959999999999916,0,0,3.514725278626571,3.514725278626571,46.125000000000064
5.969999999999915,0,0,3.5134900595505485,3.5134900595505485,46.125000000000064
5.979999999999915,0,0,3.512255198010294,3.512255198010294,46.125000000000064
5.989999999999915,0,0,3.5110206943324584,3.5110206943324584,46.125000000000064
5.999999999999915,0,0,3.50978466692969,3.50978466692969,46.125000000000064
6.0099999999999145,0,0,3.508538766222216,3.508538766222216,46.125000000000064
6.019999999999914,0,0,3.5072932128386327,3.5072932128386327,46.125000000000064
6.029999999999914,0,0,3.506048007103459,3.506048007103459,46.125000000000064
6.039999999999914,0,0,3.5048032381136522,3.5048032381136522,46.125000000000064
6.049999999999914,0,0,3.503561033289941,3.503561033289941,46.125000000000064
6.0599999999999135,0,0,3.5023191795878716,3.5023191795878716,46.125000000000064
6.069999999999913,0,0,3.501077677335232,3.501077677335232,46.125000000000064
6.079999999999913,0,0,3.4998365268596814,3.4998365268596814,46.125000000000064
6.089999999999913,0,0,3.498595728488695,3.498595728488695,46.125000000000064
6.099999999999913,0,0,3.497355282549563,3.497355282549563,46.125000000000064
6.109999999999912,0,0,3.496115464477441,3.496115464477441,46.125000000000064
6.119999999999912,0,0,3.494876107868464,3.494876107868464,46.125000000000064
6.129999999999912,0,0,3.4936381558276963,3.4936381558276963,46.125000000000064
6.139999999999912,0,0,3.4924019733395824,3.4924019733395824,46.125000000000064
6.1499999999999115,0,0,3.491166156414266,3.491166156414266,46.125000000000064
6.159999999999911,0,0,3.489930705375926,3.489930705375926,46.125000000000064
6.169999999999911,0,0,3.4886956205488246,3.4886956205488246,46.125000000000064
6.179999999999911,0,0,3.4874512149687007,3.4874512149687007,46.125000000000064
6.189999999999911,0,0,3.486204879816441,3.486204879816441,46.125000000000064
6.1999999999999105,0,0,3.4849589010560322,3.4849589010560322,46.125000000000064
6.20999999999991,0,0,3.4837132790109138,3.4837132790109138,46.125000000000064
6.21999999999991,0,0,3.4824680140043682,3.4824680140043682,46.125000000000064
6.22999999999991,0,0,3.4812231063595362,3.4812231063595362,46.125000000000064
6.23999999999991,0,0,3.479978556399388,3.479978556399388,46.125000000000064
6.249999999999909,0,0,3.478734364446737,3.478734364446737,46.125000000000064
6.259999999999909,0,0,3.4774905308242268,3.4774905308242268,46.125000000000064
6.269999999999909,0,0,3.4762470558542873,3.4762470558542873,46.125000000000064
6.279999999999909,0,0,3.47500393985932,3.47500393985932,46.125000000000064
6.2899999999999086,0,0,3.473761183161443,3.473761183161443,46.125000000000064
6.299999999999908,0,0,3.4725187860826736,3.4725187860826736,46.125000000000064
6.309999999999908,0,0,3.4712767489448453,3.4712767489448453,46.125000000000064
6.319999999999908,0,0,3.4700350720696207,3.4700350720696207,46.125000000000064
6.329999999999908,0,0,3.4687956303318828,3.4687956303318828,46.125000000000064
6.3399999999999075,0,0,3.469679702675265,3.469679702675265,46.125000000000064
6.349999999999907,0,0,3.4684353796995566,3.4684353796995566,46.125000000000064
6.359999999999907,0,0,3.467183462858557,3.467183462858557,46.125000000000064
6.369999999999907,0,0,3.4659318983072325,3.4659318983072325,46.125000000000064
6.379999999999907,0,0,3.4646806863667763,3.4646806863667763,46.125000000000064
6.389999999999906,0,0,3.4634298273581976,3.4634298273581976,46.125000000000064
6.399999999999906,0,0,3.462179321602349,3.462179321602349,46.125000000000064
6.409999999999906,0,0,3.460929169419998,3.460929169419998,46.125000000000064
6.419999999999906,0,0,3.459678319818508,3.459678319818508,46.125000000000064
6.429999999999906,0,0,3.458426869580137,3.458426869580137,46.125000000000064
6.439999999999905,0,0,3.457175759462487,3.457175759462487,46.125000000000064
6.449999999999905,0,0,3.455924989787775,3.455924989787775,46.125000000000064
6.459999999999905,0,0,3.4546745608782174,3.4546745608782174,46.125000000000064
6.469999999999905,0,0,3.4534244730557617,3.4534244730557617,46.125000000000064
6.4799999999999045,0,0,3.452174726642255,3.452174726642255,46.125000000000064
6.489999999999904,0,0,3.450925321959346,3.450925321959346,46.125000000000064
6.499999999999904,0,0,3.44967833386832,3.44967833386832,46.125000000000064
6.509999999999904,0,0,3.4484319503788186,3.4484319503788186,46.125000000000064
6.519999999999904,0,0,3.447185912171065,3.447185912171065,46.125000000000064
6.529999999999903,0,0,3.4459314720696597,3.4459314720696597,46.125000000000064
6.539999999999903,0,0,3.444674168303763,3.444674168303763,46.125000000000064
6.549999999999903,0,0,3.4434171991064204,3.4434171991064204,46.125000000000064
6.559999999999903,0,0,3.4421605648007443,3.4421605648007443,46.125000000000064
6.569999999999903,0,0,3.4409042657096336,3.4409042657096336,46.125000000000064
6.579999999999902,0,0,3.439648302155888,3.439648302155888,46.125000000000064
6.589999999999902,0,0,3.438392674462108,3.438392674462108,46.125000000000064
6.599999999999902,0,0,3.437137382950752,3.437137382950752,46.125000000000064
6.609999999999902,0,0,3.4358827185002667,3.4358827185002667,46.125000000000064
6.6199999999999015,0,0,3.434628486983442,3.434628486983442,46.125000000000064
6.629999999999901,0,0,3.4333746061009265,3.4333746061009265,46.125000000000064
6.639999999999901,0,0,3.432121076171427,3.432121076171427,46.125000000000064
6.649999999999901,0,0,3.4308678975135365,3.4308678975135365,46.125000000000064
6.659999999999901,0,0,3.429615070445692,3.429615070445692,46.125000000000064
6.6699999999999005,0,0,3.428362981723268,3.428362981723268,46.125000000000064
6.6799999999999,0,0,3.4271131287341774,3.4271131287341774,46.125000000000064
6.6899999999999,0,0,3.4258636283184956,3.4258636283184956,46.125000000000064
6.6999999999999,0,0,3.4246144807934513,3.4246144807934513,46.125000000000064
6.7099999999999,0,0,3.423353823674958,3.423353823674958,46.125000000000064
6.719999999999899,0,0,3.4220934966759984,3.4220934966759984,46.125000000000064
6.729999999999899,0,0,3.42083351239539,3.42083351239539,46.125000000000064
6.739999999999899,0,0,3.4195738711488843,3.4195738711488843,46.125000000000064
6.749999999999899,0,0,3.4183145732519904,3.4183145732519904,46.125000000000064
6.7599999999998985,0,0,3.4170556190201324,3.4170556190201324,46.125000000000064
6.769999999999898,0,0,3.415798283796647,3.415798283796647,46.125000000000064
6.779999999999898,0,0,3.4145423791237732,3.4145423791237732,46.125000000000064
6.789999999999898,0,0,3.4132868214713454,3.4132868214713454,46.125000000000064
6.799999999999898,0,0,3.412031611157744,3.412031611157744,46.125000000000064
6.8099999999998975,0,0,3.4107767485013056,3.4107767485013056,46.125000000000064
6.819999999999897,0,0,3.409522233820155,3.409522233820155,46.125000000000064
6.829999999999897,0,0,3.408268067432317,3.408268067432317,46.125000000000064
6.839999999999897,0,0,3.4090897281602253,3.4090897281602253,46.125000000000064
6.849999999999897,0,0,3.4078330823898,3.4078330823898,46.125000000000064
6.859999999999896,0,0,3.4065778799399027,3.4065778799399027,46.125000000000064
6.869999999999896,0,0,3.4053230260468865,3.4053230260468865,46.125000000000064
6.879999999999896,0,0,3.404066933036873,3.404066933036873,46.125000000000064
6.889999999999896,0,0,3.402800918173156,3.402800918173156,46.125000000000064
6.8999999999998956,0,0,3.4015335014719454,3.4015335014719454,46.125000000000064
6.909999999999895,0,0,3.400266076307858,3.400266076307858,46.125000000000064
6.919999999999895,0,0,3.3989989744262914,3.3989989744262914,46.125000000000064
6.929999999999895,0,0,3.397732676941388,3.397732676941388,46.125000000000064
6.939999999999895,0,0,3.3964686536819357,3.3964686536819357,46.125000000000064
6.9499999999998945,0,0,3.395204957522594,3.395204957522594,46.125000000000064
6.959999999999894,0,0,3.3939415887808195,3.3939415887808195,46.125000000000064
6.969999999999894,0,0,3.3926785477740538,3.3926785477740538,46.125000000000064
6.979999999999894,0,0,3.3914158348194974,3.3914158348194974,46.125000000000064
6.989999999999894,0,0,3.390153450234223,3.390153450234223,46.125000000000064
6.999999999999893,0,0,3.388891394335161,3.388891394335161,46.125000000000064
7.009999999999893,0,0,3.387629667439171,3.387629667439171,46.125000000000064
7.019999999999893,0,0,3.386368269862814,3.386368269862814,46.125000000000064
7.029999999999893,0,0,3.3851072019226223,3.3851072019226223,46.125000000000064
7.039999999999893,0,0,3.383846463934958,3.383846463934958,46.125000000000064
7.049999999999892,0,0,3.3825860562160273,3.3825860562160273,46.125000000000064
7.059999999999892,0,0,3.3813243708951717,3.3813243708951717,46.125000000000064
7.069999999999892,0,0,3.380052775796244,3.380052775796244,46.125000000000064
7.079999999999892,0,0,3.378781499855208,3.378781499855208,46.125000000000064
7.0899999999998915,0,0,3.3775107066755368,3.3775107066755368,46.125000000000064
7.099999999999891,0,0,3.3762404568429645,3.3762404568429645,46.125000000000064
7.109999999999891,0,0,3.3749705416461353,3.3749705416461353,46.125000000000064
7.119999999999891,0,0,3.373700961396338,3.373700961396338,46.125000000000064
7.129999999999891,0,0,3.3724317164046482,3.3724317164046482,46.125000000000064
7.13999999999989,0,0,3.371162806982042,3.371162806982042,46.125000000000064
7.14999999999989,0,0,3.3698942334393536,3.3698942334393536,46.125000000000064
7.15999999999989,0,0,3.368625996087303,3.368625996087303,46.125000000000064
7.16999999999989,0,0,3.3673580952364546,3.3673580952364546,46.125000000000064
7.17999999999989,0,0,3.36609053119723,3.36609053119723,46.125000000000064
7.189999999999889,0,0,3.3648236003523806,3.3648236003523806,46.125000000000064
7.199999999999889,0,0,3.3635605015438017,3.3635605015438017,46.125000000000064
7.209999999999889,0,0,3.362298803279188,3.362298803279188,46.125000000000064
7.219999999999889,0,0,3.361037445372517,3.361037445372517,46.125000000000064
7.2299999999998885,0,0,3.3597764281385167,3.3597764281385167,46.125000000000064
7.239999999999888,0,0,3.358515716703124,3.358515716703124,46.125000000000064
7.249999999999888,0,0,3.3572436708570166,3.3572436708570166,46.125000000000064
7.259999999999888,0,0,3.3559719553424543,3.3559719553424543,46.125000000000064
7.269999999999888,0,0,3.354700570472417,3.354700570472417,46.125000000000064
7.2799999999998875,0,0,3.353429516559757,3.353429516559757,46.125000000000064
7.289999999999887,0,0,3.3521587939172264,3.3521587939172264,46.125000000000064
7.299999999999887,0,0,3.35088840285745,3.35088840285745,46.125000000000064
7.309999999999887,0,0,3.3496183436928533,3.3496183436928533,46.125000000000064
7.319999999999887,0,0,3.350383284604561,3.350383284604561,46.125000000000064
7.329999999999886,0,0,3.3491092270389373,3.3491092270389373,46.125000000000064
7.339999999999886,0,0,3.347835501267184,3.347835501267184,46.125000000000064
7.349999999999886,0,0,3.3465621075968386,3.3465621075968386,46.125000000000064
7.359999999999886,0,0,3.3452898463270344,3.3452898463270344,46.125000000000064
7.3699999999998855,0,0,3.344019969096692,3.344019969096692,46.125000000000064
7.379999999999885,0,0,3.342750411677187,3.342750411677187,46.125000000000064
7.389999999999885,0,0,3.341481174381258,3.341481174381258,46.125000000000064
7.399999999999885,0,0,3.3402122575215287,3.3402122575215287,46.125000000000064
7.409999999999885,0,0,3.3389436614105534,3.3389436614105534,46.125000000000064
7.4199999999998845,0,0,3.337675386360658,3.337675386360658,46.125000000000064
7.429999999999884,0,0,3.3363988120066637,3.3363988120066637,46.125000000000064
7.439999999999884,0,0,3.3351194268423114,3.3351194268423114,46.125000000000064
7.449999999999884,0,0,3.333840351446952,3.333840351446952,46.125000000000064
7.459999999999884,0,0,3.3325615861291595,3.3325615861291595,46.125000000000064
7.469999999999883,0,0,3.3312831311973525,3.3312831311973525,46.125000000000064
7.479999999999883,0,0,3.3300049869599206,3.3300049869599206,46.125000000000064
7.489999999999883,0,0,3.328727153724998,3.328727153724998,46.125000000000064
7.499999999999883,0,0,3.3274496318006186,3.3274496318006186,46.125000000000064
7.5099999999998825,0,0,3.3261724214947037,3.3261724214947037,46.125000000000064
7.519999999999882,0,0,3.324895523114961,3.324895523114961,46.125000000000064
7.529999999999882,0,0,3.3236189369690265,3.3236189369690265,46.125000000000064
7.539999999999882,0,0,3.3223426633643527,3.3223426633643527,46.125000000000064
7.549999999999882,0,0,3.3210667026082916,3.3210667026082916,46.125000000000064
7.5599999999998815,0,0,3.319791272025313,3.319791272025313,46.125000000000064
7.569999999999881,0,0,3.318516323147918,3.318516323147918,46.125000000000064
7.579999999999881,0,0,3.3172417029489623,3.3172417029489623,46.125000000000064
7.589999999999881,0,0,3.315967411734931,3.315967411734931,46.125000000000064
7.599999999999881,0,0,3.3146934498120117,3.3146934498120117,46.125000000000064
7.60999999999988,0,0,3.313415974361149,3.313415974361149,46.125000000000064
7.61999999999988,0,0,3.3121328333356956,3.3121328333356956,46.125000000000064
7.62999999999988,0,0,3.3108506681070367,3.3108506681070367,46.125000000000064
7.63999999999988,0,0,3.309568824552798,3.309568824552798,46.125000000000064
7.64999999999988,0,0,3.3082873029812987,3.3082873029812987,46.125000000000064
7.659999999999879,0,0,3.3070061037008145,3.3070061037008145,46.125000000000064
7.669999999999879,0,0,3.3057252270194226,3.3057252270194226,46.125000000000064
7.679999999999879,0,0,3.304444673245186,3.304444673245186,46.125000000000064
7.689999999999879,0,0,3.303164442685997,3.303164442685997,46.125000000000064
7.6999999999998785,0,0,3.3018864147907294,3.3018864147907294,46.125000000000064
7.709999999999878,0,0,3.3006093201025664,3.3006093201025664,46.125000000000064
7.719999999999878,0,0,3.2993325494745704,3.2993325494745704,46.125000000000064
7.729999999999878,0,0,3.2980561032148756,3.2980561032148756,46.125000000000064
7.739999999999878,0,0,3.296779981631474,3.296779981631474,46.125000000000064
7.749999999999877,0,0,3.2955041850323,3.2955041850323,46.125000000000064
7.759999999999877,0,0,3.29422871372509,3.29422871372509,46.125000000000064
7.769999999999877,0,0,3.2929535680175235,3.2929535680175235,46.125000000000064
7.779999999999877,0,0,3.29167874821718,3.29167874821718,46.125000000000064
7.789999999999877,0,0,3.292402725912609,3.292402725912609,46.125000000000064
7.799999999999876,0,0,3.291116660510056,3.291116660510056,46.125000000000064
7.809999999999876,0,0,3.289826782176405,3.289826782176405,46.125000000000064
7.819999999999876,0,0,3.2885372036108436,3.2885372036108436,46.125000000000064
7.829999999999876,0,0,3.287247925115949,3.287247925115949,46.125000000000064
7.8399999999998755,0,0,3.285958946994114,3.285958946994114,46.125000000000064
7.849999999999875,0,0,3.2846702695476466,3.2846702695476466,46.125000000000064
7.859999999999875,0,0,3.2833836158242207,3.2833836158242207,46.125000000000064
7.869999999999875,0,0,3.282098109483499,3.282098109483499,46.125000000000064
7.879999999999875,0,0,3.280812905015182,3.280812905015182,46.125000000000064
7.8899999999998744,0,0,3.279528002722074,3.279528002722074,46.125000000000064
7.899999999999874,0,0,3.278243402906938,3.278243402906938,46.125000000000064
7.909999999999874,0,0,3.2769591058723506,3.2769591058723506,46.125000000000064
7.919999999999874,0,0,3.2756751119207337,3.2756751119207337,46.125000000000064
7.929999999999874,0,0,3.2743914213544514,3.2743914213544514,46.125000000000064
7.939999999999873,0,0,3.2731080344756407,3.2731080344756407,46.125000000000064
7.949999999999873,0,0,3.271824951586325,3.271824951586325,46.125000000000064
7.959999999999873,0,0,3.2705421729884847,3.2705421729884847,46.125000000000064
7.969999999999873,0,0,3.2692596989838307,3.2692596989838307,46.125000000000064
7.9799999999998725,0,0,3.2679764075383417,3.2679764075383417,46.125000000000064
7.989999999999872,0,0,3.26668290586764,3.26668290586764,46.125000000000064
7.999999999999872,0,0,3.2653896970578558,3.2653896970578558,46.125000000000064
8.009999999999872,0,0,3.2640967814056268,3.2640967814056268,46.125000000000064
8.019999999999872,0,0,3.2628047046473654,3.2628047046473654,46.125000000000064
8.029999999999871,0,0,3.2615153649617525,3.2615153649617525,46.125000000000064
8.039999999999871,0,0,3.260226338360596,3.260226338360596,46.125000000000064
8.049999999999871,0,0,3.258937625147894,3.258937625147894,46.125000000000064
8.05999999999987,0,0,3.257649225627489,3.257649225627489,46.125000000000064
8.06999999999987,0,0,3.256361140103195,3.256361140103195,46.125000000000064
8.07999999999987,0,0,3.255073368878584,3.255073368878584,46.125000000000064
8.08999999999987,0,0,3.2537859122572286,3.2537859122572286,46.125000000000064
8.09999999999987,0,0,3.252498770542573,3.252498770542573,46.125000000000064
8.10999999999987,0,0,3.251211944037891,3.251211944037891,46.125000000000064
8.11999999999987,0,0,3.2499254330463714,3.2499254330463714,46.125000000000064
8.12999999999987,0,0,3.248639237871103,3.248639237871103,46.125000000000064
8.13999999999987,0,0,3.2473533588150474,3.2473533588150474,46.125000000000064
8.149999999999869,0,0,3.2460677961810376,3.2460677961810376,46.125000000000064
8.159999999999869,0,0,3.24478255027185,3.24478255027185,46.125000000000064
8.169999999999868,0,0,3.243494516976341,3.243494516976341,46.125000000000064
8.179999999999868,0,0,3.242198343667013,3.242198343667013,46.125000000000064
8.189999999999868,0,0,3.240905001772603,3.240905001772603,46.125000000000064
8.199999999999868,0,0,3.239612048111397,3.239612048111397,46.125000000000064
8.209999999999868,0,0,3.238319400801089,3.238319400801089,46.125000000000064
8.219999999999867,0,0,3.2370270601421254,3.2370270601421254,46.125000000000064
8.229999999999867,0,0,3.235735026434682,3.235735026434682,46.125000000000064
8.239999999999867,0,0,3.2364126252661833,3.2364126252661833,46.125000000000064
8.249999999999867,0,0,3.235116692437373,3.235116692437373,46.125000000000064
8.259999999999867,0,0,3.233821051256726,3.233821051256726,46.125000000000064
8.269999999999866,0,0,3.2325257020205527,3.2325257020205527,46.125000000000064
8.279999999999866,0,0,3.2312306450250787,3.2312306450250787,46.125000000000064
8.289999999999866,0,0,3.2299358805663303,3.2299358805663303,46.125000000000064
8.299999999999866,0,0,3.228641408940163,3.228641408940163,46.125000000000064
8.309999999999865,0,0,3.2273472304423336,3.2273472304423336,46.125000000000064
8.319999999999865,0,0,3.226053345368527,3.226053345368527,46.125000000000064
8.329999999999865,0,0,3.2247597540141726,3.2247597540141726,46.125000000000064
8.339999999999865,0,0,3.2234680447119217,3.2234680447119217,46.125000000000064
8.349999999999865,0,0,3.2221776728979847,3.2221776728979847,46.125000000000064
8.359999999999864,0,0,3.220884167798019,3.220884167798019,46.125000000000064
8.369999999999864,0,0,3.2195828512203093,3.2195828512203093,46.125000000000064
8.379999999999864,0,0,3.218281817347588,3.218281817347588,46.125000000000064
8.389999999999864,0,0,3.2169810664710923,3.2169810664710923,46.125000000000064
8.399999999999864,0,0,3.21568059888169,3.21568059888169,46.125000000000064
8.409999999999863,0,0,3.21438041487022,3.21438041487022,46.125000000000064
8.419999999999863,0,0,3.2130813800965115,3.2130813800965115,46.125000000000064
8.429999999999863,0,0,3.211784403632606,3.211784403632606,46.125000000000064
8.439999999999863,0,0,3.2104877150369475,3.2104877150369475,46.125000000000064
8.449999999999863,0,0,3.2091913146074518,3.2091913146074518,46.125000000000064
8.459999999999862,0,0,3.207895406655439,3.207895406655439,46.125000000000064
8.469999999999862,0,0,3.206599964333307,3.206599964333307,46.125000000000064
8.479999999999862,0,0,3.2053048272317,3.2053048272317,46.125000000000064
8.489999999999862,0,0,3.204009995649585,3.204009995649585,46.125000000000064
8.499999999999861,0,0,3.2027154698860727,3.2027154698860727,46.125000000000064
8.509999999999861,0,0,3.201421250239946,3.201421250239946,46.125000000000064
8.519999999999861,0,0,3.200127337010059,3.200127337010059,46.125000000000064
8.52999999999986,0,0,3.198833730495025,3.198833730495025,46.125000000000064
8.53999999999986,0,0,3.1975404309934703,3.1975404309934703,46.125000000000064
8.54999999999986,0,0,3.196245363989391,3.196245363989391,46.125000000000064
8.55999999999986,0,0,3.1949412218511384,3.1949412218511384,46.125000000000064
8.56999999999986,0,0,3.19363737553617,3.19363737553617,46.125000000000064
8.57999999999986,0,0,3.1923338253392757,3.1923338253392757,46.125000000000064
8.58999999999986,0,0,3.1910305715551885,3.1910305715551885,46.125000000000064
8.59999999999986,0,0,3.1897276144784996,3.1897276144784996,46.125000000000064
8.609999999999859,0,0,3.188424954403743,3.188424954403743,46.125000000000064
8.619999999999859,0,0,3.187122591625254,3.187122591625254,46.125000000000064
8.629999999999859,0,0,3.1858205264373822,3.1858205264373822,46.125000000000064
8.639999999999858,0,0,3.1845187591342636,3.1845187591342636,46.125000000000064
8.649999999999858,0,0,3.1832172900100204,3.1832172900100204,46.125000000000064
8.659999999999858,0,0,3.1819180079879033,3.1819180079879033,46.125000000000064
8.669999999999858,0,0,3.1806206621991606,3.1806206621991606,46.125000000000064
8.679999999999858,0,0,3.179325354164277,3.179325354164277,46.125000000000064
8.689999999999857,0,0,3.179957631606271,3.179957631606271,46.125000000000064
8.699999999999857,0,0,3.178655691866936,3.178655691866936,46.125000000000064
8.709999999999857,0,0,3.177354035392895,3.177354035392895,46.125000000000064
8.719999999999857,0,0,3.176052662473836,3.176052662473836,46.125000000000064
8.729999999999857,0,0,3.174751573399348,3.174751573399348,46.125000000000064
8.739999999999856,0,0,3.1734507684588777,3.1734507684588777,46.125000000000064
8.749999999999856,0,0,3.172139697691833,3.172139697691833,46.125000000000064
8.759999999999856,0,0,3.170827963119237,3.170827963119237,46.125000000000064
8.769999999999856,0,0,3.1695165004388315,3.1695165004388315,46.125000000000064
8.779999999999855,0,0,3.168205309933711,3.168205309933711,46.125000000000064
8.789999999999855,0,0,3.166894391886899,3.166894391886899,46.125000000000064
8.799999999999855,0,0,3.1655837465812624,3.1655837465812624,46.125000000000064
8.809999999999855,0,0,3.1642772811425175,3.1642772811425175,46.125000000000064
8.819999999999855,0,0,3.1629726160218894,3.1629726160218894,46.125000000000064
8.829999999999854,0,0,3.161668228530047,3.161668228530047,46.125000000000064
8.839999999999854,0,0,3.1603641189593077,3.1603641189593077,46.125000000000064
8.849999999999854,0,0,3.1590602876016476,3.1590602876016476,46.125000000000064
8.859999999999854,0,0,3.157756734749114,3.157756734749114,46.125000000000064
8.869999999999854,0,0,3.1564534606935553,3.1564534606935553,46.125000000000064
8.879999999999853,0,0,3.1551504657266918,3.1551504657266918,46.125000000000064
8.889999999999853,0,0,3.153847794222486,3.153847794222486,46.125000000000064
8.899999999999853,0,0,3.1525457326264785,3.1525457326264785,46.125000000000064
8.909999999999853,0,0,3.151243967600422,3.151243967600422,46.125000000000064
8.919999999999852,0,0,3.149942499438424,3.149942499438424,46.125000000000064
8.929999999999852,0,0,3.148641328434408,3.148641328434408,46.125000000000064
8.939999999999852,0,0,3.147334691906565,3.147334691906565,46.125000000000064
8.949999999999852,0,0,3.146022758912096,3.146022758912096,46.125000000000064
8.959999999999852,0,0,3.144711111671697,3.144711111671697,46.125000000000064
8.969999999999851,0,0,3.1433997504751687,3.1433997504751687,46.125000000000064
8.979999999999851,0,0,3.1420886756122,3.1420886756122,46.125000000000064
8.989999999999851,0,0,3.140777887372309,3.140777887372309,46.125000000000064
8.99999999999985,0,0,3.139467386045027,3.139467386045027,46.125000000000064
9.00999999999985,0,0,3.1381571719196586,3.1381571719196586,46.125000000000064
9.01999999999985,0,0,3.136847245285523,3.136847245285523,46.125000000000064
9.02999999999985,0,0,3.1355376064317824,3.1355376064317824,46.125000000000064
9.03999999999985,0,0,3.134228255647514,3.134228255647514,46.125000000000064
9.04999999999985,0,0,3.132919193221724,3.132919193221724,46.125000000000064
9.05999999999985,0,0,3.1316129289530608,3.1316129289530608,46.125000000000064
9.06999999999985,0,0,3.1303071454191524,3.1303071454191524,46.125000000000064
9.079999999999849,0,0,3.129001654303707,3.129001654303707,46.125000000000064
9.089999999999849,0,0,3.127696455901898,3.127696455901898,46.125000000000064
9.099999999999849,0,0,3.1263915505086715,3.1263915505086715,46.125000000000064
9.109999999999848,0,0,3.1250869384190025,3.1250869384190025,46.125000000000064
9.119999999999848,0,0,3.1256672805719603,3.1256672805719603,46.125000000000064
9.129999999999848,0,0,3.1243585241356584,3.1243585241356584,46.125000000000064
9.139999999999848,0,0,3.1230392572201566,3.1230392572201566,46.125000000000064
9.149999999999848,0,0,3.1217196557129228,3.1217196557129228,46.125000000000064
9.159999999999847,0,0,3.1204003152134874,3.1204003152134874,46.125000000000064
9.169999999999847,0,0,3.1190812359982374,3.1190812359982374,46.125000000000064
9.179999999999847,0,0,3.1177624183434034,3.1177624183434034,46.125000000000064
9.189999999999847,0,0,3.116445027262941,3.116445027262941,46.125000000000064
9.199999999999847,0,0,3.115129514642092,3.115129514642092,46.125000000000064
9.209999999999846,0,0,3.1138142681911916,3.1138142681911916,46.125000000000064
9.219999999999846,0,0,3.1124992881949396,3.1124992881949396,46.125000000000064
9.229999999999846,0,0,3.1111845749378944,3.1111845749378944,46.125000000000064
9.239999999999846,0,0,3.109870128704543,3.109870128704543,46.125000000000064
9.249999999999845,0,0,3.108555949779202,3.108555949779202,46.125000000000064
9.259999999999845,0,0,3.1072430617648195,3.1072430617648195,46.125000000000064
9.269999999999845,0,0,3.105932177112493,3.105932177112493,46.125000000000064
9.279999999999845,0,0,3.1046215610836185,3.1046215610836185,46.125000000000064
9.289999999999845,0,0,3.1033112139636643,3.1033112139636643,46.125000000000064
9.299999999999844,0,0,3.102001136037998,3.102001136037998,46.125000000000064
9.309999999999844,0,0,3.100691327591875,3.100691327591875,46.125000000000064
9.319999999999844,0,0,3.099382015323485,3.099382015323485,46.125000000000064
9.329999999999844,0,0,3.0980704738488356,3.0980704738488356,46.125000000000064
9.339999999999844,0,0,3.0967506288601356,3.0967506288601356,46.125000000000064
9.349999999999843,0,0,3.095431059080582,3.095431059080582,46.125000000000064
9.359999999999843,0,0,3.094111764794519,3.094111764794519,46.125000000000064
9.369999999999843,0,0,3.0927927462863067,3.0927927462863067,46.125000000000064
9.379999999999843,0,0,3.091474003840119,3.091474003840119,46.125000000000064
9.389999999999842,0,0,3.090155537740074,3.090155537740074,46.125000000000064
9.399999999999842,0,0,3.0888373482702036,3.0888373482702036,46.125000000000064
9.409999999999842,0,0,3.0875194357143982,3.0875194357143982,46.125000000000064
9.419999999999842,0,0,3.0862018003565908,3.0862018003565908,46.125000000000064
9.429999999999842,0,0,3.084885279501762,3.084885279501762,46.125000000000064
9.439999999999841,0,0,3.083570939109862,3.083570939109862,46.125000000000064
9.449999999999841,0,0,3.0822568800855947,3.0822568800855947,46.125000000000064
9.459999999999841,0,0,3.080943102719445,3.080943102719445,46.125000000000064
9.46999999999984,0,0,3.0796296073019676,3.0796296073019676,46.125000000000064
9.47999999999984,0,0,3.0783163941234193,3.0783163941234193,46.125000000000064
9.48999999999984,0,0,3.0770034634741563,3.0770034634741563,46.125000000000064
9.49999999999984,0,0,3.075690815644265,3.075690815644265,46.125000000000064
9.50999999999984,0,0,3.074378450923959,3.074378450923959,46.125000000000064
9.51999999999984,0,0,3.0730663696031826,3.0730663696031826,46.125000000000064
9.52999999999984,0,0,3.071750410617369,3.071750410617369,46.125000000000064
9.53999999999984,0,0,3.070427719165636,3.070427719165636,46.125000000000064
9.549999999999839,0,0,3.0709327715630366,3.0709327715630366,46.125000000000064
9.559999999999839,0,0,3.0696059873075114,3.0696059873075114,46.125000000000064
9.569999999999839,0,0,3.06828195216994,3.06828195216994,46.125000000000064
9.579999999999838,0,0,3.066958171368171,3.066958171368171,46.125000000000064
9.589999999999838,0,0,3.065634645180623,3.065634645180623,46.125000000000064
9.599999999999838,0,0,3.064311373885417,3.064311373885417,46.125000000000064
9.609999999999838,0,0,3.0629883577607444,3.0629883577607444,46.125000000000064
9.619999999999838,0,0,3.0616655970845557,3.0616655970845557,46.125000000000064
9.629999999999837,0,0,3.0603430921347154,3.0603430921347154,46.125000000000064
9.639999999999837,0,0,3.0590208431889323,3.0590208431889323,46.125000000000064
9.649999999999837,0,0,3.057698850524858,3.057698850524858,46.125000000000064
9.659999999999837,0,0,3.0563771144199166,3.0563771144199166,46.125000000000064
9.669999999999837,0,0,3.05505563515149,3.05505563515149,46.125000000000064
9.679999999999836,0,0,3.0537344129968176,3.0537344129968176,46.125000000000064
9.689999999999836,0,0,3.052413448232997,3.052413448232997,46.125000000000064
9.699999999999836,0,0,3.0510927411369977,3.0510927411369977,46.125000000000064
9.709999999999836,0,0,3.049774691489347,3.049774691489347,46.125000000000064
9.719999999999835,0,0,3.0484573307069667,3.0484573307069667,46.125000000000064
9.729999999999835,0,0,3.0471362779530153,3.0471362779530153,46.125000000000064
9.739999999999835,0,0,3.045808656135975,3.045808656135975,46.125000000000064
9.749999999999835,0,0,3.0444813114692266,3.0444813114692266,46.125000000000064
9.759999999999835,0,0,3.043154231535965,3.043154231535965,46.125000000000064
9.769999999999834,0,0,3.0418274166146375,3.0418274166146375,46.125000000000064
9.779999999999834,0,0,3.0405008669835922,3.0405008669835922,46.125000000000064
9.789999999999834,0,0,3.0391745829211487,3.0391745829211487,46.125000000000064
9.799999999999834,0,0,3.037849655297009,3.037849655297009,46.125000000000064
9.809999999999834,0,0,3.036526683569676,3.036526683569676,46.125000000000064
9.819999999999833,0,0,3.0352039816989134,3.0352039816989134,46.125000000000064
9.829999999999833,0,0,3.033881549970218,3.033881549970218,46.125000000000064
9.839999999999833,0,0,3.0325593886692133,3.0325593886692133,46.125000000000064
9.849999999999833,0,0,3.0312374980812393,3.0312374980812393,46.125000000000064
9.859999999999832,0,0,3.029915878491636,3.029915878491636,46.125000000000064
9.869999999999832,0,0,3.028594530185657,3.028594530185657,46.125000000000064
9.879999999999832,0,0,3.027273453448487,3.027273453448487,46.125000000000064
9.889999999999832,0,0,3.02595264856528,3.02595264856528,46.125000000000064
9.899999999999832,0,0,3.0246321158210066,3.0246321158210066,46.125000000000064
9.909999999999831,0,0,3.0233118555006513,3.0233118555006513,46.125000000000064
9.919999999999831,0,0,3.021991867889014,3.021991867889014,46.125000000000064
9.929999999999831,0,0,3.020670152559717,3.020670152559717,46.125000000000064
9.93999999999983,0,0,3.0193396424748187,3.0193396424748187,46.125000000000064
9.94999999999983,0,0,3.0180093932358574,3.0180093932358574,46.125000000000064
9.95999999999983,0,0,3.018465200164556,3.018465200164556,46.125000000000064
9.96999999999983,0,0,3.017133286931582,3.017133286931582,46.125000000000064
9.97999999999983,0,0,3.0158016165292594,3.0158016165292594,46.125000000000064
9.98999999999983,0,0,3.0144701892286605,3.0144701892286605,46.125000000000064
9.99999999999983,0,0,3.013139005300843,3.013139005300843,46.125000000000064
10.00999999999983,0,0,3.0118080650166092,3.0118080650166092,46.125000000000064
10.019999999999829,0,0,3.0104773686466757,3.0104773686466757,46.125000000000064
10.029999999999829,0,0,3.009146916461688,3.009146916461688,46.125000000000064
10.039999999999829,0,0,3.0078167087321503,3.0078167087321503,46.125000000000064
10.049999999999828,0,0,3.0064867457284095,3.0064867457284095,46.125000000000064
10.059999999999828,0,0,3.005157027720685,3.005157027720685,46.125000000000064
10.069999999999828,0,0,3.0038275549790825,3.0038275549790825,46.125000000000064
10.079999999999828,0,0,3.0024983277736084,3.0024983277736084,46.125000000000064
10.089999999999828,0,0,3.0011693463741125,3.0011693463741125,46.125000000000064
10.099999999999827,0,0,2.999840611050317,2.999840611050317,46.125000000000064
10.109999999999827,0,0,2.9985121220718014,2.9985121220718014,46.125000000000064
10.119999999999827,0,0,2.9971838797080466,2.9971838797080466,46.125000000000064
10.129999999999827,0,0,2.995855884228476,2.995855884228476,46.125000000000064
10.139999999999826,0,0,2.9945197842643125,2.9945197842643125,46.125000000000064
10.149999999999826,0,0,2.9931845720122823,2.9931845720122823,46.125000000000064
10.159999999999826,0,0,2.9918499706978707,2.9918499706978707,46.125000000000064
10.169999999999826,0,0,2.990518080174084,2.990518080174084,46.125000000000064
10.179999999999826,0,0,2.9891864451606693,2.9891864451606693,46.125000000000064
10.189999999999825,0,0,2.9878550659330045,2.9878550659330045,46.125000000000064
10.199999999999825,0,0,2.986523942766368,2.986523942766368,46.125000000000064
10.209999999999825,0,0,2.985193075935868,2.985193075935868,46.125000000000064
10.219999999999825,0,0,2.9838624657166406,2.9838624657166406,46.125000000000064
10.229999999999825,0,0,2.9825321123836375,2.9825321123836375,46.125000000000064
10.239999999999824,0,0,2.981202016211796,2.981202016211796,46.125000000000064
10.249999999999824,0,0,2.980625861742567,2.980625861742567,46.125000000000064
10.259999999999824,0,0,2.9792095931110225,2.9792095931110225,46.125000000000064
10.269999999999824,0,0,2.977793440553981,2.977793440553981,46.125000000000064
10.279999999999824,0,0,2.9763774040132063,2.9763774040132063,46.125000000000064
10.289999999999823,0,0,2.9749614834294817,2.9749614834294817,46.125000000000064
10.299999999999823,0,0,2.973545678742539,2.973545678742539,46.125000000000064
10.309999999999823,0,0,2.9721299898911155,2.9721299898911155,46.125000000000064
10.319999999999823,0,0,2.9707144168129673,2.9707144168129673,46.125000000000064
10.329999999999822,0,0,2.9692989594447994,2.9692989594447994,46.125000000000064
10.339999999999822,0,0,2.9678836177222365,2.9678836177222365,46.125000000000064
10.349999999999822,0,0,2.9664683915799515,2.9664683915799515,46.125000000000064
10.359999999999822,0,0,2.9650575193921185,2.9650575193921185,46.125000000000064
10.369999999999822,0,0,2.9636481540316595,2.9636481540316595,46.125000000000064
10.379999999999821,0,0,2.9622412599378833,2.9622412599378833,46.125000000000064
10.389999999999821,0,0,2.9608355588169673,2.9608355588169673,46.125000000000064
10.399999999999821,0,0,2.959429720750194,2.959429720750194,46.125000000000064
10.40999999999982,0,0,2.9580278837439806,2.9580278837439806,46.125000000000064
10.41999999999982,0,0,2.956625721056696,2.956625721056696,46.125000000000064
10.42999999999982,0,0,2.9552232347834035,2.9552232347834035,46.125000000000064
10.43999999999982,0,0,2.953820426993218,2.953820426993218,46.125000000000064
10.44999999999982,0,0,2.952417299729447,2.952417299729447,46.125000000000064
10.45999999999982,0,0,2.9510138550098475,2.9510138550098475,46.125000000000064
10.46999999999982,0,0,2.949610094826795,2.949610094826795,46.125000000000064
10.47999999999982,0,0,2.9482060211474277,2.9482060211474277,46.125000000000064
10.489999999999819,0,0,2.9468016359139426,2.9468016359139426,46.125000000000064
10.499999999999819,0,0,2.9453969410437395,2.9453969410437395,46.125000000000064
10.509999999999819,0,0,2.9439919384294626,2.9439919384294626,46.125000000000064
10.519999999999818,0,0,2.9425866299393846,2.9425866299393846,46.125000000000064
10.529999999999818,0,0,2.941182650095328,2.941182650095328,46.125000000000064
10.539999999999818,0,0,2.9397811193642127,2.9397811193642127,46.125000000000064
10.549999999999818,0,0,2.9383793054457783,2.9383793054457783,46.125000000000064
10.559999999999818,0,0,2.936976444088657,2.936976444088657,46.125000000000064
10.569999999999817,0,0,2.9355734173626757,2.9355734173626757,46.125000000000064
10.579999999999817,0,0,2.9341705193268552,2.9341705193268552,46.125000000000064
10.589999999999817,0,0,2.932767819232268,2.932767819232268,46.125000000000064
10.599999999999817,0,0,2.9313697894510398,2.9313697894510398,46.125000000000064
10.609999999999816,0,0,2.9299718902089182,2.9299718902089182,46.125000000000064
10.619999999999816,0,0,2.9285834314842845,2.9285834314842845,46.125000000000064
10.629999999999816,0,0,2.927195589981906,2.927195589981906,46.125000000000064
10.639999999999816,0,0,2.925807419961586,2.925807419961586,46.125000000000064
10.649999999999816,0,0,2.924418923790256,2.924418923790256,46.125000000000064
10.659999999999815,0,0,2.923030103807818,2.923030103807818,46.125000000000064
10.669999999999815,0,0,2.9216409623271744,2.9216409623271744,46.125000000000064
10.679999999999815,0,0,2.920251501634553,2.920251501634553,46.125000000000064
10.689999999999815,0,0,2.918864648959996,2.918864648959996,46.125000000000064
10.699999999999815,0,0,2.917478671390043,2.917478671390043,46.125000000000064
10.709999999999814,0,0,2.91609239791255,2.91609239791255,46.125000000000064
10.719999999999814,0,0,2.914705830734775,2.914705830734775,46.125000000000064
10.729999999999814,0,0,2.91331897203915,2.91331897203915,46.125000000000064
10.739999999999814,0,0,2.9119318239831244,2.9119318239831244,46.125000000000064
10.749999999999813,0,0,2.910544388699705,2.910544388699705,46.125000000000064
10.759999999999813,0,0,2.90915666829747,2.90915666829747,46.125000000000064
10.769999999999813,0,0,2.9077686648608108,2.9077686648608108,46.125000000000064
10.779999999999813,0,0,2.9063803804501163,2.9063803804501163,46.125000000000064
10.789999999999813,0,0,2.904991817101916,2.904991817101916,46.125000000000064
10.799999999999812,0,0,2.9036072188048507,2.9036072188048507,46.125000000000064
10.809999999999812,0,0,2.9022225290752743,2.9022225290752743,46.125000000000064
10.819999999999812,0,0,2.9008375758583753,2.9008375758583753,46.125000000000064
10.829999999999812,0,0,2.8994523610531644,2.8994523610531644,46.125000000000064
10.839999999999812,0,0,2.898066886536242,2.898066886536242,46.125000000000064
10.849999999999811,0,0,2.8966836516134293,2.8966836516134293,46.125000000000064
10.859999999999811,0,0,2.8953017797438463,2.8953017797438463,46.125000000000064
10.869999999999811,0,0,2.8939196690609634,2.8939196690609634,46.125000000000064
10.87999999999981,0,0,2.89254826603009,2.89254826603009,46.125000000000064
10.88999999999981,0,0,2.8911770184227095,2.8911770184227095,46.125000000000064
10.89999999999981,0,0,2.8898054658233434,2.8898054658233434,46.125000000000064
10.90999999999981,0,0,2.888433610778449,2.888433610778449,46.125000000000064
10.91999999999981,0,0,2.8870614558075687,2.8870614558075687,46.125000000000064
10.92999999999981,0,0,2.8856890034036127,2.8856890034036127,46.125000000000064
10.93999999999981,0,0,2.884316256033088,2.884316256033088,46.125000000000064
10.94999999999981,0,0,2.8829432161362973,2.8829432161362973,46.125000000000064
10.959999999999809,0,0,2.881569886127579,2.881569886127579,46.125000000000064
10.969999999999809,0,0,2.8801962683954656,2.8801962683954656,46.125000000000064
10.979999999999809,0,0,2.8788223653029945,2.8788223653029945,46.125000000000064
10.989999999999808,0,0,2.877448179187823,2.877448179187823,46.125000000000064
10.999999999999808,0,0,2.876074031090724,2.876074031090724,46.125000000000064
11.009999999999808,0,0,2.874703492357696,2.874703492357696,46.125000000000064
11.019999999999808,0,0,2.8733351982702544,2.8733351982702544,46.125000000000064
11.029999999999808,0,0,2.871967984506398,2.871967984506398,46.125000000000064
11.039999999999807,0,0,2.870600523614627,2.870600523614627,46.125000000000064
11.049999999999807,0,0,2.869232817741974,2.869232817741974,46.125000000000064
11.059999999999807,0,0,2.8678648690128057,2.8678648690128057,46.125000000000064
11.069999999999807,0,0,2.8664966795290923,2.8664966795290923,46.125000000000064
11.079999999999806,0,0,2.8651282513704786,2.8651282513704786,46.125000000000064
11.089999999999806,0,0,2.8637595865946253,2.8637595865946253,46.125000000000064
11.099999999999806,0,0,2.862390687237209,2.862390687237209,46.125000000000064
11.109999999999806,0,0,2.861021555312334,2.861021555312334,46.125000000000064
11.119999999999806,0,0,2.859652192812419,2.859652192812419,46.125000000000064
11.129999999999805,0,0,2.8582833376318604,2.8582833376318604,46.125000000000064
11.139999999999805,0,0,2.856924960571149,2.856924960571149,46.125000000000064
11.149999999999805,0,0,2.855566284281153,2.855566284281153,46.125000000000064
11.159999999999805,0,0,2.854207311492857,2.854207311492857,46.125000000000064
11.169999999999805,0,0,2.8528480449096065,2.8528480449096065,46.125000000000064
11.179999999999804,0,0,2.8514884872075896,2.8514884872075896,46.125000000000064
11.189999999999804,0,0,2.850129563898861,2.850129563898861,46.125000000000064
11.199999999999804,0,0,2.8487730963460223,2.8487730963460223,46.125000000000064
11.209999999999804,0,0,2.8474163603075766,2.8474163603075766,46.125000000000064
11.219999999999803,0,0,2.846059908986888,2.846059908986888,46.125000000000064
11.229999999999803,0,0,2.8447065514916687,2.8447065514916687,46.125000000000064
11.239999999999803,0,0,2.8433529430019178,2.8433529430019178,46.125000000000064
11.249999999999803,0,0,2.8419990859391504,2.8419990859391504,46.125000000000064
11.259999999999803,0,0,2.8406449827005957,2.8406449827005957,46.125000000000064
11.269999999999802,0,0,2.8392906356596654,2.8392906356596654,46.125000000000064
11.279999999999802,0,0,2.8379360471659822,2.8379360471659822,46.125000000000064
11.289999999999802,0,0,2.8365812195456783,2.8365812195456783,46.125000000000064
11.299999999999802,0,0,2.835226155101523,2.835226155101523,46.125000000000064
11.309999999999802,0,0,2.8338708561131796,2.8338708561131796,46.125000000000064
11.319999999999801,0,0,2.8325153248374164,2.8325153248374164,46.125000000000064
11.329999999999801,0,0,2.831159563508237,2.831159563508237,46.125000000000064
11.339999999999801,0,0,2.829803574337163,2.829803574337163,46.125000000000064
11.3499999999998,0,0,2.828447359513305,2.828447359513305,46.125000000000064
11.3599999999998,0,0,2.827090921203691,2.827090921203691,46.125000000000064
11.3699999999998,0,0,2.82573491170956,2.82573491170956,46.125000000000064
11.3799999999998,0,0,2.8243817250541383,2.8243817250541383,46.125000000000064
11.3899999999998,0,0,2.823031181747396,2.823031181747396,46.125000000000064
11.3999999999998,0,0,2.8216886997793864,2.8216886997793864,46.125000000000064
11.4099999999998,0,0,2.8203459427784168,2.8203459427784168,46.125000000000064
11.4199999999998,0,0,2.8190029136068944,2.8190029136068944,46.125000000000064
11.429999999999799,0,0,2.817659615099913,2.817659615099913,46.125000000000064
11.439999999999799,0,0,2.81631605006541,2.81631605006541,46.125000000000064
11.449999999999799,0,0,2.8149722212845347,2.8149722212845347,46.125000000000064
11.459999999999798,0,0,2.813631761101391,2.813631761101391,46.125000000000064
11.469999999999798,0,0,2.812291119236477,2.812291119236477,46.125000000000064
11.479999999999798,0,0,2.810950231995605,2.810950231995605,46.125000000000064
11.489999999999798,0,0,2.8096091019773723,2.8096091019773723,46.125000000000064
11.499999999999797,0,0,2.808267731755336,2.808267731755336,46.125000000000064
11.509999999999797,0,0,2.80692612387854,2.80692612387854,46.125000000000064
11.519999999999797,0,0,2.8055842808714573,2.8055842808714573,46.125000000000064
11.529999999999797,0,0,2.804242205234331,2.804242205234331,46.125000000000064
11.539999999999797,0,0,2.8028998994433465,2.8028998994433465,46.125000000000064
11.549999999999796,0,0,2.801557365950927,2.801557365950927,46.125000000000064
11.559999999999796,0,0,2.8002146071857936,2.8002146071857936,46.125000000000064
11.569999999999796,0,0,2.7988749805901705,2.7988749805901705,46.125000000000064
11.579999999999796,0,0,2.7975352262775033,2.7975352262775033,46.125000000000064
11.589999999999796,0,0,2.7961952667393746,2.7961952667393746,46.125000000000064
11.599999999999795,0,0,2.794855104298307,2.794855104298307,46.125000000000064
11.609999999999795,0,0,2.7935147412547536,2.7935147412547536,46.125000000000064
11.619999999999795,0,0,2.792174179887141,2.792174179887141,46.125000000000064
11.629999999999795,0,0,2.790833422452323,2.790833422452323,46.125000000000064
11.639999999999795,0,0,2.7894924711855538,2.7894924711855538,46.125000000000064
11.649999999999794,0,0,2.7881574818721475,2.7881574818721475,46.125000000000064
11.659999999999794,0,0,2.7868271545617205,2.7868271545617205,46.125000000000064
11.669999999999794,0,0,2.7854965629651502,2.7854965629651502,46.125000000000064
11.679999999999794,0,0,2.784165710073168,2.784165710073168,46.125000000000064
11.689999999999793,0,0,2.7828345988488934,2.7828345988488934,46.125000000000064
11.699999999999793,0,0,2.781504513713628,2.781504513713628,46.125000000000064
11.709999999999793,0,0,2.7801763873208643,2.7801763873208643,46.125000000000064
11.719999999999793,0,0,2.778848021870928,2.778848021870928,46.125000000000064
11.729999999999793,0,0,2.77751942012992,2.77751942012992,46.125000000000064
11.739999999999792,0,0,2.776190584838332,2.776190584838332,46.125000000000064
11.749999999999792,0,0,2.7748615187112193,2.7748615187112193,46.125000000000064
11.759999999999792,0,0,2.7735322244385117,2.7735322244385117,46.125000000000064
11.769999999999792,0,0,2.772205732431104,2.772205732431104,46.125000000000064
11.779999999999792,0,0,2.770879180713834,2.770879180713834,46.125000000000064
11.789999999999791,0,0,2.7695524213105642,2.7695524213105642,46.125000000000064
11.799999999999791,0,0,2.768225456784819,2.768225456784819,46.125000000000064
11.80999999999979,0,0,2.766898289676405,2.766898289676405,46.125000000000064
11.81999999999979,0,0,2.765570922501894,2.765570922501894,46.125000000000064
11.82999999999979,0,0,2.7642433577546797,2.7642433577546797,46.125000000000064
11.83999999999979,0,0,2.7629155979051347,2.7629155979051347,46.125000000000064
11.84999999999979,0,0,2.761587645401036,2.761587645401036,46.125000000000064
11.85999999999979,0,0,2.760259502667452,2.760259502667452,46.125000000000064
11.86999999999979,0,0,2.7589311721072107,2.7589311721072107,46.125000000000064
11.87999999999979,0,0,2.7576026561009286,2.7576026561009286,46.125000000000064
11.88999999999979,0,0,2.7562739570073376,2.7562739570073376,46.125000000000064
11.899999999999789,0,0,2.7549450771632706,2.7549450771632706,46.125000000000064
11.909999999999789,0,0,2.7536268437849003,2.7536268437849003,46.125000000000064
11.919999999999789,0,0,2.7523084339203905,2.7523084339203905,46.125000000000064
11.929999999999788,0,0,2.7509897719010894,2.7509897719010894,46.125000000000064
11.939999999999788,0,0,2.7496708608277487,2.7496708608277487,46.125000000000064
11.949999999999788,0,0,2.748351703773139,2.748351703773139,46.125000000000064
11.959999999999788,0,0,2.747032303782234,2.747032303782234,46.125000000000064
11.969999999999787,0,0,2.745715806761794,2.745715806761794,46.125000000000064
11.979999999999787,0,0,2.7444018030159896,2.7444018030159896,46.125000000000064
11.989999999999787,0,0,2.7430879219307798,2.7430879219307798,46.125000000000064
11.999999999999787,0,0,2.7417738330942854,2.7417738330942854,46.125000000000064
12.009999999999787,0,0,2.740459539311175,2.740459539311175,46.125000000000064
12.019999999999786,0,0,2.7391450433613613,2.7391450433613613,46.125000000000064
12.029999999999786,0,0,2.7378303480004718,2.7378303480004718,46.125000000000064
12.039999999999786,0,0,2.7365154559599745,2.7365154559599745,46.125000000000064
12.049999999999786,0,0,2.7352003699472505,2.7352003699472505,46.125000000000064
12.059999999999786,0,0,2.733885092645963,2.733885092645963,46.125000000000064
12.069999999999785,0,0,2.7325696267161135,2.7325696267161135,46.125000000000064
12.079999999999785,0,0,2.7312539747943276,2.7312539747943276,46.125000000000064
12.089999999999785,0,0,2.7299381394939815,2.7299381394939815,46.125000000000064
12.099999999999785,0,0,2.7286221234054295,2.7286221234054295,46.125000000000064
12.109999999999784,0,0,2.7273059290961754,2.7273059290961754,46.125000000000064
12.119999999999784,0,0,2.725989559111099,2.725989559111099,46.125000000000064
12.129999999999784,0,0,2.724673015972556,2.724673015972556,46.125000000000064
12.139999999999784,0,0,2.7233563021806617,2.7233563021806617,46.125000000000064
12.149999999999784,0,0,2.7220394202133775,2.7220394202133775,46.125000000000064
12.159999999999783,0,0,2.7207290410942733,2.7207290410942733,46.125000000000064
12.169999999999783,0,0,2.719422984058326,2.719422984058326,46.125000000000064
12.179999999999783,0,0,2.7181166756220705,2.7181166756220705,46.125000000000064
12.189999999999783,0,0,2.716810118247537,2.716810118247537,46.125000000000064
12.199999999999783,0,0,2.715503314372498,2.715503314372498,46.125000000000064
12.209999999999782,0,0,2.7141962664110224,2.7141962664110224,46.125000000000064
12.219999999999782,0,0,2.7128889767535753,2.7128889767535753,46.125000000000064
12.229999999999782,0,0,2.711581447767145,2.711581447767145,46.125000000000064
12.239999999999782,0,0,2.7102736817957975,2.7102736817957975,46.125000000000064
12.249999999999782,0,0,2.7089665330386765,2.7089665330386765,46.125000000000064
12.259999999999781,0,0,2.7076613994005356,2.7076613994005356,46.125000000000064
12.269999999999781,0,0,2.706356046747075,2.706356046747075,46.125000000000064
12.27999999999978,0,0,2.705050477244427,2.705050477244427,46.125000000000064
12.28999999999978,0,0,2.7037446930377342,2.7037446930377342,46.125000000000064
12.29999999999978,0,0,2.702438696251363,2.702438696251363,46.125000000000064
12.30999999999978,0,0,2.7011324889890176,2.7011324889890176,46.125000000000064
12.31999999999978,0,0,2.6998260733341084,2.6998260733341084,46.125000000000064
12.32999999999978,0,0,2.698519451349796,2.698519451349796,46.125000000000064
12.33999999999978,0,0,2.6972126250793735,2.6972126250793735,46.125000000000064
12.34999999999978,0,0,2.695905596546268,2.695905596546268,46.125000000000064
12.35999999999978,0,0,2.6945983677544376,2.6945983677544376,46.125000000000064
12.369999999999779,0,0,2.6932909406884846,2.6932909406884846,46.125000000000064
12.379999999999779,0,0,2.691983317313799,2.691983317313799,46.125000000000064
12.389999999999779,0,0,2.690675499576855,2.690675499576855,46.125000000000064
12.399999999999778,0,0,2.6893674894053277,2.6893674894053277,46.125000000000064
12.409999999999778,0,0,2.688058166975125,2.688058166975125,46.125000000000064
12.419999999999778,0,0,2.686747220537484,2.686747220537484,46.125000000000064
12.429999999999778,0,0,2.6854365247352234,2.6854365247352234,46.125000000000064
12.439999999999777,0,0,2.684126079931673,2.684126079931673,46.125000000000064
12.449999999999777,0,0,2.682815886490431,2.682815886490431,46.125000000000064
12.459999999999777,0,0,2.6815059447751395,2.6815059447751395,46.125000000000064
12.469999999999777,0,0,2.6801962551496814,2.6801962551496814,46.125000000000064
12.479999999999777,0,0,2.678886817978011,2.678886817978011,46.125000000000064
12.489999999999776,0,0,2.677577633624324,2.677577633624324,46.125000000000064
12.499999999999776,0,0,2.676268702452873,2.676268702452873,46.125000000000064
12.509999999999776,0,0,2.67496002482811,2.67496002482811,46.125000000000064
12.519999999999776,0,0,2.673651601114628,2.673651601114628,46.125000000000064
12.529999999999776,0,0,2.6723434316772057,2.6723434316772057,46.125000000000064
12.539999999999775,0,0,2.6710355168806785,2.6710355168806785,46.125000000000064
12.549999999999775,0,0,2.6697303397489662,2.6697303397489662,46.125000000000064
12.559999999999775,0,0,2.668426092445074,2.668426092445074,46.125000000000064
12.569999999999775,0,0,2.6671221005130406,2.6671221005130406,46.125000000000064
12.579999999999774,0,0,2.665818364319506,2.665818364319506,46.125000000000064
12.589999999999774,0,0,2.66451488423111,2.66451488423111,46.125000000000064
12.599999999999774,0,0,2.6632116606147633,2.6632116606147633,46.125000000000064
12.609999999999774,0,0,2.661908693837404,2.661908693837404,46.125000000000064
12.619999999999774,0,0,2.6606059842662546,2.6606059842662546,46.125000000000064
12.629999999999773,0,0,2.6593039726064944,2.6593039726064944,46.125000000000064
12.639999999999773,0,0,2.658001996563385,2.658001996563385,46.125000000000064
12.649999999999773,0,0,2.6566998067316376,2.6566998067316376,46.125000000000064
12.659999999999773,0,0,2.6553940232363686,2.6553940232363686,46.125000000000064
12.669999999999773,0,0,2.654083728420119,2.654083728420119,46.125000000000064
12.679999999999772,0,0,2.65277367731062,2.65277367731062,46.125000000000064
12.689999999999772,0,0,2.651463870269424,2.651463870269424,46.125000000000064
12.699999999999772,0,0,2.650154307658269,2.650154307658269,46.125000000000064
12.709999999999772,0,0,2.6488449898389916,2.6488449898389916,46.125000000000064
12.719999999999771,0,0,2.6475359171736557,2.6475359171736557,46.125000000000064
12.729999999999771,0,0,2.646227090024439,2.646227090024439,46.125000000000064
12.739999999999771,0,0,2.6449185087536478,2.6449185087536478,46.125000000000064
12.74999999999977,0,0,2.6436101737237863,2.6436101737237863,46.125000000000064
12.75999999999977,0,0,2.6423020852975014,2.6423020852975014,46.125000000000064
12.76999999999977,0,0,2.6409942438375538,2.6409942438375538,46.125000000000064
12.77999999999977,0,0,2.639686649706917,2.639686649706917,46.125000000000064
12.78999999999977,0,0,2.638379303268678,2.638379303268678,46.125000000000064
12.79999999999977,0,0,2.6370722048860813,2.6370722048860813,46.125000000000064
12.80999999999977,0,0,2.635765354922526,2.635765354922526,46.125000000000064
12.81999999999977,0,0,2.6344587537415407,2.6344587537415407,46.125000000000064
12.82999999999977,0,0,2.63315240170688,2.63315240170688,46.125000000000064
12.839999999999769,0,0,2.6318466717423803,2.6318466717423803,46.125000000000064
12.849999999999769,0,0,2.6305440143037373,2.6305440143037373,46.125000000000064
12.859999999999769,0,0,2.629241606770364,2.629241606770364,46.125000000000064
12.869999999999768,0,0,2.6279394495076787,2.6279394495076787,46.125000000000064
12.879999999999768,0,0,2.6266375428811557,2.6266375428811557,46.125000000000064
12.889999999999768,0,0,2.6253358872565684,2.6253358872565684,46.125000000000064
12.899999999999768,0,0,2.6240344829997184,2.6240344829997184,46.125000000000064
12.909999999999767,0,0,2.622728582112728,2.622728582112728,46.125000000000064
12.919999999999767,0,0,2.621418909420086,2.621418909420086,46.125000000000064
12.929999999999767,0,0,2.6201094733829535,2.6201094733829535,46.125000000000064
12.939999999999767,0,0,2.618800274361007,2.618800274361007,46.125000000000064
12.949999999999767,0,0,2.6174913127140655,2.6174913127140655,46.125000000000064
12.959999999999766,0,0,2.616182588802161,2.616182588802161,46.125000000000064
12.969999999999766,0,0,2.6148741029853824,2.6148741029853824,46.125000000000064
12.979999999999766,0,0,2.6135658556240458,2.6135658556240458,46.125000000000064
12.989999999999766,0,0,2.6122578470786806,2.6122578470786806,46.125000000000064
12.999999999999766,0,0,2.6109500777098305,2.6109500777098305,46.125000000000064
13.009999999999765,0,0,2.609642547878309,2.609642547878309,46.125000000000064
13.019999999999765,0,0,2.6083352579450434,2.6083352579450434,46.125000000000064
13.029999999999765,0,0,2.607028208271103,2.607028208271103,46.125000000000064
13.039999999999765,0,0,2.605721399217728,2.605721399217728,46.125000000000064
13.049999999999764,0,0,2.604414831146329,2.604414831146329,46.125000000000064
13.059999999999764,0,0,2.6031085044184863,2.6031085044184863,46.125000000000064
13.069999999999764,0,0,2.6018024193958524,2.6018024193958524,46.125000000000064
13.079999999999764,0,0,2.6004965764403067,2.6004965764403067,46.125000000000064
13.089999999999764,0,0,2.5991909759138423,2.5991909759138423,46.125000000000064
13.099999999999763,0,0,2.5978856181786796,2.5978856181786796,46.125000000000064
13.109999999999763,0,0,2.5965805035970675,2.5965805035970675,46.125000000000064
13.119999999999763,0,0,2.595275632531525,2.595275632531525,46.125000000000064
13.129999999999763,0,0,2.593971005344642,2.593971005344642,46.125000000000064
13.139999999999763,0,0,2.5926684500098105,2.5926684500098105,46.125000000000064
13.149999999999762,0,0,2.591367546308078,2.591367546308078,46.125000000000064
13.159999999999762,0,0,2.590062930910591,2.590062930910591,46.125000000000064
13.169999999999762,0,0,2.5887538519057784,2.5887538519057784,46.125000000000064
13.179999999999762,0,0,2.5874450023827933,2.5874450023827933,46.125000000000064
13.189999999999761,0,0,2.5861363826993795,2.5861363826993795,46.125000000000064
13.199999999999761,0,0,2.5848279932134233,2.5848279932134233,46.125000000000064
13.209999999999761,0,0,2.583519834282953,2.583519834282953,46.125000000000064
13.21999999999976,0,0,2.582211906266224,2.582211906266224,46.125000000000064
13.22999999999976,0,0,2.580904209521563,2.580904209521563,46.125000000000064
13.23999999999976,0,0,2.579596744407496,2.579596744407496,46.125000000000064
13.24999999999976,0,0,2.578289511282719,2.578289511282719,46.125000000000064
13.25999999999976,0,0,2.576982510506099,2.576982510506099,46.125000000000064
13.26999999999976,0,0,2.57567574243663,2.57567574243663,46.125000000000064
13.27999999999976,0,0,2.574369207433435,2.574369207433435,46.125000000000064
13.28999999999976,0,0,2.573062905855906,2.573062905855906,46.125000000000064
13.29999999999976,0,0,2.5717568380634646,2.5717568380634646,46.125000000000064
13.309999999999759,0,0,2.570451004415787,2.570451004415787,46.125000000000064
13.319999999999759,0,0,2.56914540527265,2.56914540527265,46.125000000000064
13.329999999999758,0,0,2.567840040994014,2.567840040994014,46.125000000000064
13.339999999999758,0,0,2.566534911939982,2.566534911939982,46.125000000000064
13.349999999999758,0,0,2.5652300184707997,2.5652300184707997,46.125000000000064
13.359999999999758,0,0,2.5639253609468824,2.5639253609468824,46.125000000000064
13.369999999999758,0,0,2.562620939728859,2.562620939728859,46.125000000000064
13.379999999999757,0,0,2.5613167551774154,2.5613167551774154,46.125000000000064
13.389999999999757,0,0,2.5600128076534077,2.5600128076534077,46.125000000000064
13.399999999999757,0,0,2.558709097517962,2.558709097517962,46.125000000000064
13.409999999999757,0,0,2.5574042374293953,2.5574042374293953,46.125000000000064
13.419999999999757,0,0,2.5560923945807303,2.5560923945807303,46.125000000000064
13.429999999999756,0,0,2.554781320748816,2.554781320748816,46.125000000000064
13.439999999999756,0,0,2.5534732527692796,2.5534732527692796,46.125000000000064
13.449999999999756,0,0,2.552165407687241,2.552165407687241,46.125000000000064
13.459999999999756,0,0,2.5508577858588524,2.5508577858588524,46.125000000000064
13.469999999999756,0,0,2.549550387640238,2.549550387640238,46.125000000000064
13.479999999999755,0,0,2.548243213387778,2.548243213387778,46.125000000000064
13.489999999999755,0,0,2.5469362634579937,2.5469362634579937,46.125000000000064
13.499999999999755,0,0,2.545629538207592,2.545629538207592,46.125000000000064
13.509999999999755,0,0,2.5443230379933794,2.5443230379933794,46.125000000000064
13.519999999999754,0,0,2.543016763172389,2.543016763172389,46.125000000000064
13.529999999999754,0,0,2.5417107141017965,2.5417107141017965,46.125000000000064
13.539999999999754,0,0,2.5404048911389054,2.5404048911389054,46.125000000000064
13.549999999999754,0,0,2.539099294641261,2.539099294641261,46.125000000000064
13.559999999999754,0,0,2.5377939249664507,2.5377939249664507,46.125000000000064
13.569999999999753,0,0,2.5364887824723183,2.5364887824723183,46.125000000000064
13.579999999999753,0,0,2.535183867516835,2.535183867516835,46.125000000000064
13.589999999999753,0,0,2.5338791804581433,2.5338791804581433,46.125000000000064
13.599999999999753,0,0,2.5325747216544983,2.5325747216544983,46.125000000000064
13.609999999999753,0,0,2.5312704914643973,2.5312704914643973,46.125000000000064
13.619999999999752,0,0,2.5299664902463945,2.5299664902463945,46.125000000000064
13.629999999999752,0,0,2.5286627183592856,2.5286627183592856,46.125000000000064
13.639999999999752,0,0,2.52735917616198,2.52735917616198,46.125000000000064
13.649999999999752,0,0,2.526055864013557,2.526055864013557,46.125000000000064
13.659999999999751,0,0,2.524752782273268,2.524752782273268,46.125000000000064
13.669999999999751,0,0,2.52344438246854,2.52344438246854,46.125000000000064
13.679999999999751,0,0,2.522133250379156,2.522133250379156,46.125000000000064
13.68999999999975,0,0,2.520822333602581,2.520822333602581,46.125000000000064
13.69999999999975,0,0,2.519511632491259,2.519511632491259,46.125000000000064
13.70999999999975,0,0,2.5182011473977752,2.5182011473977752,46.125000000000064
13.71999999999975,0,0,2.5168908786749,2.5168908786749,46.125000000000064
13.72999999999975,0,0,2.5155838952684633,2.5155838952684633,46.125000000000064
13.73999999999975,0,0,2.5142774333079387,2.5142774333079387,46.125000000000064
13.74999999999975,0,0,2.512971188594335,2.512971188594335,46.125000000000064
13.75999999999975,0,0,2.5116651614824406,2.5116651614824406,46.125000000000064
13.769999999999749,0,0,2.510359352327143,2.510359352327143,46.125000000000064
13.779999999999749,0,0,2.5090537614835995,2.5090537614835995,46.125000000000064
13.789999999999749,0,0,2.507748389307068,2.507748389307068,46.125000000000064
13.799999999999748,0,0,2.506443236152947,2.506443236152947,46.125000000000064
13.809999999999748,0,0,2.5051383023768636,2.5051383023768636,46.125000000000064
13.819999999999748,0,0,2.5038335883345013,2.5038335883345013,46.125000000000064
13.829999999999748,0,0,2.502529094381842,2.502529094381842,46.125000000000064
13.839999999999748,0,0,2.5012248208749384,2.5012248208749384,46.125000000000064
13.849999999999747,0,0,2.49992076817,2.49992076817,46.125000000000064
13.859999999999747,0,0,2.4986169366234776,2.4986169366234776,46.125000000000064
13.869999999999747,0,0,2.4973133265919074,2.4973133265919074,46.125000000000064
13.879999999999747,0,0,2.4960099384319676,2.4960099384319676,46.125000000000064
13.889999999999747,0,0,2.4947067725005923,2.4947067725005923,46.125000000000064
13.899999999999746,0,0,2.493403829154815,2.493403829154815,46.125000000000064
13.909999999999746,0,0,2.4921011087518252,2.4921011087518252,46.125000000000064
13.919999999999746,0,0,2.490798611648941,2.490798611648941,46.125000000000064
13.929999999999746,0,0,2.489488527775393,2.489488527775393,46.125000000000064
13.939999999999745,0,0,2.488178065087297,2.488178065087297,46.125000000000064
13.949999999999745,0,0,2.486867810484398,2.486867810484398,46.125000000000064
13.959999999999745,0,0,2.485557764317079,2.485557764317079,46.125000000000064
13.969999999999745,0,0,2.4842479269358506,2.4842479269358506,46.125000000000064
13.979999999999745,0,0,2.482938298691451,2.482938298691451,46.125000000000064
13.989999999999744,0,0,2.4816288799347603,2.4816288799347603,46.125000000000064
13.999999999999744,0,0,2.480319671016886,2.480319671016886,46.125000000000064
14.009999999999744,0,0,2.479010672288993,2.479010672288993,46.125000000000064
14.019999999999744,0,0,2.4777045077234874,2.4777045077234874,46.125000000000064
14.029999999999744,0,0,2.476399348420472,2.476399348420472,46.125000000000064
14.039999999999743,0,0,2.4750944002210815,2.4750944002210815,46.125000000000064
14.049999999999743,0,0,2.47378966347857,2.47378966347857,46.125000000000064
14.059999999999743,0,0,2.472485138546361,2.472485138546361,46.125000000000064
14.069999999999743,0,0,2.471180825778106,2.471180825778106,46.125000000000064
14.079999999999742,0,0,2.4698767255275555,2.4698767255275555,46.125000000000064
14.089999999999742,0,0,2.468572838148617,2.468572838148617,46.125000000000064
14.099999999999742,0,0,2.467269163995425,2.467269163995425,46.125000000000064
14.109999999999742,0,0,2.4659657034222278,2.4659657034222278,46.125000000000064
14.119999999999742,0,0,2.4646624567834863,2.4646624567834863,46.125000000000064
14.129999999999741,0,0,2.4633594244337473,2.4633594244337473,46.125000000000064
14.139999999999741,0,0,2.462056606727785,2.462056606727785,46.125000000000064
14.149999999999741,0,0,2.460754004020501,2.460754004020501,46.125000000000064
14.15999999999974,0,0,2.459451616666996,2.459451616666996,46.125000000000064
14.16999999999974,0,0,2.458149445022471,2.458149445022471,46.125000000000064
14.17999999999974,0,0,2.4568474894423673,2.4568474894423673,46.125000000000064
14.18999999999974,0,0,2.455537527143875,2.455537527143875,46.125000000000064
14.19999999999974,0,0,2.45422769318796,2.45422769318796,46.125000000000064
14.20999999999974,0,0,2.4529180599614335,2.4529180599614335,46.125000000000064
14.21999999999974,0,0,2.451608627812547,2.451608627812547,46.125000000000064
14.22999999999974,0,0,2.450299397089722,2.450299397089722,46.125000000000064
14.239999999999739,0,0,2.4489903681415086,2.4489903681415086,46.125000000000064
14.249999999999739,0,0,2.447681541316669,2.447681541316669,46.125000000000064
14.259999999999739,0,0,2.446372916964137,2.446372916964137,46.125000000000064
14.269999999999738,0,0,2.4450644954329874,2.4450644954329874,46.125000000000064
14.279999999999738,0,0,2.443756277072467,2.443756277072467,46.125000000000064
14.289999999999738,0,0,2.4424482622320483,2.4424482622320483,46.125000000000064
14.299999999999738,0,0,2.4411404512613046,2.4411404512613046,46.125000000000064
14.309999999999738,0,0,2.439835400191967,2.439835400191967,46.125000000000064
14.319999999999737,0,0,2.438531462527237,2.438531462527237,46.125000000000064
14.329999999999737,0,0,2.43722772968529,2.43722772968529,46.125000000000064
14.339999999999737,0,0,2.4359242020178584,2.4359242020178584,46.125000000000064
14.349999999999737,0,0,2.434620879876846,2.434620879876846,46.125000000000064
14.359999999999737,0,0,2.4333177636142977,2.4333177636142977,46.125000000000064
14.369999999999736,0,0,2.4320148535823733,2.4320148535823733,46.125000000000064
14.379999999999736,0,0,2.430712150133459,2.430712150133459,46.125000000000064
14.389999999999736,0,0,2.4294096536201124,2.4294096536201124,46.125000000000064
14.399999999999736,0,0,2.4281073643950037,2.4281073643950037,46.125000000000064
14.409999999999735,0,0,2.426805282811003,2.426805282811003,46.125000000000064
14.419999999999735,0,0,2.425503409221136,2.425503409221136,46.125000000000064
14.429999999999735,0,0,2.4242017439785997,2.4242017439785997,46.125000000000064
14.439999999999735,0,0,2.4229002874367467,2.4229002874367467,46.125000000000064
14.449999999999735,0,0,2.4215922003285613,2.4215922003285613,46.125000000000064
14.459999999999734,0,0,2.4202829551113894,2.4202829551113894,46.125000000000064
14.469999999999734,0,0,2.418973903139559,2.418973903139559,46.125000000000064
14.479999999999734,0,0,2.4176650447589907,2.4176650447589907,46.125000000000064
14.489999999999734,0,0,2.416356380315932,2.416356380315932,46.125000000000064
14.499999999999734,0,0,2.415047910156673,2.415047910156673,46.125000000000064
14.509999999999733,0,0,2.4137396346277455,2.4137396346277455,46.125000000000064
14.519999999999733,0,0,2.4124315540758374,2.4124315540758374,46.125000000000064
14.529999999999733,0,0,2.411123668847779,2.411123668847779,46.125000000000064
14.539999999999733,0,0,2.40981597929067,2.40981597929067,46.125000000000064
14.549999999999732,0,0,2.4085084857516676,2.4085084857516676,46.125000000000064
14.559999999999732,0,0,2.4072011885780995,2.4072011885780995,46.125000000000064
14.569999999999732,0,0,2.405894088117577,2.405894088117577,46.125000000000064
14.579999999999732,0,0,2.404587184717812,2.404587184717812,46.125000000000064
14.589999999999732,0,0,2.4032804787266855,2.4032804787266855,46.125000000000064
14.599999999999731,0,0,2.401976850451433,2.401976850451433,46.125000000000064
14.609999999999731,0,0,2.400674052833125,2.400674052833125,46.125000000000064
14.619999999999731,0,0,2.3993714536184996,2.3993714536184996,46.125000000000064
14.62999999999973,0,0,2.398069053157556,2.398069053157556,46.125000000000064
14.63999999999973,0,0,2.396766851800578,2.396766851800578,46.125000000000064
14.64999999999973,0,0,2.395464849897877,2.395464849897877,46.125000000000064
14.65999999999973,0,0,2.394163047800035,2.394163047800035,46.125000000000064
14.66999999999973,0,0,2.3928614458577755,2.3928614458577755,46.125000000000064
14.67999999999973,0,0,2.3915600444219933,2.3915600444219933,46.125000000000064
14.68999999999973,0,0,2.3902588438436965,2.3902588438436965,46.125000000000064
14.69999999999973,0,0,2.388957844474106,2.388957844474106,46.125000000000064
14.709999999999729,0,0,2.387653332111995,2.387653332111995,46.125000000000064
14.719999999999729,0,0,2.386344636304017,2.386344636304017,46.125000000000064
14.729999999999729,0,0,2.385036126128739,2.385036126128739,46.125000000000064
14.739999999999728,0,0,2.3837278019298083,2.3837278019298083,46.125000000000064
14.749999999999728,0,0,2.382419664051028,2.382419664051028,46.125000000000064
14.759999999999728,0,0,2.3811117128364288,2.3811117128364288,46.125000000000064
14.769999999999728,0,0,2.379803948630183,2.379803948630183,46.125000000000064
14.779999999999728,0,0,2.378496371776663,2.378496371776663,46.125000000000064
14.789999999999727,0,0,2.377188982620339,2.377188982620339,46.125000000000064
14.799999999999727,0,0,2.3758817815059246,2.3758817815059246,46.125000000000064
14.809999999999727,0,0,2.3745747687783165,2.3745747687783165,46.125000000000064
14.819999999999727,0,0,2.3732679447825262,2.3732679447825262,46.125000000000064
14.829999999999727,0,0,2.371961309863778,2.371961309863778,46.125000000000064
14.839999999999726,0,0,2.3706548643674665,2.3706548643674665,46.125000000000064
14.849999999999726,0,0,2.369348608639129,2.369348608639129,46.125000000000064
14.859999999999726,0,0,2.368042543024515,2.368042543024515,46.125000000000064
14.869999999999726,0,0,2.3667366678695316,2.3667366678695316,46.125000000000064
14.879999999999725,0,0,2.3654310340169076,2.3654310340169076,46.125000000000064
14.889999999999725,0,0,2.3641291027666966,2.3641291027666966,46.125000000000064
14.899999999999725,0,0,2.3628273630133663,2.3628273630133663,46.125000000000064
14.909999999999725,0,0,2.361525815105054,2.361525815105054,46.125000000000064
14.919999999999725,0,0,2.3602244593900963,2.3602244593900963,46.125000000000064
14.929999999999724,0,0,2.3589232962169007,2.3589232962169007,46.125000000000064
14.939999999999724,0,0,2.357622325934173,2.357622325934173,46.125000000000064
14.949999999999724,0,0,2.3563215488906337,2.3563215488906337,46.125000000000064
14.959999999999724,0,0,2.3550209654353296,2.3550209654353296,46.125000000000064
14.969999999999724,0,0,2.353720575917336,2.353720575917336,46.125000000000064
14.979999999999723,0,0,2.352413486207567,2.352413486207567,46.125000000000064
14.989999999999723,0,0,2.351105479023275,2.351105479023275,46.125000000000064
14.999999999999723,0,0,2.3497976500714515,2.3497976500714515,46.125000000000064
15.009999999999723,0,0,2.348489999693527,2.348489999693527,46.125000000000064
15.019999999999722,0,0,2.347182528231045,2.347182528231045,46.125000000000064
15.029999999999722,0,0,2.3458752360256767,2.3458752360256767,46.125000000000064
15.039999999999722,0,0,2.3445681234193785,2.3445681234193785,46.125000000000064
15.049999999999722,0,0,2.343261190754191,2.343261190754191,46.125000000000064
15.059999999999722,0,0,2.3419544383723974,2.3419544383723974,46.125000000000064
15.069999999999721,0,0,2.3406478666164077,2.3406478666164077,46.125000000000064
15.079999999999721,0,0,2.3393414758288174,2.3393414758288174,46.125000000000064
15.089999999999721,0,0,2.3380352663524206,2.3380352663524206,46.125000000000064
15.09999999999972,0,0,2.336729238530097,2.336729238530097,46.125000000000064
15.10999999999972,0,0,2.335423392705067,2.335423392705067,46.125000000000064
15.11999999999972,0,0,2.3341177292205373,2.3341177292205373,46.125000000000064
15.12999999999972,0,0,2.3328122484200122,2.3328122484200122,46.125000000000064
15.13999999999972,0,0,2.3315069506471104,2.3315069506471104,46.125000000000064
15.14999999999972,0,0,2.3302018362456636,2.3302018362456636,46.125000000000064
15.15999999999972,0,0,2.328896905559631,2.328896905559631,46.125000000000064
15.16999999999972,0,0,2.327593318041309,2.327593318041309,46.125000000000064
15.179999999999719,0,0,2.3262923689371036,2.3262923689371036,46.125000000000064
15.189999999999719,0,0,2.3249916046383134,2.3249916046383134,46.125000000000064
15.199999999999719,0,0,2.323691025488259,2.323691025488259,46.125000000000064
15.209999999999718,0,0,2.322390631830501,2.322390631830501,46.125000000000064
15.219999999999718,0,0,2.3210904240086876,2.3210904240086876,46.125000000000064
15.229999999999718,0,0,2.319790402366607,2.319790402366607,46.125000000000064
15.239999999999718,0,0,2.318490183863233,2.318490183863233,46.125000000000064
15.249999999999718,0,0,2.317181712111946,2.317181712111946,46.125000000000064
15.259999999999717,0,0,2.315873286605381,2.315873286605381,46.125000000000064
15.269999999999717,0,0,2.3145649073300376,2.3145649073300376,46.125000000000064
15.279999999999717,0,0,2.3132565742713354,2.3132565742713354,46.125000000000064
15.289999999999717,0,0,2.3119482874138413,2.3119482874138413,46.125000000000064
15.299999999999716,0,0,2.3106400467411277,2.3106400467411277,46.125000000000064
15.309999999999716,0,0,2.3093318522358572,2.3093318522358572,46.125000000000064
15.319999999999716,0,0,2.308023703879769,2.308023703879769,46.125000000000064
15.329999999999716,0,0,2.306715601653636,2.306715601653636,46.125000000000064
15.339999999999716,0,0,2.305407545537321,2.305407545537321,46.125000000000064
15.349999999999715,0,0,2.3040995355096783,2.3040995355096783,46.125000000000064
15.359999999999715,0,0,2.3027915715487666,2.3027915715487666,46.125000000000064
15.369999999999715,0,0,2.303747190043069,2.303747190043069,46.125000000000064
15.379999999999715,0,0,2.305040830506968,2.305040830506968,46.125000000000064
15.389999999999715,0,0,2.30633407663872,2.30633407663872,46.125000000000064
15.399999999999714,0,0,2.307626928643046,2.307626928643046,46.125000000000064
15.409999999999714,0,0,2.308919386725364,2.308919386725364,46.125000000000064
15.419999999999714,0,0,2.3102114510918312,2.3102114510918312,46.125000000000064
15.429999999999714,0,0,2.3115031219494853,2.3115031219494853,46.125000000000064
15.439999999999714,0,0,2.312794399505961,2.312794399505961,46.125000000000064
15.449999999999713,0,0,2.314085283969689,2.314085283969689,46.125000000000064
15.459999999999713,0,0,2.3153757755497963,2.3153757755497963,46.125000000000064
15.469999999999713,0,0,2.3166658744562056,2.3166658744562056,46.125000000000064
15.479999999999713,0,0,2.3179555808995076,2.3179555808995076,46.125000000000064
15.489999999999712,0,0,2.3192448950910602,2.3192448950910602,46.125000000000064
15.499999999999712,0,0,2.3205338172429464,2.3205338172429464,46.125000000000064
15.509999999999712,0,0,2.3218223501516775,2.3218223501516775,46.125000000000064
15.519999999999712,0,0,2.3231101529118803,2.3231101529118803,46.125000000000064
15.529999999999712,0,0,2.3243939834667344,2.3243939834667344,46.125000000000064
15.539999999999711,0,0,2.325677053280458,2.325677053280458,46.125000000000064
15.549999999999711,0,0,2.3269593628610608,2.3269593628610608,46.125000000000064
15.559999999999711,0,0,2.328240912716282,2.328240912716282,46.125000000000064
15.56999999999971,0,0,2.3295217033534783,2.3295217033534783,46.125000000000064
15.57999999999971,0,0,2.330801735279721,2.330801735279721,46.125000000000064
15.58999999999971,0,0,2.332081009001783,2.332081009001783,46.125000000000064
15.59999999999971,0,0,2.333359525026097,2.333359525026097,46.125000000000064
15.60999999999971,0,0,2.334637283858811,2.334637283858811,46.125000000000064
15.61999999999971,0,0,2.3359142860057602,2.3359142860057602,46.125000000000064
15.62999999999971,0,0,2.3371905319724817,2.3371905319724817,46.125000000000064
15.63999999999971,0,0,2.3384660222641713,2.3384660222641713,46.125000000000064
15.649999999999709,0,0,2.3397407573857976,2.3397407573857976,46.125000000000064
15.659999999999709,0,0,2.341014737841917,2.341014737841917,46.125000000000064
15.669999999999709,0,0,2.3422879641368866,2.3422879641368866,46.125000000000064
15.679999999999708,0,0,2.3435604367746663,2.3435604367746663,46.125000000000064
15.689999999999708,0,0,2.344832156259045,2.344832156259045,46.125000000000064
15.699999999999708,0,0,2.3461031230933855,2.3461031230933855,46.125000000000064
15.709999999999708,0,0,2.347373337780752,2.347373337780752,46.125000000000064
15.719999999999708,0,0,2.3486428008240665,2.3486428008240665,46.125000000000064
15.729999999999707,0,0,2.349911512725768,2.349911512725768,46.125000000000064
15.739999999999707,0,0,2.351179473988111,2.351179473988111,46.125000000000064
15.749999999999707,0,0,2.352446685113037,2.352446685113037,46.125000000000064
15.759999999999707,0,0,2.3537131466021464,2.3537131466021464,46.125000000000064
15.769999999999706,0,0,2.3549820352839674,2.3549820352839674,46.125000000000064
15.779999999999706,0,0,2.356250235134297,2.356250235134297,46.125000000000064
15.789999999999706,0,0,2.357517695576135,2.357517695576135,46.125000000000064
15.799999999999706,0,0,2.3587844170994146,2.3587844170994146,46.125000000000064
15.809999999999706,0,0,2.360050400193728,2.360050400193728,46.125000000000064
15.819999999999705,0,0,2.3613156453482276,2.3613156453482276,46.125000000000064
15.829999999999705,0,0,2.3625801530517663,2.3625801530517663,46.125000000000064
15.839999999999705,0,0,2.363843923792686,2.363843923792686,46.125000000000064
15.849999999999705,0,0,2.3651069580591013,2.3651069580591013,46.125000000000064
15.859999999999705,0,0,2.366369256338629,2.366369256338629,46.125000000000064
15.869999999999704,0,0,2.3676308191186024,2.3676308191186024,46.125000000000064
15.879999999999704,0,0,2.368891646885956,2.368891646885956,46.125000000000064
15.889999999999704,0,0,2.37015174012717,2.37015174012717,46.125000000000064
15.899999999999704,0,0,2.3714110993284407,2.3714110993284407,46.125000000000064
15.909999999999703,0,0,2.3726656245160314,2.3726656245160314,46.125000000000064
15.919999999999703,0,0,2.3739174017362785,2.3739174017362785,46.125000000000064
15.929999999999703,0,0,2.375168454923511,2.375168454923511,46.125000000000064
15.939999999999703,0,0,2.376418784569765,2.376418784569765,46.125000000000064
15.949999999999703,0,0,2.377668391166665,2.377668391166665,46.125000000000064
15.959999999999702,0,0,2.378917275205623,2.378917275205623,46.125000000000064
15.969999999999702,0,0,2.3801654371777374,2.3801654371777374,46.125000000000064
15.979999999999702,0,0,2.3814128775738226,2.3814128775738226,46.125000000000064
15.989999999999702,0,0,2.382659596884494,2.382659596884494,46.125000000000064
15.999999999999702,0,0,2.383905595599984,2.383905595599984,46.125000000000064
16.009999999999703,0,0,2.3851523075860257,2.3851523075860257,46.125000000000064
16.019999999999705,0,0,2.3864000081533447,2.3864000081533447,46.125000000000064
16.029999999999706,0,0,2.387646998652386,2.387646998652386,46.125000000000064
16.039999999999708,0,0,2.3888932795642717,2.3888932795642717,46.125000000000064
16.04999999999971,0,0,2.3901388513697412,2.3901388513697412,46.125000000000064
16.05999999999971,0,0,2.3913837145491073,2.3913837145491073,46.125000000000064
16.069999999999713,0,0,2.392627869582526,2.392627869582526,46.125000000000064
16.079999999999714,0,0,2.393871316949628,2.393871316949628,46.125000000000064
16.089999999999716,0,0,2.3951140571298595,2.3951140571298595,46.125000000000064
16.099999999999717,0,0,2.396356090602268,2.396356090602268,46.125000000000064
16.10999999999972,0,0,2.397597417845546,2.397597417845546,46.125000000000064
16.11999999999972,0,0,2.3988380393381163,2.3988380393381163,46.125000000000064
16.129999999999722,0,0,2.4000779555579896,2.4000779555579896,46.125000000000064
16.139999999999723,0,0,2.4013171669829063,2.4013171669829063,46.125000000000064
16.149999999999725,0,0,2.4025556740902516,2.4025556740902516,46.125000000000064
16.159999999999727,0,0,2.4037934773571408,2.4037934773571408,46.125000000000064
16.169999999999728,0,0,2.405030577260206,2.405030577260206,46.125000000000064
16.17999999999973,0,0,2.4062669742759084,2.4062669742759084,46.125000000000064
16.18999999999973,0,0,2.4075026688802836,2.4075026688802836,46.125000000000064
16.199999999999733,0,0,2.4087376615491394,2.4087376615491394,46.125000000000064
16.209999999999734,0,0,2.409971952757857,2.409971952757857,46.125000000000064
16.219999999999736,0,0,2.4112055429815484,2.4112055429815484,46.125000000000064
16.229999999999738,0,0,2.412438432694941,2.412438432694941,46.125000000000064
16.23999999999974,0,0,2.4136706223725355,2.4136706223725355,46.125000000000064
16.24999999999974,0,0,2.414903372754466,2.414903372754466,46.125000000000064
16.259999999999742,0,0,2.4161372172438718,2.4161372172438718,46.125000000000064
16.269999999999744,0,0,2.4173703725891613,2.4173703725891613,46.125000000000064
16.279999999999745,0,0,2.4186028392567067,2.4186028392567067,46.125000000000064
16.289999999999747,0,0,2.4198346177124677,2.4198346177124677,46.125000000000064
16.29999999999975,0,0,2.421065708421949,2.421065708421949,46.125000000000064
16.30999999999975,0,0,2.422296111850258,2.422296111850258,46.125000000000064
16.31999999999975,0,0,2.4235258284621892,2.4235258284621892,46.125000000000064
16.329999999999753,0,0,2.4247548587220393,2.4247548587220393,46.125000000000064
16.339999999999755,0,0,2.42598299254135,2.42598299254135,46.125000000000064
16.349999999999756,0,0,2.4272050866709236,2.4272050866709236,46.125000000000064
16.359999999999758,0,0,2.428426505184987,2.428426505184987,46.125000000000064
16.36999999999976,0,0,2.429647248559988,2.429647248559988,46.125000000000064
16.37999999999976,0,0,2.4308673172722166,2.4308673172722166,46.125000000000064
16.389999999999763,0,0,2.432086711797652,2.432086711797652,46.125000000000064
16.399999999999764,0,0,2.43330543261213,2.43330543261213,46.125000000000064
16.409999999999766,0,0,2.434523480191217,2.434523480191217,46.125000000000064
16.419999999999767,0,0,2.435740855010252,2.435740855010252,46.125000000000064
16.42999999999977,0,0,2.436957557544389,2.436957557544389,46.125000000000064
16.43999999999977,0,0,2.4381735882685405,2.4381735882685405,46.125000000000064
16.449999999999772,0,0,2.439388947657463,2.439388947657463,46.125000000000064
16.459999999999773,0,0,2.440603636185571,2.440603636185571,46.125000000000064
16.469999999999775,0,0,2.4418176543271812,2.4418176543271812,46.125000000000064
16.479999999999777,0,0,2.4430310025563813,2.4430310025563813,46.125000000000064
16.489999999999778,0,0,2.4442462164369942,2.4442462164369942,46.125000000000064
16.49999999999978,0,0,2.445461189577884,2.445461189577884,46.125000000000064
16.5,0,0,2.4454611895779266,2.4454611895779266,46.125000000000064
