alpha,reached,redSubsteps,margin123
2,2.0000000000000027,123,3.528707339889337
2.01,2.0100000000000278,123,3.524184188743689
2.0199999999999996,2.020000000000002,123,3.522261666074371
2.0299999999999994,2.0299999999999754,123,3.5203369186370566
2.039999999999999,2.040000000000026,123,3.5184099521234486
2.049999999999999,2.05,123,3.5164807722011915
2.0599999999999987,2.059999999999974,123,3.514549384513913
2.0699999999999985,2.070000000000024,123,3.50665451202336
2.0799999999999983,2.079999999999998,123,3.5047313861097678
2.089999999999998,2.089999999999972,123,3.502806021805654
2.099999999999998,2.100000000000022,123,3.5008784248933864
2.1099999999999977,2.109999999999996,123,3.4989486011305218
2.1199999999999974,2.11999999999997,123,3.4970165562501165
2.1299999999999972,2.1300000000000203,123,3.4950906511989928
2.139999999999997,2.139999999999994,123,3.4931565033069205
2.149999999999997,2.149999999999968,123,3.491219837582321
2.1599999999999966,2.1600000000000183,123,3.4810492004647102
2.1699999999999964,2.1699999999999924,123,3.4771575385319125
2.179999999999996,2.1799999999999664,123,3.4732653602293055
2.189999999999996,2.1900000000000164,123,3.4693745545976213
2.1999999999999957,2.1999999999999904,123,3.4654836956170953
2.2099999999999955,2.2099999999999644,123,3.460172094737743
2.2199999999999953,2.2200000000000144,123,3.4562771458568022
2.229999999999995,2.2299999999999884,123,3.4575151605350527
2.239999999999995,2.2399999999999625,123,3.451521599476692
2.2499999999999947,2.250000000000013,123,3.4476430974199985
2.2599999999999945,2.2599999999999865,123,3.4437663392889846
2.2699999999999942,2.2699999999999605,123,3.440465982673615
2.279999999999994,2.280000000000011,123,3.43747566775788
2.289999999999994,2.289999999999985,123,3.4344819432673432
2.2999999999999936,2.2999999999999585,123,3.431484815947357
2.3099999999999934,2.310000000000009,123,3.428484292518249
2.319999999999993,2.319999999999983,123,3.425480379674724
2.329999999999993,2.329999999999957,123,3.4224730840866187
2.3399999999999928,2.340000000000007,123,3.4194624123987865
2.3499999999999925,2.349999999999981,123,3.41644837123134
2.3599999999999923,2.359999999999955,123,3.413430967179778
2.369999999999992,2.3700000000000054,123,3.410410206814859
2.379999999999992,2.379999999999979,123,3.407386534929742
2.3899999999999917,2.3900000000000294,123,3.404362875270593
2.3999999999999915,2.4000000000000035,123,3.4013357286533648
2.4099999999999913,2.410000000000003,123,3.397164881727022
2.419999999999991,2.419999999999964,123,3.394119092740141
2.429999999999991,2.4300000000000144,123,3.391069765800296
2.4399999999999906,2.4399999999999755,123,3.388016960050166
2.4499999999999904,2.450000000000026,123,3.3849606830229817
2.45999999999999,2.459999999999987,123,3.381900942220952
2.46999999999999,2.4699999999999482,123,3.3788377451151064
2.4799999999999898,2.479999999999998,123,3.3757877329970682
2.4899999999999896,2.48999999999996,123,3.372734741796421
2.4999999999999893,2.5000000000000098,123,3.3696651162349127
2.509999999999989,2.509999999999971,123,3.36571742669085
2.519999999999989,2.5200000000000213,123,3.3613496534256626
2.5299999999999887,2.5299999999999825,123,3.3569824018728696
2.5399999999999885,2.5399999999999436,123,3.353281936429852
2.5499999999999883,2.549999999999994,123,3.3496247980497458
2.559999999999988,2.559999999999955,123,3.3459687045144335
2.569999999999988,2.570000000000005,123,3.3423136257778765
2.5799999999999876,2.5799999999999668,123,3.338659583431763
2.5899999999999874,2.590000000000017,123,3.3350065736146917
2.599999999999987,2.5999999999999783,123,3.3354509111559167
2.609999999999987,2.6100000000000287,123,3.331818717986465
2.619999999999987,2.61999999999999,123,3.3315142404293283
2.6299999999999866,2.6299999999999506,123,3.327381143618396
2.6399999999999864,2.640000000000001,123,3.3237409935623816
2.649999999999986,2.6499999999999626,123,3.3201018690354402
2.659999999999986,2.6600000000000126,123,3.3164637662197265
2.6699999999999857,2.669999999999974,123,3.3128266813147036
2.6799999999999855,2.6800000000000246,123,3.309190610537101
2.6899999999999853,2.6899999999999853,123,3.305555550120445
2.699999999999985,2.6999999999999464,123,3.3057572524784433
2.709999999999985,2.7099999999999964,123,3.302897895134919
2.7199999999999847,2.719999999999958,123,3.300037143416432
2.7299999999999844,2.7300000000000084,123,3.297174999321811
2.7399999999999842,2.73999999999997,123,3.2937195905383163
2.749999999999984,2.75000000000002,123,3.2900696974272705
2.759999999999984,2.759999999999981,123,3.28642085360147
2.7699999999999836,2.769999999999942,123,3.2827702625518356
2.7799999999999834,2.7799999999999923,123,3.279121112497876
2.789999999999983,2.789999999999954,123,3.275474740289951
2.799999999999983,2.800000000000004,123,3.2718294074607144
2.8099999999999827,2.809999999999978,123,3.2661593194379037
2.8199999999999825,2.8200000000000283,123,3.2624925601285213
2.8299999999999823,2.8299999999999765,123,3.2588279877199398
2.839999999999982,2.840000000000027,123,3.2551656657494874
2.849999999999982,2.849999999999975,123,3.25150440165676
2.8599999999999817,2.8600000000000256,123,3.2478441914949485
2.8699999999999815,2.8699999999999743,123,3.2441850313348084
2.8799999999999812,2.8800000000000243,123,3.240526917265285
2.889999999999981,2.889999999999973,123,3.2368685498820327
2.899999999999981,2.900000000000023,123,3.2332107639357446
2.9099999999999806,2.9099999999999717,123,3.2295540813351806
2.9199999999999804,2.920000000000022,123,3.225898497511281
2.92999999999998,2.9299999999999704,123,3.222244007917965
2.93999999999998,2.940000000000021,123,3.2185906080314908
2.9499999999999797,2.949999999999969,123,3.2149382888041913
2.9599999999999795,2.9600000000000195,123,3.2112870214362346
2.9699999999999793,2.9699999999999678,123,3.2116964808488433
2.979999999999979,2.980000000000018,123,3.20806325155921
2.989999999999979,2.989999999999967,123,3.204431069457655
2.9999999999999787,3.000000000000017,123,3.2007999312787945
3.0099999999999785,3.009999999999991,123,3.197181149914087
3.0199999999999783,3.0199999999999902,123,3.193563353842535
3.029999999999978,3.0299999999999896,123,3.189940575486375
3.039999999999978,3.039999999999989,123,3.1880113771058944
3.0499999999999776,3.0499999999999883,123,3.1863229020818267
3.0599999999999774,3.0599999999999876,123,3.18463390960153
3.069999999999977,3.069999999999987,123,3.1829444003783323
3.079999999999977,3.0799999999999996,123,3.1812543751226627
3.0899999999999768,3.089999999999999,123,3.1795638345424493
3.0999999999999766,3.0999999999999983,123,3.177872779342792
3.1099999999999763,3.1099999999999977,123,3.1761812102261757
3.119999999999976,3.119999999999997,123,3.1744891278922864
3.129999999999976,3.1299999999999963,123,3.172796533038394
3.1399999999999757,3.1399999999999957,123,3.1560670841524257
3.1499999999999755,3.149999999999995,123,3.1524477338444115
3.1599999999999753,3.1599999999999944,123,3.1488292817797543
3.169999999999975,3.169999999999994,123,3.154448434042962
3.179999999999975,3.1799999999999935,123,3.152757285362725
3.1899999999999746,3.189999999999993,123,3.1510656055672683
3.1999999999999744,3.199999999999992,123,3.149373408825099
3.209999999999974,3.2099999999999915,123,3.14768069584818
3.219999999999974,3.219999999999991,123,3.129626539023718
3.229999999999974,3.22999999999999,123,3.126004138831746
3.2399999999999736,3.2399999999999896,123,3.1223826414163227
3.2499999999999734,3.249999999999989,123,3.1200090802636993
3.259999999999973,3.2599999999999882,123,3.118292746244478
3.269999999999973,3.2699999999999876,123,3.116588862046754
3.2799999999999727,3.279999999999987,123,3.1149000190412153
3.2899999999999725,3.2899999999999863,123,3.1132106483637756
3.2999999999999723,3.299999999999986,123,3.1115207507703815
3.309999999999972,3.3099999999999854,123,3.1098303270139667
3.319999999999972,3.3199999999999847,123,3.1081393778447506
3.3299999999999716,3.329999999999984,123,3.106447904009883
3.3399999999999714,3.3399999999999834,123,3.104755906253871
3.3499999999999712,3.3499999999999828,123,3.1030633853182934
3.359999999999971,3.359999999999982,123,3.10137034194193
3.369999999999971,3.369999999999994,123,3.0996767768607185
3.3799999999999706,3.3799999999999932,123,3.0979908345148175
3.3899999999999704,3.3899999999999926,123,3.096318864137217
3.39999999999997,3.399999999999992,123,3.094645891087339
3.40999999999997,3.4099999999999913,123,3.0861125542757293
3.4199999999999697,3.419999999999991,123,3.084419340524292
3.4299999999999695,3.4299999999999904,123,3.0827298281960367
3.4399999999999693,3.4399999999999897,123,3.081041030610848
3.449999999999969,3.449999999999989,123,3.0793548188202067
3.459999999999969,3.4599999999999884,123,3.0776816211664055
3.4699999999999687,3.4699999999999878,123,3.076007680960444
3.4799999999999685,3.479999999999987,123,3.074325105964391
3.4899999999999682,3.4899999999999864,123,3.072636431535358
3.499999999999968,3.499999999999986,123,3.0709470407634143
3.509999999999968,3.509999999999985,123,3.0692569348684913
3.5199999999999676,3.5199999999999845,123,3.067564311817037
3.5299999999999674,3.529999999999984,123,3.065870673968476
3.539999999999967,3.539999999999983,123,3.064176326584601
3.549999999999967,3.549999999999983,123,3.062479484279791
3.5599999999999667,3.5599999999999823,123,3.060778822169837
3.5699999999999665,3.5699999999999816,123,3.0590892401909002
3.5799999999999663,3.579999999999981,123,3.0573991240056415
3.589999999999966,3.5899999999999803,123,3.055708474378463
3.599999999999966,3.5999999999999797,123,3.0540172920705118
3.6099999999999657,3.609999999999979,123,3.052325577840321
3.6199999999999655,3.6199999999999783,123,3.050633332443496
3.6299999999999653,3.6299999999999777,123,3.048940556632701
3.639999999999965,3.639999999999977,123,3.047247251157742
3.649999999999965,3.6499999999999764,123,3.0455534167657135
3.6599999999999646,3.6599999999999757,123,3.02283485744789
3.6699999999999644,3.6699999999999755,123,3.021118700369925
3.679999999999964,3.679999999999975,123,3.019402044295319
3.689999999999964,3.689999999999974,123,3.0176848898770317
3.6999999999999638,3.6999999999999735,123,3.01596723776548
3.7099999999999635,3.709999999999973,123,3.02369060236839
3.7199999999999633,3.719999999999972,123,3.021998033469359
3.729999999999963,3.7299999999999716,123,3.020304931202105
3.739999999999963,3.739999999999971,123,2.9975630930278783
3.7499999999999627,3.7499999999999702,123,2.9958475817343952
3.7599999999999625,3.7599999999999696,123,2.994131074369676
3.7699999999999623,3.769999999999969,123,2.992413719244496
3.779999999999962,3.7799999999999683,123,2.9906958631388534
3.789999999999962,3.7899999999999676,123,2.9889775067142352
3.7999999999999616,3.7999999999999674,123,2.987267698324402
3.8099999999999614,3.8099999999999667,123,2.9855687693363677
3.819999999999961,3.8199999999999785,123,2.983877551609666
3.829999999999961,3.8299999999999907,123,2.9821857890863868
3.839999999999961,3.8399999999999648,123,2.9804934825745732
3.8499999999999606,3.8499999999999766,123,2.9788006328792704
3.8599999999999604,3.8599999999999888,123,2.9771072408022548
3.86999999999996,3.869999999999963,123,2.9754133071423894
3.87999999999996,3.8799999999999746,123,2.9737188326954964
3.8899999999999597,3.8899999999999872,123,2.972023818254371
3.8999999999999595,3.899999999999961,123,2.970328785905693
3.9099999999999593,3.9099999999999726,123,2.9686383512570416
3.919999999999959,3.9199999999999853,123,2.966947179011896
3.929999999999959,3.9299999999999593,123,2.9652552704748416
3.9399999999999586,3.939999999999971,123,2.963562626945375
3.9499999999999584,3.9499999999999833,123,2.9618692497180206
3.959999999999958,3.9599999999999573,123,2.960175140082484
3.969999999999958,3.969999999999969,123,2.958480299323142
3.979999999999958,3.9799999999999813,123,2.9567847287195548
3.9899999999999576,3.9899999999999554,123,2.948239169477773
3.9999999999999574,3.999999999999967,123,2.946546303807864
4.009999999999957,4.009999999999979,123,2.9448527036726944
4.019999999999957,4.019999999999992,123,2.9431583703633493
4.029999999999957,4.029999999999966,123,2.941463305165982
4.0399999999999565,4.039999999999978,123,2.939767509362156
4.049999999999956,4.04999999999999,123,2.9380709842280197
4.059999999999956,4.059999999999963,123,2.9363721792176847
4.069999999999956,4.069999999999975,123,2.9346857911236413
4.079999999999956,4.0799999999999885,123,2.932980872639831
4.0899999999999554,4.089999999999962,123,2.9312858304149643
4.099999999999955,4.099999999999974,123,2.929601159008186
4.109999999999955,4.109999999999986,123,2.927909302437854
4.119999999999955,4.11999999999996,123,2.926216901850168
4.129999999999955,4.129999999999972,123,2.924523958035863
4.139999999999954,4.139999999999985,123,2.9228304717828593
4.149999999999954,4.149999999999958,123,2.9211364438759233
4.159999999999954,4.15999999999997,123,2.9194418750970073
4.169999999999954,4.169999999999983,123,2.9177467662249796
4.1799999999999535,4.179999999999956,123,2.894816710308774
4.189999999999953,4.189999999999968,123,2.893099056568005
4.199999999999953,4.199999999999981,123,2.891380893637887
4.209999999999953,4.209999999999993,123,2.8896531450737513
4.219999999999953,4.219999999999992,123,2.8879338250634703
4.2299999999999525,4.2299999999999915,123,2.886213996967058
4.239999999999952,4.23999999999999,123,2.884493661461235
4.249999999999952,4.24999999999999,123,2.892355719982362
4.259999999999952,4.259999999999989,123,2.8694040271286525
4.269999999999952,4.269999999999989,123,2.8676869175579753
4.279999999999951,4.279999999999988,123,2.8659692937763452
4.289999999999951,4.289999999999988,123,2.8642511564832915
4.299999999999951,4.299999999999987,123,2.8625325063756577
4.309999999999951,4.309999999999986,123,2.860813344147843
4.3199999999999505,4.319999999999986,123,2.8590936704917027
4.32999999999995,4.329999999999985,123,2.8573782861641916
4.33999999999995,4.339999999999985,123,2.8556867280239118
4.34999999999995,4.349999999999984,123,2.8539939094920044
4.35999999999995,4.3599999999999834,123,2.852300536806851
4.3699999999999495,4.369999999999982,123,2.85060661080162
4.379999999999949,4.379999999999982,123,2.8489121323063955
4.389999999999949,4.389999999999981,123,2.84721710214815
4.399999999999949,4.399999999999981,123,2.8455215211506157
4.409999999999949,4.40999999999998,123,2.8438253901345973
4.419999999999948,4.4199999999999795,123,2.8421289059312187
4.429999999999948,4.429999999999979,123,2.8404374075075935
4.439999999999948,4.439999999999978,123,2.8387451591466117
4.449999999999948,4.449999999999978,123,2.83705216219235
4.459999999999948,4.459999999999977,123,2.8353584179836133
4.469999999999947,4.469999999999977,123,2.83366392785409
4.479999999999947,4.479999999999976,123,2.831968693132225
4.489999999999947,4.489999999999975,123,2.8302727151415326
4.499999999999947,4.499999999999974,123,2.8285759952002962
4.5099999999999465,4.509999999999974,123,2.826878534621656
4.519999999999946,4.519999999999973,123,2.8251803347138207
4.529999999999946,4.529999999999973,123,2.823481396780082
4.539999999999946,4.5399999999999725,123,2.821781722118459
4.549999999999946,4.549999999999971,123,2.820074319411418
4.559999999999945,4.559999999999971,123,2.818348765286558
4.569999999999945,4.56999999999997,123,2.8097856005673094
4.579999999999945,4.57999999999997,123,2.808087175446502
4.589999999999945,4.589999999999969,123,2.8063880116242643
4.599999999999945,4.599999999999969,123,2.8046675640208463
4.609999999999944,4.609999999999955,123,2.8029329658501183
4.619999999999944,4.619999999999992,123,2.8012129179652447
4.629999999999944,4.629999999999966,123,2.799516082979025
4.639999999999944,4.63999999999994,123,2.7978186894273307
4.6499999999999435,4.649999999999977,123,2.7961207381534194
4.659999999999943,4.659999999999952,123,2.7944222299973376
4.669999999999943,4.669999999999989,123,2.7927231657957776
4.679999999999943,4.679999999999963,123,2.7910295929876696
4.689999999999943,4.689999999999937,123,2.789346643948349
4.6999999999999424,4.699999999999974,123,2.766226144057512
4.709999999999942,4.709999999999949,123,2.764520235690668
4.719999999999942,4.719999999999986,123,2.762809375932264
4.729999999999942,4.7299999999999605,123,2.7610891724583695
4.739999999999942,4.7399999999999345,123,2.759368451785434
4.749999999999941,4.749999999999972,123,2.757647214615119
4.759999999999941,4.759999999999946,123,2.755925461646285
4.769999999999941,4.769999999999984,123,2.7542031935756484
4.779999999999941,4.779999999999957,123,2.752491803000538
4.7899999999999405,4.789999999999931,123,2.738999328277103
4.79999999999994,4.799999999999969,123,2.7372803766223086
4.80999999999994,4.809999999999943,123,2.7355609029627885
4.81999999999994,4.81999999999998,123,2.7338409080174984
4.82999999999994,4.829999999999954,123,2.7321203925032904
4.8399999999999395,4.839999999999928,123,2.7303993571342176
4.849999999999939,4.849999999999965,123,2.7286778026216183
4.859999999999939,4.85999999999994,123,2.7269571874977885
4.869999999999939,4.869999999999977,123,2.7252642774524958
4.879999999999939,4.879999999999951,123,2.723570802856628
4.889999999999938,4.889999999999925,123,2.721876764571306
4.899999999999938,4.899999999999962,123,2.7201821634542114
4.909999999999938,4.909999999999936,123,2.718487000359957
4.919999999999938,4.919999999999974,123,2.716791276139702
4.9299999999999375,4.929999999999948,123,2.7150942990572275
4.939999999999937,4.939999999999985,123,2.713396615968449
4.949999999999937,4.949999999999959,123,2.7117041530076307
4.959999999999937,4.959999999999933,123,2.710010928479207
4.969999999999937,4.96999999999997,123,2.7083169437633643
4.9799999999999365,4.9799999999999445,123,2.7066222002347047
4.989999999999936,4.9899999999999824,123,2.7049266992626286
4.999999999999936,4.999999999999956,123,2.703230442211307
5.009999999999936,5.009999999999969,123,2.7015225510574084
5.019999999999936,5.019999999999942,123,2.69982469390051
5.029999999999935,5.029999999999916,123,2.6981260844770247
5.039999999999935,5.039999999999966,123,2.696426724131612
5.049999999999935,5.04999999999994,123,2.694726614204086
5.059999999999935,5.059999999999914,123,2.6930257560285895
5.069999999999935,5.069999999999965,123,2.691320943715695
5.079999999999934,5.079999999999939,123,2.6895960028127206
5.089999999999934,5.089999999999988,123,2.687869322667666
5.099999999999934,5.099999999999963,123,2.6861412189377916
5.109999999999934,5.109999999999936,123,2.684434574575775
5.1199999999999335,5.119999999999987,123,2.682734982434482
5.129999999999933,5.12999999999996,123,2.681034825893491
5.139999999999933,5.139999999999935,123,2.6793341058094597
5.149999999999933,5.149999999999985,123,2.6706650050823697
5.159999999999933,5.159999999999959,123,2.668966639920555
5.169999999999932,5.169999999999933,123,2.6672677077589384
5.179999999999932,5.179999999999983,123,2.6655682094623927
5.189999999999932,5.189999999999957,123,2.663868145892735
5.199999999999932,5.199999999999931,123,2.662167517908287
5.209999999999932,5.209999999999981,123,2.6604663263642863
5.219999999999931,5.219999999999955,123,2.6371313836292387
5.229999999999931,5.229999999999929,123,2.635407257454375
5.239999999999931,5.23999999999998,123,2.6336826003874734
5.249999999999931,5.249999999999953,123,2.6319574131795065
5.2599999999999305,5.259999999999927,123,2.6302316965787327
5.26999999999993,5.269999999999977,123,2.628505451330682
5.27999999999993,5.279999999999952,123,2.6267786781782405
5.28999999999993,5.289999999999925,123,2.6250513778615954
5.29999999999993,5.299999999999976,123,2.623338973334313
5.309999999999929,5.309999999999949,123,2.6216347898774472
5.319999999999929,5.319999999999924,123,2.619953148151552
5.329999999999929,5.329999999999973,123,2.6063439707872362
5.339999999999929,5.339999999999948,123,2.6046340017016547
5.349999999999929,5.3499999999999215,123,2.602912246423486
5.359999999999928,5.359999999999972,123,2.6011899631764663
5.369999999999928,5.369999999999945,123,2.5994671526927107
5.379999999999928,5.37999999999992,123,2.597743815701733
5.389999999999928,5.38999999999997,123,2.5960199529304475
5.3999999999999275,5.399999999999944,123,2.594324165826734
5.409999999999927,5.40999999999993,123,2.5926177406291515
5.419999999999927,5.41999999999998,123,2.5909221884020184
5.429999999999927,5.429999999999942,123,2.589226064842734
5.439999999999927,5.439999999999904,123,2.5875293708272835
5.4499999999999265,5.449999999999954,123,2.5858321072285833
5.459999999999926,5.459999999999915,123,2.5841342749162663
5.469999999999926,5.469999999999965,123,2.5824415833564416
5.479999999999926,5.479999999999926,123,2.5807482737838257
5.489999999999926,5.489999999999976,123,2.5790541916768035
5.499999999999925,5.499999999999939,123,2.577359338447465
5.509999999999925,5.509999999999899,123,2.575663358578552
5.519999999999925,5.51999999999995,123,2.573966104316355
5.529999999999925,5.5299999999999105,123,2.572268084159063
5.5399999999999245,5.539999999999961,123,2.5705692994945224
5.549999999999924,5.549999999999922,123,2.56886975170508
5.559999999999924,5.559999999999972,123,2.567169442167952
5.569999999999924,5.569999999999933,123,2.5654683722551397
5.579999999999924,5.579999999999983,123,2.563766543333074
5.5899999999999235,5.589999999999945,123,2.562062495329144
5.599999999999923,5.599999999999906,123,2.56033628677838
5.609999999999923,5.609999999999957,123,2.5586095483791524
5.619999999999923,5.6199999999999175,123,2.556882280866162
5.629999999999923,5.629999999999968,123,2.5551533378547333
5.639999999999922,5.6399999999999295,123,2.553440902045722
5.649999999999922,5.64999999999998,123,2.551739848619917
5.659999999999922,5.659999999999941,123,2.5500382226256733
5.669999999999922,5.669999999999901,123,2.548336024940454
5.679999999999922,5.679999999999952,123,2.5466332564385112
5.689999999999921,5.689999999999913,123,2.544929917990615
5.699999999999921,5.699999999999963,123,2.5214028301299436
5.709999999999921,5.7099999999999245,123,2.519676414277555
5.719999999999921,5.719999999999975,123,2.517949461735185
5.7299999999999205,5.7299999999999365,123,2.5162219732677613
5.73999999999992,5.739999999999897,123,2.5075739991000745
5.74999999999992,5.749999999999948,123,2.5058487558816154
5.75999999999992,5.759999999999908,123,2.5041229736629305
5.76999999999992,5.769999999999959,123,2.502396653215868
5.779999999999919,5.779999999999921,123,2.5006697953091077
5.789999999999919,5.789999999999972,123,2.4989424007088132
5.799999999999919,5.799999999999932,123,2.4972144701784913
5.809999999999919,5.809999999999893,123,2.495474874365499
5.819999999999919,5.819999999999943,123,2.493745807051752
5.829999999999918,5.829999999999892,123,2.4920162059487154
5.839999999999918,5.839999999999942,123,2.4902891022200464
5.849999999999918,5.84999999999989,123,2.4885886608542904
5.859999999999918,5.859999999999941,123,2.4868876390416403
5.8699999999999175,5.869999999999889,123,2.4731347688556724
5.879999999999917,5.8799999999999395,123,2.471407547377808
5.889999999999917,5.889999999999888,123,2.4696797867054983
5.899999999999917,5.899999999999938,123,2.467951487611259
5.909999999999917,5.9099999999998865,123,2.4662292653628413
5.919999999999916,5.919999999999937,123,2.4645170626099286
5.929999999999916,5.929999999999886,123,2.462829163890447
5.939999999999916,5.9399999999999356,123,2.461146508368813
5.949999999999916,5.949999999999885,123,2.4594632519352615
5.959999999999916,5.959999999999934,123,2.4577793955450744
5.969999999999915,5.969999999999883,123,2.456082875916209
5.979999999999915,5.979999999999934,123,2.454384251677098
5.989999999999915,5.989999999999882,123,2.4526909116234776
5.999999999999915,5.9999999999999325,123,2.4509968469030383
6.0099999999999145,6.009999999999944,123,2.449301368187321
6.019999999999914,6.019999999999944,123,2.447605124224907
6.029999999999914,6.029999999999957,123,2.4459081163827108
6.039999999999914,6.039999999999955,123,2.4442103460225297
6.049999999999914,6.049999999999955,123,2.4425118145011027
6.0599999999999135,6.059999999999953,123,2.4408125231697113
6.069999999999913,6.069999999999954,123,2.439112473374692
6.079999999999913,6.079999999999952,123,2.4374116664572227
6.089999999999913,6.089999999999953,123,2.435710059930244
6.099999999999913,6.099999999999951,123,2.434006878831738
6.109999999999912,6.1099999999999515,123,2.4323029455896403
6.119999999999912,6.1199999999999495,123,2.4305754577991223
6.129999999999912,6.12999999999995,123,2.4288471376404317
6.139999999999912,6.139999999999948,123,2.427118295309924
6.1499999999999115,6.149999999999949,123,2.425388931512373
6.159999999999911,6.159999999999947,123,2.4236590469502772
6.169999999999911,6.1699999999999475,123,2.4219414954545186
6.179999999999911,6.1799999999999455,123,2.4202387042053317
6.189999999999911,6.189999999999946,123,2.418535347898427
6.1999999999999105,6.199999999999944,123,2.4168314273791935
6.20999999999991,6.209999999999945,123,2.393141908132975
6.21999999999991,6.219999999999943,123,2.3914147103307783
6.22999999999991,6.229999999999944,123,2.3896869817811677
6.23999999999991,6.2399999999999425,123,2.3879587232245143
6.249999999999909,6.249999999999942,123,2.38622993539866
6.259999999999909,6.259999999999941,123,2.3845006190388176
6.269999999999909,6.269999999999941,123,2.3827707748774287
6.279999999999909,6.27999999999994,123,2.3810404036443202
6.2899999999999086,6.2899999999999405,123,2.3793095060669174
6.299999999999908,6.2999999999999385,123,2.3775780828696895
6.309999999999908,6.309999999999939,123,2.375846134774733
6.319999999999908,6.319999999999937,123,2.367153488622378
6.329999999999908,6.329999999999938,123,2.3654238303529525
6.3399999999999075,6.339999999999936,123,2.3636936441310183
6.349999999999907,6.349999999999937,123,2.361962930685152
6.359999999999907,6.359999999999948,123,2.3602316907417844
6.369999999999907,6.369999999999948,123,2.358500644095045
6.379999999999907,6.379999999999947,123,2.3567989443743897
6.389999999999906,6.389999999999946,123,2.355096671378064
6.399999999999906,6.399999999999945,123,2.3533938259829483
6.409999999999906,6.409999999999933,123,2.3395090751644716
6.419999999999906,6.419999999999931,123,2.3377794942955745
6.429999999999906,6.429999999999931,123,2.3360493747974402
6.439999999999905,6.439999999999929,123,2.3343187174346127
6.449999999999905,6.44999999999993,123,2.332587522968808
6.459999999999905,6.459999999999928,123,2.330878009511693
6.469999999999905,6.469999999999929,123,2.329176400741744
6.4799999999999045,6.479999999999928,123,2.327474207453406
6.489999999999904,6.489999999999927,123,2.325771430562483
6.499999999999904,6.499999999999952,123,2.3240680709812835
6.509999999999904,6.509999999999951,123,2.322369913070972
6.519999999999904,6.519999999999951,123,2.3206711496541033
6.529999999999903,6.5299999999999505,123,2.3189864177817867
6.539999999999903,6.539999999999949,123,2.3173036507839413
6.549999999999903,6.549999999999949,123,2.3156200761667804
6.559999999999903,6.559999999999948,123,2.3139356954368253
6.569999999999903,6.569999999999948,123,2.3122505100949837
6.579999999999902,6.579999999999947,123,2.3105645216362802
6.589999999999902,6.589999999999947,123,2.3088698575608078
6.599999999999902,6.5999999999999455,123,2.30716865635047
6.609999999999902,6.609999999999945,123,2.305466679956396
6.6199999999999015,6.619999999999944,123,2.3037639297781425
6.629999999999901,6.629999999999944,123,2.30206040720995
6.639999999999901,6.639999999999943,123,2.3003345833273983
6.649999999999901,6.649999999999943,123,2.2986063558701915
6.659999999999901,6.659999999999942,123,2.2968775894981093
6.6699999999999005,6.669999999999941,123,2.295148284962437
6.6799999999999,6.679999999999941,123,2.2934178467273085
6.6899999999999,6.68999999999994,123,2.2916866118004577
6.6999999999999,6.69999999999994,123,2.289965372889199
6.7099999999999,6.709999999999939,123,2.2882626656841296
6.719999999999899,6.7199999999999385,123,2.2865582761645413
6.729999999999899,6.729999999999937,123,2.262690545440279
6.739999999999899,6.739999999999937,123,2.260962646050274
6.749999999999899,6.749999999999936,123,2.2592341998834655
6.7599999999998985,6.759999999999936,123,2.2575052077258704
6.769999999999898,6.769999999999935,123,2.255775670360592
6.779999999999898,6.7799999999999345,123,2.2540455885680046
6.789999999999898,6.789999999999934,123,2.2523149631257127
6.799999999999898,6.799999999999933,123,2.2505837948083496
6.8099999999998975,6.809999999999945,123,2.2488431651396183
6.819999999999897,6.8199999999999195,123,2.24711070155891
6.829999999999897,6.829999999999932,123,2.2453776951521434
6.839999999999897,6.839999999999943,123,2.2436441466904142
6.849999999999897,6.849999999999918,123,2.241910056942018
6.859999999999896,6.859999999999929,123,2.240193101168771
6.869999999999896,6.8699999999999415,123,2.238488763557058
6.879999999999896,6.8799999999999155,123,2.236783836778713
6.889999999999896,6.889999999999928,123,2.2350783217574275
6.8999999999998956,6.899999999999939,123,2.226233553353964
6.909999999999895,6.909999999999914,123,2.2245287511436658
6.919999999999895,6.919999999999926,123,2.222825135898276
6.929999999999895,6.9299999999999375,123,2.2211209298049255
6.939999999999895,6.9399999999999125,123,2.2194161337917535
6.9499999999998945,6.949999999999924,123,2.2054160022976106
6.959999999999894,6.959999999999936,123,2.2036845561904954
6.969999999999894,6.969999999999947,123,2.2019525625808996
6.979999999999894,6.979999999999922,123,2.200220022254996
6.989999999999894,6.989999999999934,123,2.1985081241210054
6.999999999999893,6.999999999999947,123,2.196805512635706
7.009999999999893,7.00999999999992,123,2.195102305968973
7.019999999999893,7.019999999999932,123,2.1933988064484424
7.029999999999893,7.029999999999944,123,2.1917004247877685
7.039999999999893,7.039999999999918,123,2.1900012387298062
7.049999999999892,7.0499999999999305,123,2.188301249786562
7.059999999999892,7.059999999999943,123,2.1866004594642163
7.069999999999892,7.069999999999917,123,2.1848988692631934
7.079999999999892,7.079999999999928,123,2.183196480678106
7.0899999999998915,7.08999999999994,123,2.1814932951979102
7.099999999999891,7.099999999999914,123,2.179789314305836
7.109999999999891,7.109999999999927,123,2.178084539479485
7.119999999999891,7.11999999999994,123,2.1763789721908466
7.129999999999891,7.129999999999913,123,2.1746726139061963
7.13999999999989,7.139999999999924,123,2.172970660832192
7.14999999999989,7.149999999999936,123,2.171280320322367
7.15999999999989,7.159999999999911,123,2.1695694035445143
7.16999999999989,7.169999999999923,123,2.1678538404755443
7.17999999999989,7.179999999999936,123,2.1661377084305116
7.189999999999889,7.189999999999909,123,2.164421008238051
7.199999999999889,7.199999999999921,123,2.1627037407237992
7.209999999999889,7.209999999999908,123,2.1609723602619084
7.219999999999889,7.219999999999907,123,2.1592403667249442
7.2299999999998885,7.229999999999906,123,2.1575148989970927
7.239999999999888,7.239999999999906,123,2.1558128735782276
7.249999999999888,7.249999999999905,123,2.1317751833149146
7.259999999999888,7.259999999999905,123,2.1300469179992945
7.269999999999888,7.269999999999904,123,2.128317525926917
7.2799999999998875,7.279999999999903,123,2.1265875764657096
7.289999999999887,7.289999999999903,123,2.124857070429343
7.299999999999887,7.299999999999902,123,2.123126008628489
7.309999999999887,7.309999999999902,123,2.1213943918707656
7.319999999999887,7.319999999999901,123,2.1196622209612173
7.329999999999886,7.329999999999901,123,2.1179294967017057
7.339999999999886,7.3399999999998995,123,2.1161962198913074
7.349999999999886,7.349999999999899,123,2.1144623913263416
7.359999999999886,7.359999999999898,123,2.11272801180003
7.3699999999998855,7.369999999999898,123,2.1109930821030503
7.379999999999885,7.379999999999897,123,2.109257603023096
7.389999999999885,7.389999999999897,123,2.1075375918955643
7.399999999999885,7.3999999999998956,123,2.1058322027131595
7.409999999999885,7.409999999999895,123,2.104126215317251
7.4199999999998845,7.419999999999946,123,2.102420206536763
7.429999999999884,7.429999999999894,123,2.100719058944563
7.439999999999884,7.439999999999944,123,2.0866051555913714
7.449999999999884,7.449999999999893,123,2.084871144125003
7.459999999999884,7.459999999999943,123,2.083136579338472
7.469999999999883,7.469999999999943,123,2.081409664669849
7.479999999999883,7.479999999999942,123,2.085002997577746
7.489999999999883,7.489999999999942,123,2.0708721433988018
7.499999999999883,7.4999999999999405,123,2.069138805890262
7.5099999999998825,7.50999999999994,123,2.067404913597173
7.519999999999882,7.519999999999939,123,2.0656912889268852
7.529999999999882,7.529999999999939,123,2.0639876572379166
7.539999999999882,7.539999999999938,123,2.062284400128931
7.549999999999882,7.549999999999938,123,2.060585609732186
7.5599999999998815,7.5599999999999365,123,2.058886003112022
7.569999999999881,7.569999999999936,123,2.0571855818160287
7.579999999999881,7.579999999999935,123,2.055484347385658
7.589999999999881,7.589999999999935,123,2.0537823013568044
7.599999999999881,7.599999999999935,123,2.0520794452590962
7.60999999999988,7.609999999999908,123,2.0503643059716836
7.61999999999988,7.619999999999946,123,2.0486597084163236
7.62999999999988,7.62999999999992,123,2.0469543048462526
7.63999999999988,7.639999999999893,123,2.045248096770763
7.64999999999988,7.649999999999931,123,2.0435410856932066
7.659999999999879,7.659999999999906,123,2.0418332731114077
7.669999999999879,7.669999999999942,123,2.040124660517378
7.679999999999879,7.679999999999917,123,2.038396751820798
7.689999999999879,7.68999999999989,123,2.036662941871839
7.6999999999998785,7.699999999999928,123,2.034928569580188
7.709999999999878,7.709999999999901,123,2.033193635770033
7.719999999999878,7.719999999999939,123,2.03145814126232
7.729999999999878,7.729999999999914,123,2.0297220868751964
7.739999999999878,7.739999999999887,123,2.0279854734239677
7.749999999999877,7.749999999999925,123,2.026248301720784
7.759999999999877,7.759999999999899,123,2.0245251709332166
7.769999999999877,7.7699999999999365,123,2.000337617984826
7.779999999999877,7.7799999999999105,123,1.9986248130297923
7.789999999999877,7.789999999999885,123,1.996910301919499
7.799999999999876,7.799999999999922,123,1.995194097996844
7.809999999999876,7.809999999999896,123,1.9934773080642287
7.819999999999876,7.819999999999933,123,1.9917599330066338
7.829999999999876,7.829999999999908,123,1.9900419737060702
7.8399999999998755,7.839999999999881,123,1.9883119296396075
7.849999999999875,7.849999999999919,123,1.9865784440066108
7.859999999999875,7.859999999999894,123,1.9848443975182448
7.869999999999875,7.86999999999993,123,1.9831097909906532
7.879999999999875,7.879999999999905,123,1.9813746252373363
7.8899999999998744,7.889999999999942,123,1.9796389010684123
7.899999999999874,7.899999999999916,123,1.9779026192915978
7.909999999999874,7.909999999999889,123,1.976165780711483
7.919999999999874,7.919999999999927,123,1.9744433538509867
7.929999999999874,7.929999999999901,123,1.9727369326371473
7.939999999999873,7.939999999999938,123,1.9710310813534164
7.949999999999873,7.949999999999912,123,1.969329519360116
7.959999999999873,7.959999999999887,123,1.967627138356363
7.969999999999873,7.969999999999924,123,1.9659239398911126
7.9799999999998725,7.979999999999898,123,1.9516803726862122
7.989999999999872,7.989999999999936,123,1.949944481720479
7.999999999999872,7.999999999999909,123,1.9482158994541834
8.009999999999872,8.00999999999991,123,1.9464984395232676
8.019999999999872,8.019999999999884,123,1.9447956253439003
8.029999999999871,8.029999999999934,123,1.9430949565166884
8.039999999999871,8.039999999999907,123,1.9413934634473407
8.049999999999871,8.04999999999988,123,1.9396911477058438
8.05999999999987,8.059999999999931,123,1.9379880108559746
8.06999999999987,8.069999999999904,123,1.9290264971616295
8.07999999999987,8.07999999999988,123,1.9273263993283223
8.08999999999987,8.08999999999993,123,1.9256254755318025
8.09999999999987,8.099999999999904,123,1.923923727347045
8.10999999999987,8.109999999999877,123,1.9222211563429852
8.11999999999987,8.119999999999926,123,1.9205177640823905
8.12999999999987,8.129999999999901,123,1.918813552122387
8.13999999999987,8.139999999999876,123,1.9171085220138053
8.149999999999869,8.149999999999926,123,1.9154026753019053
8.159999999999869,8.159999999999899,123,1.9136960135257226
8.169999999999868,8.169999999999874,123,1.911988538218722
8.179999999999868,8.179999999999923,123,1.9102802509084569
8.189999999999868,8.189999999999898,123,1.9085711531166538
8.199999999999868,8.199999999999871,123,1.9068427097294176
8.209999999999868,8.209999999999923,123,1.9051081732153818
8.219999999999867,8.219999999999896,123,1.9033730662359716
8.229999999999867,8.229999999999869,123,1.9016373896344447
8.239999999999867,8.23999999999992,123,1.899901144251075
8.249999999999867,8.249999999999893,123,1.8981643309233363
8.259999999999867,8.259999999999868,123,1.8964269504854343
8.269999999999866,8.269999999999918,123,1.8946890037688036
8.279999999999866,8.279999999999893,123,1.8929504916019226
8.289999999999866,8.289999999999866,123,1.8685546698047801
8.299999999999866,8.299999999999915,123,1.8668238104476984
8.309999999999865,8.30999999999989,123,1.865092370079708
8.319999999999865,8.319999999999865,123,1.8633603495854345
8.329999999999865,8.329999999999915,123,1.8616265448799538
8.339999999999865,8.339999999999888,123,1.859891160124505
8.349999999999865,8.34999999999994,123,1.8582579062010183
8.359999999999864,8.359999999999912,123,1.8590257323296555
8.369999999999864,8.369999999999887,123,1.8597925280349585
8.379999999999864,8.379999999999937,123,1.8605449708370543
8.389999999999864,8.389999999999912,123,1.8612977771810648
8.399999999999864,8.399999999999885,123,1.862050945431676
8.409999999999863,8.409999999999858,123,1.8628558184526014
8.419999999999863,8.419999999999908,123,1.863610111349118
8.429999999999863,8.42999999999987,123,1.8643653339600093
8.439999999999863,8.439999999999921,123,1.8651211555744993
8.449999999999863,8.449999999999882,123,1.865865026376241
8.459999999999862,8.459999999999932,123,1.8665957965396558
8.469999999999862,8.469999999999892,123,1.867330710829691
8.479999999999862,8.479999999999855,123,1.8680662200570168
8.489999999999862,8.489999999999904,123,1.8688023216651857
8.499999999999861,8.499999999999867,123,1.8695390131068876
8.509999999999861,8.509999999999916,123,1.8702762918439788
8.519999999999861,8.519999999999877,123,1.8825182067027697
8.52999999999986,8.529999999999928,123,1.8832728804309795
8.53999999999986,8.539999999999889,123,1.8840018483057435
8.54999999999986,8.549999999999939,123,1.8847295610072052
8.55999999999986,8.5599999999999,123,1.8854578718474073
8.56999999999986,8.569999999999862,123,1.8861867782588178
8.57999999999986,8.579999999999911,123,1.8869162776829427
8.58999999999986,8.589999999999872,123,1.8876463675701132
8.59999999999986,8.599999999999923,123,1.8883770453801247
8.609999999999859,8.609999999999884,123,1.88910830858147
8.619999999999859,8.619999999999933,123,1.8898401546518784
8.629999999999859,8.629999999999896,123,1.8905725810779188
8.639999999999858,8.639999999999857,123,1.8913055853547434
8.649999999999858,8.649999999999908,123,1.8986299240116438
8.659999999999858,8.659999999999869,123,1.899357043239064
8.669999999999858,8.669999999999918,123,1.900084745849128
8.679999999999858,8.679999999999879,123,1.900813029329612
8.689999999999857,8.68999999999993,123,1.9015418911774447
8.699999999999857,8.699999999999891,123,1.9022713288980242
8.709999999999857,8.709999999999853,123,1.9030013400055736
8.719999999999857,8.719999999999903,123,1.9037488651527923
8.729999999999857,8.729999999999864,123,1.9045015335253765
8.739999999999856,8.739999999999915,123,1.905254536181161
8.749999999999856,8.749999999999876,123,1.9060078715565396
8.759999999999856,8.759999999999925,123,1.9067615380929368
8.769999999999856,8.769999999999888,123,1.907515534236424
8.779999999999855,8.779999999999848,123,1.9082698584382172
8.789999999999855,8.7899999999999,123,1.9090245091541505
8.799999999999855,8.79999999999986,123,1.930157727770279
8.809999999999855,8.80999999999991,123,1.9309473925864609
8.819999999999855,8.819999999999858,123,1.9316863592225957
8.829999999999854,8.82999999999991,123,1.9324256743317108
8.839999999999854,8.839999999999858,123,1.9331653363052084
8.849999999999854,8.849999999999907,123,1.9339053435396636
8.859999999999854,8.859999999999856,123,1.9346456944367674
8.869999999999854,8.869999999999907,123,1.93538764245217
8.879999999999853,8.879999999999855,123,1.9361306878934812
8.889999999999853,8.889999999999905,123,1.9368740690244408
8.899999999999853,8.899999999999853,123,1.9376177842733995
8.909999999999853,8.909999999999904,123,1.9383618320744347
8.919999999999852,8.919999999999852,123,1.9391062108661004
8.929999999999852,8.929999999999902,123,1.9398509190921231
8.939999999999852,8.93999999999985,123,1.9405959552009762
8.949999999999852,8.949999999999902,123,1.9413413176463479
8.959999999999852,8.95999999999985,123,1.942087004886318
8.969999999999851,8.9699999999999,123,1.9428330153842808
8.979999999999851,8.97999999999985,123,1.9435673896050076
8.989999999999851,8.989999999999899,123,1.9442737028172417
8.99999999999985,8.999999999999847,123,1.9449712932659793
9.00999999999985,9.009999999999897,123,1.9456725808707347
9.01999999999985,9.019999999999897,123,1.9463748848791056
9.02999999999985,9.029999999999896,123,1.9470777340728347
9.03999999999985,9.039999999999896,123,1.9477811259627202
9.04999999999985,9.049999999999896,123,1.9484850580684423
9.05999999999985,9.059999999999894,123,1.9604787634047085
9.06999999999985,9.069999999999894,123,1.9611720393068452
9.079999999999849,9.079999999999893,123,1.9618658712163608
9.089999999999849,9.089999999999893,123,1.9625715505392236
9.099999999999849,9.099999999999904,123,1.9632787173382127
9.109999999999848,9.109999999999904,123,1.9639864012141715
9.119999999999848,9.119999999999903,123,1.964694599764087
9.129999999999848,9.129999999999903,123,1.9654033105934445
9.139999999999848,9.139999999999901,123,1.9661125313162984
9.149999999999848,9.1499999999999,123,1.9668222595551015
9.159999999999847,9.1599999999999,123,1.9675324929405775
9.169999999999847,9.1699999999999,123,1.9682432291118488
9.179999999999847,9.1799999999999,123,1.9689544657163651
9.189999999999847,9.189999999999898,123,1.9696671834207535
9.199999999999847,9.199999999999898,123,1.9704007166590713
9.209999999999846,9.209999999999898,123,1.971134516027064
9.219999999999846,9.219999999999898,123,1.9718685800606863
9.229999999999846,9.229999999999896,123,1.9789408404189288
9.239999999999846,9.239999999999895,123,1.979664892066154
9.249999999999845,9.249999999999895,123,1.9803938736704794
9.259999999999845,9.259999999999895,123,1.9811231228374453
9.269999999999845,9.269999999999893,123,1.981852638101941
9.279999999999845,9.279999999999893,123,1.9825824180031617
9.289999999999845,9.289999999999893,123,1.9833124610853616
9.299999999999844,9.299999999999892,123,1.9840427658969304
9.309999999999844,9.309999999999892,123,1.984773330991331
9.319999999999844,9.31999999999989,123,2.005505764367598
9.329999999999844,9.32999999999989,123,2.006220065199699
9.339999999999844,9.33999999999989,123,2.006934648631244
9.349999999999843,9.34999999999989,123,2.0076495131483085
9.359999999999843,9.359999999999888,123,2.0083646572422396
9.369999999999843,9.369999999999887,123,2.009080079409074
9.379999999999843,9.379999999999901,123,2.0097957781495523
9.389999999999842,9.3899999999999,123,2.0105117519692897
9.399999999999842,9.399999999999899,123,2.0112279993785194
9.409999999999842,9.409999999999897,123,2.0119758370548624
9.419999999999842,9.419999999999899,123,2.0126960567415892
9.429999999999842,9.429999999999897,123,2.013416576781225
9.439999999999841,9.439999999999896,123,2.014137395668726
9.449999999999841,9.449999999999894,123,2.0148585119032845
9.459999999999841,9.459999999999896,123,2.0155799239892076
9.46999999999984,9.469999999999894,123,2.016301630435308
9.47999999999984,9.479999999999894,123,2.0170236297551725
9.48999999999984,9.489999999999892,123,2.017745920467391
9.49999999999984,9.499999999999893,123,2.0184656225402193
9.50999999999984,9.509999999999891,123,2.0191731086481752
9.51999999999984,9.519999999999891,123,2.019863355752264
9.52999999999984,9.529999999999891,123,2.0205541512977305
9.53999999999984,9.53999999999989,123,2.02124549283144
9.549999999999839,9.549999999999889,123,2.021937377908543
9.559999999999839,9.559999999999889,123,2.0226298040930146
9.569999999999839,9.569999999999888,123,2.0233227689574846
9.579999999999838,9.579999999999888,123,2.0240162700832087
9.589999999999838,9.589999999999886,123,2.03577011236834
9.599999999999838,9.599999999999888,123,2.0364539991777946
9.609999999999838,9.609999999999886,123,2.037127318504872
9.619999999999838,9.619999999999886,123,2.037796853813674
9.629999999999837,9.629999999999884,123,2.038466966486027
9.639999999999837,9.639999999999885,123,2.039137653998509
9.649999999999837,9.649999999999883,123,2.039808913836481
9.659999999999837,9.659999999999883,123,2.0404807434945837
9.669999999999837,9.669999999999881,123,2.0411531404761547
9.679999999999836,9.679999999999882,123,2.041826102293456
9.689999999999836,9.68999999999988,123,2.042499626467503
9.699999999999836,9.69999999999988,123,2.043173710528606
9.709999999999836,9.709999999999878,123,2.043854411604528
9.719999999999835,9.71999999999988,123,2.0445623942879365
9.729999999999835,9.729999999999878,123,2.045270675269606
9.739999999999835,9.739999999999878,123,2.0459792530602385
9.749999999999835,9.749999999999876,123,2.046688126175269
9.759999999999835,9.759999999999877,123,2.0473972931349067
9.769999999999834,9.769999999999875,123,2.048106752463781
9.779999999999834,9.779999999999875,123,2.0488165026914373
9.789999999999834,9.789999999999875,123,2.049526542351913
9.799999999999834,9.799999999999875,123,2.069901235915111
9.809999999999834,9.809999999999887,123,2.057162086887132
9.819999999999833,9.819999999999897,123,2.057868209329854
9.829999999999833,9.829999999999872,123,2.0585746348246516
9.839999999999833,9.839999999999884,123,2.07891027783468
9.849999999999833,9.849999999999897,123,2.0796007693938634
9.859999999999832,9.859999999999872,123,2.0802915858833444
9.869999999999832,9.869999999999882,123,2.0809827257536426
9.879999999999832,9.879999999999894,123,2.0816741874599387
9.889999999999832,9.889999999999867,123,2.0823659694626
9.899999999999832,9.899999999999881,123,2.083058070226798
9.909999999999831,9.909999999999892,123,2.083750488222236
9.919999999999831,9.919999999999867,123,2.084443221924161
9.929999999999831,9.929999999999879,123,2.085136269812068
9.93999999999983,9.939999999999891,123,2.0858296303705686
9.94999999999983,9.949999999999864,123,2.086524986266255
9.95999999999983,9.959999999999877,123,2.087220893103165
9.96999999999983,9.969999999999889,123,2.0879171050295895
9.97999999999983,9.979999999999864,123,2.0886136205555488
9.98999999999983,9.989999999999876,123,2.08931043819598
9.99999999999983,9.999999999999886,123,2.0900075564701694
10.00999999999983,10.00999999999986,123,2.090704973902291
10.019999999999829,10.019999999999873,123,2.091398759279997
10.029999999999829,10.029999999999886,123,2.092091732380851
10.039999999999829,10.039999999999896,123,2.0927738039740547
10.049999999999828,10.049999999999871,123,2.0934402850456024
10.059999999999828,10.059999999999883,123,2.0941073156251946
10.069999999999828,10.069999999999895,123,2.094774893285262
10.079999999999828,10.079999999999869,123,2.0954430156074295
10.089999999999828,10.08999999999988,123,2.096111680181693
10.099999999999827,10.099999999999893,123,2.0967808846063036
10.109999999999827,10.109999999999868,123,2.097450626488353
10.119999999999827,10.11999999999988,123,2.098120903443416
10.129999999999827,10.12999999999989,123,2.109613282885448
10.139999999999826,10.139999999999866,123,2.110273408582259
10.149999999999826,10.149999999999878,123,2.11093408412394
10.159999999999826,10.15999999999989,123,2.111595307082652
10.169999999999826,10.169999999999863,123,2.1122570750391674
10.179999999999826,10.179999999999875,123,2.112920047166128
10.189999999999825,10.189999999999888,123,2.113583651367975
10.199999999999825,10.19999999999986,123,2.1142477918528044
10.209999999999825,10.209999999999873,123,2.1149554367331405
10.219999999999825,10.219999999999873,123,2.115621334484544
10.229999999999825,10.229999999999874,123,2.116273047639382
10.239999999999824,10.239999999999872,123,2.116945766051117
10.249999999999824,10.24999999999987,123,2.1176188224169294
10.259999999999824,10.25999999999987,123,2.1182922151768366
10.269999999999824,10.269999999999872,123,2.118965942775773
10.279999999999824,10.27999999999987,123,2.1196400036635765
10.289999999999823,10.289999999999868,123,2.1203143962951003
10.299999999999823,10.299999999999867,123,2.1209891191300443
10.309999999999823,10.309999999999869,123,2.1409759801579895
10.319999999999823,10.319999999999867,123,2.1416349763882465
10.329999999999822,10.329999999999865,123,2.1422943245734984
10.339999999999822,10.339999999999867,123,2.1429632154873417
10.349999999999822,10.349999999999866,123,2.143634637486045
10.359999999999822,10.359999999999864,123,2.144306380010846
10.369999999999822,10.369999999999862,123,2.1449784415412267
10.379999999999821,10.379999999999864,123,2.1456508205616984
10.389999999999821,10.389999999999864,123,2.1523914985085923
10.399999999999821,10.399999999999862,123,2.153047462029704
10.40999999999982,10.40999999999986,123,2.1537099590498627
10.41999999999982,10.419999999999861,123,2.1543779541073746
10.42999999999982,10.429999999999861,123,2.155046267600625
10.43999999999982,10.43999999999986,123,2.1557148980189424
10.44999999999982,10.449999999999857,123,2.156383843856247
10.45999999999982,10.459999999999859,123,2.1570531036114033
10.46999999999982,10.469999999999859,123,2.1577226757878947
10.47999999999982,10.479999999999857,123,2.158392641376608
10.489999999999819,10.489999999999855,123,2.1590647206131592
10.499999999999819,10.499999999999856,123,2.1597371047975287
10.509999999999819,10.509999999999856,123,2.1604097924585517
10.519999999999818,10.519999999999854,123,2.161082782129455
10.529999999999818,10.529999999999854,123,2.1617560702552794
10.539999999999818,10.539999999999853,123,2.1624245688633152
10.549999999999818,10.549999999999853,123,2.163093546909977
10.559999999999818,10.559999999999851,123,2.163763002231832
10.569999999999817,10.569999999999851,123,2.164419795517148
10.579999999999817,10.57999999999985,123,2.1650632364453344
10.589999999999817,10.58999999999985,123,2.1657072215203215
10.599999999999817,10.59999999999985,123,2.1663517483510617
10.609999999999816,10.60999999999986,123,2.167042151242029
10.619999999999816,10.619999999999898,123,2.16768829706281
10.629999999999816,10.629999999999873,123,2.1683349805045253
10.639999999999816,10.639999999999848,123,2.1689821992062264
10.649999999999816,10.649999999999883,123,2.1696299508151213
10.659999999999815,10.65999999999986,123,2.1702782329865187
10.669999999999815,10.669999999999897,123,2.181514038853493
10.679999999999815,10.67999999999987,123,2.182152399086533
10.689999999999815,10.689999999999843,123,2.1827913042334472
10.699999999999815,10.699999999999882,123,2.1834307519081335
10.709999999999814,10.709999999999855,123,2.184070739732448
10.719999999999814,10.719999999999894,123,2.1847112653371425
10.729999999999814,10.729999999999867,123,2.185352326360828
10.739999999999814,10.73999999999984,123,2.1859939204507697
10.749999999999813,10.749999999999877,123,2.1866373134077577
10.759999999999813,10.759999999999852,123,2.1873005300503365
10.769999999999813,10.76999999999989,123,2.187964337461665
10.779999999999813,10.779999999999863,123,2.18862845326413
10.789999999999813,10.78999999999984,123,2.1892928759719865
10.799999999999812,10.799999999999876,123,2.189957604103725
10.809999999999812,10.80999999999985,123,2.190622636182823
10.819999999999812,10.819999999999885,123,2.191287970737463
10.829999999999812,10.829999999999862,123,2.21090052174182
10.839999999999812,10.839999999999835,123,2.211546498537018
10.849999999999811,10.849999999999872,123,2.212182294900586
10.859999999999811,10.859999999999847,123,2.2128184400179975
10.869999999999811,10.869999999999884,123,2.213454932305922
10.87999999999981,10.879999999999857,123,2.2140917701857887
10.88999999999981,10.88999999999983,123,2.214728952084087
10.89999999999981,10.899999999999869,123,2.2153664764326066
10.90999999999981,10.909999999999842,123,2.2160043416677127
10.91999999999981,10.919999999999881,123,2.2166425462311707
10.92999999999981,10.929999999999856,123,2.217281088569493
10.93999999999981,10.939999999999891,123,2.217919967134094
10.94999999999981,10.949999999999864,123,2.218559180381618
10.959999999999809,10.959999999999841,123,2.219201097093901
10.969999999999809,10.969999999999878,123,2.219852006860293
10.979999999999809,10.979999999999851,123,2.226452306492803
10.989999999999808,10.98999999999989,123,2.227087207094769
10.999999999999808,10.999999999999863,123,2.2277224432708636
11.009999999999808,11.00999999999985,123,2.2284046102507062
11.019999999999808,11.019999999999824,123,2.229041341134419
11.029999999999808,11.029999999999873,123,2.2296798836581644
11.039999999999807,11.039999999999846,123,2.230328974790609
11.049999999999807,11.049999999999821,123,2.230977837045586
11.059999999999807,11.05999999999987,123,2.2316233250740254
11.069999999999807,11.069999999999846,123,2.232269289682307
11.079999999999806,11.079999999999819,123,2.232915728733701
11.089999999999806,11.08999999999987,123,2.233562640099123
11.099999999999806,11.099999999999843,123,2.2341952841518093
11.109999999999806,11.109999999999818,123,2.2348166643896263
11.119999999999806,11.11999999999987,123,2.2354385828043775
11.129999999999805,11.129999999999843,123,2.236061037043058
11.139999999999805,11.139999999999892,123,2.2366840247611037
11.149999999999805,11.149999999999867,123,2.2373075436222223
11.159999999999805,11.15999999999984,123,2.2379315912980076
11.169999999999805,11.16999999999989,123,2.2385561654688786
11.179999999999804,11.179999999999863,123,2.2391812638227435
11.189999999999804,11.18999999999984,123,2.2398068840559944
11.199999999999804,11.19999999999989,123,2.240447608159812
11.209999999999804,11.209999999999862,123,2.2514154791499834
11.219999999999803,11.219999999999835,123,2.2520319088403227
11.229999999999803,11.229999999999887,123,2.2526488720758095
11.239999999999803,11.239999999999862,123,2.253266366520137
11.249999999999803,11.249999999999835,123,2.2538843898455667
11.259999999999803,11.259999999999886,123,2.254502939732305
11.269999999999802,11.26999999999986,123,2.255124835848676
11.279999999999802,11.279999999999832,123,2.255764156940984
11.289999999999802,11.289999999999882,123,2.256403786865988
11.299999999999802,11.299999999999855,123,2.257043724148957
11.309999999999802,11.309999999999832,123,2.2576839673197924
11.319999999999801,11.319999999999881,123,2.2583245149132978
11.329999999999801,11.329999999999854,123,2.2589653654687964
11.339999999999801,11.33999999999983,123,2.259606801050694
11.3499999999998,11.349999999999879,123,2.278834207159079
11.3599999999998,11.359999999999854,123,2.27946082822001
11.3699999999998,11.369999999999827,123,2.280087770309777
11.3799999999998,11.379999999999878,123,2.2807150319122087
11.3899999999998,11.389999999999851,123,2.281342611516223
11.3999999999998,11.399999999999824,123,2.281970507615327
11.4099999999998,11.409999999999876,123,2.282645646825813
11.4199999999998,11.419999999999837,123,2.283274543128556
11.429999999999799,11.429999999999888,123,2.283903752773867
11.439999999999799,11.439999999999849,123,2.284533274273059
11.449999999999799,11.44999999999981,123,2.2851631061425195
11.459999999999798,11.459999999999859,123,2.285786466205579
11.469999999999798,11.469999999999821,123,2.2864029771772323
11.479999999999798,11.479999999999873,123,2.287019819925021
11.489999999999798,11.489999999999831,123,2.2876369929334146
11.499999999999797,11.499999999999881,123,2.2882544946916994
11.509999999999797,11.509999999999843,123,2.2888724938958944
11.519999999999797,11.519999999999806,123,2.2894924723884884
11.529999999999797,11.529999999999855,123,2.290109587084956
11.539999999999797,11.539999999999816,123,2.2907253624057233
11.549999999999796,11.549999999999866,123,2.291341633232804
11.559999999999796,11.559999999999828,123,2.297788959800158
11.569999999999796,11.569999999999878,123,2.298402633400528
11.579999999999796,11.579999999999838,123,2.299014185329355
11.589999999999796,11.589999999999888,123,2.299626235168006
11.599999999999795,11.59999999999985,123,2.300238780727213
11.609999999999795,11.609999999999813,123,2.3008518198255103
11.619999999999795,11.619999999999862,123,2.3014653502889644
11.629999999999795,11.629999999999823,123,2.3020182161804144
11.639999999999795,11.639999999999873,123,2.3025367557094256
11.649999999999794,11.649999999999835,123,2.303055142311422
11.659999999999794,11.659999999999885,123,2.303576954114959
11.669999999999794,11.669999999999847,123,2.3041064643940956
11.679999999999794,11.679999999999808,123,2.304635804514234
11.689999999999793,11.689999999999857,123,2.305164974657089
11.699999999999793,11.69999999999982,123,2.30569397499967
11.709999999999793,11.70999999999987,123,2.306222805714029
11.719999999999793,11.719999999999832,123,2.3067682201852193
11.729999999999793,11.729999999999881,123,2.307317183106349
11.739999999999792,11.739999999999842,123,2.3185410490182505
11.749999999999792,11.749999999999805,123,2.319064065289851
11.759999999999792,11.759999999999854,123,2.319586911454067
11.769999999999792,11.769999999999827,123,2.3201095876995765
11.779999999999792,11.779999999999864,123,2.32063209421014
11.789999999999791,11.789999999999827,123,2.3211593309716534
11.799999999999791,11.79999999999987,123,2.3217020358857354
11.80999999999979,11.809999999999832,123,2.322293621617675
11.81999999999979,11.819999999999876,123,2.322835945019122
11.82999999999979,11.829999999999831,123,2.3233779054282877
11.83999999999979,11.839999999999874,123,2.3239195034125686
11.84999999999979,11.849999999999822,123,2.3244607395347856
11.85999999999979,11.859999999999873,123,2.344370751491766
11.86999999999979,11.869999999999822,123,2.3449059036740607
11.87999999999979,11.879999999999866,123,2.34544068573814
11.88999999999979,11.88999999999982,123,2.345975098311797
11.899999999999789,11.899999999999864,123,2.346509142017723
11.909999999999789,11.909999999999819,123,2.347042817473337
11.919999999999789,11.919999999999863,123,2.3475762506897553
11.929999999999788,11.929999999999819,123,2.3481099113352997
11.939999999999788,11.939999999999861,123,2.3486432048755574
11.949999999999788,11.949999999999816,123,2.3491761319075977
11.959999999999788,11.95999999999986,123,2.3497086930245388
11.969999999999787,11.969999999999816,123,2.3502408888139286
11.979999999999787,11.979999999999858,123,2.350772719858952
11.989999999999787,11.989999999999814,123,2.3513041867382043
11.999999999999787,11.999999999999865,123,2.351835290025619
12.009999999999787,12.00999999999985,123,2.352368592855413
12.019999999999786,12.01999999999985,123,2.352901472862328
12.029999999999786,12.02999999999985,123,2.3534339306147984
12.039999999999786,12.039999999999848,123,2.3539659666764265
12.049999999999786,12.049999999999848,123,2.3544934289105157
12.059999999999786,12.059999999999848,123,2.355021471347712
12.069999999999785,12.069999999999848,123,2.3555492683204164
12.079999999999785,12.079999999999846,123,2.3560667691072013
12.089999999999785,12.089999999999847,123,2.3565797080439523
12.099999999999785,12.099999999999845,123,2.357092416547175
12.109999999999784,12.109999999999845,123,2.357604894776216
12.119999999999784,12.119999999999843,123,2.358117142886414
12.129999999999784,12.12999999999985,123,2.3586291610288868
12.139999999999784,12.139999999999842,123,2.365200164167277
12.149999999999784,12.14999999999985,123,2.365712568145554
12.159999999999783,12.159999999999847,123,2.3662206542938833
12.169999999999783,12.169999999999849,123,2.366728510479007
12.179999999999783,12.179999999999847,123,2.36723613685632
12.189999999999783,12.189999999999847,123,2.36774353357724
12.199999999999783,12.199999999999845,123,2.3682507007891616
12.209999999999782,12.209999999999846,123,2.3687576386355005
12.219999999999782,12.219999999999844,123,2.3692643472560633
12.229999999999782,12.229999999999844,123,2.3697708267864073
12.239999999999782,12.239999999999842,123,2.37029415770607
12.249999999999782,12.249999999999849,123,2.370820249161838
12.259999999999781,12.259999999999842,123,2.371345918905206
12.269999999999781,12.269999999999847,123,2.3718711674577975
12.27999999999978,12.279999999999847,123,2.3827360289445636
12.28999999999978,12.289999999999848,123,2.383242926437589
12.29999999999978,12.299999999999846,123,2.383753854644823
12.30999999999978,12.309999999999844,123,2.384271065704155
12.31999999999978,12.319999999999844,123,2.384801482479787
12.32999999999978,12.329999999999846,123,2.3853314642574333
12.33999999999978,12.339999999999844,123,2.385861011568039
12.34999999999978,12.349999999999842,123,2.38639012493897
12.35999999999978,12.359999999999841,123,2.38691880489381
12.369999999999779,12.369999999999843,123,2.3874470519525346
12.379999999999779,12.379999999999841,123,2.4068365728018364
12.389999999999779,12.389999999999839,123,2.4073587675412966
12.399999999999778,12.399999999999839,123,2.407880522592748
12.409999999999778,12.40999999999984,123,2.4084303082291143
12.419999999999778,12.419999999999838,123,2.408952589601583
12.429999999999778,12.429999999999836,123,2.409474466683122
12.439999999999777,12.439999999999836,123,2.4099959400258797
12.449999999999777,12.449999999999838,123,2.4105170101782534
12.459999999999777,12.459999999999836,123,2.4110376776845044
12.469999999999777,12.469999999999834,123,2.411557943085242
12.479999999999777,12.479999999999835,123,2.412077806916926
12.489999999999776,12.489999999999835,123,2.4125972697127764
12.499999999999776,12.499999999999833,123,2.4131163320015787
12.509999999999776,12.509999999999831,123,2.413635673830086
12.519999999999776,12.519999999999833,123,2.4141546340813136
12.529999999999776,12.529999999999843,123,2.414673194742363
12.539999999999775,12.539999999999845,123,2.4151913563271137
12.549999999999775,12.549999999999843,123,2.41570911934582
12.559999999999775,12.559999999999842,123,2.416225244395733
12.569999999999775,12.56999999999984,123,2.4167372032114116
12.579999999999774,12.579999999999842,123,2.417248937120206
12.589999999999774,12.58999999999984,123,2.417761387015574
12.599999999999774,12.59999999999984,123,2.418274482309613
12.609999999999774,12.60999999999984,123,2.4187873513284472
12.619999999999774,12.61999999999984,123,2.4192999941725333
12.629999999999773,12.629999999999837,123,2.419812410939599
12.639999999999773,12.639999999999839,123,2.4203246017241753
12.649999999999773,12.649999999999837,123,2.4208365666175666
12.659999999999773,12.659999999999837,123,2.4213483057082925
12.669999999999773,12.669999999999835,123,2.421859819081746
12.679999999999772,12.679999999999836,123,2.4223711068206484
12.689999999999772,12.689999999999834,123,2.4228821690043816
12.699999999999772,12.699999999999834,123,2.4233808367805665
12.709999999999772,12.709999999999832,123,2.423878512094234
12.719999999999771,12.719999999999834,123,2.4302018136759926
12.729999999999771,12.729999999999832,123,2.430708909321382
12.739999999999771,12.739999999999831,123,2.4312157796224056
12.74999999999977,12.74999999999983,123,2.4317224246589433
12.75999999999977,12.759999999999831,123,2.432245926097167
12.76999999999977,12.769999999999829,123,2.4327588791864656
12.77999999999977,12.779999999999841,123,2.4332703426054962
12.78999999999977,12.789999999999841,123,2.4337814077639024
12.79999999999977,12.799999999999839,123,2.434292075135019
12.80999999999977,12.809999999999826,123,2.4348393728718634
12.81999999999977,12.819999999999839,123,2.4453683729469446
12.82999999999977,12.829999999999831,123,2.4458628008869
12.839999999999769,12.839999999999826,123,2.446369376413003
12.849999999999769,12.849999999999838,123,2.4468755647716165
12.859999999999769,12.859999999999829,123,2.4473813664425705
12.869999999999768,12.869999999999823,123,2.44788678190217
12.879999999999768,12.879999999999834,123,2.448391811623793
12.889999999999768,12.889999999999828,123,2.467271534028029
12.899999999999768,12.899999999999823,123,2.467770825235803
12.909999999999767,12.909999999999833,123,2.46826972439915
12.919999999999767,12.919999999999826,123,2.468777337866854
12.929999999999767,12.92999999999984,123,2.4692859268239005
12.939999999999767,12.93999999999983,123,2.469794111923946
12.949999999999767,12.949999999999825,123,2.4703018936757815
12.959999999999766,12.959999999999836,123,2.470809272585342
12.969999999999766,12.96999999999983,123,2.4713162491548815
12.979999999999766,12.979999999999821,123,2.4718228238834996
12.989999999999766,12.989999999999835,123,2.472328997267212
12.999999999999766,12.999999999999828,123,2.472834769798979
13.009999999999765,13.009999999999838,123,2.4733401419683076
13.019999999999765,13.019999999999833,123,2.4738451142616498
13.029999999999765,13.029999999999827,123,2.47434968716243
13.039999999999765,13.039999999999837,123,2.4748538611508906
13.049999999999764,13.049999999999832,123,2.475357636704146
13.059999999999764,13.059999999999823,123,2.475861014296399
13.069999999999764,13.069999999999835,123,2.47636399439898
13.079999999999764,13.07999999999983,123,2.4768634708927237
13.089999999999764,13.089999999999822,123,2.4773613789935354
13.099999999999763,13.099999999999834,123,2.477859186182357
13.109999999999763,13.109999999999829,123,2.4783567642832907
13.119999999999763,13.11999999999982,123,2.478854113376002
13.129999999999763,13.129999999999832,123,2.4793526597041335
13.139999999999763,13.139999999999825,123,2.4798513137259306
13.149999999999762,13.14999999999982,123,2.4803497373131336
13.159999999999762,13.159999999999831,123,2.4808479305347504
13.169999999999762,13.169999999999824,123,2.481345893457842
13.179999999999762,13.179999999999815,123,2.481843626146741
13.189999999999761,13.189999999999827,123,2.4823411286636343
13.199999999999761,13.199999999999822,123,2.4828384010680082
13.209999999999761,13.209999999999814,123,2.4833760659423803
13.21999999999976,13.219999999999814,123,2.4838735472589946
13.22999999999976,13.229999999999814,123,2.484373440895581
13.23999999999976,13.239999999999812,123,2.4848894844425615
13.24999999999976,13.249999999999837,123,2.485405123442419
13.25999999999976,13.259999999999838,123,2.485920358319845
13.26999999999976,13.269999999999836,123,2.4864351894973424
13.27999999999976,13.279999999999834,123,2.4869496173947
13.28999999999976,13.289999999999836,123,2.505467009213689
13.29999999999976,13.299999999999836,123,2.4935202288334324
13.309999999999759,13.309999999999834,123,2.4940312142908425
13.319999999999759,13.319999999999832,123,2.4945417966962395
13.329999999999758,13.329999999999833,123,2.513018967555297
13.339999999999758,13.339999999999833,123,2.513523884357511
13.349999999999758,13.349999999999831,123,2.5058097386173017
13.359999999999758,13.359999999999829,123,2.5063153751397635
13.369999999999758,13.36999999999983,123,2.506820608323693
13.379999999999757,13.37999999999983,123,2.5073244556064225
13.389999999999757,13.389999999999828,123,2.507815651807846
13.399999999999757,13.399999999999826,123,2.508306456677559
13.409999999999757,13.409999999999828,123,2.5266956041928523
13.419999999999757,13.419999999999828,123,2.527180844158508
13.429999999999756,13.429999999999826,123,2.5276656872224805
13.439999999999756,13.439999999999824,123,2.5281501338656938
13.449999999999756,13.449999999999825,123,2.5286341845664424
13.459999999999756,13.459999999999825,123,2.529117839799966
13.469999999999756,13.469999999999823,123,2.5296011000385477
13.479999999999755,13.479999999999823,123,2.530083965751885
13.489999999999755,13.489999999999823,123,2.5305664374066765
13.499999999999755,13.499999999999822,123,2.5310485154666935
13.509999999999755,13.509999999999822,123,2.531530200392922
13.519999999999754,13.51999999999982,123,2.5320114926436332
13.529999999999754,13.52999999999982,123,2.532492392674513
13.539999999999754,13.53999999999982,123,2.532974085101472
13.549999999999754,13.54999999999982,123,2.533464345410124
13.559999999999754,13.559999999999818,123,2.533954201877137
13.569999999999753,13.569999999999817,123,2.534443654951019
13.579999999999753,13.579999999999819,123,2.5349327050777077
13.589999999999753,13.589999999999817,123,2.535421167464591
13.599999999999753,13.599999999999815,123,2.535904598047523
13.609999999999753,13.609999999999815,123,2.5364304025221998
13.619999999999752,13.619999999999827,123,2.5369138828666564
13.629999999999752,13.629999999999827,123,2.5373971284168846
13.639999999999752,13.639999999999802,123,2.537880139236094
13.649999999999752,13.649999999999805,123,2.5383629153853065
13.659999999999751,13.659999999999814,123,2.538845631693192
13.669999999999751,13.669999999999819,123,2.539330080663646
13.679999999999751,13.679999999999824,123,2.5398145266344443
13.68999999999975,13.689999999999829,123,2.5402987358083067
13.69999999999975,13.699999999999804,123,2.5407827082362644
13.70999999999975,13.709999999999809,123,2.5412664439670323
13.71999999999975,13.719999999999814,123,2.5417499430473214
13.72999999999975,13.729999999999821,123,2.5422332055223364
13.73999999999975,13.739999999999833,123,2.5427162314347527
13.74999999999975,13.7499999999998,123,2.543204164452618
13.75999999999975,13.759999999999804,123,2.5437052166036977
13.769999999999749,13.769999999999811,123,2.5442058571187545
13.779999999999749,13.779999999999816,123,2.544706086404787
13.789999999999749,13.789999999999822,123,2.545205904866421
13.799999999999748,13.799999999999798,123,2.545705312906236
13.809999999999748,13.809999999999803,123,2.5637437705820645
13.819999999999748,13.819999999999808,123,2.564237662944322
13.829999999999748,13.829999999999815,123,2.5647311401749846
13.839999999999748,13.83999999999982,123,2.5572001669342797
13.849999999999747,13.849999999999826,123,2.5576942987175357
13.859999999999747,13.8599999999998,123,2.5581880203983616
13.869999999999747,13.869999999999806,123,2.558681332383344
13.879999999999747,13.87999999999981,123,2.572562108168512
13.889999999999747,13.889999999999816,123,2.565042735045637
13.899999999999746,13.899999999999823,123,2.565532686302163
13.909999999999746,13.909999999999796,123,2.5660222281540968
13.919999999999746,13.919999999999801,123,2.583953823780135
13.929999999999746,13.929999999999808,123,2.5844379135432973
13.939999999999745,13.93999999999982,123,2.5849215890586095
13.949999999999745,13.949999999999818,123,2.5854048507661958
13.959999999999745,13.959999999999793,123,2.5858876991036794
13.969999999999745,13.9699999999998,123,2.5863701345064243
13.979999999999745,13.979999999999805,123,2.586852157407776
13.989999999999744,13.98999999999981,123,2.5873337682382385
13.999999999999744,13.999999999999817,123,2.587811892979559
14.009999999999744,14.00999999999979,123,2.588323853998361
14.019999999999744,14.01999999999981,123,2.5887919058395568
14.029999999999744,14.029999999999815,123,2.5892595596788794
14.039999999999743,14.039999999999788,123,2.589726815951721
14.049999999999743,14.049999999999802,123,2.590193675091328
14.059999999999743,14.059999999999812,123,2.5906601375284453
14.069999999999743,14.069999999999824,123,2.5911262036914167
14.079999999999742,14.079999999999798,123,2.591591874006369
14.089999999999742,14.08999999999981,123,2.5920571488968847
14.099999999999742,14.099999999999822,123,2.5925220287848276
14.109999999999742,14.109999999999797,123,2.592984531772217
14.119999999999742,14.11999999999981,123,2.593443945788806
14.129999999999741,14.129999999999821,123,2.593903127457935
14.139999999999741,14.139999999999795,123,2.5943620768260587
14.149999999999741,14.149999999999807,123,2.5948207939376573
14.15999999999974,14.159999999999824,123,2.595279278835406
14.16999999999974,14.169999999999794,123,2.5957403204456
14.17999999999974,14.179999999999806,123,2.5962081747490515
14.18999999999974,14.189999999999817,123,2.596675782111518
14.19999999999974,14.199999999999791,123,2.597143879570382
14.20999999999974,14.209999999999802,123,2.5976126652131057
14.21999999999974,14.219999999999814,123,2.598081202500012
14.22999999999974,14.22999999999979,123,2.598549491475893
14.239999999999739,14.239999999999801,123,2.599017532184348
14.249999999999739,14.249999999999813,123,2.599485661871512
14.259999999999739,14.259999999999787,123,2.599953843997099
14.269999999999738,14.269999999999799,123,2.6004296040285624
14.279999999999738,14.279999999999811,123,2.600915287508286
14.289999999999738,14.289999999999786,123,2.60140055175701
14.299999999999738,14.299999999999798,123,2.601885397169525
14.309999999999738,14.30999999999981,123,2.6023698241388473
14.319999999999737,14.319999999999784,123,2.619948684541356
14.329999999999737,14.329999999999796,123,2.6204277702041026
14.339999999999737,14.339999999999806,123,2.620906433130685
14.349999999999737,14.34999999999982,123,2.6213846737386177
14.359999999999737,14.359999999999795,123,2.6218624924434835
14.369999999999736,14.369999999999806,123,2.6223398896585763
14.379999999999736,14.379999999999818,123,2.6149968935300336
14.389999999999736,14.389999999999791,123,2.6154748761762505
14.399999999999736,14.399999999999803,123,2.6329827891364346
14.409999999999735,14.409999999999803,123,2.633499474272327
14.419999999999735,14.419999999999808,123,2.6339720915044182
14.429999999999735,14.429999999999817,123,2.6344442890867867
14.439999999999735,14.439999999999776,123,2.634916067435938
14.449999999999735,14.449999999999788,123,2.635387426966119
14.459999999999734,14.459999999999788,123,2.6410691353550675
14.469999999999734,14.4699999999998,123,2.641537642800955
14.479999999999734,14.479999999999798,123,2.6420057313321905
14.489999999999734,14.489999999999805,123,2.6424734013671554
14.499999999999734,14.49999999999981,123,2.6429406533218867
14.509999999999733,14.509999999999822,123,2.6434074876106592
14.519999999999733,14.519999999999778,123,2.6438739046454884
14.529999999999733,14.529999999999783,123,2.644339904836883
14.539999999999733,14.53999999999979,123,2.6448054885929793
14.549999999999732,14.549999999999795,123,2.645270656320136
14.559999999999732,14.5599999999998,123,2.6457354084228655
14.569999999999732,14.569999999999805,123,2.6461997453036616
14.579999999999732,14.579999999999812,123,2.6466636673630575
14.589999999999732,14.589999999999817,123,2.647127174999966
14.599999999999731,14.59999999999978,123,2.647590268611097
14.609999999999731,14.609999999999784,123,2.6480529485914417
14.619999999999731,14.61999999999979,123,2.648511030018696
14.62999999999973,14.629999999999797,123,2.648956786716653
14.63999999999973,14.639999999999802,123,2.6494013634228537
14.64999999999973,14.649999999999807,123,2.649845695127283
14.65999999999973,14.659999999999814,123,2.6502897818752444
14.66999999999973,14.669999999999774,123,2.6507336237105505
14.67999999999973,14.679999999999781,123,2.651177220675436
14.68999999999973,14.689999999999786,123,2.6516205728106286
14.69999999999973,14.699999999999799,123,2.6520636801553223
14.709999999999729,14.709999999999798,123,2.65250654274719
14.719999999999729,14.719999999999803,123,2.6529491606223274
14.729999999999729,14.729999999999809,123,2.653391533815565
14.739999999999728,14.739999999999771,123,2.6538349024084766
14.749999999999728,14.749999999999783,123,2.6542784274565605
14.759999999999728,14.759999999999781,123,2.6547217063838673
14.769999999999728,14.769999999999794,123,2.6551647392193445
14.779999999999728,14.779999999999793,123,2.655607525990689
14.789999999999727,14.789999999999806,123,2.6560606287023063
14.799999999999727,14.799999999999805,123,2.6565247835055885
14.809999999999727,14.80999999999979,123,2.6570381649635237
14.819999999999727,14.81999999999979,123,2.657506943714438
14.829999999999727,14.82999999999979,123,2.657975544260978
14.839999999999726,14.83999999999979,123,2.67510374118838
14.849999999999726,14.849999999999788,123,2.675567532273959
14.859999999999726,14.859999999999788,123,2.676030894518334
14.869999999999726,14.869999999999788,123,2.6764938283276223
14.879999999999725,14.879999999999788,123,2.6769563341061797
14.889999999999725,14.889999999999786,123,2.6774184122566282
14.899999999999725,14.899999999999785,123,2.677880063179984
14.909999999999725,14.909999999999787,123,2.6873188046493226
14.919999999999725,14.919999999999792,123,2.687776676798663
14.929999999999724,14.929999999999783,123,2.6882341209938403
14.939999999999724,14.93999999999979,123,2.688691137643545
14.949999999999724,14.949999999999788,123,2.6891477271547615
14.959999999999724,14.95999999999979,123,2.689603889932542
14.969999999999724,14.969999999999787,123,2.6900596263804175
14.979999999999723,14.979999999999787,123,2.6905149368999446
14.989999999999723,14.989999999999785,123,2.6909698218910876
14.999999999999723,14.999999999999787,123,2.6914242817520773
15.009999999999723,15.009999999999804,123,2.6918806287737738
15.019999999999722,15.019999999999802,123,2.6923364970865578
15.029999999999722,15.029999999999804,123,2.6927918870892853
15.039999999999722,15.039999999999802,123,2.6983120928668995
15.049999999999722,15.049999999999802,123,2.6987645801280564
15.059999999999722,15.0599999999998,123,2.699216589150197
15.069999999999721,15.069999999999801,123,2.6996681203353745
15.079999999999721,15.0799999999998,123,2.7001191740837527
15.089999999999721,15.0899999999998,123,2.7005697507939885
15.09999999999972,15.099999999999799,123,2.7010198508631476
15.10999999999972,15.109999999999799,123,2.7014694746866326
15.11999999999972,15.119999999999797,123,2.701918622658539
15.12999999999972,15.129999999999798,123,2.702367295171271
15.13999999999972,15.139999999999796,123,2.7028141358395743
15.14999999999972,15.149999999999796,123,2.703257412145547
15.15999999999972,15.159999999999794,123,2.703700364250494
15.16999999999972,15.169999999999801,123,2.7041429922173137
15.179999999999719,15.179999999999794,123,2.7045852961079504
15.189999999999719,15.1899999999998,123,2.7050272759831557
15.199999999999719,15.199999999999799,123,2.7054689319022884
15.209999999999718,15.209999999999798,123,2.7059102639239683
15.219999999999718,15.219999999999798,123,2.706351272105124
15.229999999999718,15.229999999999798,123,2.7067919565020873
15.239999999999718,15.239999999999796,123,2.707227331766873
15.249999999999718,15.249999999999797,123,2.7076553803915004
15.259999999999717,15.259999999999803,123,2.7080831171834916
15.269999999999717,15.269999999999795,123,2.708510620087125
15.279999999999717,15.2799999999998,123,2.7089393318932196
15.289999999999717,15.289999999999798,123,2.7093677305936836
15.299999999999716,15.2999999999998,123,2.7097958162412255
15.309999999999716,15.309999999999798,123,2.710235324067739
15.319999999999716,15.319999999999798,123,2.7106799604811727
15.329999999999716,15.329999999999796,123,2.711124120711034
15.339999999999716,15.339999999999797,123,2.711567805142039
15.349999999999715,15.349999999999795,123,2.7282532541684787
15.359999999999715,15.359999999999795,123,2.7286918692528133
15.369999999999715,15.369999999999793,123,2.729130004921572
15.379999999999715,15.379999999999795,123,2.729567661577704
15.389999999999715,15.389999999999793,123,2.730004839622879
15.399999999999714,15.399999999999793,123,2.730441539456976
15.409999999999714,15.40999999999979,123,2.730903935220354
15.419999999999714,15.419999999999792,123,2.73134156016404
15.429999999999714,15.42999999999979,123,2.7317832439434113
15.439999999999714,15.43999999999979,123,2.732228990372775
15.449999999999713,15.44999999999979,123,2.7414149742275953
15.459999999999713,15.45999999999979,123,2.7418569862628317
15.469999999999713,15.469999999999787,123,2.7422985403065923
15.479999999999713,15.479999999999801,123,2.742739636757989
15.489999999999712,15.489999999999787,123,2.743180276015096
15.499999999999712,15.499999999999797,123,2.743620458474197
15.509999999999712,15.509999999999799,123,2.744060184530227
15.519999999999712,15.519999999999799,123,2.7444994545766974
15.529999999999712,15.529999999999797,123,2.744938269005317
15.539999999999711,15.539999999999795,123,2.745376628206756
15.549999999999711,15.549999999999796,123,2.7458145325698524
15.559999999999711,15.559999999999796,123,2.7462519824823346
15.56999999999971,15.569999999999794,123,2.7466889783300985
15.57999999999971,15.579999999999794,123,2.7471255204979457
15.58999999999971,15.589999999999794,123,2.7475616093691855
15.59999999999971,15.599999999999794,123,2.747997245325365
15.60999999999971,15.609999999999792,123,2.748432428747094
15.61999999999971,15.619999999999791,123,2.753791895894409
15.62999999999971,15.629999999999791,123,2.754224298229161
15.63999999999971,15.639999999999791,123,2.7546562481324486
15.649999999999709,15.64999999999979,123,2.7550877459873107
15.659999999999709,15.659999999999789,123,2.755515119768603
15.669999999999709,15.669999999999789,123,2.7559414407100604
15.679999999999708,15.679999999999788,123,2.7563674570221792
15.689999999999708,15.689999999999788,123,2.7567931687627407
15.699999999999708,15.699999999999786,123,2.7572185759887162
15.709999999999708,15.709999999999786,123,2.7576436787558976
15.719999999999708,15.719999999999787,123,2.7580684771191386
15.729999999999707,15.729999999999785,123,2.7584929711320285
15.739999999999707,15.739999999999783,123,2.7589171608477017
15.749999999999707,15.749999999999783,123,2.7593410463176014
15.759999999999707,15.759999999999785,123,2.7597646275927588
15.769999999999706,15.769999999999783,123,2.7601879047225992
15.779999999999706,15.77999999999978,123,2.7606108777562213
15.789999999999706,15.78999999999978,123,2.7610335467411744
15.799999999999706,15.799999999999782,123,2.7614559117244113
15.809999999999706,15.809999999999787,123,2.7619120257589884
15.819999999999705,15.819999999999778,123,2.7623361490462344
15.829999999999705,15.829999999999792,123,2.7627735459993232
15.839999999999705,15.839999999999783,123,2.7632136420504168
15.849999999999705,15.849999999999778,123,2.763653286581402
15.859999999999705,15.85999999999979,123,2.764087201260267
15.869999999999704,15.869999999999783,123,2.7803479799721345
15.879999999999704,15.879999999999777,123,2.780770891993811
15.889999999999704,15.88999999999979,123,2.78119335826743
15.899999999999704,15.899999999999787,123,2.781615379185311
15.909999999999703,15.909999999999775,123,2.7820369551387216
15.919999999999703,15.919999999999785,123,2.7824580865171953
15.929999999999703,15.929999999999787,123,2.7828787737090295
15.939999999999703,15.93999999999977,123,2.7832990171007737
15.949999999999703,15.949999999999784,123,2.7837188170781957
15.959999999999702,15.959999999999782,123,2.7841381740250597
15.969999999999702,15.969999999999795,123,2.7845570883240782
15.979999999999702,15.979999999999782,123,2.7934897350986034
15.989999999999702,15.989999999999776,123,2.7939052079442632
15.999999999999702,15.999999999999794,123,2.794320675606116
16.009999999999703,16.00999999999978,123,2.7947356999493564
16.019999999999705,16.019999999999794,123,2.795150281360705
16.029999999999706,16.029999999999784,123,2.7955644202252756
16.039999999999708,16.03999999999978,123,2.7959781169269036
16.04999999999971,16.04999999999979,123,2.796391371848074
16.05999999999971,16.059999999999782,123,2.7968090518344013
16.069999999999713,16.069999999999794,123,2.7972301419966783
16.079999999999714,16.07999999999979,123,2.7976507808129725
16.089999999999716,16.0899999999998,123,2.7980709686652716
16.099999999999717,16.0999999999998,123,2.7984907059337445
16.10999999999972,16.109999999999786,123,2.79890999299775
16.11999999999972,16.1199999999998,123,2.7993288302351402
16.129999999999722,16.12999999999981,123,2.7997456026260465
16.139999999999723,16.139999999999805,123,2.8001592919762004
16.149999999999725,16.149999999999796,123,2.800572675399593
16.159999999999727,16.15999999999981,123,2.800985752957004
16.169999999999728,16.169999999999803,123,2.8013985247081195
16.17999999999973,16.179999999999822,123,2.8018109907118003
16.18999999999973,16.189999999999806,123,2.8022231510260838
16.199999999999733,16.19999999999982,123,2.8074382651121397
16.209999999999734,16.209999999999805,123,2.807884230265074
16.219999999999736,16.219999999999807,123,2.808293709611604
16.229999999999738,16.229999999999805,123,2.80870288865583
16.23999999999974,16.239999999999803,123,2.8091117674554624
16.24999999999974,16.24999999999983,123,2.8095203460674014
16.259999999999742,16.259999999999827,123,2.809928624547851
16.269999999999744,16.26999999999983,123,2.810336602951736
16.279999999999745,16.279999999999827,123,2.810744281333214
16.289999999999747,16.28999999999983,123,2.811151659745846
16.29999999999975,16.299999999999827,123,2.8115587382418
16.30999999999975,16.309999999999825,123,2.811965516872945
16.31999999999975,16.319999999999823,123,2.81237199568983
16.329999999999753,16.329999999999824,123,2.8127781747423484
16.339999999999755,16.339999999999822,123,2.8131846945310173
16.349999999999756,16.34999999999985,123,2.813607853404065
16.359999999999758,16.359999999999847,123,2.814030746104663
16.36999999999976,16.36999999999985,123,2.8144531856727752
16.37999999999976,16.379999999999846,123,2.8303167810469603
16.389999999999763,16.389999999999844,123,2.83073448724177
16.399999999999764,16.399999999999842,123,2.831151737070286
16.409999999999766,16.409999999999844,123,2.83156853091063
16.419999999999767,16.419999999999845,123,2.8319848691399443
16.42999999999977,16.429999999999843,123,2.832400752134234
16.43999999999977,16.43999999999984,123,2.8328161802678977
16.449999999999772,16.449999999999843,123,2.833231153914582
16.459999999999773,16.45999999999984,123,2.8336456734463127
16.469999999999775,16.46999999999984,123,2.834059739234334
16.479999999999777,16.479999999999865,123,2.8344676900702694
16.489999999999778,16.489999999999863,123,2.8348698029010393
16.49999999999978,16.499999999999865,123,2.8352714716790643
16.50999999999978,16.509999999999863,123,2.8356726967825097
16.519999999999783,16.519999999999865,123,2.8443656684352163
16.529999999999784,16.529999999999863,123,2.844763406865752
16.539999999999786,16.539999999999864,123,2.8451607011804327
16.549999999999788,16.549999999999862,123,2.8455575517622265
16.55999999999979,16.55999999999986,123,2.8459539589923253
16.56999999999979,16.569999999999858,123,2.8463500440951464
16.579999999999792,16.579999999999885,123,2.8467461294158767
16.589999999999794,16.589999999999886,123,2.8471417720064807
16.599999999999795,16.599999999999884,123,2.8475369722432617
16.609999999999797,16.609999999999864,123,2.847970577634584
16.6199999999998,16.61999999999987,123,2.848365377156483
16.6299999999998,16.62999999999988,123,2.8487597384044676
16.6399999999998,16.63999999999988,123,2.8491536617493125
16.649999999999803,16.649999999999885,123,2.849543285564536
16.659999999999805,16.659999999999894,123,2.849932222981252
16.669999999999806,16.669999999999906,123,2.850320864495501
16.679999999999808,16.679999999999904,123,2.850709210161611
16.68999999999981,16.689999999999877,123,2.8511018875471734
16.69999999999981,16.69999999999989,123,2.851498102988998
16.709999999999813,16.70999999999989,123,2.8518940104242034
16.719999999999814,16.719999999999896,123,2.8522896099166104
16.729999999999816,16.7299999999999,123,2.8526849015295284
16.739999999999817,16.739999999999913,123,2.853079885325016
16.74999999999982,16.74999999999991,123,2.8534745613647203
16.75999999999982,16.759999999999888,123,2.8538689297091366
16.769999999999822,16.769999999999893,123,2.854262990418306
16.779999999999824,16.779999999999898,123,2.859324822454866
16.789999999999825,16.789999999999903,123,2.8597159844157716
16.799999999999827,16.79999999999991,123,2.8601068391932927
16.809999999999828,16.809999999999913,123,2.8604973868495023
16.81999999999983,16.81999999999992,123,2.860887627445578
16.82999999999983,16.829999999999895,123,2.861277561042087
16.839999999999833,16.8399999999999,123,2.8616671876988704
16.849999999999834,16.849999999999905,123,2.862056507474847
16.859999999999836,16.859999999999918,123,2.8624500255172194
16.869999999999838,16.86999999999992,123,2.8628545683511675
16.87999999999984,16.879999999999924,123,2.863259169156848
16.88999999999984,16.88999999999993,123,2.8787259005177503
16.899999999999842,16.89999999999994,123,2.8791268500194462
16.909999999999844,16.909999999999908,123,2.8795273399369705
16.919999999999845,16.919999999999916,123,2.8799273706484314
16.929999999999847,16.92999999999993,123,2.8803269425306013
16.93999999999985,16.939999999999927,123,2.8807260559594283
16.94999999999985,16.949999999999932,123,2.8811247113096243
16.95999999999985,16.959999999999937,123,2.8815229089545795
16.969999999999853,16.96999999999995,123,2.8819206492669736
16.979999999999855,16.979999999999947,123,2.882317932618008
16.989999999999856,16.989999999999924,123,2.8827147593778477
16.999999999999858,16.99999999999993,123,2.883111129915804
17.00999999999986,17.009999999999923,123,2.883546538387378
17.01999999999986,17.019999999999943,123,2.8839423905509705
17.029999999999863,17.029999999999948,123,2.8843377895207425
17.039999999999864,17.039999999999964,123,2.884732735661231
17.049999999999866,17.04999999999993,123,2.8932070068044027
17.059999999999867,17.059999999999942,123,2.893598525777179
17.06999999999987,17.069999999999954,123,2.8939895915864184
17.07999999999987,17.07999999999993,123,2.8943802046003384
17.089999999999872,17.08999999999995,123,2.894770365186872
17.099999999999874,17.099999999999955,123,2.895154696609154
17.109999999999875,17.109999999999975,123,2.895533269041934
17.119999999999877,17.11999999999994,123,2.895911398446131
17.129999999999878,17.129999999999956,123,2.896289085195974
17.13999999999988,17.139999999999965,123,2.8966663296641713
17.14999999999988,17.149999999999977,123,2.8970432272450353
17.159999999999883,17.15999999999995,123,2.8974182727429394
17.169999999999884,17.169999999999963,123,2.8977906488265006
17.179999999999886,17.179999999999975,123,2.898162721106061
17.189999999999888,17.189999999999948,123,2.8985344896462806
17.19999999999989,17.199999999999967,123,2.8989059545111786
17.20999999999989,17.209999999999972,123,2.8992771157639936
17.219999999999892,17.21999999999999,123,2.8996479734671823
17.229999999999894,17.229999999999958,123,2.9000185276822776
17.239999999999895,17.23999999999997,123,2.9003887784702584
17.249999999999897,17.249999999999982,123,2.900758725891265
17.2599999999999,17.259999999999998,123,2.901128370004855
17.2699999999999,17.269999999999975,123,2.9014977108695916
17.2799999999999,17.27999999999998,123,2.901866748543412
17.289999999999903,17.289999999999992,123,2.9022354830835297
17.299999999999905,17.299999999999965,123,2.9026039145465745
17.309999999999906,17.309999999999985,123,2.9029720429880967
17.319999999999908,17.31999999999999,123,2.903344204688139
17.32999999999991,17.330000000000005,123,2.9037199111974985
17.33999999999991,17.33999999999998,123,2.9041041916373445
17.349999999999913,17.34999999999999,123,2.9044946842566617
17.359999999999914,17.360000000000003,123,2.9094039796091806
17.369999999999916,17.37000000000001,123,2.9097680294076156
17.379999999999917,17.379999999999992,123,2.910140143952276
17.38999999999992,17.39,123,2.910522297315353
17.39999999999992,17.40000000000002,123,2.925601924267241
17.409999999999922,17.41,123,2.926024563197572
17.419999999999924,17.420000000000005,123,2.926408195959965
17.429999999999925,17.43000000000001,123,2.9267915926554906
17.439999999999927,17.440000000000015,123,2.9271745282895836
17.44999999999993,17.450000000000035,123,2.927557003238462
17.45999999999993,17.460000000000033,123,2.927939017877449
17.46999999999993,17.470000000000034,123,2.9283205725806596
17.479999999999933,17.479999999999993,123,2.9287016677213984
17.489999999999934,17.49,123,2.9290823036718194
17.499999999999936,17.500000000000018,123,2.929462480802897
17.509999999999938,17.51000000000002,123,2.9298421994847814
17.51999999999994,17.520000000000017,123,2.930221460086514
17.52999999999994,17.530000000000022,123,2.9306002629761565
17.539999999999942,17.540000000000028,123,2.930978608520732
17.549999999999944,17.55000000000004,123,2.9313564970861563
17.559999999999945,17.560000000000045,123,2.931733929037449
17.569999999999947,17.570000000000054,123,2.932110904738636
17.57999999999995,17.58000000000005,123,2.932487424552818
17.58999999999995,17.590000000000014,123,2.940735144729885
17.59999999999995,17.60000000000002,123,2.941108321729132
17.609999999999953,17.610000000000035,123,2.941481042568981
17.619999999999955,17.620000000000037,123,2.9418533076161424
17.629999999999956,17.630000000000035,123,2.942225117236106
17.639999999999958,17.64000000000004,123,2.9425964717935216
17.64999999999996,17.65000000000005,123,2.942967371651818
17.65999999999996,17.66000000000006,123,2.9433378171736138
17.669999999999963,17.670000000000066,123,2.943707613002033
17.679999999999964,17.68000000000002,123,2.944073124298882
17.689999999999966,17.690000000000026,123,2.9444383142490125
17.699999999999967,17.70000000000003,123,2.9448031829249857
17.70999999999997,17.710000000000036,123,2.9451677303983956
17.71999999999997,17.72000000000005,123,2.945526709343639
17.729999999999972,17.730000000000054,123,2.9458803299092438
17.739999999999974,17.740000000000055,123,2.9462340723572993
17.749999999999975,17.75000000000006,123,2.9465875037052314
17.759999999999977,17.760000000000066,123,2.9469406240242932
17.76999999999998,17.770000000000078,123,2.947293433384857
17.77999999999998,17.780000000000076,123,2.947645931856769
17.78999999999998,17.79000000000004,123,2.94799811950908
17.799999999999983,17.800000000000043,123,2.9483499964103004
17.809999999999985,17.810000000000063,123,2.948742723351799
17.819999999999986,17.82000000000006,123,2.949094268725858
17.829999999999988,17.83000000000007,123,2.9494455045356034
17.83999999999999,17.840000000000074,123,2.9497964308465896
17.84999999999999,17.850000000000072,123,2.9501470477234335
17.859999999999992,17.86000000000007,123,2.950508827899313
17.869999999999994,17.870000000000072,123,2.9508739317379167
17.879999999999995,17.88000000000006,123,2.965598517104951
17.889999999999997,17.890000000000057,123,2.96595934444602
17.9,17.900000000000055,123,2.966319716254347
17.91,17.910000000000057,123,2.966680780357464
17.92,17.92000000000011,123,2.9670416234943815
17.930000000000003,17.930000000000106,123,2.9674020112326076
17.940000000000005,17.940000000000104,123,2.9721517948125324
17.950000000000006,17.95000000000011,123,2.9725087358653184
17.960000000000008,17.96000000000011,123,2.972866163245044
17.97000000000001,17.970000000000116,123,2.9732231358273538
17.98000000000001,17.980000000000103,123,2.973579653983535
17.990000000000013,17.9900000000001,123,2.973935718083837
18.000000000000014,18.000000000000114,123,2.974291328497344
18.010000000000016,18.01000000000012,123,2.974648608579045
18.020000000000017,18.020000000000124,123,2.9750077558691146
18.03000000000002,18.030000000000125,123,2.9753717790885617
18.04000000000002,18.040000000000123,123,2.9757352912953934
18.050000000000022,18.050000000000125,123,2.9760982928611384
18.060000000000024,18.06000000000013,123,2.9764607841563446
18.070000000000025,18.070000000000135,123,2.976822765550878
18.080000000000027,18.080000000000137,123,2.9771842374135105
18.09000000000003,18.090000000000135,123,2.9775452001122176
18.10000000000003,18.100000000000133,123,2.9779056540141795
18.11000000000003,18.11000000000013,123,2.978265599485354
18.120000000000033,18.12000000000014,123,2.986297354770585
18.130000000000035,18.130000000000138,123,2.98665393719898
18.140000000000036,18.140000000000146,123,2.9870100110743465
18.150000000000038,18.150000000000144,123,2.987365576765953
18.16000000000004,18.160000000000142,123,2.987720634642301
18.17000000000004,18.170000000000144,123,2.988075185070741
18.180000000000042,18.180000000000145,123,2.988429228417928
18.190000000000044,18.190000000000147,123,2.9887799136739375
18.200000000000045,18.200000000000152,123,2.9891290869312854
18.210000000000047,18.210000000000154,123,2.9894778823966135
18.22000000000005,18.22000000000015,123,2.9898263001649497
18.23000000000005,18.230000000000153,123,2.9901743403314356
18.24000000000005,18.24000000000016,123,2.990522002990275
18.250000000000053,18.250000000000163,123,2.990869288235146
18.260000000000055,18.26000000000016,123,2.9912161961590016
18.270000000000056,18.27000000000016,123,2.9915627268545677
18.280000000000058,18.28000000000016,123,2.991908880413945
18.29000000000006,18.290000000000166,123,2.9922546569282957
18.30000000000006,18.300000000000168,123,2.992600056488868
18.310000000000063,18.310000000000173,123,2.992945177392727
18.320000000000064,18.32000000000017,123,2.993290333349165
18.330000000000066,18.33000000000017,123,2.9936351120863804
18.340000000000067,18.34000000000017,123,2.9939751196956763
18.35000000000007,18.350000000000176,123,2.9943091002761264
18.36000000000007,18.360000000000174,123,2.9946427134369173
18.370000000000072,18.37000000000018,123,2.994975959267876
18.380000000000074,18.38000000000018,123,2.9953230388163092
18.390000000000075,18.39000000000018,123,3.00968207634466
18.400000000000077,18.40000000000018,123,3.010048067954216
18.41000000000008,18.410000000000178,123,3.01039216467764
18.42000000000008,18.420000000000176,123,3.01073578056166
18.43000000000008,18.430000000000188,123,3.011078915981116
18.440000000000083,18.44000000000019,123,3.01142195601885
18.450000000000085,18.450000000000188,123,3.0117654776664295
18.460000000000086,18.46000000000019,123,3.0121085190314716
18.470000000000088,18.4700000000002,123,3.0124510804846665
18.48000000000009,18.4800000000002,123,3.012793162395326
18.49000000000009,18.490000000000197,123,3.013134765132264
18.500000000000092,18.5000000000002,123,3.013475889063102
18.510000000000094,18.510000000000197,123,3.013816534554522
18.520000000000095,18.520000000000195,123,3.018427358946667
18.530000000000097,18.530000000000197,123,3.0187655071728727
18.5400000000001,18.540000000000195,123,3.0191031772429824
18.5500000000001,18.550000000000207,123,3.0194403695252987
18.5600000000001,18.56000000000021,123,3.0197770843873855
18.570000000000103,18.570000000000206,123,3.020113322195982
18.580000000000105,18.580000000000204,123,3.02044908331645
18.590000000000106,18.590000000000217,123,3.020784368113695
18.600000000000108,18.600000000000218,123,3.0211191769517285
18.61000000000011,18.610000000000216,123,3.021453510193311
18.62000000000011,18.620000000000214,123,3.0217873682005774
18.630000000000113,18.630000000000216,123,3.0221185585963326
18.640000000000114,18.640000000000217,123,3.022447640980374
18.650000000000116,18.650000000000215,123,3.030266465216471
18.660000000000117,18.660000000000228,123,3.0306036824568707
18.67000000000012,18.670000000000226,123,3.030940416154465
18.68000000000012,18.680000000000224,123,3.0312766666766464
18.690000000000122,18.690000000000225,123,3.0316124343897
18.700000000000124,18.700000000000237,123,3.031946046583471
18.710000000000125,18.710000000000235,123,3.032277030994905
18.720000000000127,18.720000000000237,123,3.032607658935632
18.73000000000013,18.730000000000235,123,3.0329379305033655
18.74000000000013,18.740000000000233,123,3.033267845795095
18.75000000000013,18.75000000000023,123,3.033597404907411
18.760000000000133,18.760000000000232,123,3.033926607936266
18.770000000000135,18.77000000000023,123,3.034255454977128
18.780000000000136,18.780000000000243,123,3.0345839461247976
18.790000000000138,18.790000000000244,123,3.0349120814737773
18.80000000000014,18.80000000000025,123,3.035269572480317
18.81000000000014,18.810000000000244,123,3.0355977413629063
18.820000000000142,18.820000000000256,123,3.0359255638804967
18.830000000000144,18.830000000000254,123,3.036253040122645
18.840000000000146,18.840000000000238,123,3.036580170178638
18.850000000000147,18.850000000000254,123,3.0369069541369527
18.86000000000015,18.860000000000245,123,3.0372333920858097
18.87000000000015,18.870000000000257,123,3.037559484112748
18.88000000000015,18.88000000000025,123,3.037885230304809
18.890000000000153,18.890000000000263,123,3.0382139155282744
18.900000000000155,18.90000000000026,123,3.0522276411740705
18.910000000000156,18.910000000000274,123,3.0525638638097234
18.920000000000158,18.92000000000026,123,3.0528996036785685
18.93000000000016,18.930000000000273,123,3.0532348611480984
18.94000000000016,18.940000000000264,123,3.053569636584882
18.950000000000163,18.95000000000026,123,3.0539039303544513
18.960000000000164,18.96000000000027,123,3.054234463276373
18.970000000000166,18.970000000000265,123,3.054558223619466
18.980000000000167,18.980000000000278,123,3.054882530075261
18.99000000000017,18.99000000000027,123,3.055206655917786
19.00000000000017,19.00000000000028,123,3.0555303081696934
19.010000000000172,19.01000000000028,123,3.055853487200352
19.020000000000174,19.020000000000294,123,3.0561761933784766
19.030000000000175,19.03000000000028,123,3.0564984270716735
19.040000000000177,19.04000000000029,123,3.0568201886468387
19.05000000000018,19.050000000000285,123,3.0571414784699584
19.06000000000018,19.06000000000028,123,3.057462296906124
19.07000000000018,19.070000000000288,123,3.0577826443195733
19.080000000000183,19.080000000000283,123,3.058102521073778
19.090000000000185,19.090000000000302,123,3.0584219275312705
19.100000000000186,19.10000000000029,123,3.06289705635605
19.110000000000188,19.1100000000003,123,3.063214034335715
19.12000000000019,19.120000000000292,123,3.0635305423173804
19.13000000000019,19.130000000000287,123,3.063846580665043
19.140000000000192,19.1400000000003,123,3.0641613809802806
19.150000000000194,19.15000000000031,123,3.0644726845952164
19.160000000000196,19.160000000000302,123,3.0647836436905322
19.170000000000197,19.170000000000297,123,3.0650942583610004
19.1800000000002,19.18000000000031,123,3.0654045287010803
19.1900000000002,19.190000000000307,123,3.073022214727928
19.200000000000202,19.20000000000031,123,3.073366033521438
19.210000000000203,19.210000000000306,123,3.0736762973178884
19.220000000000205,19.220000000000308,123,3.073982703894444
19.230000000000206,19.230000000000306,123,3.0742887716336185
19.240000000000208,19.240000000000304,123,3.074594500629061
19.25000000000021,19.250000000000327,123,3.074899890973981
19.26000000000021,19.26000000000033,123,3.075204942760891
19.270000000000213,19.27000000000033,123,3.0755096560817066
19.280000000000214,19.280000000000328,123,3.0758140537367353
19.290000000000216,19.290000000000326,123,3.0761253807764746
19.300000000000217,19.300000000000328,123,3.076436359371314
19.31000000000022,19.310000000000326,123,3.076746989621512
19.32000000000022,19.320000000000324,123,3.0770572716270124
19.330000000000222,19.33000000000032,123,3.0773672054870786
19.340000000000224,19.340000000000323,123,3.0776767913007035
19.350000000000225,19.350000000000325,123,3.077986029166226
19.360000000000227,19.360000000000323,123,3.078294919181303
19.37000000000023,19.37000000000032,123,3.0786034614434072
19.38000000000023,19.380000000000347,123,3.078911656049385
19.39000000000023,19.390000000000345,123,3.0792195030955583
19.400000000000233,19.400000000000343,123,3.0795270026777644
19.410000000000235,19.410000000000345,123,3.0931876605342126
19.420000000000236,19.420000000000343,123,3.0935053478701775
19.430000000000238,19.430000000000344,123,3.093822554416917
19.44000000000024,19.440000000000342,123,3.0941392805435726
19.45000000000024,19.450000000000344,123,3.0944555266183755
19.460000000000242,19.460000000000342,123,3.094771293008918
19.470000000000244,19.47000000000034,123,3.095086722293189
19.480000000000246,19.48000000000034,123,3.095402004735959
19.490000000000247,19.490000000000364,123,3.0957168081706357
19.50000000000025,19.500000000000362,123,3.0960311329612864
19.51000000000025,19.510000000000364,123,3.096345448898589
19.520000000000252,19.520000000000366,123,3.0966600842424583
19.530000000000253,19.530000000000364,123,3.096974241144409
19.540000000000255,19.54000000000036,123,3.0972879199649412
19.550000000000257,19.550000000000363,123,3.0976011210637893
19.560000000000258,19.56000000000036,123,3.0979138447999475
19.57000000000026,19.57000000000036,123,3.0982260915314868
19.58000000000026,19.580000000000357,123,3.0985354954466544
19.590000000000263,19.59000000000036,123,3.0988375183311234
19.600000000000264,19.600000000000385,123,3.0991741677108564
19.610000000000266,19.61000000000036,123,3.099475692653911
19.620000000000267,19.620000000000363,123,3.0997740159082667
19.63000000000027,19.63000000000037,123,3.100070953033807
19.64000000000027,19.640000000000374,123,3.100367546218436
19.650000000000272,19.65000000000038,123,3.100663795563463
19.660000000000274,19.660000000000387,123,3.1009597011697565
19.670000000000275,19.670000000000393,123,3.1012552631376025
19.680000000000277,19.680000000000366,123,3.1056082978608686
19.69000000000028,19.69000000000037,123,3.1059012671514523
19.70000000000028,19.70000000000038,123,3.1061938933202526
19.71000000000028,19.71000000000039,123,3.1064861764689624
19.720000000000283,19.72000000000039,123,3.1139085614710638
19.730000000000285,19.730000000000395,123,3.1141979869410505
19.740000000000286,19.740000000000407,123,3.114486296243271
19.750000000000288,19.750000000000412,123,3.1147742633835946
19.76000000000029,19.76000000000038,123,3.115061888464467
19.77000000000029,19.770000000000387,123,3.1153491715877664
19.780000000000292,19.7800000000004,123,3.1156361128550145
19.790000000000294,19.790000000000397,123,3.1159227123673787
19.800000000000296,19.800000000000402,123,3.1162089702250313
19.810000000000297,19.810000000000407,123,3.116494886527917
19.8200000000003,19.82000000000042,123,3.116780461375612
19.8300000000003,19.83000000000042,123,3.1170656948668523
19.840000000000302,19.840000000000394,123,3.117350587100148
19.850000000000303,19.8500000000004,123,3.1176351381734264
19.860000000000305,19.860000000000408,123,3.11791934818406
19.870000000000307,19.870000000000413,123,3.1182032172290377
19.880000000000308,19.88000000000042,123,3.118486745404553
19.89000000000031,19.890000000000427,123,3.118769932806714
19.90000000000031,19.90000000000043,123,3.119052779531046
19.910000000000313,19.9100000000004,123,3.1193352856724346
19.920000000000314,19.920000000000407,123,3.1196232189417685
19.930000000000316,19.930000000000422,123,3.1329484439405064
19.940000000000317,19.940000000000428,123,3.1332475699472155
19.95000000000032,19.950000000000426,123,3.1335462157055645
19.96000000000032,19.96000000000043,123,3.133844381585263
19.970000000000322,19.970000000000443,123,3.134142067955594
19.980000000000324,19.980000000000448,123,3.134439275184846
19.990000000000325,19.990000000000418,123,3.134736003640583
20.000000000000327,20.00000000000043,123,3.135068058494852
20.01000000000033,20.010000000000435,123,3.1353641892075217
20.02000000000033,20.020000000000454,123,3.135659844023806
20.03000000000033,20.03000000000042,123,3.135955023307872
20.040000000000333,20.040000000000433,123,3.1362497274232197
20.050000000000335,20.050000000000445,123,3.1365453447795915
20.060000000000336,20.060000000000457,123,3.1368407945540184
20.070000000000338,20.07000000000043,123,3.1371357689694577
20.08000000000034,20.080000000000442,123,3.1374302683858986
20.09000000000034,20.090000000000455,123,3.137724293162094
20.100000000000342,20.10000000000043,123,3.1380178436567547
20.110000000000344,20.110000000000447,123,3.138310920227255
20.120000000000346,20.120000000000452,123,3.138603523230728
20.130000000000347,20.13000000000047,123,3.138893907139405
20.14000000000035,20.140000000000438,123,3.1391819775816288
20.15000000000035,20.150000000000457,123,3.1394696914507136
20.160000000000352,20.160000000000462,123,3.1397570488552446
20.170000000000353,20.170000000000474,123,3.1400440499031532
20.180000000000355,20.180000000000458,123,3.140330694702328
20.190000000000357,20.190000000000463,123,3.140616983359763
20.200000000000358,20.200000000000475,123,3.140902014738643
20.21000000000036,20.21000000000045,123,3.148146208125155
20.22000000000036,20.220000000000464,123,3.148419569245604
20.230000000000363,20.230000000000473,123,3.148692583896292
20.240000000000364,20.24000000000049,123,3.148965252187125
20.250000000000366,20.25000000000046,123,3.15316772965609
20.260000000000367,20.26000000000047,123,3.1534468692527327
20.27000000000037,20.270000000000483,123,3.1537228670610347
20.28000000000037,20.280000000000495,123,3.153992319057707
20.290000000000372,20.290000000000475,123,3.15426142542276
20.300000000000374,20.30000000000048,123,3.154530186266399
20.310000000000375,20.3100000000005,123,3.154798601698218
20.320000000000377,20.320000000000466,123,3.155066671827413
20.33000000000038,20.330000000000485,123,3.1553343967628678
20.34000000000038,20.34000000000049,123,3.155601776612741
20.35000000000038,20.350000000000502,123,3.155868811484936
20.360000000000383,20.360000000000483,123,3.156135501486318
20.370000000000385,20.370000000000488,123,3.156401846724279
20.380000000000386,20.3800000000005,123,3.156667847304547
20.390000000000388,20.390000000000477,123,3.156933503333235
20.40000000000039,20.4000000000005,123,3.1572358899548476
20.41000000000039,20.410000000000505,123,3.1575011641391626
20.420000000000393,20.420000000000524,123,3.1577660953261812
20.430000000000394,20.430000000000526,123,3.158030683619657
20.440000000000396,20.440000000000524,123,3.171011229880449
20.450000000000397,20.450000000000486,123,3.171285705208277
20.4600000000004,20.460000000000488,123,3.1715597091447734
20.4700000000004,20.470000000000507,123,3.171833242057602
20.480000000000402,20.48000000000051,123,3.1721063043140987
20.490000000000403,20.490000000000503,123,3.172378896280307
20.500000000000405,20.500000000000515,123,3.172651018321858
20.510000000000407,20.51000000000052,123,3.172922670803416
20.520000000000408,20.52000000000053,123,3.1731938540890496
20.53000000000041,20.53000000000054,123,3.173464568541931
20.54000000000041,20.540000000000543,123,3.1737348145244795
20.550000000000413,20.55000000000054,123,3.1740082580625426
20.560000000000414,20.560000000000503,123,3.1742842848959043
20.570000000000416,20.57000000000051,123,3.1745598364935574
20.580000000000418,20.580000000000528,123,3.1748356898366836
20.59000000000042,20.59000000000053,123,3.175111496172221
20.60000000000042,20.600000000000524,123,3.1753868275156805
20.610000000000422,20.610000000000532,123,3.1756616842273218
20.620000000000424,20.620000000000537,123,3.1759360666669494
20.630000000000425,20.630000000000546,123,3.1762101983056823
20.640000000000427,20.64000000000055,123,3.1764830495116883
20.65000000000043,20.650000000000507,123,3.1767528914791257
20.66000000000043,20.660000000000558,123,3.1770223735640855
20.67000000000043,20.670000000000524,123,3.177291495883196
20.680000000000433,20.680000000000533,123,3.1775602585525604
20.690000000000435,20.690000000000538,123,3.177828661688082
20.700000000000436,20.700000000000546,123,3.1780967054048546
20.710000000000438,20.710000000000544,123,3.1783643898180145
20.72000000000044,20.72000000000055,123,3.1786317150417034
20.73000000000044,20.730000000000558,123,3.1788986811901196
20.740000000000443,20.740000000000567,123,3.1859593670793345
20.750000000000444,20.750000000000572,123,3.186222841414292
20.760000000000446,20.760000000000527,123,3.1864859574434803
20.770000000000447,20.770000000000532,123,3.186748715282306
20.78000000000045,20.78000000000054,123,3.1870111150452516
20.79000000000045,20.790000000000546,123,3.1872731568465724
20.800000000000452,20.800000000000537,123,3.187571929951517
20.810000000000453,20.81000000000054,123,3.18783351914486
20.820000000000455,20.820000000000533,123,3.1880947516252007
20.830000000000457,20.830000000000584,123,3.19213472903391
20.840000000000458,20.840000000000586,123,3.1923935138775192
20.85000000000046,20.850000000000588,123,3.19265194254082
20.86000000000046,20.860000000000593,123,3.1929100151376133
20.870000000000463,20.870000000000598,123,3.1931677317811022
20.880000000000464,20.88000000000058,123,3.193425092584363
20.890000000000466,20.890000000000583,123,3.193680846351242
20.900000000000468,20.900000000000585,123,3.1939287996893455
20.91000000000047,20.91000000000058,123,3.194176406028106
20.92000000000047,20.92000000000058,123,3.1944236654804428
20.930000000000472,20.930000000000582,123,3.194670578158849
20.940000000000474,20.94000000000058,123,3.194917144175392
20.950000000000475,20.950000000000582,123,3.20756822512152
20.960000000000477,20.960000000000576,123,3.20782459746529
20.97000000000048,20.97000000000058,123,3.2080804977968143
20.98000000000048,20.980000000000583,123,3.2083359264833717
20.99000000000048,20.990000000000585,123,3.208590883891631
21.000000000000483,21.000000000000615,123,3.208845370387735
21.010000000000485,21.010000000000613,123,3.209101334008679
21.020000000000486,21.020000000000614,123,3.209356781775824
21.030000000000488,21.030000000000612,123,3.2096117140534233
21.04000000000049,21.040000000000617,123,3.209866131205686
21.05000000000049,21.050000000000622,123,3.2101200335954303
21.060000000000493,21.060000000000624,123,3.210373421585416
21.070000000000494,21.070000000000626,123,3.210626295537267
21.080000000000496,21.08000000000062,123,3.2108786558121523
21.090000000000497,21.09000000000063,123,3.2111305027707004
21.1000000000005,21.100000000000634,123,3.2113818367723894
21.1100000000005,21.110000000000635,123,3.2116329750205495
21.120000000000502,21.12000000000063,123,3.211884466115663
21.130000000000503,21.13000000000063,123,3.212135444531512
21.140000000000505,21.140000000000633,123,3.2123859106246186
21.150000000000507,21.150000000000638,123,3.2126356062713057
21.160000000000508,21.16000000000064,123,3.2128821327235926
21.17000000000051,21.170000000000645,123,3.213128255679166
21.18000000000051,21.180000000000643,123,3.2133755162301014
21.190000000000513,21.19000000000064,123,3.2136273423176505
21.200000000000514,21.20000000000064,123,3.213878756687251
21.210000000000516,21.21000000000064,123,3.2141300305507485
21.220000000000518,21.22000000000065,123,3.214381056679983
21.23000000000052,21.23000000000065,123,3.214631671067835
21.24000000000052,21.240000000000652,123,3.2148818738538267
21.250000000000522,21.25000000000065,123,3.215131665177225
21.260000000000524,21.260000000000655,123,3.215381045176599
21.270000000000525,21.270000000000657,123,3.2156300139902925
21.280000000000527,21.280000000000662,123,3.2224966351566735
21.29000000000053,21.290000000000664,123,3.222742123708855
21.30000000000053,21.300000000000658,123,3.2229872018854735
21.31000000000053,21.31000000000066,123,3.2232318698258524
21.320000000000533,21.320000000000665,123,3.2234761276686896
21.330000000000535,21.330000000000666,123,3.2237199755524415
21.340000000000536,21.340000000000664,123,3.2239634136151665
21.350000000000538,21.35000000000067,123,3.224206441994582
21.36000000000054,21.36000000000067,123,3.224449060827908
21.37000000000054,21.370000000000665,123,3.224691270252123
21.380000000000543,21.380000000000667,123,3.224933070403779
21.390000000000544,21.390000000000683,123,3.2251744614187743
21.400000000000546,21.400000000000677,123,3.225436134650181
21.410000000000547,21.41000000000068,123,3.2293524698196308
21.42000000000055,21.420000000000677,123,3.2295920438560017
21.43000000000055,21.43000000000068,123,3.229831235158045
21.440000000000552,21.440000000000676,123,3.230070043856003
21.450000000000554,21.450000000000674,123,3.2303084700808
21.460000000000555,21.46000000000069,123,3.2426691910580416
21.470000000000557,21.470000000000685,123,3.242915333077434
21.480000000000558,21.480000000000686,123,3.2431609690761434
21.49000000000056,21.490000000000688,123,3.2434060994469434
21.50000000000056,21.500000000000696,123,3.2436507245814994
21.510000000000563,21.510000000000698,123,3.243894844870937
21.520000000000564,21.520000000000696,123,3.244130544102518
21.530000000000566,21.530000000000697,123,3.2443653685373306
21.540000000000568,21.5400000000007,123,3.244599695177328
21.55000000000057,21.550000000000693,123,3.2448335244198034
21.56000000000057,21.56000000000071,123,3.245066856661154
21.570000000000572,21.570000000000707,123,3.245299692296868
21.580000000000574,21.580000000000705,123,3.2455320317221776
21.590000000000575,21.590000000000707,123,3.245763875331207
21.600000000000577,21.600000000000705,123,3.2459952235172267
21.61000000000058,21.610000000000714,123,3.246226076673679
21.62000000000058,21.620000000000715,123,3.2464564351921155
21.63000000000058,21.630000000000717,123,3.24668629946396
21.640000000000583,21.640000000000718,123,3.2469156698801527
21.650000000000585,21.650000000000713,123,3.247145582048759
21.660000000000586,21.660000000000714,123,3.247375119801532
21.670000000000588,21.670000000000712,123,3.24758827318783
21.68000000000059,21.680000000000714,123,3.247798632309312
21.69000000000059,21.690000000000722,123,3.248008692576107
21.700000000000593,21.700000000000724,123,3.2482184540342303
21.710000000000594,21.710000000000726,123,3.24842791672927
21.720000000000596,21.72000000000072,123,3.2486370807057483
21.730000000000597,21.730000000000736,123,3.2488459460083874
21.7400000000006,21.740000000000734,123,3.2490545126805728
21.7500000000006,21.750000000000732,123,3.249262780765079
21.760000000000602,21.760000000000733,123,3.2494707503045817
21.770000000000604,21.77000000000073,123,3.2496784213405334
21.780000000000605,21.780000000000733,123,3.2498857939141033
21.790000000000607,21.790000000000735,123,3.250093209457745
21.80000000000061,21.800000000000743,123,3.2503281801795083
21.81000000000061,21.810000000000745,123,3.257101296729374
21.82000000000061,21.820000000000753,123,3.2573109910382243
21.830000000000613,21.83000000000074,123,3.257521260985712
21.840000000000614,21.840000000000753,123,3.2577312321271137
21.850000000000616,21.850000000000744,123,3.257940904511244
21.860000000000618,21.860000000000742,123,3.258150278187003
21.87000000000062,21.87000000000075,123,3.2583593532019677
21.88000000000062,21.88000000000074,123,3.2585681296035744
21.890000000000622,21.89000000000076,123,3.258776607438463
21.900000000000624,21.900000000000748,123,3.258984786752947
21.910000000000625,21.91000000000076,123,3.259192667592245
21.920000000000627,21.920000000000762,123,3.25940025000142
21.93000000000063,21.93000000000075,123,3.27096050846302
21.94000000000063,21.940000000000758,123,3.2712178911528156
21.95000000000063,21.950000000000774,123,3.2714749932733156
21.960000000000633,21.960000000000765,123,3.271731814911888
21.970000000000635,21.970000000000756,123,3.271988356155589
21.980000000000636,21.98000000000077,123,3.272244617091175
21.990000000000638,21.990000000000762,123,3.2759132098231305
22.00000000000064,22.00000000000078,123,3.27616692851268
22.01000000000064,22.01000000000077,123,3.276420367885379
22.020000000000643,22.02000000000078,123,3.2766735280282404
22.030000000000644,22.030000000000783,123,3.276926409027496
22.040000000000646,22.04000000000077,123,3.277179010969732
22.050000000000647,22.05000000000078,123,3.277431333940825
22.06000000000065,22.06000000000077,123,3.2776833780264383
22.07000000000065,22.070000000000785,123,3.27793514331249
22.080000000000652,22.080000000000776,123,3.2781866298843454
22.090000000000654,22.09000000000079,123,3.2784378378270134
22.100000000000655,22.10000000000079,123,3.278688767225404
22.110000000000657,22.110000000000777,123,3.2789394181642564
22.12000000000066,22.120000000000786,123,3.279189790728168
22.13000000000066,22.130000000000802,123,3.2794398850013806
22.14000000000066,22.140000000000793,123,3.2796837964232566
22.150000000000663,22.150000000000784,123,3.2799255597301595
22.160000000000664,22.160000000000796,123,3.280167054418598
22.170000000000666,22.17000000000079,123,3.2804082805696737
22.180000000000668,22.180000000000803,123,3.280901045180258
22.19000000000067,22.190000000000794,123,3.281513608969817
22.20000000000067,22.20000000000081,123,3.282149667116144
22.210000000000672,22.210000000000807,123,3.2827619958146528
22.220000000000674,22.220000000000805,123,3.283374012604952
22.230000000000675,22.230000000000807,123,3.283985717495682
22.240000000000677,22.240000000000805,123,3.2845971104948006
22.25000000000068,22.250000000000803,123,3.2852081916106073
22.26000000000068,22.2600000000008,123,3.2858189608509605
22.27000000000068,22.270000000000802,123,3.2864294182238325
22.280000000000683,22.280000000000804,123,3.287039563736869
22.290000000000685,22.290000000000827,123,3.2876493973975016
22.300000000000686,22.30000000000083,123,3.288258919213362
22.310000000000688,22.310000000000827,123,3.288868129191499
22.32000000000069,22.320000000000825,123,3.2894770273392737
22.33000000000069,22.330000000000823,123,3.2900856136635355
22.340000000000693,22.340000000000824,123,3.29416423375541
22.350000000000694,22.350000000000826,123,3.294769668621484
22.360000000000696,22.36000000000082,123,3.2953747928657577
22.370000000000697,22.37000000000082,123,3.2959798686855635
22.3800000000007,22.380000000000823,123,3.2965846463846447
22.3900000000007,22.39000000000082,123,3.2971891130709707
22.400000000000702,22.40000000000082,123,3.297793268750766
22.410000000000704,22.410000000000846,123,3.298397113429587
22.420000000000705,22.420000000000844,123,3.2990006471134876
22.430000000000707,22.43000000000084,123,3.299603869807754
22.44000000000071,22.440000000000843,123,3.300206781518085
22.45000000000071,22.450000000000845,123,3.3008110596797735
22.46000000000071,22.460000000000843,123,3.3014168868260754
22.470000000000713,22.47000000000084,123,3.3020223961591313
22.480000000000715,22.480000000000842,123,3.302627587693607
22.490000000000716,22.49000000000084,123,3.3032324614430166
22.500000000000718,22.50000000000084,123,3.303837017421742
22.51000000000072,22.510000000000836,123,3.304441255642942
22.52000000000072,22.520000000000838,123,3.3050451761207
22.530000000000722,22.53000000000084,123,3.3056487788682887
22.540000000000724,22.540000000000862,123,3.3062520638990804
22.550000000000725,22.550000000000864,123,3.306855031226263
22.560000000000727,22.560000000000862,123,3.309416616399517
22.57000000000073,22.57000000000086,123,3.310017452175245
22.58000000000073,22.580000000000858,123,3.3106179709679395
22.59000000000073,22.59000000000086,123,3.311218172790973
22.600000000000733,22.600000000000882,123,3.3118431442366614
22.610000000000735,22.610000000000852,123,3.3124430233756357
22.620000000000736,22.620000000000868,123,3.3130425874596625
22.630000000000738,22.63000000000087,123,3.313641836500537
22.64000000000074,22.640000000000867,123,3.314240770510011
22.65000000000074,22.650000000000876,123,3.31483938949944
22.660000000000743,22.660000000000885,123,3.3154376934803196
22.670000000000744,22.67000000000089,123,3.316035682463962
22.680000000000746,22.68000000000089,123,3.3166333564613666
22.690000000000747,22.690000000000865,123,3.317230715483589
22.70000000000075,22.70000000000088,123,3.317827759541558
22.71000000000075,22.71000000000088,123,3.3184246868382132
22.720000000000752,22.720000000000883,123,3.319021818108723
22.730000000000754,22.73000000000089,123,3.31961863351151
22.740000000000755,22.7400000000009,123,3.3202151330576157
22.750000000000757,22.7500000000009,123,3.3208113167577267
22.76000000000076,22.760000000000872,123,3.321404919431231
22.77000000000076,22.770000000000877,123,3.321995943214361
22.78000000000076,22.780000000000893,123,3.3225866581887686
22.790000000000763,22.790000000000894,123,3.3231770643613032
22.800000000000765,22.8000000000009,123,3.323767161738971
22.810000000000766,22.810000000000905,123,3.3243569503282657
22.820000000000768,22.820000000000917,123,3.324946430135725
22.83000000000077,22.830000000000883,123,3.325535601168113
22.84000000000077,22.840000000000888,123,3.3261244634311993
22.850000000000772,22.850000000000897,123,3.3267130169315067
22.860000000000774,22.860000000000905,123,3.327301261674876
22.870000000000775,22.870000000000907,123,3.331256616779072
22.880000000000777,22.880000000000912,123,3.331841759070329
22.89000000000078,22.890000000000917,123,3.332426593787062
22.90000000000078,22.90000000000093,123,3.333011120934003
22.91000000000078,22.91000000000093,123,3.33359534051651
22.920000000000783,22.920000000000904,123,3.334179252539414
22.930000000000785,22.93000000000091,123,3.334762857007078
22.940000000000786,22.940000000000914,123,3.335346199322103
22.950000000000788,22.95000000000092,123,3.335929455085605
22.96000000000079,22.960000000000925,123,3.3365124029069477
22.97000000000079,22.970000000000937,123,3.3370950427908923
22.980000000000793,22.98000000000094,123,3.337677374741304
22.990000000000794,22.99000000000091,123,3.3382593987630003
23.000000000000796,23.000000000000934,123,3.33886723953664
23.010000000000797,23.010000000000908,123,3.339448906084172
23.0200000000008,23.020000000000927,123,3.3400302659504035
23.0300000000008,23.030000000000932,123,3.3406113191385884
23.040000000000802,23.04000000000095,123,3.3411920656515974
23.050000000000804,23.05000000000092,123,3.3417725054925995
23.060000000000805,23.060000000000937,123,3.342352638664096
23.070000000000807,23.07000000000094,123,3.342932465169085
23.08000000000081,23.080000000000958,123,3.3435119891972107
23.09000000000081,23.090000000000934,123,3.344094603545301
23.10000000000081,23.10000000000094,123,3.3446769045784066
23.110000000000813,23.110000000000955,123,3.345258892307541
23.120000000000815,23.12000000000093,123,3.345840566743888
23.130000000000816,23.130000000000948,123,3.346421927898362
23.140000000000818,23.140000000000953,123,3.348900481420614
23.15000000000082,23.15000000000097,123,3.3494763587702323
23.16000000000082,23.160000000000938,123,3.3500551382335715
23.170000000000822,23.170000000000947,123,3.3506337836897444
23.180000000000824,23.180000000000963,123,3.3512121165872912
23.190000000000826,23.19000000000098,123,3.351790136936586
23.200000000000827,23.200000000000955,123,3.3523678447484286
23.21000000000083,23.21000000000096,123,3.3529452400327386
23.22000000000083,23.22000000000098,123,3.3535223227999467
23.23000000000083,23.230000000000945,123,3.35409909305983
23.240000000000833,23.240000000000965,123,3.3546756056254026
23.250000000000835,23.25000000000097,123,3.355252448978007
23.260000000000836,23.260000000000986,123,3.3558289789325215
23.270000000000838,23.270000000000962,123,3.3564051954987093
23.28000000000084,23.280000000000967,123,3.3569810986865747
23.29000000000084,23.290000000000983,123,3.357556688506108
23.300000000000843,23.300000000000956,123,3.3581319649667023
23.310000000000844,23.310000000000972,123,3.358706928078064
23.320000000000846,23.320000000000977,123,3.359281577849572
23.330000000000847,23.330000000000997,123,3.3598559142908044
23.34000000000085,23.340000000000966,123,3.3604299374104443
23.35000000000085,23.350000000000975,123,3.3610036472180838
23.360000000000852,23.36000000000099,123,3.3615770437223205
23.370000000000854,23.370000000001003,123,3.362150126932093
23.380000000000855,23.380000000000983,123,3.3627218152768705
23.390000000000857,23.390000000000988,123,3.3632899144659802
23.40000000000086,23.400000000001015,123,3.367150282173455
23.41000000000086,23.41000000000101,123,3.367715545411386
23.42000000000086,23.420000000000975,123,3.3682805042535477
23.430000000000863,23.43000000000098,123,3.3688451587036923
23.440000000000865,23.440000000001,123,3.3694095087657416
23.450000000000866,23.450000000000998,123,3.369973554443675
23.460000000000868,23.460000000000996,123,3.3705372957407462
23.47000000000087,23.470000000001,123,3.371100732660736
23.48000000000087,23.48000000000101,123,3.371663865206898
23.490000000000872,23.490000000001015,123,3.372226693382217
23.500000000000874,23.500000000001034,123,3.3727892171901317
23.510000000000876,23.51000000000103,123,3.3733514366333566
23.520000000000877,23.520000000000984,123,3.3739134494962713
23.53000000000088,23.530000000000992,123,3.374475317985656
23.54000000000088,23.540000000000997,123,3.3750368817267997
23.550000000000882,23.550000000001017,123,3.3755981407223743
23.560000000000883,23.560000000001015,123,3.376159094974952
23.570000000000885,23.570000000001013,123,3.376719744487133
23.580000000000886,23.580000000001018,123,3.377280089261248
23.590000000000888,23.590000000001023,123,3.3778401292994005
23.60000000000089,23.60000000000104,123,3.378399864603921
23.61000000000089,23.61000000000104,123,3.378959295176543
23.620000000000893,23.62000000000105,123,3.3795184210194265
23.630000000000894,23.630000000001004,123,3.3800772421340497
23.640000000000896,23.64000000000101,123,3.38063575852226
23.650000000000897,23.65000000000102,123,3.38119397018545
23.6600000000009,23.660000000001038,123,3.3817518771249695
23.6700000000009,23.670000000001032,123,3.382309479342254
23.680000000000902,23.680000000001034,123,3.382866776838185
23.690000000000904,23.69000000000104,123,3.3834237696139695
23.700000000000905,23.700000000001058,123,3.3839804576705603
23.710000000000907,23.710000000001056,123,3.3845368410083694
23.72000000000091,23.72000000000106,123,3.3869459570902762
23.73000000000091,23.730000000001017,123,3.3875002677256845
23.74000000000091,23.74000000000102,123,3.388054274344384
23.750000000000913,23.750000000001027,123,3.388607976946844
23.760000000000915,23.760000000001043,123,3.389161375533604
23.770000000000916,23.770000000001048,123,3.389714470105204
23.780000000000918,23.780000000001046,123,3.3902678747081296
23.79000000000092,23.79000000000105,123,3.390822605801361
23.80000000000092,23.800000000001067,123,3.3914056728317803
23.810000000000922,23.81000000000106,123,3.391961659288512
23.820000000000924,23.820000000001063,123,3.392517335041532
23.830000000000926,23.830000000001064,123,3.3930727000995944
23.840000000000927,23.84000000000106,123,3.3936277544713818
23.85000000000093,23.85000000000106,123,3.3941824981652644
23.86000000000093,23.86000000000106,123,3.3947369311896693
23.870000000000932,23.87000000000106,123,3.3952910535526257
23.880000000000933,23.880000000001065,123,3.395844865262447
23.890000000000935,23.890000000001066,123,3.3963983663269346
23.900000000000936,23.90000000000107,123,3.396951556754175
23.910000000000938,23.910000000001073,123,3.397504436551742
23.92000000000094,23.920000000001053,123,3.398057005727253
23.93000000000094,23.930000000001055,123,3.4017748929496037
23.940000000000943,23.940000000001056,123,3.4023244386357305
23.950000000000944,23.950000000001054,123,3.4028736748580144
23.960000000000946,23.960000000001056,123,3.4034226016232623
23.970000000000947,23.970000000001107,123,3.4039712189382385
23.98000000000095,23.980000000001052,123,3.4045195268093664
23.99000000000095,23.990000000001103,123,3.405067525243325
24.000000000000952,24.000000000001105,123,3.405615214246154
24.010000000000954,24.010000000001114,123,3.406160157738398
24.020000000000955,24.020000000001115,123,3.406704436723402
24.030000000000957,24.030000000001113,123,3.40724837925292
24.04000000000096,24.040000000001115,123,3.4077919853434793
24.05000000000096,24.05000000000112,123,3.4083352550114228
24.06000000000096,24.060000000001114,123,3.408878188272837
24.070000000000963,24.070000000001116,123,3.4094207851437375
24.080000000000965,24.08000000000112,123,3.4099630456404526
24.090000000000966,24.090000000001123,123,3.410504969778046
24.100000000000968,24.100000000001124,123,3.4110467140761784
24.11000000000097,24.110000000001122,123,3.4115882145850804
24.12000000000097,24.120000000001127,123,3.412129378408949
24.130000000000972,24.130000000001132,123,3.4126702055635576
24.140000000000974,24.140000000001134,123,3.4132106960644393
24.150000000000976,24.15000000000113,123,3.4137508499267994
24.160000000000977,24.16000000000113,123,3.4142906671660143
24.17000000000098,24.17000000000113,123,3.414830147796849
24.18000000000098,24.18000000000114,123,3.415369291834594
24.190000000000982,24.19000000000114,123,3.4159080992938726
24.200000000000983,24.20000000000114,123,3.416446570189734
24.210000000000985,24.21000000000114,123,3.416984704536546
24.220000000000987,24.220000000001143,123,3.4175225023488593
24.230000000000988,24.230000000001148,123,3.4180599636408715
24.24000000000099,24.240000000001142,123,3.418597088427319
24.25000000000099,24.250000000001144,123,3.4191338767217587
24.260000000000993,24.26000000000115,123,3.4196703285386434
24.270000000000994,24.27000000000115,123,3.420207078348497
24.280000000000996,24.28000000000115,123,3.4207435226460774
24.290000000000997,24.29000000000115,123,3.421279629625701
24.300000000001,24.300000000001155,123,3.423602063776258
24.310000000001,24.31000000000116,123,3.4241358378103115
24.320000000001002,24.320000000001162,123,3.4246695046691116
24.330000000001004,24.330000000001156,123,3.4252028349662567
24.340000000001005,24.340000000001158,123,3.4257358287158723
24.350000000001007,24.350000000001163,123,3.426268485931544
24.36000000000101,24.36000000000117,123,3.426800806626943
24.37000000000101,24.370000000001166,123,3.4273327908158393
24.38000000000101,24.380000000001168,123,3.427864438511577
24.390000000001013,24.39000000000117,123,3.4283957497274997
24.400000000001015,24.400000000001164,123,3.4289419022882726
24.410000000001016,24.41000000000118,123,3.4294733066642777
24.420000000001018,24.420000000001178,123,3.430004393345399
24.43000000000102,24.430000000001176,123,3.430537931240309
24.44000000000102,24.440000000001177,123,3.431071487474128
24.450000000001022,24.450000000001175,123,3.4316047198826567
24.460000000001024,24.460000000001177,123,3.4352043656590325
24.470000000001026,24.47000000000118,123,3.4357345889398516
24.480000000001027,24.480000000001187,123,3.436264489567634
24.49000000000103,24.49000000000119,123,3.43679406755426
24.50000000000103,24.500000000001187,123,3.437323322911382
24.510000000001032,24.510000000001185,123,3.4378522556507676
24.520000000001033,24.520000000001197,123,3.4383808657841115
24.530000000001035,24.5300000000012,123,3.438909153322683
24.540000000001037,24.540000000001193,123,3.439437118277837
24.550000000001038,24.550000000001194,123,3.4399647606607715
24.56000000000104,24.560000000001196,123,3.4404920804828265
24.57000000000104,24.570000000001198,123,3.4410190777546887
24.580000000001043,24.580000000001192,123,3.4415457524874
24.590000000001044,24.590000000001194,123,3.4420721046916753
24.600000000001046,24.60000000000119,123,3.4425981343782013
24.610000000001047,24.610000000001204,123,3.4431238415573375
24.62000000000105,24.620000000001202,123,3.4436492262398843
24.63000000000105,24.630000000001203,123,3.4441720185461264
24.640000000001052,24.640000000001205,123,3.4446927428187593
24.650000000001054,24.650000000001214,123,3.445213151052741
24.660000000001055,24.660000000001215,123,3.4457332432549634
24.670000000001057,24.670000000001213,123,3.4462530194319214
24.68000000000106,24.68000000000121,123,3.446772695793456
24.69000000000106,24.690000000001213,123,3.447292080969632
24.70000000000106,24.70000000000121,123,3.4478111497694783
24.710000000001063,24.710000000001212,123,3.4483299021993616
24.720000000001065,24.72000000000122,123,3.448848338265506
24.730000000001066,24.730000000001223,123,3.4493664579742216
24.740000000001068,24.740000000001224,123,3.449884261331235
24.75000000000107,24.750000000001222,123,3.4504017483427276
24.76000000000107,24.760000000001234,123,3.450918919014242
24.770000000001072,24.770000000001232,123,3.4514357733514345
24.780000000001074,24.780000000001234,123,3.4519523113601593
24.790000000001076,24.79000000000123,123,3.4524685330455185
24.800000000001077,24.800000000001244,123,3.4530050434117356
24.81000000000108,24.81000000000123,123,3.45352178311191
24.82000000000108,24.82000000000124,123,3.4540382117767336
24.830000000001082,24.83000000000124,123,3.4545543294089924
24.840000000001083,24.84000000000123,123,3.4550701360113436
24.850000000001085,24.85000000000124,123,3.4555856315868567
24.860000000001087,24.86000000000125,123,3.456100816137905
24.870000000001088,24.870000000001248,123,3.4583409089486565
24.88000000000109,24.88000000000124,123,3.458854073167757
24.89000000000109,24.890000000001255,123,3.4593669270484355
24.900000000001093,24.90000000000125,123,3.4598794705929237
24.910000000001094,24.910000000001254,123,3.4603917038033956
24.920000000001096,24.92000000000125,123,3.460903626682395
24.930000000001098,24.93000000000126,123,3.4614152392321955
24.9400000000011,24.940000000001255,123,3.4619265414545453
24.9500000000011,24.950000000001246,123,3.462437533351448
24.960000000001102,24.960000000001262,123,3.4629482149248076
24.970000000001104,24.970000000001253,123,3.4634585861763583
24.980000000001105,24.98000000000126,123,3.463968647107251
24.990000000001107,24.99000000000126,123,3.4644783977196596
25.00000000000111,25.00000000000127,123,3.467954679425816
25.01000000000111,25.01000000000127,123,3.4684614908708085
25.02000000000111,25.020000000001254,123,3.468967993113651
25.030000000001113,25.03000000000127,123,3.469474186154912
25.040000000001115,25.040000000001278,123,3.4699800699952874
25.050000000001116,25.050000000001276,123,3.4704856446351755
25.060000000001118,25.060000000001267,123,3.4709918045705592
25.07000000000112,25.070000000001276,123,3.4714997417126483
25.08000000000112,25.08000000000127,123,3.4720073636656963
25.090000000001123,25.090000000001282,123,3.4725146704379597
25.100000000001124,25.100000000001277,123,3.4730216620374392
25.110000000001126,25.110000000001286,123,3.473528338472022
25.120000000001127,25.120000000001287,123,3.474034699749737
25.13000000000113,25.130000000001303,123,3.4745407458781727
25.14000000000113,25.140000000001287,123,3.4750464768648897
25.150000000001132,25.15000000000128,123,3.4755518927176183
25.160000000001133,25.16000000000129,123,3.4760569934434926
25.170000000001135,25.170000000001284,123,3.4765617790500443
25.180000000001137,25.180000000001296,123,3.4770662495443077
25.190000000001138,25.190000000001294,123,3.477570404933232
25.20000000000114,25.200000000001282,123,3.4780966344440998
25.21000000000114,25.210000000001305,123,3.478600531435845
25.220000000001143,25.220000000001306,123,3.4791041163558276
25.230000000001144,25.230000000001308,123,3.4796073892094483
25.240000000001146,25.240000000001306,123,3.480110350002164
25.250000000001148,25.250000000001304,123,3.4806123739435577
25.26000000000115,25.260000000001302,123,3.481111088955913
25.27000000000115,25.270000000001303,123,3.481609497881905
25.280000000001152,25.280000000001305,123,3.482107600722969
25.290000000001154,25.2900000000013,123,3.4826053974811373
25.300000000001155,25.3000000000013,123,3.4831028881577595
25.310000000001157,25.310000000001327,123,3.483600072754342
25.32000000000116,25.320000000001325,123,3.4840969512721642
25.33000000000116,25.330000000001323,123,3.4845938628595547
25.34000000000116,25.340000000001325,123,3.4850907580346586
25.350000000001163,25.350000000001323,123,3.4855873462658593
25.360000000001165,25.36000000000132,123,3.486083627554578
25.370000000001166,25.370000000001323,123,3.4865796019018376
25.380000000001168,25.380000000001324,123,3.4870752693092726
25.39000000000117,25.390000000001322,123,3.4875706297775935
25.40000000000117,25.40000000000132,123,3.488065683307795
25.410000000001173,25.41000000000132,123,3.4885604299008577
25.420000000001174,25.42000000000132,123,3.4890548695572505
25.430000000001176,25.430000000001318,123,3.489549002277826
25.440000000001177,25.440000000001344,123,3.490042828063096
25.45000000000118,25.450000000001346,123,3.4921999413602975
25.46000000000118,25.46000000000134,123,3.492691785886663
25.470000000001182,25.470000000001342,123,3.4931833241443684
25.480000000001183,25.480000000001343,123,3.493674556133854
25.490000000001185,25.49000000000134,123,3.494165481855646
25.500000000001187,25.50000000000134,123,3.4946561013095305
25.510000000001188,25.510000000001337,123,3.495146414495636
25.52000000000119,25.52000000000134,123,3.495636421413991
25.53000000000119,25.53000000000134,123,3.498996723334514
25.540000000001193,25.540000000001335,123,3.499483839487752
25.550000000001194,25.550000000001365,123,3.4999706504687396
25.560000000001196,25.560000000001363,123,3.5004571562766955
25.570000000001198,25.57000000000136,123,3.5009433569106108
25.5800000000012,25.58000000000136,123,3.501429252369263
25.5900000000012,25.59000000000136,123,3.5019148426517006
25.600000000001202,25.60000000000137,123,3.502423982905114
25.610000000001204,25.610000000001342,123,3.5029092588382156
25.620000000001205,25.620000000001355,123,3.5033942313771576
25.630000000001207,25.63000000000136,123,3.5038789005196094
25.64000000000121,25.64000000000137,123,3.504363266263269
25.65000000000121,25.65000000000137,123,3.504847328605507
25.66000000000121,25.660000000001382,123,3.5053310875438655
25.670000000001213,25.67000000000138,123,3.5058145430757435
25.680000000001215,25.680000000001392,123,3.5062976951980858
25.690000000001216,25.690000000001362,123,3.506780543908235
25.700000000001218,25.70000000000137,123,3.5072648854113453
25.71000000000122,25.710000000001376,123,3.50774997939439
25.72000000000122,25.720000000001377,123,3.5082347641360627
25.730000000001223,25.730000000001382,123,3.508719239641181
25.740000000001224,25.740000000001395,123,3.509203405914093
25.750000000001226,25.7500000000014,123,3.509687262959119
25.760000000001227,25.7600000000014,123,3.5101708107808776
25.77000000000123,25.770000000001374,123,3.5106540493834757
25.78000000000123,25.780000000001383,123,3.5111369787711055
25.790000000001232,25.790000000001385,123,3.5116195989476324
25.800000000001234,25.80000000000139,123,3.512101909916993
25.810000000001235,25.8100000000014,123,3.5125839116831514
25.820000000001237,25.82000000000141,123,3.5130656042495048
25.830000000001238,25.83000000000141,123,3.51354709920615
25.84000000000124,25.840000000001382,123,3.5140283963398105
25.85000000000124,25.850000000001387,123,3.514509383932648
25.860000000001243,25.860000000001403,123,3.5149903015975212
25.870000000001244,25.870000000001397,123,3.515471275461877
25.880000000001246,25.880000000001406,123,3.5159490783995295
25.890000000001248,25.89000000000141,123,3.5164257462646447
25.90000000000125,25.900000000001423,123,3.5169021099204656
25.91000000000125,25.91000000000139,123,3.517378169366836
25.920000000001252,25.920000000001394,123,3.517853924603969
25.930000000001254,25.93000000000141,123,3.5183293756318648
25.940000000001255,25.940000000001415,123,3.518804522450125
25.950000000001257,25.950000000001417,123,3.519279365058523
25.96000000000126,25.960000000001422,123,3.5197539034565466
25.97000000000126,25.970000000001427,123,3.5202281376435707
25.98000000000126,25.98000000000144,123,3.5207020676191547
25.990000000001263,25.990000000001437,123,3.5211756933822898
26.000000000001265,26.000000000001418,123,3.521673748971452
26.010000000001266,26.010000000001423,123,3.524934150468482
26.020000000001268,26.02000000000143,123,3.524224266207142
26.03000000000127,26.03000000000141,123,3.524695584405663
26.04000000000127,26.04000000000143,123,3.525166600212586
26.050000000001273,26.050000000001432,123,3.5256373136265466
26.060000000001274,26.060000000001452,123,3.5288833430511772
26.070000000001276,26.070000000001418,123,3.529351212993504
26.080000000001277,26.08000000000143,123,3.5298187816176494
26.09000000000128,26.090000000001446,123,3.5302860489213828
26.10000000000128,26.10000000000142,123,3.5307530149023023
26.110000000001282,26.11000000000144,123,3.5312196795577364
26.120000000001284,26.120000000001443,123,3.531686042885198
26.130000000001285,26.13000000000146,123,3.5321521048817175
26.140000000001287,26.14000000000143,123,3.53261786554485
26.150000000001288,26.150000000001445,123,3.533083324871228
26.16000000000129,26.160000000001453,123,3.5335484828580235
26.17000000000129,26.170000000001462,123,3.5340133395020388
26.180000000001293,26.180000000001446,123,3.534477894799849
26.190000000001294,26.19000000000145,123,3.5349421487484705
26.200000000001296,26.20000000000146,123,3.535406101344023
26.210000000001298,26.210000000001475,123,3.5358697525832383
26.2200000000013,26.220000000001455,123,3.536333102462237
26.2300000000013,26.23000000000146,123,3.5367961509773806
26.240000000001302,26.24000000000148,123,3.5372588981249606
26.250000000001304,26.250000000001446,123,3.537721343900756
26.260000000001305,26.260000000001458,123,3.538183488300888
26.270000000001307,26.270000000001467,123,3.538645331321135
26.28000000000131,26.280000000001483,123,3.5391068729572623
26.29000000000131,26.290000000001463,123,3.5395681132050356
26.30000000000131,26.300000000001468,123,3.5400290520597792
26.310000000001313,26.310000000001487,123,3.540489689517244
26.320000000001315,26.320000000001492,123,3.5409500255725987
26.330000000001316,26.330000000001473,123,3.5414100602211676
26.340000000001318,26.34000000000148,123,3.541872365142396
26.35000000000132,26.35000000000149,123,3.542334524527689
26.36000000000132,26.360000000001474,123,3.54279637685282
26.370000000001323,26.37000000000148,123,3.543257922120489
26.380000000001324,26.380000000001488,123,3.5437191603331826
26.390000000001326,26.390000000001464,123,3.5441802963074593
26.400000000001327,26.40000000000147,123,3.5446666657633017
26.41000000000133,26.410000000001475,123,3.5451279536092386
26.42000000000133,26.420000000001483,123,3.545588972717539
26.430000000001332,26.430000000001485,123,3.546049684429576
26.440000000001334,26.44000000000149,123,3.5465100887476666
26.450000000001335,26.450000000001495,123,3.546970185674084
26.460000000001337,26.460000000001504,123,3.5474299752111875
26.47000000000134,26.470000000001516,123,3.547889457360739
26.48000000000134,26.48000000000152,123,3.5483486321248847
26.49000000000134,26.49000000000152,123,3.548807499505571
26.500000000001343,26.50000000000148,123,3.549264979564356
26.510000000001344,26.51000000000149,123,3.5497197002273424
26.520000000001346,26.520000000001502,123,3.550174119524698
26.530000000001348,26.530000000001504,123,3.5506282374547595
26.54000000000135,26.540000000001505,123,3.553775285180606
26.55000000000135,26.55000000000151,123,3.554226595289876
26.560000000001352,26.560000000001516,123,3.5546776050932323
26.570000000001354,26.570000000001528,123,3.5551283145884014
26.580000000001355,26.580000000001533,123,3.555578723772186
26.590000000001357,26.590000000001538,123,3.5560288326416583
26.60000000000136,26.600000000001494,123,3.558022964090142
26.61000000000136,26.6100000000015,123,3.5584711645630875
26.62000000000136,26.620000000001504,123,3.5589190653546723
26.630000000001363,26.630000000001523,123,3.5593666664615426
26.640000000001365,26.640000000001525,123,3.5598139678807
26.650000000001366,26.650000000001523,123,3.560260969608649
26.660000000001368,26.660000000001528,123,3.5607076716420067
26.67000000000137,26.670000000001533,123,3.561154073977363
26.68000000000137,26.68000000000155,123,3.5616001766109804
26.690000000001373,26.690000000001543,123,3.5620459795392634
26.700000000001374,26.70000000000151,123,3.5624914827583467
26.710000000001376,26.710000000001514,123,3.562936686264294
26.720000000001377,26.72000000000152,123,3.5633815900532113
26.73000000000138,26.73000000000153,123,3.5638261941210203
26.74000000000138,26.74000000000153,123,3.5642704984632445
26.750000000001382,26.750000000001542,123,3.5647145030758765
26.760000000001384,26.760000000001543,123,3.5651582079540987
26.770000000001385,26.77000000000155,123,3.565601613093932
26.780000000001387,26.780000000001568,123,3.5660447184906303
26.79000000000139,26.790000000001566,123,3.5664875241391343
26.80000000000139,26.800000000001546,123,3.566955691868202
26.81000000000139,26.81000000000155,123,3.567398078420652
26.820000000001393,26.82000000000155,123,3.5678401658193195
26.830000000001395,26.83000000000155,123,3.5682819540591453
26.840000000001396,26.840000000001538,123,3.5687234431344024
26.850000000001398,26.850000000001533,123,3.569164633039847
26.8600000000014,26.860000000001534,123,3.569605523769681
26.8700000000014,26.870000000001536,123,3.5700461153183625
26.880000000001402,26.880000000001584,123,3.5704864076800504
26.890000000001404,26.890000000001535,123,3.5709264008487622
26.900000000001405,26.900000000001587,123,3.571366094818586
26.910000000001407,26.91000000000158,123,3.5718054895836246
26.92000000000141,26.920000000001597,123,3.5722447374952537
26.93000000000141,26.930000000001595,123,3.572684108241404
26.94000000000141,26.94000000000158,123,3.5731231789371947
26.950000000001413,26.95000000000158,123,3.573561949577126
26.960000000001415,26.960000000001582,123,3.5740004201549453
26.970000000001416,26.97000000000158,123,3.5744389917525723
26.980000000001418,26.98000000000158,123,3.574879508734483
26.99000000000142,26.990000000001576,123,3.5753198881649126
27.00000000000142,27.000000000001606,123,3.57575996172001
27.010000000001423,27.0100000000016,123,3.5762010702844975
27.020000000001424,27.020000000001602,123,3.5766418412221697
27.030000000001426,27.030000000001607,123,3.5770822745465125
27.040000000001427,27.040000000001605,123,3.577522370270728
27.05000000000143,27.05000000000161,123,3.5779621284082594
27.06000000000143,27.06000000000161,123,3.578401548972124
27.070000000001432,27.070000000001613,123,3.5814412023087385
27.080000000001434,27.080000000001608,123,3.581877779633558
27.090000000001435,27.090000000001623,123,3.5823140205068142
27.100000000001437,27.100000000001625,123,3.5827499249408703
27.11000000000144,27.11000000000162,123,3.583185492948161
27.12000000000144,27.12000000000162,123,3.5836207245407365
27.13000000000144,27.13000000000162,123,3.5840528679980395
27.140000000001443,27.140000000001624,123,3.5844840555542277
27.150000000001445,27.150000000001626,123,3.5849149124144617
27.160000000001446,27.16000000000163,123,3.5853454385872965
27.170000000001448,27.170000000001632,123,3.5857756340811306
27.18000000000145,27.18000000000163,123,3.5876882278865025
27.19000000000145,27.19000000000163,123,3.588119375878094
27.200000000001452,27.20000000000163,123,3.588547301155245
27.210000000001454,27.210000000001635,123,3.5889748964319494
27.220000000001455,27.22000000000164,123,3.589402161716336
27.230000000001457,27.23000000000164,123,3.589829097016647
27.24000000000146,27.24000000000164,123,3.590255702340926
27.25000000000146,27.25000000000164,123,3.5906819776972867
27.26000000000146,27.260000000001636,123,3.591107923093233
27.270000000001463,27.27000000000165,123,3.5915335385366944
27.280000000001465,27.28000000000165,123,3.5919588240353164
27.290000000001466,27.290000000001648,123,3.592383779596844
27.300000000001468,27.300000000001646,123,3.5928084052285243
27.31000000000147,27.31000000000165,123,3.5932327009377474
27.32000000000147,27.320000000001652,123,3.593656666731718
27.330000000001473,27.330000000001654,123,3.594080302617641
27.340000000001474,27.34000000000166,123,3.594503608602764
27.350000000001476,27.350000000001657,123,3.59492658469388
27.360000000001477,27.360000000001655,123,3.5953492308979946
27.37000000000148,27.370000000001657,123,3.595771547221773
27.38000000000148,27.38000000000166,123,3.596193533671979
27.390000000001482,27.39000000000166,123,3.5966151902552213
27.400000000001484,27.400000000001665,123,3.597050895501013
27.410000000001485,27.410000000001666,123,3.5974726182064103
27.420000000001487,27.420000000001668,123,3.5978940288323003
27.43000000000149,27.430000000001666,123,3.598315127377546
27.44000000000149,27.440000000001678,123,3.598735913841054
27.45000000000149,27.450000000001676,123,3.599156486374241
27.460000000001493,27.460000000001678,123,3.599577205538523
27.470000000001495,27.470000000001672,123,3.5999976118113324
27.480000000001496,27.480000000001674,123,3.6004177051917026
27.490000000001498,27.490000000001675,123,3.600837485678241
27.5000000000015,27.500000000001677,123,3.601256953269882
27.5100000000015,27.51000000000167,123,3.601676107965176
27.520000000001502,27.520000000001687,123,3.6020949497626447
27.530000000001504,27.530000000001685,123,3.602513478660839
27.540000000001505,27.540000000001683,123,3.6029316946578263
27.550000000001507,27.55000000000168,123,3.6033495977522136
27.56000000000151,27.560000000001697,123,3.60376730060716
27.57000000000151,27.5700000000017,123,3.6041847797725097
27.58000000000151,27.580000000001693,123,3.604601945700068
27.590000000001513,27.590000000001695,123,3.605018798388116
27.600000000001515,27.600000000001693,123,3.6079444789131827
27.610000000001516,27.61000000000169,123,3.6083593405981134
27.620000000001518,27.620000000001703,123,3.6087756106757922
27.63000000000152,27.630000000001704,123,3.609191563342506
27.64000000000152,27.640000000001706,123,3.609607198602646
27.650000000001523,27.6500000000017,123,3.610022516460816
27.660000000001524,27.660000000001702,123,3.6104375169211522
27.670000000001526,27.670000000001714,123,3.6108521999881305
27.680000000001527,27.680000000001712,123,3.6112665656656446
27.69000000000153,27.690000000001714,123,3.6116806139580007
27.70000000000153,27.70000000000171,123,3.6120943448688934
27.710000000001532,27.710000000001713,123,3.6125077584022307
27.720000000001534,27.720000000001708,123,3.61292085456202
27.730000000001535,27.73000000000171,123,3.6133336333517434
27.740000000001537,27.740000000001725,123,3.613746094775294
27.75000000000154,27.75000000000172,123,3.6155658415487437
27.76000000000154,27.76000000000172,123,3.615976440177704
27.77000000000154,27.77000000000172,123,3.616386722067901
27.780000000001543,27.78000000000173,123,3.6167966872228448
27.790000000001545,27.79000000000173,123,3.6172063356459745
27.800000000001546,27.80000000000173,123,3.617634628562101
27.810000000001548,27.810000000001732,123,3.6180441180827216
27.82000000000155,27.820000000001738,123,3.618451342349786
27.83000000000155,27.83000000000173,123,3.6188569994920954
27.840000000001552,27.84000000000174,123,3.619262351366956
27.850000000001554,27.850000000001735,123,3.619667397971483
27.860000000001556,27.860000000001726,123,3.620072139302877
27.870000000001557,27.87000000000174,123,3.6204765753579125
27.88000000000156,27.88000000000173,123,3.620880706133562
27.89000000000156,27.890000000001745,123,3.621284531626486
27.90000000000156,27.900000000001736,123,3.621688051833317
27.910000000001563,27.91000000000175,123,3.6220912667507292
27.920000000001565,27.92000000000175,123,3.6224941763751843
27.930000000001566,27.930000000001762,123,3.622896780702959
27.940000000001568,27.94000000000175,123,3.623299079730458
27.95000000000157,27.95000000000176,123,3.623701073453958
27.96000000000157,27.960000000001752,123,3.624102761869466
27.970000000001573,27.970000000001743,123,3.6245041449730024
27.980000000001574,27.98000000000176,123,3.624905287968275
27.990000000001576,27.99000000000176,123,3.625306600419947
28.000000000001577,28.000000000001766,123,3.6257076067527407
28.01000000000158,28.010000000001757,123,3.626108306962891
28.02000000000158,28.02000000000177,123,3.6265087010464327
28.030000000001582,28.03000000000176,123,3.62690878899933
28.040000000001584,28.04000000000178,123,3.627308570817533
28.050000000001585,28.050000000001766,123,3.627708046496835
28.060000000001587,28.060000000001757,123,3.628107216032987
28.07000000000159,28.070000000001773,123,3.6285060794217543
28.08000000000159,28.080000000001764,123,3.628904636658447
28.09000000000159,28.090000000001776,123,3.6293028877388593
28.100000000001593,28.100000000001778,123,3.6297008326581164
28.110000000001595,28.110000000001786,123,3.6300984714117703
28.120000000001596,28.120000000001774,123,3.6304958039947763
28.130000000001598,28.13000000000179,123,3.63331176283738
28.1400000000016,28.14000000000178,123,3.633706581289516
28.1500000000016,28.15000000000177,123,3.6341011006940107
28.160000000001602,28.160000000001787,123,3.634495314619727
28.170000000001604,28.170000000001796,123,3.6348892230613927
28.180000000001606,28.18000000000179,123,3.6352828260135652
28.190000000001607,28.19000000000178,123,3.6356761234708017
28.20000000000161,28.200000000001783,123,3.636090422492714
28.21000000000161,28.210000000001784,123,3.6364834628293465
28.220000000001612,28.220000000001807,123,3.6368762005237727
28.230000000001613,28.23000000000181,123,3.6372686355691997
28.240000000001615,28.240000000001807,123,3.637660767958508
28.250000000001616,28.250000000001805,123,3.6380535405611027
28.260000000001618,28.260000000001803,123,3.6384474363829753
28.27000000000162,28.270000000001804,123,3.6388410244467906
28.28000000000162,28.280000000001802,123,3.6392343047524207
28.290000000001623,28.2900000000018,123,3.6396272772993967
28.300000000001624,28.300000000001802,123,3.640019942087349
28.310000000001626,28.310000000001803,123,3.6404122991157095
28.320000000001627,28.3200000000018,123,3.640804348383753
28.33000000000163,28.3300000000018,123,3.642547773950511
28.34000000000163,28.3400000000018,123,3.6429380070264443
28.350000000001632,28.350000000001824,123,3.6433279329435777
28.360000000001634,28.360000000001822,123,3.643717551701215
28.370000000001635,28.370000000001824,123,3.6441068632984326
28.380000000001637,28.380000000001825,123,3.644495867734477
28.39000000000164,28.39000000000182,123,3.644884565008084
28.40000000000164,28.40000000000182,123,3.6452729551182017
28.41000000000164,28.410000000001823,123,3.6456610380635794
28.420000000001643,28.42000000000182,123,3.646048813842853
28.430000000001645,28.43000000000182,123,3.6464362824548715
28.440000000001646,28.440000000001817,123,3.646823239793065
28.450000000001648,28.45000000000182,123,3.6472070242796235
28.46000000000165,28.46000000000182,123,3.647590507112753
28.47000000000165,28.470000000001843,123,3.6479736882867684
28.480000000001652,28.480000000001844,123,3.6483565677967675
28.490000000001654,28.490000000001842,123,3.6487391456372364
28.500000000001656,28.50000000000184,123,3.6491214218026613
28.510000000001657,28.51000000000184,123,3.649503445604992
28.52000000000166,28.52000000000184,123,3.6498856416228733
28.53000000000166,28.530000000001838,123,3.6502675351663925
28.540000000001662,28.540000000001836,123,3.650649126230647
28.550000000001663,28.550000000001837,123,3.6510304148100516
28.560000000001665,28.56000000000184,123,3.651411400898965
28.570000000001667,28.570000000001837,123,3.6517920844919303
28.580000000001668,28.580000000001835,123,3.652172465583149
28.59000000000167,28.590000000001837,123,3.652552544166923
28.60000000000167,28.60000000000187,123,3.6529549423697034
28.610000000001673,28.61000000000187,123,3.6533346967722906
28.620000000001674,28.620000000001845,123,3.6537141503470707
28.630000000001676,28.63000000000186,123,3.6540933030872935
28.640000000001677,28.640000000001855,123,3.654472154986138
28.65000000000168,28.650000000001864,123,3.654850706036626
28.66000000000168,28.660000000001876,123,3.65755886565006
28.670000000001682,28.67000000000188,123,3.657934762171635
28.680000000001684,28.68000000000188,123,3.6583103588421153
28.690000000001685,28.690000000001852,123,3.658685655654054
28.700000000001687,28.700000000001857,123,3.659060652599649
28.71000000000169,28.710000000001862,123,3.6594354193842804
28.72000000000169,28.720000000001875,123,3.6598100040639565
28.73000000000169,28.73000000000188,123,3.66018428853738
28.740000000001693,28.74000000000189,123,3.660558272796763
28.750000000001695,28.750000000001886,123,3.660931956834432
28.760000000001696,28.760000000001863,123,3.6613053406424427
28.770000000001698,28.77000000000187,123,3.661678424212809
28.7800000000017,28.780000000001873,123,3.6620512075376013
28.7900000000017,28.790000000001882,123,3.6624236906084917
28.800000000001702,28.800000000001887,123,3.662795873417437
28.810000000001704,28.810000000001892,123,3.663167755956323
28.820000000001706,28.820000000001905,123,3.6635393382163954
28.830000000001707,28.83000000000187,123,3.66391062018954
28.84000000000171,28.840000000001876,123,3.6642816018671596
28.85000000000171,28.850000000001884,123,3.6646522832406845
28.860000000001712,28.86000000000189,123,3.665022664301489
28.870000000001713,28.870000000001895,123,3.665392745040691
28.880000000001715,28.8800000000019,123,3.6657625254497646
28.890000000001717,28.890000000001912,123,3.6661330490057082
28.900000000001718,28.900000000001917,123,3.6678148491976685
28.91000000000172,28.91000000000192,123,3.6681825318752175
28.92000000000172,28.92000000000189,123,3.6685499148101144
28.930000000001723,28.930000000001897,123,3.6689169979938043
28.940000000001724,28.940000000001902,123,3.669283781416766
28.950000000001726,28.950000000001907,123,3.669650265070004
28.960000000001727,28.960000000001912,123,3.6700175123460923
28.97000000000173,28.970000000001928,123,3.6703856412267584
28.98000000000173,28.980000000001933,123,3.6707534654061504
28.990000000001732,28.9900000000019,123,3.671120984881483
29.000000000001734,29.000000000001922,123,3.671511528681634
29.010000000001735,29.0100000000019,123,3.6718786698362464
29.020000000001737,29.02000000000191,123,3.672245507389235
29.03000000000174,29.03000000000192,123,3.672612041337274
29.04000000000174,29.040000000001935,123,3.6729783187759466
29.05000000000174,29.05000000000191,123,3.6733447476389642
29.060000000001743,29.06000000000192,123,3.6737108721249143
29.070000000001745,29.070000000001933,123,3.674075367513396
29.080000000001746,29.080000000001945,123,3.674437962538093
29.090000000001748,29.090000000001925,123,3.6748002585495527
29.10000000000175,29.100000000001927,123,3.6751622555410393
29.11000000000175,29.110000000001943,123,3.6755239535050777
29.120000000001752,29.120000000001916,123,3.6758853524347757
29.130000000001754,29.130000000001935,123,3.6762464523226583
29.140000000001756,29.14000000000194,123,3.6766072531613645
29.150000000001757,29.150000000001953,123,3.6769677549433624
29.16000000000176,29.160000000001926,123,3.6773279576610918
29.17000000000176,29.170000000001938,123,3.6776878613068646
29.180000000001762,29.18000000000195,123,3.6780474658732345
29.190000000001763,29.190000000001923,123,3.6806488644504327
29.200000000001765,29.200000000001943,123,3.681005855104857
29.210000000001767,29.210000000001948,123,3.6813625476609246
29.220000000001768,29.220000000001964,123,3.681718942110365
29.23000000000177,29.230000000001937,123,3.6820750384445944
29.24000000000177,29.240000000001952,123,3.682430836655115
29.250000000001773,29.250000000001958,123,3.682786336733315
29.260000000001774,29.260000000001973,123,3.6831415386705544
29.270000000001776,29.27000000000195,123,3.6834964424579653
29.280000000001777,29.280000000001955,123,3.683851048086723
29.29000000000178,29.29000000000197,123,3.684205504530027
29.30000000000178,29.300000000001944,123,3.6845596942183363
29.310000000001782,29.310000000001963,123,3.684913585411749
29.320000000001784,29.32000000000197,123,3.6852671781014408
29.330000000001785,29.33000000000198,123,3.6856204722781882
29.340000000001787,29.340000000001954,123,3.685973467933337
29.35000000000179,29.350000000001963,123,3.6863261650573804
29.36000000000179,29.36000000000198,123,3.6866785636412374
29.37000000000179,29.370000000001987,123,3.687030663675614
29.380000000001793,29.38000000000197,123,3.6873824651510603
29.390000000001795,29.390000000001976,123,3.6877339680582253
29.400000000001796,29.400000000001974,123,3.688109136613889
29.410000000001798,29.41000000000198,123,3.6884602395830512
29.4200000000018,29.420000000001984,123,3.6888110447392535
29.4300000000018,29.43000000000199,123,3.6891615520725054
29.440000000001803,29.440000000002,123,3.6895117615726463
29.450000000001804,29.450000000002007,123,3.689861673229501
29.460000000001806,29.46000000000201,123,3.690211287032824
29.470000000001807,29.47000000000197,123,3.6905606029722833
29.48000000000181,29.480000000001983,123,3.6921684713191354
29.49000000000181,29.490000000001988,123,3.692516022043904
29.500000000001812,29.500000000001993,123,3.692863275486147
29.510000000001813,29.510000000001995,123,3.6932102316352484
29.520000000001815,29.520000000002,123,3.6935568904807354
29.530000000001817,29.530000000002005,123,3.693903252011964
29.540000000001818,29.54000000000201,123,3.6942493162181904
29.55000000000182,29.550000000002015,123,3.694595083088558
29.56000000000182,29.560000000001985,123,3.694940552612337
29.570000000001823,29.570000000001983,123,3.6952858128189376
29.580000000001824,29.580000000001988,123,3.69563117668595
29.590000000001826,29.590000000001993,123,3.6959762424177143
29.600000000001828,29.60000000000201,123,3.696321964947515
29.61000000000183,29.61000000000201,123,3.6966685660642042
29.62000000000183,29.620000000002015,123,3.6970148642750758
29.630000000001832,29.63000000000202,123,3.697360859576051
29.640000000001834,29.640000000002026,123,3.697706551962611
29.650000000001835,29.65000000000203,123,3.6980519414303643
29.660000000001837,29.660000000002036,123,3.698397027974778
29.67000000000184,29.670000000002002,123,3.698741811591134
29.68000000000184,29.68000000000205,123,3.69908629227497
29.69000000000184,29.69000000000201,123,3.6994304700214826
29.700000000001843,29.700000000002017,123,3.699772022056834
29.710000000001845,29.710000000002026,123,3.7001128134069035
29.720000000001846,29.720000000002024,123,3.702608760155215
29.730000000001848,29.730000000002033,123,3.7029469769467482
29.74000000000185,29.740000000002038,123,3.7032848969925425
29.75000000000185,29.750000000002043,123,3.7036225202834743
29.760000000001853,29.760000000002048,123,3.7039598468104202
29.770000000001854,29.770000000002053,123,3.7042968765641007
29.780000000001856,29.780000000002023,123,3.704633609535122
29.790000000001857,29.790000000002024,123,3.7049700457143047
29.80000000000186,29.800000000002065,123,3.7053305174006965
29.81000000000186,29.810000000002063,123,3.705666531190232
29.820000000001862,29.820000000002064,123,3.706002248738841
29.830000000001863,29.830000000002066,123,3.706337670036575
29.840000000001865,29.84000000000206,123,3.7066727950735867
29.850000000001867,29.850000000002062,123,3.7070076238397434
29.860000000001868,29.860000000002064,123,3.7073422029066876
29.87000000000187,29.870000000002058,123,3.707676612806239
29.88000000000187,29.88000000000206,123,3.7080107261021595
29.890000000001873,29.890000000002058,123,3.708344542784019
29.900000000001874,29.90000000000206,123,3.708678062842111
29.910000000001876,29.91000000000206,123,3.7090112862656923
29.920000000001878,29.920000000002055,123,3.7093442130448295
29.93000000000188,29.930000000002057,123,3.709676843168751
29.94000000000188,29.94000000000206,123,3.7100091766273096
29.950000000001882,29.950000000002063,123,3.7103412134097624
29.960000000001884,29.96000000000206,123,3.7106729535056644
29.970000000001885,29.970000000002056,123,3.711004396904073
29.980000000001887,29.980000000002054,123,3.7113355435943447
29.99000000000189,29.990000000002055,123,3.711666393565636
30.00000000000189,30.000000000002082,123,3.7119969468070764
30.01000000000189,30.010000000002087,123,3.7123284812216326
30.020000000001893,30.02000000000209,123,3.7126596886265446
30.030000000001895,30.03000000000209,123,3.712990569022267
30.040000000001896,30.040000000002095,123,3.7133211224088853
30.050000000001898,30.050000000002093,123,3.7148574299275623
30.0600000000019,30.0600000000021,123,3.7151861856172417
30.0700000000019,30.0700000000021,123,3.715514614913346
30.080000000001903,30.0800000000021,123,3.7158427178160167
30.090000000001904,30.090000000002096,123,3.7161704943251124
30.100000000001906,30.1000000000021,123,3.71649805091036
30.110000000001907,30.110000000002103,123,3.716825647136986
30.12000000000191,30.120000000002104,123,3.7171529162407637
30.13000000000191,30.13000000000211,123,3.7174798582222053
30.140000000001912,30.140000000002114,123,3.71780647308141
30.150000000001913,30.150000000002112,123,3.7181327608184347
30.160000000001915,30.160000000002114,123,3.718458721433393
30.170000000001917,30.17000000000211,123,3.718784354926086
30.180000000001918,30.18000000000212,123,3.719109661296457
30.19000000000192,30.190000000002115,123,3.7194346405442644
30.20000000000192,30.200000000002117,123,3.7197592926695506
30.210000000001923,30.210000000002122,123,3.7200836176716052
30.220000000001924,30.22000000000212,123,3.7204076155502435
30.230000000001926,30.230000000002125,123,3.720731286304911
30.240000000001928,30.240000000002127,123,3.721055362598733
30.25000000000193,30.250000000002128,123,3.7234503655212166
30.26000000000193,30.260000000002123,123,3.723773129689974
30.270000000001932,30.270000000002135,123,3.724095563273721
30.280000000001934,30.28000000000213,123,3.724417666277162
30.290000000001935,30.29000000000213,123,3.724739438705029
30.300000000001937,30.300000000002136,123,3.7250608805621113
30.31000000000194,30.310000000002134,123,3.725381991853098
30.32000000000194,30.32000000000214,123,3.725702423445128
30.33000000000194,30.33000000000214,123,3.7260202271809533
30.340000000001943,30.340000000002142,123,3.7263377053217823
30.350000000001945,30.350000000002137,123,3.726654857868681
30.360000000001946,30.360000000002145,123,3.726971684822715
30.370000000001948,30.370000000002143,123,3.727288186184751
30.38000000000195,30.380000000002145,123,3.727604361955656
30.39000000000195,30.390000000002146,123,3.7279202121362403
30.400000000001953,30.40000000000215,123,3.7282493759268647
30.410000000001954,30.410000000002153,123,3.728565263535856
30.420000000001956,30.420000000002155,123,3.728880842419997
30.430000000001957,30.430000000002156,123,3.7291961125735327
30.44000000000196,30.44000000000215,123,3.7295111976829673
30.45000000000196,30.450000000002152,123,3.7298260171017574
30.460000000001962,30.46000000000215,123,3.730140527478639
30.470000000001964,30.470000000002152,123,3.7304547288075156
30.480000000001965,30.48000000000216,123,3.7307686210818503
30.490000000001967,30.490000000002162,123,3.731082204295518
30.500000000001968,30.500000000002178,123,3.7313954784419536
30.51000000000197,30.510000000002172,123,3.7317084435145915
30.52000000000197,30.520000000002174,123,3.732021099506852
30.530000000001973,30.530000000002172,123,3.7323334464121984
30.540000000001974,30.54000000000217,123,3.732645484223667
30.550000000001976,30.55000000000217,123,3.73295721293465
30.560000000001978,30.56000000000217,123,3.733268632538156
30.57000000000198,30.57000000000217,123,3.7335797430272493
30.58000000000198,30.580000000002173,123,3.733890544394839
30.590000000001982,30.59000000000218,123,3.734201215125438
30.600000000001984,30.600000000002183,123,3.7345118561837296
30.610000000001985,30.61000000000219,123,3.7348221873747747
30.620000000001987,30.620000000002193,123,3.736284796334374
30.63000000000199,30.63000000000219,123,3.736593067963156
30.64000000000199,30.640000000002193,123,3.736901354333213
30.65000000000199,30.650000000002187,123,3.7372093314042303
30.660000000001993,30.66000000000219,123,3.737516999169557
30.670000000001995,30.67000000000219,123,3.737824357621946
30.680000000001996,30.68000000000219,123,3.7381314067542775
30.690000000001998,30.690000000002186,123,3.738438146559375
30.700000000002,30.7000000000022,123,3.738744577029891
30.710000000002,30.7100000000022,123,3.739050698158593
30.720000000002003,30.720000000002198,123,3.739356509937849
30.730000000002004,30.730000000002196,123,3.739662012360455
30.740000000002006,30.740000000002212,123,3.7399672054186794
30.750000000002007,30.750000000002213,123,3.7402720891049626
30.76000000000201,30.760000000002208,123,3.740576663411588
30.77000000000201,30.77000000000221,123,3.7408809283309523
30.780000000002012,30.780000000002207,123,3.7431705158834774
30.790000000002014,30.790000000002205,123,3.7434722545700225
30.800000000002015,30.800000000002214,123,3.7437917537448158
30.810000000002017,30.81000000000222,123,3.7440933278274144
30.82000000000202,30.82000000000221,123,3.744394598993054
30.83000000000202,30.830000000002226,123,3.744695567231105
30.84000000000202,30.840000000002217,123,3.744996232531321
30.850000000002023,30.85000000000223,123,3.745296594882916
30.860000000002024,30.860000000002223,123,3.7455966542749906
30.870000000002026,30.870000000002236,123,3.7458964106969006
30.880000000002028,30.880000000002227,123,3.7461962526394927
30.89000000000203,30.890000000002228,123,3.7464973226671106
30.90000000000203,30.900000000002233,123,3.746798085295609
30.910000000002032,30.910000000002235,123,3.747098540520156
30.920000000002034,30.92000000000224,123,3.747398688335693
30.930000000002035,30.93000000000223,123,3.7476985287371605
30.940000000002037,30.940000000002243,123,3.747998061719386
30.95000000000204,30.950000000002234,123,3.74829631917774
30.96000000000204,30.960000000002246,123,3.7485927250958895
30.97000000000204,30.97000000000224,123,3.748888828496206
30.980000000002043,30.980000000002242,123,3.749184629370049
30.990000000002045,30.990000000002247,123,3.7494801277080256
31.000000000002046,31.000000000002245,123,3.749775323501737
31.010000000002048,31.01000000000225,123,3.7500702556659036
31.02000000000205,31.020000000002245,123,3.7503650067317693
31.03000000000205,31.030000000002257,123,3.7506594549391963
31.040000000002053,31.040000000002248,123,3.750953600279246
31.050000000002054,31.05000000000226,123,3.7512474427423967
31.060000000002056,31.060000000002255,123,3.7515409823197103
31.070000000002057,31.070000000002256,123,3.751834219001992
31.08000000000206,31.08000000000226,123,3.75212715277965
31.09000000000206,31.090000000002256,123,3.752419783643518
31.100000000002062,31.100000000002264,123,3.75271211158379
31.110000000002064,31.110000000002255,123,3.7530041365913007
31.120000000002065,31.12000000000227,123,3.75329606904468
31.130000000002067,31.130000000002266,123,3.7535879304662387
31.14000000000207,31.14000000000227,123,3.753879488211922
31.15000000000207,31.15000000000227,123,3.7541707422724357
31.16000000000207,31.16000000000227,123,3.7544616926383583
31.170000000002073,31.170000000002275,123,3.7547523393002677
31.180000000002075,31.18000000000227,123,3.7550426822486003
31.190000000002076,31.19000000000228,123,3.755332721473721
31.200000000002078,31.200000000002284,123,3.7567428201980135
31.21000000000208,31.21000000000228,123,3.7570314982687734
31.22000000000208,31.22000000000228,123,3.757319875899711
31.230000000002082,31.23000000000228,123,3.757607953080054
31.240000000002084,31.240000000002283,123,3.757895729798875
31.250000000002085,31.25000000000228,123,3.758183206045487
31.260000000002087,31.260000000002286,123,3.758470381808692
31.27000000000209,31.270000000002284,123,3.758757257077562
31.28000000000209,31.280000000002286,123,3.759043831840941
31.29000000000209,31.290000000002284,123,3.7593301060876883
31.300000000002093,31.300000000002285,123,3.7615203730269684
31.310000000002095,31.310000000002304,123,3.7618041729616607
31.320000000002096,31.3200000000023,123,3.762087673304535
31.330000000002098,31.3300000000023,123,3.762370874044322
31.3400000000021,31.340000000002302,123,3.7626537751688147
31.3500000000021,31.3500000000023,123,3.7629363766663033
31.360000000002103,31.360000000002298,123,3.763218678524808
31.370000000002104,31.370000000002296,123,3.7635006807324913
31.380000000002106,31.3800000000023,123,3.763782383276947
31.390000000002107,31.390000000002303,123,3.764063786146494
31.40000000000211,31.400000000002322,123,3.7643448893285836
31.41000000000211,31.410000000002324,123,3.7646256928111654
31.420000000002112,31.42000000000232,123,3.7649061965818333
31.430000000002114,31.43000000000232,123,3.765186400628309
31.440000000002115,31.440000000002318,123,3.765466304938016
31.450000000002117,31.45000000000232,123,3.76574590949879
31.46000000000212,31.460000000002317,123,3.766025214297798
31.47000000000212,31.470000000002315,123,3.766304219322464
31.48000000000212,31.480000000002317,123,3.7665829245601827
31.490000000002123,31.490000000002322,123,3.7668613299983633
31.500000000002125,31.500000000002323,123,3.7671394356240313
31.510000000002126,31.51000000000232,123,3.7674172414242832
31.520000000002128,31.52000000000232,123,3.767694763916822
31.53000000000213,31.530000000002318,123,3.7679737893891456
31.54000000000213,31.54000000000232,123,3.7682525107407656
31.550000000002132,31.55000000000232,123,3.7685309279650028
31.560000000002134,31.56000000000234,123,3.7688090410543396
31.570000000002135,31.570000000002334,123,3.7690868500014147
31.580000000002137,31.580000000002336,123,3.7693628617129065
31.59000000000214,31.590000000002338,123,3.7696377988902583
31.60000000000214,31.600000000002343,123,3.769933950671799
31.61000000000214,31.61000000000234,123,3.770208590513377
31.620000000002143,31.620000000002342,123,3.7704829322950104
31.630000000002145,31.630000000002347,123,3.770756976005444
31.640000000002146,31.640000000002352,123,3.7710307216329824
31.650000000002148,31.650000000002358,123,3.7713044102437294
31.66000000000215,31.660000000002345,123,3.771577986368598
31.67000000000215,31.67000000000235,123,3.7718512636728008
31.680000000002153,31.680000000002348,123,3.7721242421450825
31.690000000002154,31.690000000002353,123,3.772396921773833
31.700000000002156,31.700000000002355,123,3.7726693025478397
31.710000000002157,31.71000000000236,123,3.7729413844552795
31.72000000000216,31.720000000002365,123,3.7732131674849114
31.73000000000216,31.73000000000237,123,3.773484651624642
31.740000000002162,31.740000000002357,123,3.773755836863131
31.750000000002164,31.75000000000236,123,3.774026723188186
31.760000000002165,31.760000000002364,123,3.7742973105883664
31.770000000002167,31.77000000000237,123,3.7756175125060594
31.78000000000217,31.780000000002367,123,3.7758864369515663
31.79000000000217,31.790000000002372,123,3.776155063008474
31.80000000000217,31.800000000002377,123,3.7764233906647178
31.810000000002173,31.810000000002383,123,3.7766914199082464
31.820000000002175,31.82000000000237,123,3.776959150726725
31.830000000002176,31.83000000000237,123,3.7790487677417843
31.840000000002178,31.840000000002377,123,3.7793140634479983
31.85000000000218,31.850000000002375,123,3.7795790616383442
31.86000000000218,31.86000000000238,123,3.779843762299791
31.870000000002182,31.870000000002385,123,3.780108165419591
31.880000000002184,31.88000000000239,123,3.780372270984884
31.890000000002185,31.890000000002377,123,3.7806360789829796
31.900000000002187,31.90000000000239,123,3.7808995894004767
31.91000000000219,31.910000000002384,123,3.781162802224685
31.92000000000219,31.920000000002386,123,3.7814257174421044
31.93000000000219,31.93000000000239,123,3.781688335040016
31.940000000002193,31.940000000002396,123,3.7819506550050477
31.950000000002195,31.950000000002404,123,3.782212677323855
31.960000000002196,31.96000000000241,123,3.7824744019831513
31.970000000002198,31.970000000002397,123,3.7827358289693507
31.9800000000022,31.98000000000239,123,3.782996958269351
31.9900000000022,31.9900000000024,123,3.783257789869296
32.0000000000022,32.000000000002395,123,3.783540563405836
32.0100000000022,32.010000000002414,123,3.783801019930337
32.0200000000022,32.0200000000024,123,3.7840611797746817
32.0300000000022,32.030000000002396,123,3.784321042924674
32.040000000002195,32.04000000000241,123,3.784580609365875
32.05000000000219,32.05000000000239,123,3.784839879084444
32.06000000000219,32.0600000000024,123,3.7850988520657722
32.07000000000219,32.07000000000241,123,3.785357528295563
32.08000000000219,32.080000000002386,123,3.785615907759521
32.090000000002185,32.09000000000239,123,3.7858739904431786
32.10000000000218,32.10000000000238,123,3.7861317763318425
32.11000000000218,32.11000000000238,123,3.7863892654110884
32.12000000000218,32.12000000000237,123,3.7866464576662935
32.13000000000218,32.130000000002376,123,3.786903353082664
32.140000000002175,32.14000000000238,123,3.7871599516455206
32.15000000000217,32.150000000002365,123,3.7874162533400977
32.16000000000217,32.16000000000237,123,3.7876723007407946
32.17000000000217,32.170000000002375,123,3.787929371121649
32.18000000000217,32.18000000000236,123,3.7881869381447615
32.190000000002165,32.190000000002364,123,3.7884443182749408
32.20000000000216,32.20000000000237,123,3.7887013964032974
32.21000000000216,32.21000000000235,123,3.7889564230102337
32.22000000000216,32.22000000000236,123,3.7892106475108847
32.23000000000216,32.23000000000237,123,3.7894645746375204
32.240000000002155,32.240000000002354,123,3.789718204377664
32.25000000000215,32.25000000000236,123,3.7899715367192215
32.26000000000215,32.26000000000237,123,3.7902245716494605
32.27000000000215,32.27000000000234,123,3.7904773091559605
32.28000000000215,32.28000000000236,123,3.7907297492261733
32.290000000002145,32.290000000002344,123,3.7909818918473235
32.30000000000214,32.30000000000234,123,3.7912337370067775
32.31000000000214,32.310000000002354,123,3.7914852846916887
32.32000000000214,32.32000000000233,123,3.7934851525288167
32.33000000000214,32.33000000000234,123,3.7937342976455
32.340000000002135,32.34000000000233,123,3.793983146183635
32.35000000000213,32.35000000000233,123,3.7934879600680063
32.36000000000213,32.36000000000234,123,3.795478167702427
32.37000000000213,32.37000000000233,123,3.7957250871221504
32.38000000000213,32.380000000002326,123,3.7959717104719886
32.390000000002125,32.39000000000234,123,3.7962180377382992
32.40000000000212,32.40000000000232,123,3.796486820340121
32.41000000000212,32.41000000000231,123,3.7967327427885778
32.42000000000212,32.42000000000232,123,3.7969783698594313
32.43000000000212,32.43000000000232,123,3.79722370153884
32.440000000002115,32.44000000000233,123,3.797468737812693
32.45000000000211,32.450000000002305,123,3.7977134786666085
32.46000000000211,32.46000000000231,123,3.797957924086788
32.47000000000211,32.47000000000231,123,3.7982020740586933
32.48000000000211,32.480000000002306,123,3.7984459285680288
32.490000000002105,32.49000000000231,123,3.798689487600498
32.5000000000021,32.500000000002316,123,3.798932751141649
32.5100000000021,32.5100000000023,123,3.799175719176958
32.5200000000021,32.5200000000023,123,3.799418391691731
32.5300000000021,32.530000000002296,123,3.799660768671899
32.540000000002095,32.540000000002294,123,3.7999028501021144
32.55000000000209,32.550000000002306,123,3.8001446359680386
32.56000000000209,32.56000000000231,123,3.8003861262548497
32.57000000000209,32.57000000000229,123,3.800627320947598
32.58000000000209,32.580000000002286,123,3.80086822003139
32.590000000002085,32.59000000000228,123,3.8011088234916883
32.60000000000208,32.60000000000228,123,3.8013491313129464
32.61000000000208,32.610000000002294,123,3.801589143480186
32.62000000000208,32.6200000000023,123,3.8018288599786985
32.63000000000208,32.630000000002276,123,3.8020682807929944
32.640000000002075,32.640000000002274,123,3.8023074059078397
32.65000000000207,32.650000000002265,123,3.8025462353080997
32.66000000000207,32.66000000000228,123,3.802784768978384
32.67000000000207,32.67000000000228,123,3.8030230069033593
32.68000000000207,32.68000000000226,123,3.8032609490673224
32.690000000002065,32.69000000000226,123,3.803498595455224
32.70000000000206,32.70000000000226,123,3.803735946051276
32.71000000000206,32.71000000000226,123,3.803973352420485
32.72000000000206,32.720000000002265,123,3.804210506979487
32.73000000000206,32.73000000000227,123,3.8044473650222557
32.740000000002055,32.74000000000225,123,3.8046840469962575
32.75000000000205,32.75000000000225,123,3.804920452804538
32.76000000000205,32.76000000000225,123,3.8051565617835905
32.77000000000205,32.77000000000225,123,3.8053923739183233
32.78000000000205,32.780000000002254,123,3.805627889193275
32.790000000002046,32.79000000000226,123,3.805863107593254
32.80000000000204,32.80000000000224,123,3.806121139398627
32.81000000000204,32.81000000000224,123,3.806356456381053
32.82000000000204,32.82000000000224,123,3.8065925645561123
32.83000000000204,32.83000000000223,123,3.806828372384686
32.840000000002036,32.840000000002235,123,3.8070620138604596
32.850000000002034,32.85000000000223,123,3.8089636532209568
32.86000000000203,32.86000000000223,123,3.8091946657976195
32.87000000000203,32.87000000000223,123,3.809425383429499
32.88000000000203,32.88000000000223,123,3.809655806102228
32.890000000002026,32.89000000000223,123,3.8098859338016666
32.900000000002024,32.90000000000222,123,3.8101157665132916
32.91000000000202,32.91000000000223,123,3.81034530422302
32.92000000000202,32.920000000002226,123,3.8115251963657784
32.93000000000202,32.93000000000223,123,3.8117531280996104
32.940000000002016,32.94000000000223,123,3.8119807653404223
32.950000000002014,32.95000000000223,123,3.812208108073449
32.96000000000201,32.960000000002225,123,3.8124351562845504
32.97000000000201,32.97000000000222,123,3.812661909958649
32.98000000000201,32.98000000000222,123,3.812888369081108
32.990000000002006,32.99000000000222,123,3.81311453363719
33.000000000002004,33.0000000000022,123,3.8133404036120027
33.010000000002,33.010000000002194,123,3.8135671927129806
33.020000000002,33.0200000000022,123,3.8137936584771666
33.030000000002,33.0300000000022,123,3.8140198008998567
33.040000000001996,33.040000000002195,123,3.8142456199765604
33.050000000001994,33.05000000000219,123,3.814471115702375
33.06000000000199,33.060000000002184,123,3.8146962880724686
33.07000000000199,33.07000000000218,123,3.814921137082166
33.08000000000199,33.08000000000219,123,3.815145662726465
33.090000000001986,33.090000000002185,123,3.815369865000335
33.100000000001984,33.100000000002176,123,3.815593743899001
33.11000000000198,33.11000000000218,123,3.815817299417148
33.12000000000198,33.12000000000218,123,3.816040531549689
33.13000000000198,33.13000000000218,123,3.8162634402913795
33.140000000001976,33.140000000002175,123,3.81648602563709
33.150000000001974,33.150000000002166,123,3.8167082875815055
33.16000000000197,33.160000000002164,123,3.8169302261191973
33.17000000000197,33.17000000000217,123,3.817151841244737
33.18000000000197,33.18000000000217,123,3.8173731329527243
33.190000000001966,33.19000000000216,123,3.8175941012376455
33.200000000001964,33.20000000000216,123,3.8178147460937595
33.21000000000196,33.210000000002154,123,3.818035067515737
33.22000000000196,33.22000000000216,123,3.818255065497496
33.23000000000196,33.23000000000216,123,3.818474759506131
33.240000000001956,33.24000000000215,123,3.818694491747351
33.250000000001954,33.250000000002146,123,3.818913899876293
33.26000000000195,33.26000000000215,123,3.8191329838873997
33.27000000000195,33.27000000000215,123,3.8193517437750018
33.28000000000195,33.28000000000214,123,3.819570179533727
33.290000000001946,33.290000000002145,123,3.8197882911578915
33.300000000001944,33.300000000002136,123,3.8200060786418106
33.31000000000194,33.31000000000214,123,3.820223596722869
33.32000000000194,33.32000000000214,123,3.8204408707451023
33.33000000000194,33.33000000000213,123,3.820657820354313
33.340000000001936,33.34000000000213,123,3.8208744455450017
33.350000000001934,33.35000000000213,123,3.8210907463111567
33.36000000000193,33.36000000000213,123,3.8213067226473214
33.37000000000193,33.37000000000213,123,3.8231137190875444
33.38000000000193,33.38000000000213,123,3.8233273058403086
33.390000000001926,33.39000000000212,123,3.823540569077352
33.400000000001924,33.40000000000212,123,3.82376645989973
33.41000000000192,33.41000000000212,123,3.8239797300305014
33.42000000000192,33.42000000000212,123,3.8241926926473866
33.43000000000192,33.43000000000212,123,3.824405347737624
33.440000000001916,33.440000000002115,123,3.824617695288538
33.450000000001914,33.45000000000212,123,3.824829735287935
33.46000000000191,33.46000000000212,123,3.825042810143117
33.47000000000191,33.470000000002116,123,3.8252538805182894
33.48000000000191,33.4800000000021,123,3.8254645106727025
33.490000000001906,33.490000000002105,123,3.8265750334620208
33.500000000001904,33.5000000000021,123,3.826784542957725
33.5100000000019,33.5100000000021,123,3.826993745386048
33.5200000000019,33.520000000002085,123,3.827202640734143
33.5300000000019,33.53000000000208,123,3.8274119114966254
33.540000000001896,33.54000000000209,123,3.8276197089860347
33.550000000001894,33.550000000002086,123,3.8278271999269293
33.56000000000189,33.56000000000209,123,3.8280343843082676
33.57000000000189,33.57000000000208,123,3.8282412621184534
33.58000000000189,33.58000000000209,123,3.8284478333464307
33.590000000001886,33.590000000002085,123,3.8286540979805608
33.600000000001884,33.60000000000208,123,3.8288600560093897
33.61000000000188,33.61000000000208,123,3.829065707421478
33.62000000000188,33.62000000000208,123,3.8292710522052573
33.63000000000188,33.630000000002084,123,3.8294760903489333
33.640000000001876,33.64000000000208,123,3.829680821840867
33.650000000001874,33.65000000000208,123,3.8298852466695905
33.66000000000187,33.660000000002064,123,3.830089364822882
33.67000000000187,33.67000000000207,123,3.830293176289018
33.68000000000187,33.68000000000207,123,3.8304966810562604
33.69000000000187,33.690000000002065,123,3.830699879112373
33.700000000001864,33.70000000000206,123,3.8309027704455048
33.71000000000186,33.71000000000205,123,3.831105355043576
33.72000000000186,33.72000000000205,123,3.8313076328945357
33.73000000000186,33.73000000000205,123,3.8315096039860066
33.74000000000186,33.74000000000205,123,3.831711268305824
33.750000000001855,33.750000000002046,123,3.8319126258417526
33.76000000000185,33.76000000000205,123,3.8321137685723556
33.77000000000185,33.77000000000205,123,3.832314879098533
33.78000000000185,33.78000000000205,123,3.8325156821547353
33.79000000000185,33.790000000002046,123,3.832716177728855
33.800000000001845,33.80000000000205,123,3.8329335572631607
33.81000000000184,33.81000000000205,123,3.8331338682464775
33.82000000000184,33.82000000000204,123,3.8333338769812713
33.83000000000184,33.83000000000204,123,3.833533583453786
33.84000000000184,33.84000000000203,123,3.8337329876494834
33.850000000001835,33.850000000002034,123,3.8339320895541675
33.86000000000183,33.86000000000203,123,3.8341308891537835
33.87000000000183,33.87000000000203,123,3.83432938643395
33.88000000000183,33.880000000002035,123,3.8345275813802857
33.89000000000183,33.890000000002026,123,3.8347255998419314
33.900000000001825,33.90000000000202,123,3.836436736553196
33.91000000000182,33.91000000000202,123,3.836632445425508
33.92000000000182,33.92000000000203,123,3.8368278525582014
33.93000000000182,33.93000000000202,123,3.8370229579366963
33.94000000000182,33.940000000002016,123,3.837217761546256
33.950000000001815,33.950000000002014,123,3.837412263371988
33.96000000000181,33.96000000000202,123,3.8376064633991263
33.97000000000181,33.97000000000201,123,3.8378003616127785
33.98000000000181,33.98000000000201,123,3.837993957998009
33.99000000000181,33.990000000002,123,3.838187252539811
34.000000000001805,34.000000000002004,123,3.8383802452233198
34.0100000000018,34.010000000002,123,3.8385729360333443
34.0200000000018,34.02000000000199,123,3.8387653249548066
34.0300000000018,34.030000000002005,123,3.8389574119725722
34.0400000000018,34.040000000001996,123,3.839149197071265
34.050000000001795,34.050000000001994,123,3.8393406802359635
34.06000000000179,34.06000000000199,123,3.839531861451249
34.07000000000179,34.070000000002,123,3.8405750955525377
34.08000000000179,34.08000000000199,123,3.8407647041562427
34.09000000000179,34.090000000001986,123,3.8409540113138547
34.100000000001785,34.100000000001984,123,3.8411430170096708
34.11000000000178,34.11000000000199,123,3.841331721228272
34.12000000000178,34.12000000000198,123,3.841520123953984
34.13000000000178,34.13000000000197,123,3.8417082251711605
34.14000000000178,34.140000000001976,123,3.841896024864525
34.150000000001775,34.15000000000198,123,3.8420835230178625
34.16000000000177,34.16000000000197,123,3.842270010367457
34.17000000000177,34.17000000000196,123,3.8424556117253132
34.18000000000177,34.18000000000198,123,3.842641753195849
34.19000000000177,34.19000000000197,123,3.8428275936400382
34.200000000001765,34.20000000000197,123,3.8430323773229134
34.21000000000176,34.21000000000197,123,3.8432179355298643
34.22000000000176,34.22000000000195,123,3.843403195267072
34.23000000000176,34.23000000000195,123,3.8435881565196013
34.24000000000176,34.24000000000195,123,3.843772819271962
34.250000000001755,34.25000000000195,123,3.8439571835088344
34.26000000000175,34.260000000001945,123,3.8441412492149993
34.27000000000175,34.27000000000195,123,3.8443250163748957
34.28000000000175,34.28000000000194,123,3.844508484973005
34.29000000000175,34.290000000001946,123,3.844691814759287
34.300000000001745,34.300000000001944,123,3.8448750381772925
34.31000000000174,34.310000000001935,123,3.845057962347326
34.32000000000174,34.32000000000193,123,3.845240587253926
34.33000000000174,34.33000000000194,123,3.845422912881972
34.34000000000174,34.340000000001936,123,3.8456049392160736
34.350000000001735,34.350000000001934,123,3.845786666240997
34.36000000000173,34.36000000000193,123,3.8459680939410674
34.37000000000173,34.37000000000194,123,3.8461492223009373
34.38000000000173,34.38000000000193,123,3.8463300513049887
34.39000000000173,34.39000000000193,123,3.846510580937732
34.400000000001725,34.40000000000193,123,3.846690811183592
34.41000000000172,34.41000000000193,123,3.846870742026738
34.42000000000172,34.420000000001934,123,3.84705037345158
34.43000000000172,34.430000000001925,123,3.8486662740389477
34.44000000000172,34.44000000000193,123,3.8488436324125956
34.450000000001715,34.45000000000193,123,3.849020692211411
34.46000000000171,34.460000000001905,123,3.8491975254062254
34.47000000000171,34.47000000000191,123,3.849374110915761
34.48000000000171,34.48000000000191,123,3.849550397554893
34.49000000000171,34.4900000000019,123,3.8497263853075907
34.500000000001705,34.500000000001904,123,3.849902074157683
34.5100000000017,34.5100000000019,123,3.8500774640888125
34.5200000000017,34.5200000000019,123,3.850252555084822
34.5300000000017,34.5300000000019,123,3.850427347129312
34.5400000000017,34.540000000001896,123,3.850601840205954
34.550000000001695,34.5500000000019,123,3.8507760342983914
34.56000000000169,34.56000000000189,123,3.8509499293899694
34.57000000000169,34.5700000000019,123,3.8511235254645015
34.58000000000169,34.580000000001874,123,3.8512968225052617
34.59000000000169,34.59000000000189,123,3.8514698204956375
34.600000000001685,34.600000000001884,123,3.8516629334833965
34.61000000000168,34.61000000000188,123,3.851835586994085
34.62000000000168,34.62000000000188,123,3.852007942942109
34.63000000000168,34.630000000001885,123,3.852180001310174
34.64000000000168,34.64000000000187,123,3.853157994063622
34.650000000001675,34.650000000001874,123,3.8533285113335722
34.66000000000167,34.66000000000187,123,3.853498731509859
34.67000000000167,34.67000000000188,123,3.8536686545750314
34.68000000000167,34.68000000000188,123,3.853838280511681
34.69000000000167,34.69000000000186,123,3.8540076093021582
34.700000000001666,34.70000000000186,123,3.854176640928884
34.71000000000166,34.71000000000186,123,3.854345375374294
34.72000000000166,34.720000000001875,123,3.8545138126206666
34.73000000000166,34.73000000000185,123,3.854681952650111
34.74000000000166,34.74000000000186,123,3.8548497954449914
34.750000000001656,34.75000000000186,123,3.8550173409874446
34.760000000001654,34.76000000000187,123,3.855184589259764
34.77000000000165,34.77000000000185,123,3.8553515402439302
34.78000000000165,34.78000000000184,123,3.8555181939219096
34.79000000000165,34.790000000001854,123,3.855684006072039
34.800000000001646,34.80000000000186,123,3.85584828663049
34.810000000001644,34.81000000000184,123,3.8560122739957308
34.82000000000164,34.82000000000183,123,3.8561772947256543
34.83000000000164,34.83000000000184,123,3.8563423790871383
34.84000000000164,34.840000000001844,123,3.856507165988262
34.850000000001636,34.850000000001835,123,3.8566716554126828
34.860000000001634,34.86000000000183,123,3.8568358473444846
34.87000000000163,34.87000000000183,123,3.8569997417672113
34.88000000000163,34.880000000001836,123,3.8571633386645203
34.89000000000163,34.89000000000183,123,3.8573266380201687
34.900000000001626,34.900000000001825,123,3.857489639817672
34.910000000001624,34.91000000000182,123,3.8576523440404458
34.92000000000162,34.92000000000183,123,3.857814750672233
34.93000000000162,34.93000000000181,123,3.8579768596962936
34.94000000000162,34.94000000000182,123,3.8581386710960572
34.950000000001616,34.950000000001815,123,3.8596626016855993
34.960000000001614,34.96000000000182,123,3.8598221754910327
34.97000000000161,34.970000000001804,123,3.8599814525012164
34.98000000000161,34.98000000000181,123,3.860140432699069
34.99000000000161,34.99000000000181,123,3.860299116067182
35.000000000001606,35.000000000001805,123,3.8604786594674323
35.010000000001604,35.01000000000182,123,3.8606369588825515
35.0200000000016,35.020000000001794,123,3.8607949624277467
35.0300000000016,35.030000000001806,123,3.8609526916805947
35.0400000000016,35.04000000000182,123,3.8611102206900796
35.050000000001596,35.05000000000179,123,3.8612674535354046
35.060000000001594,35.0600000000018,123,3.8614243901990903
35.07000000000159,35.07000000000179,123,3.861581030663359
35.08000000000159,35.08000000000178,123,3.861737374910774
35.09000000000159,35.0900000000018,123,3.861893422923373
35.100000000001586,35.100000000001785,123,3.8620491746836336
35.110000000001584,35.11000000000179,123,3.8622046301735935
35.12000000000158,35.120000000001774,123,3.862359789375546
35.13000000000158,35.13000000000178,123,3.862514652271571
35.14000000000158,35.140000000001784,123,3.8626692188437914
35.150000000001576,35.15000000000177,123,3.8628234890741027
35.160000000001574,35.16000000000177,123,3.86297746294467
35.17000000000157,35.17000000000178,123,3.863131140437261
35.18000000000157,35.18000000000177,123,3.863284521534041
35.19000000000157,35.19000000000177,123,3.8634376062167206
35.200000000001566,35.20000000000178,123,3.8635903944670957
35.210000000001564,35.21000000000176,123,3.8645037432038833
35.22000000000156,35.22000000000177,123,3.864655015129486
35.23000000000156,35.23000000000178,123,3.864805991096844
35.24000000000156,35.24000000000176,123,3.8649566710877963
35.250000000001556,35.25000000000176,123,3.865107055083911
35.260000000001554,35.260000000001746,123,3.865257143066657
35.27000000000155,35.27000000000175,123,3.865406935017745
35.28000000000155,35.28000000000176,123,3.8655564309185166
35.29000000000155,35.29000000000174,123,3.8657056307503552
35.300000000001546,35.300000000001745,123,3.8658545344947584
35.310000000001544,35.310000000001736,123,3.8660031421330388
35.32000000000154,35.32000000000174,123,3.866151453646566
35.33000000000154,35.330000000001746,123,3.866299469016525
35.34000000000154,35.34000000000174,123,3.8664471882242424
35.350000000001536,35.35000000000173,123,3.866594917370179
35.360000000001534,35.36000000000175,123,3.866742367126193
35.37000000000153,35.37000000000173,123,3.8668895200479056
35.38000000000153,35.38000000000173,123,3.867036376116644
35.39000000000153,35.39000000000174,123,3.867182935313906
35.400000000001526,35.40000000000174,123,3.8673508488422357
35.410000000001524,35.41000000000172,123,3.867496992675214
35.42000000000152,35.42000000000172,123,3.8676425421846687
35.43000000000152,35.43000000000172,123,3.8677864309374854
35.44000000000152,35.440000000001724,123,3.8679300274759782
35.450000000001516,35.45000000000173,123,3.868073331777765
35.460000000001514,35.460000000001735,123,3.868216492429468
35.47000000000151,35.470000000001704,123,3.868360469425511
35.48000000000151,35.48000000000171,123,3.86979176760795
35.49000000000151,35.49000000000171,123,3.8699335430376607
35.500000000001506,35.50000000000171,123,3.87007502355236
35.510000000001504,35.51000000000172,123,3.870216209134014
35.5200000000015,35.52000000000172,123,3.8703570997646324
35.5300000000015,35.53000000000169,123,3.8704976954258825
35.5400000000015,35.5400000000017,123,3.870637996099788
35.550000000001496,35.550000000001695,123,3.870778001768059
35.560000000001494,35.5600000000017,123,3.870917712412137
35.57000000000149,35.570000000001706,123,3.8710571280141863
35.58000000000149,35.58000000000169,123,3.871196248555478
35.59000000000149,35.59000000000169,123,3.8713350740176793
35.60000000000149,35.600000000001685,123,3.8714736043825724
35.610000000001484,35.61000000000168,123,3.8716119317108877
35.62000000000148,35.62000000000169,123,3.8717499833247757
35.63000000000148,35.630000000001694,123,3.871887739550459
35.64000000000148,35.64000000000168,123,3.8720252003697624
35.65000000000148,35.65000000000167,123,3.8721623657640123
35.660000000001475,35.66000000000167,123,3.8722992357146353
35.67000000000147,35.67000000000167,123,3.8724358102033136
35.68000000000147,35.68000000000168,123,3.8725720892113173
35.69000000000147,35.69000000000168,123,3.8727080727201013
35.70000000000147,35.700000000001666,123,3.872843760710893
35.710000000001465,35.710000000001656,123,3.872979153165261
35.72000000000146,35.72000000000166,123,3.8731142500642193
35.73000000000146,35.73000000000167,123,3.873249051389152
35.74000000000146,35.74000000000167,123,3.8733835571210875
35.75000000000146,35.75000000000168,123,3.873517767241225
35.760000000001455,35.76000000000165,123,3.873651681730749
35.77000000000145,35.77000000000165,123,3.873785300570603
35.78000000000145,35.78000000000165,123,3.873918623741986
35.79000000000145,35.790000000001655,123,3.87476696415996
35.80000000000145,35.80000000000164,123,3.8749207901751817
35.810000000001445,35.810000000001644,123,3.8750524809678524
35.82000000000144,35.82000000000164,123,3.875183877062696
35.83000000000144,35.83000000000164,123,3.875314978440386
35.84000000000144,35.84000000000164,123,3.8754457850814106
35.85000000000144,35.850000000001636,123,3.8755762969665
35.860000000001435,35.860000000001634,123,3.8757065140759153
35.87000000000143,35.87000000000164,123,3.8758365030788724
35.88000000000143,35.88000000000164,123,3.8759664401465272
35.89000000000143,35.890000000001635,123,3.876096081775117
35.90000000000143,35.90000000000164,123,3.876225427945471
35.910000000001425,35.91000000000163,123,3.87635447863849
35.92000000000142,35.920000000001636,123,3.8764832338347475
35.93000000000142,35.930000000001634,123,3.876611693514775
35.94000000000142,35.94000000000163,123,3.8767398576595866
35.95000000000142,35.95000000000163,123,3.8768677262494435
35.960000000001415,35.96000000000163,123,3.876995299265218
35.97000000000141,35.97000000000163,123,3.877122576687171
35.98000000000141,35.98000000000163,123,3.877249558495933
35.99000000000141,35.99000000000163,123,3.8773762446719786
36.00000000000141,36.0000000000016,123,3.877502635195796
36.010000000001405,36.010000000001604,123,3.878843747214603
36.0200000000014,36.0200000000016,123,3.8789690955814677
36.0300000000014,36.03000000000159,123,3.879094121780767
36.0400000000014,36.04000000000159,123,3.879218825802127
36.0500000000014,36.050000000001596,123,3.879343178350794
36.060000000001395,36.060000000001594,123,3.8794656886814067
36.07000000000139,36.07000000000159,123,3.8795878806322435
36.08000000000139,36.08000000000159,123,3.879709754189321
36.09000000000139,36.09000000000158,123,3.8798313093385843
36.10000000000139,36.100000000001586,123,3.87995254606615
36.110000000001385,36.110000000001584,123,3.8800738852788896
36.12000000000138,36.120000000001575,123,3.8801956527709365
36.13000000000138,36.13000000000157,123,3.8803170985563895
36.14000000000138,36.14000000000158,123,3.88043822262577
36.15000000000138,36.150000000001576,123,3.8805590249694717
36.160000000001375,36.160000000001574,123,3.8806795055776035
36.17000000000137,36.17000000000157,123,3.8807996644405875
36.18000000000137,36.18000000000156,123,3.8809195501770404
36.19000000000137,36.19000000000157,123,3.881039171502948
36.20000000000137,36.200000000001566,123,3.8811584708291065
36.210000000001365,36.21000000000156,123,3.8812774481457524
36.22000000000136,36.22000000000156,123,3.8813961034428672
36.23000000000136,36.23000000000156,123,3.8815144367109014
36.24000000000136,36.24000000000156,123,3.881632447939822
36.25000000000136,36.250000000001556,123,3.8817501371199654
36.260000000001355,36.260000000001554,123,3.881867504241214
36.27000000000135,36.270000000001545,123,3.8819845492935343
36.28000000000135,36.28000000000155,123,3.8821012722671497
36.29000000000135,36.29000000000155,123,3.8822176731517715
36.30000000000135,36.30000000000154,123,3.8823337519374803
36.310000000001345,36.310000000001544,123,3.882449508613931
36.32000000000134,36.32000000000154,123,3.8825649431711184
36.33000000000134,36.33000000000154,123,3.882680055598769
36.34000000000134,36.34000000000154,123,3.8827948458865933
36.35000000000134,36.350000000001536,123,3.882909314024289
36.360000000001335,36.36000000000153,123,3.883694866057823
36.37000000000133,36.37000000000153,123,3.8838078107245337
36.38000000000133,36.38000000000153,123,3.8839204337306654
36.39000000000133,36.39000000000152,123,3.884032735065773
36.40000000000133,36.400000000001526,123,3.8841572079621614
36.410000000001325,36.410000000001524,123,3.884269784836718
36.42000000000132,36.42000000000153,123,3.8843820546930914
36.43000000000132,36.43000000000152,123,3.8844940175159053
36.44000000000132,36.440000000001525,123,3.884605673289059
36.45000000000132,36.45000000000151,123,3.8847170219968348
36.460000000001315,36.46000000000153,123,3.8848280636234875
36.47000000000131,36.47000000000151,123,3.8849387981530015
36.48000000000131,36.48000000000151,123,3.8850492255694746
36.49000000000131,36.49000000000151,123,3.885159345856863
36.50000000000131,36.50000000000149,123,3.8852691589991366
36.510000000001305,36.5100000000015,123,3.8853786649804363
36.5200000000013,36.520000000001495,123,3.885487863784604
36.5300000000013,36.53000000000149,123,3.8867394222251335
36.5400000000013,36.54000000000149,123,3.8868464589653655
36.5500000000013,36.550000000001496,123,3.886953189333127
36.560000000001295,36.56000000000149,123,3.8870596133121467
36.57000000000129,36.57000000000149,123,3.887165730885698
36.58000000000129,36.58000000000149,123,3.8872715420371975
36.59000000000129,36.59000000000149,123,3.8873770467500606
36.60000000000129,36.600000000001494,123,3.8874822450077176
36.610000000001286,36.610000000001484,123,3.8875871367931722
36.62000000000128,36.62000000000149,123,3.8876917220898832
36.63000000000128,36.63000000000147,123,3.887796000881096
36.64000000000128,36.640000000001486,123,3.887899973149729
36.65000000000128,36.65000000000147,123,3.8880036388792973
36.660000000001276,36.660000000001475,123,3.8881069980526917
36.670000000001274,36.67000000000147,123,3.8882100506530435
36.68000000000127,36.680000000001456,123,3.888312796663456
36.69000000000127,36.69000000000146,123,3.8884141138397865
36.70000000000127,36.70000000000146,123,3.888514805703295
36.710000000001266,36.71000000000146,123,3.888615194680284
36.720000000001264,36.720000000001455,123,3.88871528075056
36.73000000000126,36.73000000000146,123,3.8888150638935883
36.74000000000126,36.74000000000145,123,3.888914544088749
36.75000000000126,36.75000000000146,123,3.889013733287726
36.760000000001256,36.760000000001455,123,3.8891132643527015
36.770000000001254,36.77000000000145,123,3.889213020832969
36.78000000000125,36.78000000000145,123,3.8893124709059066
36.79000000000125,36.79000000000145,123,3.889411614555499
36.80000000000125,36.80000000000144,123,3.8895268282951463
36.810000000001246,36.81000000000145,123,3.88962576915047
36.820000000001244,36.82000000000144,123,3.8897244085593883
36.83000000000124,36.830000000001434,123,3.889822746504052
36.84000000000124,36.84000000000144,123,3.88992078296684
36.85000000000124,36.850000000001444,123,3.8900185179295903
36.860000000001236,36.860000000001435,123,3.8901159513747956
36.870000000001234,36.870000000001426,123,3.8902130832842943
36.88000000000123,36.88000000000143,123,3.8903099136402517
36.89000000000123,36.890000000001436,123,3.890406653849041
36.90000000000123,36.90000000000143,123,3.8905031642469794
36.910000000001226,36.910000000001425,123,3.890599372457075
36.920000000001224,36.920000000001416,123,3.890695278461237
36.93000000000122,36.93000000000142,123,3.8914179901768478
36.94000000000122,36.94000000000142,123,3.8915124351555903
36.95000000000122,36.95000000000142,123,3.891606578378841
36.960000000001216,36.96000000000142,123,3.891700419828908
36.970000000001214,36.97000000000141,123,3.891793959487657
36.98000000000121,36.980000000001404,123,3.891887197337155
36.99000000000121,36.99000000000141,123,3.891980133359752
37.00000000000121,37.000000000001414,123,3.892072767537101
37.010000000001206,37.010000000001405,123,3.892165099851283
37.020000000001204,37.0200000000014,123,3.892257130284193
37.0300000000012,37.0300000000014,123,3.89234885881757
37.0400000000012,37.040000000001406,123,3.8924402854334943
37.0500000000012,37.0500000000014,123,3.8925314101136053
37.060000000001196,37.060000000001395,123,3.893693146454865
37.070000000001194,37.070000000001386,123,3.893782150999499
37.08000000000119,37.08000000000139,123,3.893870854392361
37.09000000000119,37.09000000000139,123,3.8939592566146786
37.10000000000119,37.10000000000138,123,3.8940473576478922
37.110000000001186,37.11000000000139,123,3.8941351574732437
37.120000000001184,37.12000000000139,123,3.89422265607206
37.13000000000118,37.13000000000138,123,3.894309853425483
37.14000000000118,37.14000000000138,123,3.89439674951484
37.15000000000118,37.150000000001384,123,3.8944833443210882
37.160000000001176,37.16000000000138,123,3.8945696378255263
37.170000000001174,37.17000000000137,123,3.8946556300091686
37.18000000000117,37.18000000000137,123,3.8947413208531003
37.19000000000117,37.19000000000136,123,3.894826710338492
37.20000000000117,37.200000000001374,123,3.8949301214158396
37.210000000001166,37.21000000000136,123,3.8950152127670634
37.220000000001164,37.220000000001356,123,3.8951000051807654
37.23000000000116,37.230000000001354,123,3.895184498636965
37.24000000000116,37.24000000000135,123,3.8952686931157956
37.25000000000116,37.25000000000135,123,3.895352588597163
37.260000000001156,37.260000000001355,123,3.8954361850612145
37.270000000001154,37.27000000000135,123,3.8955194824879413
37.28000000000115,37.280000000001344,123,3.8956024808571073
37.29000000000115,37.29000000000135,123,3.89568518014876
37.30000000000115,37.30000000000135,123,3.8957675803425644
37.310000000001146,37.310000000001345,123,3.8958496814185537
37.320000000001144,37.32000000000134,123,3.895930866825026
37.33000000000114,37.33000000000134,123,3.8960111071138357
37.34000000000114,37.34000000000134,123,3.8960910738286003
37.35000000000114,37.35000000000134,123,3.8961707447730873
37.360000000001136,37.36000000000134,123,3.896250119924048
37.370000000001134,37.37000000000134,123,3.896329199257991
37.38000000000113,37.38000000000134,123,3.8964079827514837
37.39000000000113,37.390000000001336,123,3.896486470380921
37.40000000000113,37.400000000001334,123,3.896564662122728
37.410000000001126,37.41000000000134,123,3.896643124533881
37.420000000001124,37.42000000000134,123,3.8967219964028743
37.43000000000112,37.430000000001314,123,3.8968005687014795
37.44000000000112,37.44000000000132,123,3.896878841410924
37.45000000000112,37.45000000000132,123,3.896956814512265
37.460000000001116,37.460000000001315,123,3.8970344879865735
37.470000000001114,37.47000000000131,123,3.897111861814736
37.48000000000111,37.480000000001304,123,3.8971889359779794
37.49000000000111,37.49000000000131,123,3.8972657104571766
37.50000000000111,37.50000000000131,123,3.8973421852333274
37.51000000000111,37.510000000001305,123,3.898002212513674
37.520000000001104,37.5200000000013,123,3.898077252772879
37.5300000000011,37.5300000000013,123,3.898151993765751
37.5400000000011,37.54000000000131,123,3.8982264354728784
37.5500000000011,37.550000000001305,123,3.898300577875048
37.5600000000011,37.5600000000013,123,3.898374420952962
37.570000000001095,37.570000000001286,123,3.89844796468725
37.58000000000109,37.580000000001284,123,3.8985212090584014
37.59000000000109,37.59000000000128,123,3.8995943176693544
37.60000000000109,37.60000000000129,123,3.8996849235337123
37.61000000000109,37.610000000001286,123,3.899756027065095
37.620000000001085,37.62000000000129,123,3.899826833449012
37.63000000000108,37.630000000001274,123,3.8998973426649854
37.64000000000108,37.64000000000128,123,3.8999675546926653
37.65000000000108,37.65000000000128,123,3.9000374695117443
37.66000000000108,37.66000000000128,123,3.9001070871017873
37.670000000001075,37.670000000001274,123,3.900176407442146
37.68000000000107,37.68000000000127,123,3.9002454305126264
37.69000000000107,37.69000000000127,123,3.9003141562924952
37.70000000000107,37.700000000001275,123,3.9003825847613456
37.71000000000107,37.71000000000128,123,3.9004507158985007
37.720000000001065,37.72000000000126,123,3.9005185496833548
37.73000000000106,37.73000000000126,123,3.9005860860952595
37.74000000000106,37.74000000000127,123,3.9006533251135522
37.75000000000106,37.75000000000125,123,3.900720266717528
37.76000000000106,37.76000000000125,123,3.9007869108863957
37.770000000001055,37.770000000001254,123,3.900853257599479
37.78000000000105,37.78000000000126,123,3.9009193068359593
37.79000000000105,37.790000000001264,123,3.900985058574875
37.80000000000105,37.80000000000125,123,3.9010505127955923
37.81000000000105,37.81000000000124,123,3.901115669477008
37.820000000001045,37.820000000001244,123,3.9011805285982604
37.83000000000104,37.830000000001256,123,3.9012450901385307
37.84000000000104,37.84000000000123,123,3.9013093540766874
37.85000000000104,37.85000000000124,123,3.901373320391798
37.86000000000104,37.860000000001236,123,3.9014369890627307
37.870000000001035,37.87000000000124,123,3.9015003600685816
37.88000000000103,37.88000000000123,123,3.901563433388077
37.89000000000103,37.89000000000123,123,3.9016262090001703
37.90000000000103,37.900000000001235,123,3.9016887283700754
37.91000000000103,37.91000000000124,123,3.9017509986092165
37.920000000001025,37.920000000001224,123,3.901812970862977
37.93000000000102,37.930000000001215,123,3.9018746451102686
37.94000000000102,37.94000000000122,123,3.9019361151696472
37.95000000000102,37.950000000001225,123,3.9019973152974217
37.96000000000102,37.960000000001216,123,3.902057118860654
37.970000000001015,37.970000000001214,123,3.902116627307933
37.98000000000101,37.98000000000121,123,3.9021758406152713
37.99000000000101,37.99000000000122,123,3.9022347587583823
38.00000000000101,38.00000000000121,123,3.902313595375219
38.01000000000101,38.01000000000123,123,3.9023721235785587
38.020000000001005,38.0200000000012,123,3.902430357512742
38.030000000001,38.03000000000121,123,3.9024882971533685
38.040000000001,38.04000000000119,123,3.9025459424758964
38.050000000001,38.0500000000012,123,3.9026032934558117
38.060000000001,38.06000000000121,123,3.902660794415482
38.070000000000995,38.070000000001194,123,3.9036562936114194
38.08000000000099,38.0800000000012,123,3.9033221588024674
38.09000000000099,38.090000000001204,123,3.9033775052067483
38.10000000000099,38.10000000000119,123,3.9034325576510724
38.11000000000099,38.11000000000119,123,3.904419160537614
38.120000000000985,38.12000000000118,123,3.9044721698651443
38.13000000000098,38.130000000001175,123,3.904525335258654
38.14000000000098,38.14000000000119,123,3.904578669939852
38.15000000000098,38.15000000000118,123,3.9046317084380604
38.16000000000098,38.160000000001176,123,3.904684450732418
38.170000000000975,38.17000000000119,123,3.9047368968019214
38.18000000000097,38.18000000000117,123,3.904789046625467
38.19000000000097,38.19000000000118,123,3.9048409001818953
38.20000000000097,38.20000000000118,123,3.9048924574503303
38.21000000000097,38.210000000001166,123,3.9049437184093847
38.220000000000965,38.22000000000117,123,3.904994683038069
38.23000000000096,38.230000000001155,123,3.905045351314868
38.24000000000096,38.24000000000116,123,3.9050957232189347
38.25000000000096,38.250000000001165,123,3.905145798728853
38.26000000000096,38.26000000000115,123,3.905195577823207
38.270000000000955,38.270000000001154,123,3.9052450604807234
38.28000000000095,38.280000000001145,123,3.9052942466801284
38.29000000000095,38.29000000000115,123,3.90534313639985
38.30000000000095,38.300000000001155,123,3.9053917296186853
38.31000000000095,38.31000000000114,123,3.90544002631502
38.320000000000945,38.32000000000114,123,3.9054880264675518
38.33000000000094,38.33000000000116,123,3.905535730054453
38.34000000000094,38.34000000000114,123,3.9055831370544922
38.35000000000094,38.35000000000114,123,3.9056302474460267
38.36000000000094,38.36000000000115,123,3.905677061207399
38.370000000000935,38.37000000000113,123,3.905723578317037
38.38000000000093,38.38000000000114,123,3.9057697987532265
38.39000000000093,38.39000000000115,123,3.9058157224944097
38.40000000000093,38.400000000001135,123,3.9058819958694073
38.41000000000093,38.41000000000114,123,3.9059274964136677
38.420000000000925,38.420000000001124,123,3.9059727008790475
38.43000000000092,38.430000000001115,123,3.9060176092434773
38.44000000000092,38.44000000000112,123,3.906062221484831
38.45000000000092,38.45000000000112,123,3.906106537581053
38.46000000000092,38.46000000000112,123,3.906150557510145
38.470000000000915,38.47000000000113,123,3.906194468255549
38.48000000000091,38.48000000000111,123,3.906238224568014
38.49000000000091,38.4900000000011,123,3.906281683890043
38.50000000000091,38.5000000000011,123,3.907510640722194
38.51000000000091,38.51000000000111,123,3.9075591242969665
38.520000000000906,38.52000000000111,123,3.907607306566419
38.5300000000009,38.53000000000112,123,3.907655187510855
38.5400000000009,38.5400000000011,123,3.9077027671107203
38.5500000000009,38.55000000000109,123,3.907750045346461
38.5600000000009,38.5600000000011,123,3.9077970221981246
38.570000000000896,38.5700000000011,123,3.9078436976461006
38.580000000000894,38.58000000000111,123,3.907890071670721
38.59000000000089,38.59000000000111,123,3.9079361442520906
38.60000000000089,38.60000000000109,123,3.9079819153703284
38.61000000000089,38.61000000000108,123,3.9088942237308117
38.620000000000886,38.620000000001085,123,3.90893684821404
38.630000000000884,38.63000000000109,123,3.9089791753526413
38.64000000000088,38.640000000001095,123,3.909021205123281
38.65000000000088,38.65000000000108,123,3.909062937502327
38.66000000000088,38.66000000000108,123,3.9091043724665013
38.670000000000876,38.670000000001075,123,3.9096507496882253
38.680000000000874,38.68000000000107,123,3.9096908956134513
38.69000000000087,38.69000000000108,123,3.9097306335837345
38.70000000000087,38.70000000000109,123,3.909770074540887
38.71000000000087,38.71000000000107,123,3.9098092184611204
38.720000000000866,38.720000000001065,123,3.909848065320645
38.730000000000864,38.730000000001056,123,3.9098619289496526
38.74000000000086,38.74000000000106,123,3.909867476163299
38.75000000000086,38.750000000001066,123,3.909872750089775
38.76000000000086,38.76000000000108,123,3.909877750695756
38.770000000000856,38.770000000001055,123,3.909882477948031
38.780000000000854,38.78000000000105,123,3.9098869318131193
38.79000000000085,38.790000000001044,123,3.909891112257725
38.80000000000085,38.80000000000105,123,3.9097384495310052
38.81000000000085,38.81000000000105,123,3.9097424935633427
38.820000000000846,38.820000000001045,123,3.9097462622623596
38.830000000000844,38.83000000000104,123,3.9097497555985825
38.84000000000084,38.84000000000105,123,3.90975297354197
38.85000000000084,38.850000000001046,123,3.9097559160626503
38.86000000000084,38.860000000001044,123,3.911022955010452
38.870000000000836,38.87000000000104,123,3.911030551889638
38.880000000000834,38.88000000000104,123,3.9110378695469024
38.89000000000083,38.890000000001045,123,3.9110449079538085
38.90000000000083,38.900000000001036,123,3.91105166708212
38.91000000000083,38.91000000000104,123,3.9110581469036276
38.920000000000826,38.92000000000104,123,3.911064347389953
38.930000000000824,38.93000000000104,123,3.9110702685125176
38.94000000000082,38.94000000000104,123,3.9110759102431416
38.95000000000082,38.95000000000104,123,3.9110812725535595
38.96000000000082,38.96000000000104,123,3.9110863554149944
38.970000000000816,38.97000000000101,123,3.911091158799195
38.980000000000814,38.980000000001034,123,3.9110956826777254
38.99000000000081,38.990000000001004,123,3.9110999270218656
39.00000000000081,39.000000000001,123,3.911103891803265
39.01000000000081,39.01000000000101,123,3.9113416635526903
39.020000000000806,39.020000000001,123,3.9113722124552197
39.030000000000804,39.030000000001,123,3.9114024339561695
39.0400000000008,39.040000000001,123,3.911432502989129
39.0500000000008,39.050000000001,123,3.9114622912190242
39.0600000000008,39.06000000000099,123,3.911491751512642
39.070000000000796,39.070000000000995,123,3.9115208838595947
39.080000000000794,39.08000000000099,123,3.9115496882491385
39.09000000000079,39.090000000000984,123,3.9115781646705443
39.10000000000079,39.10000000000099,123,3.911606318601301
39.11000000000079,39.11000000000098,123,3.911634215059209
39.120000000000786,39.120000000000985,123,3.911661783329606
39.130000000000784,39.13000000000098,123,3.911689023401692
39.14000000000078,39.14000000000098,123,3.9117159352650788
39.15000000000078,39.15000000000097,123,3.9117425189089374
39.16000000000078,39.16000000000098,123,3.9117687743227947
39.170000000000776,39.170000000000975,123,3.9125905640975844
39.180000000000774,39.18000000000097,123,3.9126147815881893
39.19000000000077,39.19000000000097,123,3.9126386716019113
39.20000000000077,39.20000000000096,123,3.9126622341272395
39.21000000000077,39.21000000000097,123,3.9126854691534305
39.220000000000766,39.220000000000965,123,3.9127083766693715
39.230000000000764,39.23000000000096,123,3.912730956663566
39.24000000000076,39.240000000000954,123,3.9127532091252704
39.25000000000076,39.25000000000096,123,3.9127751340430734
39.26000000000076,39.26000000000095,123,3.9127967314056775
39.270000000000756,39.270000000000955,123,3.912818001202126
39.280000000000754,39.28000000000095,123,3.9128389434209367
39.29000000000075,39.290000000000944,123,3.913313969377924
39.30000000000075,39.30000000000095,123,3.913333493824908
39.31000000000075,39.31000000000095,123,3.913352691131152
39.320000000000746,39.320000000000945,123,3.913371561285558
39.330000000000744,39.33000000000094,123,3.9133901042764165
39.34000000000074,39.34000000000094,123,3.9134083200922305
39.35000000000074,39.35000000000093,123,3.9134262087214466
39.36000000000074,39.36000000000094,123,3.913443770152554
39.370000000000736,39.370000000000935,123,3.913461004373886
39.380000000000734,39.380000000000926,123,3.9134771372179813
39.39000000000073,39.39000000000093,123,3.913492760510593
39.40000000000073,39.40000000000094,123,3.913525790493921
39.41000000000073,39.410000000000935,123,3.9135416601385487
39.42000000000073,39.42000000000093,123,3.913557227403203
39.430000000000724,39.43000000000093,123,3.913572492263768
39.44000000000072,39.440000000000914,123,3.913587454695687
39.45000000000072,39.45000000000092,123,3.9136021146747737
39.46000000000072,39.46000000000092,123,3.9136164721765425
39.47000000000072,39.47000000000091,123,3.913630527176707
39.480000000000715,39.480000000000906,123,3.913644279650782
39.49000000000071,39.490000000000904,123,3.913657729574396
39.50000000000071,39.5000000000009,123,3.9136708769230353
39.51000000000071,39.5100000000009,123,3.9136837216723706
39.52000000000071,39.5200000000009,123,3.9136962776192235
39.530000000000705,39.530000000000896,123,3.9137085328523114
39.5400000000007,39.5400000000009,123,3.913721148171817
39.5500000000007,39.5500000000009,123,3.913733502674077
39.5600000000007,39.5600000000009,123,3.913745551956879
39.5700000000007,39.570000000000896,123,3.9137572959992326
39.580000000000695,39.580000000000894,123,3.913768784994943
39.59000000000069,39.5900000000009,123,3.9137801282376046
39.60000000000069,39.6000000000009,123,3.9137911656795836
39.61000000000069,39.610000000000895,123,3.91380189729999
39.62000000000069,39.62000000000088,123,3.9138123230782185
39.630000000000685,39.630000000000884,123,3.913822442993464
39.64000000000068,39.64000000000088,123,3.9138322570248505
39.65000000000068,39.650000000000865,123,3.913841765151517
39.66000000000068,39.66000000000088,123,3.913850967352488
39.67000000000068,39.67000000000087,123,3.913859863606916
39.680000000000675,39.68000000000087,123,3.9138684538940822
39.69000000000067,39.690000000000865,123,3.913876738192883
39.70000000000067,39.70000000000086,123,3.913884733653063
39.71000000000067,39.71000000000086,123,3.913892477145964
39.72000000000067,39.720000000000866,123,3.9146269340166953
39.730000000000665,39.730000000000864,123,3.9146327138237353
39.74000000000066,39.74000000000086,123,3.9146381881179764
39.75000000000066,39.75000000000086,123,3.9146433568782584
39.76000000000066,39.76000000000086,123,3.9146482200836203
39.77000000000066,39.77000000000086,123,3.914652777712604
39.780000000000655,39.780000000000854,123,3.9146570297441627
39.79000000000065,39.79000000000086,123,3.91484381095475
39.80000000000065,39.80000000000084,123,3.9148706075496165
39.81000000000065,39.81000000000086,123,3.9148742225628013
39.82000000000065,39.82000000000085,123,3.9148775392384465
39.830000000000645,39.830000000000844,123,3.9148805575526353
39.84000000000064,39.84000000000084,123,3.914883277480726
39.85000000000064,39.85000000000083,123,3.914885698998745
39.86000000000064,39.860000000000845,123,3.914887822082065
39.87000000000064,39.870000000000836,123,3.9148896467062997
39.880000000000635,39.880000000000834,123,3.914891172846879
39.89000000000063,39.890000000000825,123,3.914892400479772
39.90000000000063,39.90000000000083,123,3.914893329580295
39.91000000000063,39.91000000000082,123,3.9153056333952634
39.92000000000063,39.920000000000826,123,3.9153052238401074
39.930000000000625,39.93000000000083,123,3.915304516133986
39.94000000000062,39.94000000000082,123,3.9153035102527554
39.95000000000062,39.95000000000081,123,3.915302206171404
39.96000000000062,39.96000000000082,123,3.91530060386539
39.97000000000062,39.97000000000082,123,3.9152987033098725
39.980000000000615,39.980000000000814,123,3.9152965044804233
39.99000000000061,39.99000000000081,123,3.9152940073521307
40.00000000000061,40.0000000000008,123,3.915291211900268
40.01000000000061,40.010000000000815,123,3.915288118100136
40.02000000000061,40.020000000000806,123,3.9152847259268526
40.030000000000605,40.0300000000008,123,3.9152810353557896
40.0400000000006,40.040000000000795,123,3.915277046362121
40.0500000000006,40.0500000000008,123,3.915272758920949
40.0600000000006,40.0600000000008,123,3.9152681730074903
40.0700000000006,40.070000000000796,123,3.915263288596776
40.080000000000595,40.0800000000008,123,3.9152573310039998
40.09000000000059,40.0900000000008,123,3.915250991652826
40.10000000000059,40.10000000000079,123,3.915244356669035
40.11000000000059,40.11000000000079,123,3.9152374260248592
40.12000000000059,40.12000000000078,123,3.9152301996924024
40.130000000000585,40.130000000000784,123,3.9152226776436976
40.14000000000058,40.14000000000078,123,3.9152148733204086
40.15000000000058,40.15000000000077,123,3.9152069582140854
40.16000000000058,40.160000000000785,123,3.9151987468164577
40.17000000000058,40.170000000000776,123,3.915190239099985
40.180000000000575,40.18000000000077,123,3.915181435037212
40.19000000000057,40.19000000000077,123,3.915172334600527
40.20000000000057,40.20000000000076,123,3.915189228948165
40.21000000000057,40.21000000000076,123,3.9151799720446405
40.22000000000057,40.22000000000076,123,3.9151704222153825
40.230000000000565,40.230000000000764,123,3.9151605794315714
40.24000000000056,40.240000000000755,123,3.9151504436639044
40.25000000000056,40.25000000000076,123,3.915140014883363
40.26000000000056,40.26000000000076,123,3.915129778117418
40.27000000000056,40.27000000000075,123,3.9151193915711673
40.280000000000555,40.280000000000754,123,3.9157664945701782
40.29000000000055,40.29000000000075,123,3.915754196233351
40.30000000000055,40.30000000000075,123,3.9157416072433335
40.31000000000055,40.31000000000075,123,3.9157287336179536
40.32000000000055,40.320000000000746,123,3.9157155852711725
40.330000000000545,40.33000000000075,123,3.915702188136933
40.34000000000054,40.34000000000075,123,3.915688495921941
40.35000000000054,40.35000000000075,123,3.9156745086001337
40.36000000000054,40.360000000000746,123,3.9156602261456186
40.37000000000054,40.37000000000075,123,3.915645648532518
40.380000000000535,40.38000000000074,123,3.9156307757348117
40.39000000000053,40.39000000000075,123,3.9156156077264086
40.40000000000053,40.400000000000745,123,3.9156001444815445
40.41000000000053,40.41000000000073,123,3.9155843859740145
40.42000000000053,40.42000000000072,123,3.9155683321778554
40.430000000000526,40.430000000000724,123,3.915551983066962
40.44000000000052,40.44000000000072,123,3.9155353386154843
40.45000000000052,40.45000000000071,123,3.9155183987970616
40.46000000000052,40.46000000000072,123,3.9155011635857306
40.47000000000052,40.47000000000072,123,3.9154836329554
40.480000000000516,40.480000000000715,123,3.9154658068797232
40.490000000000514,40.49000000000071,123,3.915447685332822
40.50000000000051,40.50000000000071,123,3.9158012264862663
40.51000000000051,40.510000000000716,123,3.915781791785946
40.52000000000051,40.52000000000071,123,3.9157620619819227
40.530000000000506,40.53000000000071,123,3.91574203704765
40.540000000000504,40.540000000000695,123,3.915721716957151
40.5500000000005,40.55000000000071,123,3.9157011016837657
40.5600000000005,40.5600000000007,123,3.915680191201261
40.5700000000005,40.5700000000007,123,3.915658985483148
40.580000000000496,40.580000000000695,123,3.9157975269121295
40.590000000000494,40.59000000000069,123,3.915775434636828
40.60000000000049,40.6000000000007,123,3.9157808864940478
40.61000000000049,40.61000000000069,123,3.9157585492600475
40.62000000000049,40.620000000000694,123,3.9157359189137964
40.630000000000486,40.63000000000068,123,3.915712995428038
40.640000000000484,40.64000000000068,123,3.9156897787752456
40.65000000000048,40.65000000000069,123,3.9156662689284047
40.66000000000048,40.66000000000068,123,3.915642465859719
40.67000000000048,40.67000000000068,123,3.9156183695420452
40.680000000000476,40.680000000000675,123,3.915593979947687
40.690000000000474,40.69000000000067,123,3.9155692970495863
40.70000000000047,40.70000000000067,123,3.9155443208200182
40.71000000000047,40.71000000000067,123,3.915519224613803
40.72000000000047,40.72000000000067,123,3.915493845908742
40.730000000000466,40.73000000000067,123,3.915468173311936
40.740000000000464,40.740000000000656,123,3.915442206796442
40.75000000000046,40.75000000000066,123,3.915415946335017
40.76000000000046,40.76000000000065,123,3.9153893919004616
40.77000000000046,40.77000000000067,123,3.915362543465804
40.780000000000456,40.780000000000655,123,3.9153347072100786
40.790000000000454,40.79000000000065,123,3.9153065093948527
40.80000000000045,40.800000000000644,123,3.9152780203267668
40.81000000000045,40.81000000000065,123,3.9152492399759353
40.82000000000045,40.820000000000654,123,3.9152201683121035
40.830000000000446,40.830000000000645,123,3.915190805305272
40.840000000000444,40.84000000000064,123,3.9157507726103518
40.85000000000044,40.85000000000065,123,3.915719536385865
40.86000000000044,40.86000000000065,123,3.9156880094656543
40.87000000000044,40.87000000000063,123,3.915656191819309
40.880000000000436,40.880000000000635,123,3.915624083416475
40.890000000000434,40.890000000000626,123,3.9155916842264133
40.90000000000043,40.90000000000063,123,3.9155589942187845
40.91000000000043,40.910000000000636,123,3.915526013363163
40.92000000000043,40.92000000000063,123,3.9154927416288956
40.930000000000426,40.93000000000063,123,3.915459178985472
40.940000000000424,40.94000000000064,123,3.9154253314079597
40.95000000000042,40.95000000000062,123,3.9153912016444963
40.96000000000042,40.96000000000061,123,3.915356782594131
40.97000000000042,40.970000000000624,123,3.9153220742150836
40.980000000000416,40.98000000000061,123,3.915287568316984
40.990000000000414,40.99000000000061,123,3.915252875727191
41.00000000000041,41.00000000000062,123,3.915246729337852
41.01000000000041,41.01000000000061,123,3.915211734946965
41.02000000000041,41.02000000000061,123,3.9151764483246296
41.030000000000406,41.03000000000062,123,3.9151408694431495
41.040000000000404,41.0400000000006,123,3.915104998274785
41.0500000000004,41.0500000000006,123,3.915068834791626
41.0600000000004,41.0600000000006,123,3.915032378966089
41.0700000000004,41.07000000000058,123,3.914995630770221
41.080000000000396,41.080000000000595,123,3.9149585901763118
41.090000000000394,41.09000000000059,123,3.9149212659359875
41.10000000000039,41.10000000000059,123,3.914883653329767
41.11000000000039,41.11000000000059,123,3.9148457482040726
41.12000000000039,41.1200000000006,123,3.9151383105280786
41.130000000000386,41.130000000000585,123,3.9150991184724546
41.140000000000384,41.14000000000058,123,3.915059634250312
41.15000000000038,41.15000000000058,123,3.915019857833798
41.16000000000038,41.160000000000586,123,3.914979789194888
41.17000000000038,41.17000000000058,123,3.914939428305601
41.180000000000376,41.180000000000575,123,3.9148987751379707
41.190000000000374,41.19000000000057,123,3.9148578296637453
41.20000000000037,41.20000000000058,123,3.914816591855029
41.21000000000037,41.21000000000057,123,3.914775061683784
41.22000000000037,41.22000000000057,123,3.914733239121915
41.230000000000366,41.23000000000057,123,3.914691124141214
41.240000000000364,41.24000000000056,123,3.9146487167137423
41.25000000000036,41.25000000000057,123,3.9146061062237436
41.26000000000036,41.26000000000055,123,3.9145632865588453
41.27000000000036,41.270000000000564,123,3.9145201738944024
41.280000000000356,41.28000000000056,123,3.9144767682026327
41.290000000000354,41.290000000000546,123,3.914433069455555
41.30000000000035,41.300000000000566,123,3.9143890776255574
41.31000000000035,41.31000000000056,123,3.914344792684659
41.32000000000035,41.32000000000055,123,3.914300214604978
41.33000000000035,41.330000000000545,123,3.914255343358846
41.340000000000344,41.34000000000056,123,3.9142101789182533
41.35000000000034,41.35000000000054,123,3.9141647212552613
41.36000000000034,41.36000000000055,123,3.9142569302598247
41.37000000000034,41.37000000000052,123,3.9142106012100157
41.38000000000034,41.38000000000053,123,3.9141639790230727
41.390000000000335,41.39000000000055,123,3.9146408420306216
41.40000000000033,41.40000000000053,123,3.9146218567218938
41.41000000000033,41.41000000000054,123,3.914573336166711
41.42000000000033,41.42000000000053,123,3.9145245240508757
41.43000000000033,41.43000000000054,123,3.9144754203458945
41.440000000000325,41.440000000000545,123,3.9144260250229195
41.45000000000032,41.45000000000052,123,3.9143763380533443
41.46000000000032,41.46000000000052,123,3.9143263594084488
41.47000000000032,41.47000000000051,123,3.914276089059541
41.48000000000032,41.480000000000516,123,3.914224971170043
41.490000000000315,41.49000000000052,123,3.9141734484565234
41.50000000000031,41.50000000000052,123,3.9141216366716804
41.51000000000031,41.51000000000051,123,3.9140695357839093
41.52000000000031,41.520000000000515,123,3.9140171457616333
41.53000000000031,41.53000000000052,123,3.913964466573205
41.540000000000305,41.540000000000504,123,3.9139114981870904
41.5500000000003,41.550000000000516,123,3.9138582405715
41.5600000000003,41.56000000000049,123,3.9138046976071053
41.5700000000003,41.5700000000005,123,3.9137508693823975
41.5800000000003,41.580000000000496,123,3.9136967533846985
41.590000000000295,41.590000000000494,123,3.913642349571546
41.60000000000029,41.6000000000005,123,3.9135876579009334
41.61000000000029,41.610000000000504,123,3.913532678330384
41.62000000000029,41.6200000000005,123,3.913477410817819
41.63000000000029,41.630000000000486,123,3.9134218553209337
41.640000000000285,41.64000000000049,123,3.9133660117976063
41.65000000000028,41.650000000000475,123,3.9133098802056736
41.66000000000028,41.660000000000494,123,3.9132534605028724
41.67000000000028,41.670000000000485,123,3.913196752646982
41.68000000000028,41.680000000000476,123,3.9131397565963226
41.690000000000275,41.690000000000474,123,3.9130825637009394
41.70000000000027,41.70000000000048,123,3.913025505510035
41.71000000000027,41.71000000000047,123,3.9129681552705478
41.72000000000027,41.720000000000475,123,3.9129105129544257
41.73000000000027,41.73000000000047,123,3.9128525785328208
41.740000000000265,41.74000000000046,123,3.9130847071101442
41.75000000000026,41.75000000000046,123,3.913025506618922
41.76000000000026,41.76000000000046,123,3.9129660143650256
41.77000000000026,41.770000000000465,123,3.912906230319763
41.78000000000026,41.78000000000046,123,3.9128461544545416
41.790000000000255,41.79000000000047,123,3.9127857867405567
41.80000000000025,41.80000000000045,123,3.91275507363774
41.81000000000025,41.81000000000045,123,3.912694415953453
41.82000000000025,41.820000000000455,123,3.912633544446763
41.83000000000025,41.83000000000045,123,3.9125723812272355
41.840000000000245,41.840000000000444,123,3.9125109262660516
41.85000000000024,41.85000000000045,123,3.912449179534889
41.86000000000024,41.86000000000045,123,3.912387141004743
41.87000000000024,41.87000000000043,123,3.912324811190615
41.88000000000024,41.88000000000045,123,3.9122622005344
41.890000000000235,41.89000000000044,123,3.912199297956718
41.90000000000023,41.90000000000043,123,3.912136103429148
41.91000000000023,41.91000000000044,123,3.9120726169227
41.92000000000023,41.92000000000045,123,3.912008838408724
41.93000000000023,41.930000000000426,123,3.9119447678586425
41.940000000000225,41.94000000000043,123,3.912339378807175
41.95000000000022,41.95000000000043,123,3.9122734907116126
41.96000000000022,41.960000000000434,123,3.9122073112115316
41.97000000000022,41.97000000000043,123,3.912140840277786
41.98000000000022,41.98000000000042,123,3.912074077881428
41.990000000000215,41.99000000000043,123,3.912007023993368
42.00000000000021,42.00000000000039,123,3.911939678584588
42.01000000000021,42.0100000000004,123,3.911873613141722
42.02000000000021,42.020000000000394,123,3.911807218889024
42.03000000000021,42.030000000000385,123,3.9117404958125803
42.040000000000205,42.04000000000038,123,3.9116734438986214
42.0500000000002,42.050000000000374,123,3.911606063133334
42.0600000000002,42.060000000000386,123,3.9115383535029054
42.0700000000002,42.07000000000039,123,3.9114703149934513
42.0800000000002,42.08000000000037,123,3.911401947591159
42.090000000000195,42.09000000000037,123,3.9113332512820733
42.10000000000019,42.100000000000385,123,3.9112642260523387
42.11000000000019,42.110000000000376,123,3.9111948718880853
42.12000000000019,42.12000000000037,123,3.9111251887753298
42.13000000000019,42.130000000000365,123,3.9110551767001027
42.140000000000185,42.14000000000037,123,3.9109848356485912
42.15000000000018,42.15000000000037,123,3.911030618427887
42.16000000000018,42.160000000000366,123,3.910959345138508
42.17000000000018,42.17000000000035,123,3.910887743000359
42.18000000000018,42.180000000000355,123,3.910815422999974
42.190000000000175,42.19000000000037,123,3.910742586832882
42.20000000000017,42.20000000000036,123,3.9106694257288552
42.21000000000017,42.21000000000035,123,3.910595939661505
42.22000000000017,42.22000000000035,123,3.9105221286041996
42.23000000000017,42.23000000000035,123,3.9104479925304645
42.240000000000165,42.24000000000035,123,3.910373531413768
42.25000000000016,42.25000000000035,123,3.910298745227749
42.26000000000016,42.26000000000033,123,3.910223633945833
42.27000000000016,42.27000000000034,123,3.9101481975414885
42.28000000000016,42.28000000000035,123,3.910072435988269
42.290000000000155,42.29000000000034,123,3.9099963492597
42.30000000000015,42.30000000000033,123,3.9099199373293345
42.31000000000015,42.31000000000033,123,3.9098432001707124
42.32000000000015,42.320000000000334,123,3.9097661377573587
42.33000000000015,42.33000000000033,123,3.909688815693187
42.340000000000146,42.34000000000033,123,3.9096112536604437
42.35000000000014,42.350000000000314,123,3.9095333658444247
42.36000000000014,42.36000000000032,123,3.909703304421612
42.37000000000014,42.37000000000033,123,3.909624493526863
42.38000000000014,42.38000000000032,123,3.9095454154225564
42.390000000000136,42.39000000000031,123,3.909466008479413
42.400000000000134,42.40000000000031,123,3.9094030427694975
42.41000000000013,42.410000000000316,123,3.909323824596342
42.42000000000013,42.420000000000314,123,3.909244298259992
42.43000000000013,42.43000000000031,123,3.909164463737625
42.440000000000126,42.440000000000296,123,3.909084321006617
42.450000000000124,42.4500000000003,123,3.9090038700442733
42.46000000000012,42.460000000000306,123,3.9089231108280984
42.47000000000012,42.47000000000029,123,3.908842043335156
42.48000000000012,42.480000000000295,123,3.908760667543021
42.490000000000116,42.49000000000029,123,3.908678983428672
42.500000000000114,42.5000000000003,123,3.9089909165451786
42.51000000000011,42.510000000000296,123,3.908907410933466
42.52000000000011,42.520000000000294,123,3.9088235976464745
42.53000000000011,42.5300000000003,123,3.908739476661026
42.540000000000106,42.54000000000028,123,3.908655047954184
42.550000000000104,42.55000000000029,123,3.908570311502885
42.5600000000001,42.56000000000027,123,3.908485267284007
42.5700000000001,42.57000000000028,123,3.9083999152745434
42.5800000000001,42.580000000000275,123,3.908314255451259
42.590000000000096,42.59000000000028,123,3.9082282877911183
42.600000000000094,42.60000000000028,123,3.908142012271
42.61000000000009,42.61000000000028,123,3.9080554288677263
42.62000000000009,42.620000000000275,123,3.907968537558162
42.63000000000009,42.630000000000265,123,3.9078813383191005
42.640000000000086,42.64000000000027,123,3.907793831127634
42.650000000000084,42.650000000000254,123,3.9077060159602297
42.66000000000008,42.66000000000026,123,3.9076178967541466
42.67000000000008,42.67000000000026,123,3.9075294758281416
42.68000000000008,42.68000000000026,123,3.907440746822445
42.690000000000076,42.69000000000026,123,3.9073517097138506
42.700000000000074,42.70000000000025,123,3.9072623644791804
42.71000000000007,42.71000000000026,123,3.9071727110951286
42.72000000000007,42.72000000000025,123,3.9070827495385885
42.73000000000007,42.73000000000025,123,3.9069924797862825
42.740000000000066,42.74000000000024,123,3.906901901814848
42.750000000000064,42.75000000000024,123,3.9068110156012636
42.76000000000006,42.76000000000024,123,3.9067198211219534
42.77000000000006,42.77000000000024,123,3.906628318201953
42.78000000000006,42.78000000000024,123,3.9065365059481394
42.790000000000056,42.790000000000234,123,3.906444386594515
42.800000000000054,42.80000000000024,123,3.9063741981862563
42.81000000000005,42.81000000000023,123,3.9062820208790754
42.82000000000005,42.820000000000235,123,3.9061895431709672
42.83000000000005,42.83000000000022,123,3.906096765026291
42.840000000000046,42.840000000000224,123,3.906003686409676
42.850000000000044,42.85000000000022,123,3.9059102148860916
42.86000000000004,42.86000000000022,123,3.9058160374165425
42.87000000000004,42.870000000000225,123,3.9057215618792327
42.88000000000004,42.880000000000216,123,3.905626694464729
42.890000000000036,42.89000000000022,123,3.905531527796512
42.900000000000034,42.90000000000022,123,3.905436063090022
42.91000000000003,42.91000000000022,123,3.9053403003072873
42.92000000000003,42.92000000000022,123,3.9052442394102513
42.93000000000003,42.93000000000022,123,3.905147880360886
42.940000000000026,42.94000000000021,123,3.9051483232642283
42.950000000000024,42.9500000000002,123,3.9050510971764254
42.96000000000002,42.960000000000214,123,3.9049535730053577
42.97000000000002,42.97000000000021,123,3.905062583186023
42.98000000000002,42.980000000000196,123,3.90496422928139
42.990000000000016,42.990000000000194,123,3.9048655743776663
43.000000000000014,43.000000000000206,123,3.9047666184491163
43.01000000000001,43.0100000000002,123,3.9046673614698335
43.02000000000001,43.02000000000019,123,3.904567803414267
43.03000000000001,43.030000000000186,123,3.904467944256382
43.040000000000006,43.0400000000002,123,3.904367783970514
43.050000000000004,43.05000000000019,123,3.9045534221137075
43.06,43.06000000000017,123,3.9044516838778804
43.07,43.070000000000185,123,3.9043496451530046
43.08,43.08000000000017,123,3.904247305912989
43.089999999999996,43.09000000000018,123,3.904144666131657
43.099999999999994,43.100000000000186,123,3.904041725782676
43.10999999999999,43.11000000000017,123,3.903938484839827
43.11999999999999,43.120000000000175,123,3.9038349432768342
43.12999999999999,43.130000000000166,123,3.903731101067436
43.139999999999986,43.14000000000017,123,3.903626958185427
43.149999999999984,43.15000000000016,123,3.9035225146044468
43.15999999999998,43.16000000000017,123,3.903417770298276
43.16999999999998,43.170000000000165,123,3.903312725240454
43.17999999999998,43.18000000000016,123,3.9032073794047193
43.189999999999976,43.19000000000017,123,3.903101732764924
43.199999999999974,43.200000000000166,123,3.9029957852945074
43.20999999999997,43.21000000000016,123,3.9029148245964507
43.21999999999997,43.220000000000155,123,3.902808691745477
43.22999999999997,43.23000000000015,123,3.902702261329665
43.23999999999997,43.240000000000144,123,3.90259553332136
43.249999999999964,43.25000000000014,123,3.9024885076928513
43.25999999999996,43.260000000000154,123,3.9023811844163703
43.26999999999996,43.270000000000145,123,3.9022735634641776
43.27999999999996,43.28000000000015,123,3.9021656448085906
43.28999999999996,43.290000000000134,123,3.902057428421827
43.299999999999955,43.30000000000014,123,3.901948914276062
43.30999999999995,43.310000000000144,123,3.9018401023435842
43.31999999999995,43.320000000000135,123,3.901730992596697
43.32999999999995,43.330000000000126,123,3.901621585007419
43.33999999999995,43.340000000000124,123,3.9015118795480817
43.349999999999945,43.350000000000136,123,3.9014018761908744
43.35999999999994,43.36000000000013,123,3.901291574907958
43.36999999999994,43.37000000000013,123,3.9011809756713376
43.37999999999994,43.380000000000116,123,3.9010700784536283
43.38999999999994,43.39000000000012,123,3.9009588819459537
43.399999999999935,43.40000000000013,123,3.900847385546868
43.40999999999993,43.41000000000012,123,3.9007355921698235
43.41999999999993,43.42000000000012,123,3.900623501777673
43.42999999999993,43.430000000000106,123,3.9005364487085643
43.43999999999993,43.44000000000011,123,3.9006435162694117
43.449999999999925,43.45000000000011,123,3.900750184596916
43.45999999999992,43.460000000000115,123,3.9008564550764504
43.46999999999992,43.4700000000001,123,3.9009623288871182
43.47999999999992,43.4800000000001,123,3.901067806014808
43.48999999999992,43.49000000000011,123,3.9011728864453232
43.499999999999915,43.5000000000001,123,3.9012775701647087
43.50999999999991,43.510000000000105,123,3.9013818571587393
43.51999999999991,43.52000000000009,123,3.901485747413517
43.52999999999991,43.53000000000009,123,3.901589240914774
43.53999999999991,43.54000000000009,123,3.901692337648697
43.549999999999905,43.55000000000008,123,3.901795037601275
43.5599999999999,43.56000000000008,123,3.9018982743422583
43.5699999999999,43.570000000000086,123,3.9013571471475075
43.5799999999999,43.58000000000009,123,3.901457547702492
43.5899999999999,43.59000000000008,123,3.9015575535732836
43.599999999999895,43.60000000000009,123,3.9016571647481584
43.60999999999989,43.61000000000007,123,3.9017770812189667
43.61999999999989,43.620000000000076,123,3.90187635996233
43.62999999999989,43.630000000000074,123,3.901976112017792
43.63999999999989,43.640000000000065,123,3.902075471662741
43.649999999999885,43.650000000000055,123,3.9021744388834634
43.65999999999988,43.66000000000006,123,3.9022730136662034
43.66999999999988,43.67000000000007,123,3.9023711959971195
43.67999999999988,43.680000000000064,123,3.9024689858625408
43.68999999999988,43.690000000000076,123,3.902566383248441
43.699999999999875,43.70000000000005,123,3.902663388141548
43.70999999999987,43.71000000000006,123,3.9027600005279055
43.71999999999987,43.72000000000004,123,3.9028562203937582
43.72999999999987,43.73000000000007,123,3.9026900771980877
43.73999999999987,43.74000000000004,123,3.902785403489858
43.749999999999865,43.75000000000005,123,3.902880337338374
43.75999999999986,43.760000000000055,123,3.902974878730319
43.76999999999986,43.77000000000006,123,3.9030690276518385
43.77999999999986,43.78000000000004,123,3.9031627840890764
43.78999999999986,43.790000000000035,123,3.9032561480284755
43.799999999999855,43.80000000000005,123,3.9033491194564505
43.80999999999985,43.81000000000004,123,3.9034416983593587
43.81999999999985,43.82000000000003,123,3.9035338847234584
43.82999999999985,43.830000000000034,123,3.9036256785352776
43.83999999999985,43.840000000000025,123,3.903717079781316
43.849999999999845,43.85000000000003,123,3.903808088447704
43.85999999999984,43.860000000000014,123,3.9038987045211826
43.86999999999984,43.87000000000002,123,3.9039889279879105
43.87999999999984,43.88000000000002,123,3.9040787588346717
43.88999999999984,43.89000000000002,123,3.90416819704771
43.899999999999835,43.900000000000034,123,3.904257242613511
43.90999999999983,43.91000000000001,123,3.9043458955188868
43.91999999999983,43.92,123,3.904434155750039
43.92999999999983,43.93000000000001,123,3.90452202329368
43.93999999999983,43.940000000000026,123,3.9046094981362955
43.949999999999825,43.949999999999996,123,3.904696580264414
43.95999999999982,43.960000000000015,123,3.9047832696647475
43.96999999999982,43.97000000000001,123,3.904869566323768
43.97999999999982,43.98000000000002,123,3.904955470228259
43.98999999999982,43.99,123,3.9050409813646496
43.999999999999815,43.99999999999999,123,3.9051260997197517
44.00999999999981,44.01000000000001,123,3.905232243411973
44.01999999999981,44.019999999999996,123,3.9053168888704306
44.02999999999981,44.02999999999999,123,3.9054011400528736
44.03999999999981,44.03999999999998,123,3.9054849969444945
44.049999999999805,44.04999999999999,123,3.9055684595309117
44.0599999999998,44.059999999999995,123,3.905651527797218
44.0699999999998,44.069999999999986,123,3.9057342017289045
44.0799999999998,44.07999999999999,123,3.9058164813113336
44.0899999999998,44.089999999999996,123,3.9058983665300104
44.099999999999795,44.09999999999998,123,3.9059798573702267
44.10999999999979,44.10999999999997,123,3.90606095381753
44.11999999999979,44.11999999999999,123,3.906141655857539
44.12999999999979,44.12999999999998,123,3.906221963475687
44.13999999999979,44.139999999999965,123,3.9063018766572952
44.149999999999785,44.14999999999996,123,3.90638139538828
44.15999999999978,44.159999999999975,123,3.9064605196539475
44.16999999999978,44.169999999999966,123,3.9065392494402573
44.17999999999978,44.17999999999996,123,3.9059555695423
44.18999999999978,44.18999999999995,123,3.906033434850059
44.199999999999775,44.19999999999996,123,3.906110909722301
44.20999999999977,44.20999999999996,123,3.9061879941398274
44.21999999999977,44.21999999999996,123,3.906264688083411
44.22999999999977,44.22999999999995,123,3.9063409915339093
44.23999999999977,44.23999999999994,123,3.906416674635281
44.249999999999766,44.24999999999996,123,3.9064911134069433
44.25999999999976,44.25999999999995,123,3.9065651598440354
44.26999999999976,44.26999999999993,123,3.9066388139345634
44.27999999999976,44.27999999999996,123,3.906712075666448
44.28999999999976,44.28999999999994,123,3.9067849450274394
44.299999999999756,44.299999999999926,123,3.9068574220055012
44.309999999999754,44.309999999999924,123,3.9069295065884972
44.31999999999975,44.319999999999936,123,3.9070011987643483
44.32999999999975,44.329999999999934,123,3.907073386055046
44.33999999999975,44.339999999999925,123,3.90714540730211
44.349999999999746,44.34999999999994,123,3.907217036823141
44.359999999999744,44.35999999999994,123,3.9072882746043263
44.36999999999974,44.369999999999926,123,3.9073591206317673
44.37999999999974,44.37999999999993,123,3.9074295748917365
44.38999999999974,44.38999999999994,123,3.90749963737035
44.399999999999736,44.39999999999993,123,3.9075693080538514
44.409999999999734,44.40999999999991,123,3.9076604041642042
44.41999999999973,44.4199999999999,123,3.9077294702020993
44.42999999999973,44.42999999999991,123,3.9077981451152652
44.43999999999973,44.43999999999991,123,3.907866428889591
44.449999999999726,44.449999999999925,123,3.9079343215112203
44.459999999999724,44.45999999999991,123,3.9080018229662414
44.46999999999972,44.46999999999991,123,3.9080689332407417
44.47999999999972,44.479999999999905,123,3.9081356523207518
44.48999999999972,44.48999999999989,123,3.90820198019253
44.499999999999716,44.499999999999915,123,3.908267916842192
44.509999999999714,44.50999999999992,123,3.908059269873874
44.51999999999971,44.51999999999989,123,3.908124322941589
44.52999999999971,44.529999999999895,123,3.908188984860857
44.53999999999971,44.53999999999988,123,3.908253255617538
44.549999999999706,44.54999999999988,123,3.908317135198047
44.559999999999704,44.55999999999989,123,3.908380623588428
44.5699999999997,44.5699999999999,123,3.908443720774855
44.5799999999997,44.57999999999989,123,3.9085064267435996
44.5899999999997,44.58999999999988,123,3.9085687414807353
44.599999999999696,44.59999999999988,123,3.9086306649725913
44.609999999999694,44.60999999999987,123,3.908692197205397
44.61999999999969,44.6199999999999,123,3.9087533381654964
44.62999999999969,44.62999999999987,123,3.90881420386998
44.63999999999969,44.639999999999866,123,3.9088746781818458
44.649999999999686,44.64999999999987,123,3.9089347586343024
44.659999999999684,44.659999999999854,123,3.9089944452126275
44.66999999999968,44.66999999999986,123,3.9090537379024966
44.67999999999968,44.67999999999988,123,3.909112636689528
44.68999999999968,44.689999999999884,123,3.909171141559213
44.699999999999676,44.699999999999854,123,3.9092292524972265
44.709999999999674,44.709999999999866,123,3.90928696948923
44.71999999999967,44.71999999999984,123,3.9093442925208564
44.72999999999967,44.729999999999876,123,3.9094012215778093
44.73999999999967,44.73999999999988,123,3.9094577566459066
44.749999999999666,44.74999999999985,123,3.9095138977106387
44.759999999999664,44.759999999999856,123,3.9095696447580224
44.76999999999966,44.76999999999983,123,3.9096249977737614
44.77999999999966,44.77999999999984,123,3.9096799567436165
44.78999999999966,44.78999999999984,123,3.909047680147225
44.799999999999656,44.799999999999855,123,3.9091018164832434
44.809999999999654,44.80999999999984,123,3.909177655796171
44.81999999999965,44.81999999999984,123,3.9092311164929754
44.82999999999965,44.82999999999984,123,3.909284187827552
44.83999999999965,44.83999999999984,123,3.909336869780219
44.849999999999646,44.84999999999984,123,3.909389162331351
44.859999999999644,44.85999999999982,123,3.9094410654613228
44.86999999999964,44.869999999999834,123,3.9094925791506796
44.87999999999964,44.87999999999983,123,3.9095437033796543
44.88999999999964,44.889999999999816,123,3.909594438128778
44.899999999999636,44.899999999999814,123,3.909644783378212
44.909999999999634,44.909999999999826,123,3.909694739108758
44.91999999999963,44.91999999999982,123,3.909744305300549
44.92999999999963,44.92999999999983,123,3.9097934819342584
44.93999999999963,44.93999999999982,123,3.9098422689902037
44.949999999999626,44.949999999999825,123,3.909890666449172
44.959999999999624,44.95999999999981,123,3.909938513191264
44.96999999999962,44.96999999999982,123,3.909985007835047
44.97999999999962,44.97999999999982,123,3.910031111110726
44.98999999999962,44.989999999999824,123,3.910076823006193
44.999999999999616,44.999999999999794,123,3.910122143508943
45.009999999999614,45.00999999999977,123,3.9101682310010943
45.01999999999961,45.01999999999977,123,3.9102138987584
45.02999999999961,45.029999999999774,123,3.910259416307369
45.03999999999961,45.03999999999976,123,3.910305395141023
45.049999999999606,45.04999999999976,123,3.910350955845942
45.059999999999604,45.05999999999977,123,3.910396098417806
45.0699999999996,45.06999999999976,123,3.9104408228525926
45.0799999999996,45.07999999999975,123,3.910485129146096
45.0899999999996,45.089999999999755,123,3.910529017294195
45.099999999999596,45.09999999999975,123,3.9105724872929244
45.109999999999594,45.10999999999975,123,3.9106155391380355
45.11999999999959,45.119999999999756,123,3.9106581728254355
45.12999999999959,45.12999999999974,123,3.9107003883509748
45.13999999999959,45.139999999999745,123,3.91074218571093
45.14999999999959,45.14999999999975,123,3.910783564900882
45.159999999999584,45.15999999999974,123,3.910824525916766
45.16999999999958,45.16999999999973,123,3.910865068754788
45.17999999999958,45.17999999999974,123,3.910905193410727
45.18999999999958,45.189999999999735,123,3.9109448998806045
45.19999999999958,45.19999999999973,123,3.910984188160427
45.209999999999575,45.20999999999974,123,3.9110230582460446
45.21999999999957,45.21999999999972,123,3.9110615574626024
45.22999999999957,45.22999999999973,123,3.9110997230259983
45.23999999999957,45.23999999999973,123,3.9111374677762853
45.24999999999957,45.24999999999972,123,3.911174791708504
45.259999999999565,45.259999999999714,123,3.9112116948176663
45.26999999999956,45.26999999999973,123,3.911248177098713
45.27999999999956,45.27999999999972,123,3.911284238546699
45.28999999999956,45.289999999999715,123,3.911319879156679
45.29999999999956,45.29999999999972,123,3.911068810553175
45.309999999999555,45.309999999999704,123,3.9111035221323647
45.31999999999955,45.31999999999971,123,3.911137812972541
45.32999999999955,45.329999999999714,123,3.911171683068673
45.33999999999955,45.339999999999705,123,3.911205132415816
45.34999999999955,45.349999999999696,123,3.9112381610090807
45.359999999999545,45.359999999999715,123,3.911270768843565
45.36999999999954,45.3699999999997,123,3.911302955914408
45.37999999999954,45.3799999999997,123,3.911334722216708
45.38999999999954,45.3899999999997,123,3.911366067745618
45.39999999999954,45.399999999999686,123,3.910685280758244
45.409999999999535,45.40999999999969,123,3.9107287063246474
45.41999999999953,45.419999999999696,123,3.910759399501046
45.42999999999953,45.42999999999969,123,3.9107896888726543
45.43999999999953,45.43999999999968,123,3.9108195744279755
45.44999999999953,45.4499999999997,123,3.910849056155797
45.459999999999525,45.45999999999968,123,3.9108781340447365
45.46999999999952,45.46999999999968,123,3.91090680808351
45.47999999999952,45.479999999999684,123,3.910935078260877
45.48999999999952,45.489999999999675,123,3.9109629445653695
45.49999999999952,45.49999999999967,123,3.9109904069858885
45.509999999999515,45.50999999999968,123,3.9110174655111223
45.51999999999951,45.51999999999967,123,3.9110441201298727
45.52999999999951,45.52999999999966,123,3.911070349025664
45.53999999999951,45.53999999999967,123,3.911096161029505
45.54999999999951,45.54999999999966,123,3.9111215717034185
45.559999999999505,45.55999999999966,123,3.9111465810317583
45.5699999999995,45.56999999999965,123,3.911171188999134
45.5799999999995,45.57999999999966,123,3.9111953955900134
45.5899999999995,45.589999999999655,123,3.911219200789091
45.5999999999995,45.59999999999966,123,3.9112426045808064
45.609999999999495,45.609999999999644,123,3.911265606949783
45.61999999999949,45.61999999999964,123,3.9112882078804887
45.62999999999949,45.629999999999654,123,3.911310407357803
45.63999999999949,45.639999999999645,123,3.9113322053660085
45.64999999999949,45.64999999999964,123,3.9113536018898856
45.659999999999485,45.659999999999634,123,3.911374596914044
45.66999999999948,45.66999999999964,123,3.911395190423164
45.67999999999948,45.67999999999964,123,3.911415382401813
45.68999999999948,45.68999999999964,123,3.911434047156078
45.69999999999948,45.699999999999626,123,3.9114522685909776
45.709999999999475,45.709999999999624,123,3.91147008675496
45.71999999999947,45.71999999999964,123,3.9114875016400816
45.72999999999947,45.72999999999963,123,3.9115045132381
45.73999999999947,45.739999999999625,123,3.9115218180697298
45.74999999999947,45.749999999999616,123,3.9115392208617124
45.759999999999465,45.75999999999962,123,3.9115562209546795
45.76999999999946,45.76999999999962,123,3.911572818339124
45.77999999999946,45.779999999999625,123,3.9115890130052122
45.78999999999946,45.78999999999961,123,3.911604804943309
45.79999999999946,45.799999999999606,123,3.911620194143623
45.809999999999455,45.80999999999962,123,3.911651959094229
45.81999999999945,45.81999999999962,123,3.911666951516395
45.82999999999945,45.82999999999961,123,3.9116815461744068
45.83999999999945,45.8399999999996,123,3.9116958541448525
45.84999999999945,45.8499999999996,123,3.9117098005662285
45.859999999999445,45.8599999999996,123,3.911723346501333
45.86999999999944,45.8699999999996,123,3.9117364919384556
45.87999999999944,45.879999999999605,123,3.911749236865674
45.88999999999944,45.88999999999959,123,3.91176158127152
45.89999999999944,45.899999999999594,123,3.911773525144298
45.909999999999435,45.90999999999959,123,3.911785068472213
45.91999999999943,45.91999999999959,123,3.9117962112439386
45.92999999999943,45.92999999999958,123,3.9118069534477087
45.93999999999943,45.939999999999586,123,3.9118172950719696
45.94999999999943,45.949999999999584,123,3.9118272361051964
45.959999999999425,45.95999999999959,123,3.911836776535921
45.96999999999942,45.969999999999594,123,3.9118459163526893
45.97999999999942,45.97999999999958,123,3.911854655543749
45.98999999999942,45.98999999999958,123,3.911862994098101
45.99999999999942,45.999999999999574,123,3.9111354311836806
46.009999999999415,46.00999999999958,123,3.911142944771484
46.01999999999941,46.01999999999958,123,3.9111500594312076
46.02999999999941,46.02999999999957,123,3.9111567751499337
46.03999999999941,46.03999999999957,123,3.9111630919148723
46.04999999999941,46.04999999999957,123,3.911169009713305
46.059999999999405,46.059999999999555,123,3.911174528532541
46.0699999999994,46.06999999999955,123,3.911179648359848
46.0799999999994,46.079999999999565,123,3.9111843691823935
46.0899999999994,46.08999999999956,123,3.9108904240475653
46.0999999999994,46.099999999999554,123,3.9108942629948444
46.109999999999395,46.109999999999545,123,3.9108977030115426
46.11999999999939,46.119999999999564,123,3.910900744084927
46.12999999999939,46.12999999999955,123,3.9109033862022926
46.13999999999939,46.139999999999546,123,3.910905629350907
46.14999999999939,46.14999999999955,123,3.9109074735182077
46.159999999999386,46.159999999999535,123,3.9109089186914474
46.16999999999938,46.16999999999954,123,3.910909964858135
46.17999999999938,46.17999999999954,123,3.9109106120056367
46.18999999999938,46.189999999999536,123,3.910910860121305
46.19999999999938,46.19999999999953,123,3.9109107091926063
46.209999999999376,46.20999999999953,123,3.910928784779216
46.219999999999374,46.21999999999954,123,3.9109281428057017
46.22999999999937,46.22999999999953,123,3.910927104227838
46.23999999999937,46.23999999999953,123,3.9109256690322525
46.24999999999937,46.24999999999952,123,3.9109238284858208
46.259999999999366,46.25999999999953,123,3.910921577203567
46.269999999999364,46.26999999999953,123,3.910918931943314
46.27999999999936,46.279999999999525,123,3.9109158926870293
46.28999999999936,46.28999999999951,123,3.9109124594165934
46.29999999999936,46.299999999999514,123,3.9109086321140296
46.309999999999356,46.30999999999952,123,3.9109044107612903
46.319999999999354,46.31999999999951,123,3.910899795340427
46.32999999999935,46.329999999999515,123,3.9108947858333494
46.33999999999935,46.3399999999995,123,3.9108893822221376
46.34999999999935,46.349999999999504,123,3.9108835844888574
46.359999999999346,46.35999999999951,123,3.910877392615504
46.369999999999344,46.36999999999951,123,3.910870806584157
46.37999999999934,46.3799999999995,123,3.9108638263769677
46.38999999999934,46.389999999999496,123,3.9108564519759454
46.39999999999934,46.3999999999995,123,3.9108486833633123
46.409999999999336,46.40999999999949,123,3.9108397130697767
46.419999999999334,46.4199999999995,123,3.9108299480539586
46.42999999999933,46.42999999999948,123,3.910819787151425
46.43999999999933,46.439999999999486,123,3.9108092303516173
46.44999999999933,46.44999999999949,123,3.9107993036204647
46.459999999999326,46.45999999999949,123,3.910789358080933
46.469999999999324,46.46999999999948,123,3.91077901436978
46.47999999999932,46.47999999999948,123,3.910768272474769
46.48999999999932,46.48999999999948,123,3.91075713238358
46.49999999999932,46.499999999999474,123,3.9107455940844886
46.509999999999316,46.50999999999948,123,3.9107336575649896
46.519999999999314,46.51999999999946,123,3.9107213228131315
46.52999999999931,46.52999999999947,123,3.9107085898168634
46.53999999999931,46.53999999999947,123,3.9106954585642484
46.54999999999931,46.54999999999946,123,3.9106819290431787
46.559999999999306,46.55999999999946,123,3.9106680012416604
46.569999999999304,46.56999999999946,123,3.9106536751477705
46.5799999999993,46.579999999999465,123,3.9106389507496004
46.5899999999993,46.589999999999456,123,3.910623828035071
46.5999999999993,46.59999999999946,123,3.910608303532129
46.609999999999296,46.60999999999945,123,3.9098525921945395
46.619999999999294,46.61999999999945,123,3.909836490357023
46.62999999999929,46.62999999999945,123,3.909819993377738
46.63999999999929,46.63999999999944,123,3.909803101243014
46.64999999999929,46.64999999999944,123,3.9097858139390382
46.659999999999286,46.65999999999945,123,3.9097681314521537
46.669999999999284,46.66999999999944,123,3.909750053768434
46.67999999999928,46.67999999999944,123,3.9097315808742934
46.68999999999928,46.68999999999944,123,3.909712712755919
46.69999999999928,46.699999999999434,123,3.909693449399839
46.709999999999276,46.70999999999943,123,3.909673790792084
46.719999999999274,46.719999999999445,123,3.909653736919225
46.72999999999927,46.72999999999942,123,3.909633287767562
46.73999999999927,46.73999999999944,123,3.909612443323482
46.74999999999927,46.74999999999943,123,3.909591203573328
46.759999999999266,46.75999999999944,123,3.909569568503798
46.769999999999264,46.76999999999942,123,3.9095475381010516
46.77999999999926,46.779999999999426,123,3.909525112351659
46.78999999999926,46.78999999999943,123,3.9095022912420063
46.79999999999926,46.799999999999436,123,3.9094790747588064
46.809999999999256,46.80999999999942,123,3.909455462888346
46.819999999999254,46.81999999999942,123,3.9094314556174226
46.82999999999925,46.8299999999994,123,3.9094070529324227
46.83999999999925,46.83999999999941,123,3.909382254819988
46.84999999999925,46.849999999999405,123,3.909357061266661
46.859999999999246,46.8599999999994,123,3.9093314722591685
46.869999999999244,46.86999999999939,123,3.909305487784053
46.87999999999924,46.8799999999994,123,3.9089698997112947
46.88999999999924,46.8899999999994,123,3.9089430475677176
46.89999999999924,46.8999999999994,123,3.9089158000248148
46.909999999999236,46.909999999999386,123,3.9088881570692706
46.919999999999234,46.919999999999405,123,3.9088601186877554
46.92999999999923,46.92999999999941,123,3.908831684866911
46.93999999999923,46.93999999999939,123,3.908802855593521
46.94999999999923,46.9499999999994,123,3.9087736308542844
46.959999999999226,46.9599999999994,123,3.908744010635843
46.969999999999224,46.9699999999994,123,3.908713994705053
46.97999999999922,46.97999999999938,123,3.9086835732643124
46.98999999999922,46.989999999999384,123,3.9086527590470297
46.99999999999922,46.99999999999939,123,3.9086215520350294
47.009999999999216,47.009999999999366,123,3.908610322939282
47.019999999999214,47.01999999999938,123,3.908578531192859
47.02999999999921,47.029999999999376,123,3.908546347560531
47.03999999999921,47.03999999999936,123,3.9085137720235537
47.04999999999921,47.04999999999935,123,3.908480804563169
47.05999999999921,47.05999999999937,123,3.908447445160945
47.069999999999204,47.06999999999936,123,3.9084138427986517
47.0799999999992,47.079999999999345,123,3.9083798757256574
47.0899999999992,47.08999999999935,123,3.9083455136961476
47.0999999999992,47.099999999999355,123,3.9083107566969773
47.1099999999992,47.109999999999346,123,3.908275604714845
47.119999999999195,47.11999999999935,123,3.9082400577365064
47.12999999999919,47.129999999999356,123,3.9082038044178518
47.13999999999919,47.13999999999936,123,3.9081662266087847
47.14999999999919,47.149999999999345,123,3.9081282523264207
47.15999999999919,47.15999999999936,123,3.908091051051798
47.169999999999185,47.169999999999355,123,3.9080535595506944
47.17999999999918,47.179999999999346,123,3.9080156719573864
47.18999999999918,47.18999999999934,123,3.90797738825961
47.19999999999918,47.199999999999356,123,3.907938708445016
47.20999999999918,47.20999999999934,123,3.9078996325013975
47.219999999999175,47.21999999999934,123,3.9070771732935725
47.22999999999917,47.22999999999932,123,3.9070372867765997
47.23999999999917,47.239999999999334,123,3.9069970058885133
47.24999999999917,47.24999999999934,123,3.9069563306152446
47.25999999999917,47.25999999999933,123,3.906915260943279
47.269999999999165,47.269999999999314,123,3.906873796858349
47.27999999999916,47.27999999999931,123,3.9068319383471817
47.28999999999916,47.289999999999324,123,3.9067896853958075
47.29999999999916,47.299999999999315,123,3.9067470379903426
47.30999999999916,47.309999999999306,123,3.9067039961172156
47.319999999999155,47.3199999999993,123,3.90666055976277
47.32999999999915,47.32999999999931,123,3.9066167289131073
47.33999999999915,47.33999999999931,123,3.9065725035545995
47.34999999999915,47.34999999999929,123,3.9065278836738457
47.35999999999915,47.35999999999932,123,3.906482869257019
47.369999999999145,47.3699999999993,123,3.9064374602904763
47.37999999999914,47.37999999999929,123,3.9063916567608032
47.38999999999914,47.3899999999993,123,3.906345454169056
47.39999999999914,47.3999999999993,123,3.906298853847005
47.40999999999914,47.409999999999286,123,3.9062726728980266
47.419999999999135,47.41999999999929,123,3.906225454240925
47.42999999999913,47.42999999999929,123,3.9061778416206323
47.43999999999913,47.43999999999927,123,3.906129835023478
47.44999999999913,47.44999999999928,123,3.906081434435876
47.45999999999913,47.459999999999305,123,3.906032639844142
47.469999999999125,47.46999999999931,123,3.905983451234704
47.47999999999912,47.47999999999928,123,3.9059338685940475
47.48999999999912,47.489999999999284,123,3.905883891908516
47.49999999999912,47.49999999999927,123,3.905833521164638
47.50999999999912,47.50999999999927,123,3.9057827563489127
47.519999999999115,47.5199999999993,123,3.905731597447769
47.52999999999911,47.52999999999927,123,3.9056800444479194
47.53999999999911,47.539999999999274,123,3.9056280973356223
47.54999999999911,47.549999999999265,123,3.905575756097676
47.55999999999911,47.559999999999256,123,3.9055230207205653
47.569999999999105,47.569999999999276,123,3.905469891190947
47.5799999999991,47.57999999999928,123,3.905416367495377
47.5899999999991,47.58999999999925,123,3.905362449620611
47.5999999999991,47.599999999999255,123,3.905308137553078
47.6099999999991,47.60999999999926,123,3.9052534312796894
47.619999999999095,47.61999999999925,123,3.905198330787073
47.62999999999909,47.62999999999927,123,3.905142836061941
47.63999999999909,47.639999999999276,123,3.9050869470910357
47.64999999999909,47.64999999999925,123,3.9050306638611545
47.65999999999909,47.65999999999925,123,3.90497408600298
47.669999999999085,47.66999999999923,123,3.9045972045883417
47.67999999999908,47.679999999999254,123,3.904539779211092
47.68999999999908,47.68999999999926,123,3.90448204718804
47.69999999999908,47.699999999999264,123,3.9044239206591556
47.70999999999908,47.709999999999226,123,3.9043653996113363
47.719999999999075,47.71999999999923,123,3.904306484031352
47.72999999999907,47.72999999999925,123,3.90424717390637
47.73999999999907,47.73999999999923,123,3.9041874692229612
47.74999999999907,47.74999999999925,123,3.9041273699683785
47.75999999999907,47.759999999999216,123,3.9040668761294057
47.769999999999065,47.769999999999214,123,3.904005987693054
47.77999999999906,47.77999999999923,123,3.9039447046463636
47.78999999999906,47.7899999999992,123,3.9038830269763025
47.79999999999906,47.79999999999923,123,3.9038209546698965
47.80999999999906,47.809999999999214,123,3.9037796152565534
47.819999999999055,47.81999999999923,123,3.903716902120536
47.82999999999905,47.82999999999922,123,3.9036537948146304
47.83999999999905,47.83999999999922,123,3.9027930655159366
47.84999999999905,47.8499999999992,123,3.9027291127364805
47.85999999999905,47.8599999999992,123,3.9026638928384187
47.869999999999045,47.8699999999992,123,3.9025979163705955
47.87999999999904,47.8799999999992,123,3.902531546079828
47.88999999999904,47.88999999999921,123,3.902464781953796
47.89999999999904,47.899999999999196,123,3.9023976239801215
47.90999999999904,47.909999999999194,123,3.902330072146711
47.919999999999035,47.91999999999919,123,3.9022621264412436
47.92999999999903,47.929999999999204,123,3.902194110305061
47.93999999999903,47.93999999999921,123,3.9021266920842947
47.94999999999903,47.94999999999921,123,3.902058880310804
47.95999999999903,47.959999999999205,123,3.9019906749706905
47.969999999999025,47.96999999999921,123,3.901922076050454
47.97999999999902,47.97999999999917,123,3.901853083536338
47.98999999999902,47.98999999999918,123,3.9017836974146434
47.99999999999902,47.999999999999204,123,3.901713917671856
48.00999999999902,48.00999999999915,123,3.901644846654989
48.019999999999015,48.01999999999915,123,3.901575355904427
48.02999999999901,48.029999999999134,123,3.901505445415239
48.03999999999901,48.039999999999154,123,3.9014351151828066
48.04999999999901,48.04999999999914,123,3.9013643652022694
48.05999999999901,48.059999999999135,123,3.901293195468668
48.069999999999006,48.06999999999913,123,3.9012216059774545
48.079999999999,48.07999999999914,123,3.9011495967235987
48.089999999999,48.08999999999913,123,3.9010771677025247
48.099999999999,48.099999999999135,123,3.901004318909301
48.109999999999,48.10999999999913,123,3.9009310503395653
48.119999999998996,48.119999999999116,123,3.900857361988187
48.129999999998994,48.129999999999136,123,3.9007832538505767
48.13999999999899,48.13999999999913,123,3.9007087259221294
48.14999999999899,48.14999999999912,123,3.9006337781981983
48.15999999999899,48.159999999999116,123,3.9005584106739377
48.169999999998986,48.16999999999912,123,3.900482623344814
48.179999999998984,48.17999999999911,123,3.900406411518162
48.18999999999898,48.18999999999912,123,3.900329776316042
48.19999999999898,48.199999999999115,123,3.9002527212818734
48.20999999999898,48.2099999999991,123,3.900175246410768
48.219999999998976,48.21999999999912,123,3.900097351698321
48.229999999998974,48.22999999999911,123,3.9000190371400123
48.23999999999897,48.2399999999991,123,3.8999403027312667
48.24999999999897,48.2499999999991,123,3.8998611484676218
48.25999999999897,48.2599999999991,123,3.8997815743444733
48.269999999998966,48.269999999999094,123,3.8997016129131055
48.279999999998964,48.2799999999991,123,3.8996214015736683
48.28999999999896,48.2899999999991,123,3.8995407700731164
48.29999999999896,48.29999999999908,123,3.899459718407016
48.30999999999896,48.3099999999991,123,3.899378246570919
48.319999999998956,48.31999999999909,123,3.8992963545605193
48.329999999998954,48.32999999999908,123,3.8992140423713693
48.33999999999895,48.33999999999908,123,3.8991313099989924
48.34999999999895,48.349999999999085,123,3.8990481574391254
48.35999999999895,48.359999999999076,123,3.8989645846874623
48.369999999998946,48.369999999999074,123,3.8988805917395837
48.379999999998944,48.37999999999908,123,3.8987961785911693
48.38999999999894,48.38999999999906,123,3.898711345237885
48.39999999999894,48.39999999999908,123,3.8986260916756095
48.40999999999894,48.40999999999907,123,3.898552797974631
48.419999999998936,48.419999999999064,123,3.8984673137790793
48.429999999998934,48.42999999999906,123,3.897562813935849
48.43999999999893,48.43999999999907,123,3.8974764741416976
48.44999999999893,48.44999999999906,123,3.8973897293254254
48.45999999999893,48.459999999999056,123,3.8969719880241627
48.469999999998926,48.46999999999906,123,3.8968843701554476
48.479999999998924,48.479999999999045,123,3.8967963473390768
48.48999999999892,48.489999999999064,123,3.8967079195656424
48.49999999999892,48.499999999999055,123,3.896619086825595
48.50999999999892,48.509999999999046,123,3.896529849109541
48.519999999998916,48.519999999999044,123,3.8964402064080588
48.529999999998914,48.52999999999904,123,3.8963501587117264
48.53999999999891,48.53999999999904,123,3.8962597060110937
48.54999999999891,48.54999999999904,123,3.8961688482967958
48.55999999999891,48.55999999999904,123,3.896077585559482
48.569999999998906,48.56999999999903,123,3.895985917789858
48.579999999998904,48.579999999999046,123,3.895893799033729
48.5899999999989,48.58999999999904,123,3.8958000508597053
48.5999999999989,48.59999999999903,123,3.895705897429096
48.6099999999989,48.60999999999902,123,3.8956113387335307
48.619999999998896,48.619999999999024,123,3.8955163747648243
48.629999999998894,48.62999999999902,123,3.895421005514379
48.63999999999889,48.63999999999902,123,3.895325375878471
48.64999999999889,48.649999999999025,123,3.895230543987026
48.65999999999889,48.65999999999901,123,3.8951353071254573
48.669999999998886,48.66999999999903,123,3.8950396652839174
48.679999999998884,48.67999999999902,123,3.8949436184527286
48.68999999999888,48.68999999999901,123,3.894847166622185
48.69999999999888,48.699999999999,123,3.894750309782623
48.70999999999888,48.70999999999902,123,3.894653047924237
48.719999999998876,48.719999999999004,123,3.8945553810374918
48.729999999998874,48.729999999999,123,3.894457309112724
48.73999999999887,48.73999999999901,123,3.894358832140327
48.74999999999887,48.74999999999899,123,3.8942599501106514
48.75999999999887,48.75999999999901,123,3.8941606630141337
48.769999999998866,48.769999999999,123,3.8940609708411245
48.779999999998864,48.77999999999899,123,3.8939608735822873
48.78999999999886,48.78999999999898,123,3.8938603712279303
48.79999999999886,48.799999999999,123,3.8937594637684185
48.80999999999886,48.809999999998986,123,3.893674181945727
48.819999999998856,48.819999999999,123,3.893572860763328
48.829999999998854,48.82999999999899,123,3.8934711392489163
48.83999999999885,48.83999999999897,123,3.8933690173915636
48.84999999999885,48.84999999999898,123,3.89326649518037
48.85999999999885,48.859999999999,123,3.8931635726043368
48.869999999998846,48.86999999999898,123,3.8930602496526774
48.879999999998844,48.879999999998965,123,3.89295652631435
48.88999999999884,48.88999999999899,123,3.8928525745435394
48.89999999999884,48.899999999998975,123,3.8927482573402017
48.90999999999884,48.909999999998966,123,3.8926435394085814
48.919999999998836,48.919999999998964,123,3.8925384207381626
48.929999999998834,48.92999999999897,123,3.892432901318088
48.93999999999883,48.939999999998975,123,3.892326981137714
48.94999999999883,48.94999999999896,123,3.8922206601865668
48.95999999999883,48.959999999998956,123,3.8921139384538037
48.96999999999883,48.96999999999895,123,3.8920068112286543
48.979999999998824,48.97999999999895,123,3.8918992790161155
48.98999999999882,48.98999999999895,123,3.8917913459784614
48.99999999999882,48.99999999999895,123,3.891683012104963
49.00999999999882,49.00999999999895,123,3.89157427738526
49.01999999999882,49.01999999999896,123,3.891465141808851
49.029999999998815,49.02999999999894,123,3.891355605365277
49.03999999999881,49.03999999999895,123,3.8904054941088333
49.04999999999881,49.04999999999894,123,3.8902951251455136
49.05999999999881,49.05999999999895,123,3.8901843559108187
49.06999999999881,49.06999999999895,123,3.890073186393849
49.079999999998805,49.07999999999893,123,3.8899616165839177
49.0899999999988,49.089999999998945,123,3.889849646470381
49.0999999999988,49.099999999998936,123,3.889737276042311
49.1099999999988,49.10999999999892,123,3.8896245052891913
49.1199999999988,49.119999999998946,123,3.889511334200151
49.129999999998795,49.12999999999893,123,3.889397762764702
49.13999999999879,49.13999999999893,123,3.8892837909721862
49.14999999999879,49.14999999999891,123,3.8891694188117185
49.15999999999879,49.15999999999894,123,3.889054646273081
49.16999999999879,49.16999999999892,123,3.8889394733454594
49.179999999998785,49.17999999999891,123,3.8888239000182523
49.18999999999878,49.18999999999891,123,3.8887079262810715
49.19999999999878,49.19999999999891,123,3.888591552123131
49.20999999999878,49.209999999998914,123,3.888492576892972
49.21999999999878,49.21999999999891,123,3.8883756954224395
49.229999999998775,49.22999999999891,123,3.8882584158705242
49.23999999999877,49.23999999999891,123,3.888140738226241
49.24999999999877,49.24999999999891,123,3.8876824071694926
49.25999999999877,49.259999999998904,123,3.8875638769915923
49.26999999999877,49.2699999999989,123,3.8874449487867366
49.279999999998765,49.2799999999989,123,3.8873256225435853
49.28999999999876,49.28999999999889,123,3.8872058982509685
49.29999999999876,49.299999999998896,123,3.8870857758979582
49.30999999999876,49.309999999998894,123,3.8869649663947
49.31999999999876,49.31999999999889,123,3.886842744147259
49.329999999998755,49.32999999999889,123,3.8867201236938627
49.33999999999875,49.339999999998895,123,3.886597105024265
49.34999999999875,49.34999999999888,123,3.8864736881283335
49.35999999999875,49.359999999998884,123,3.8863510200364146
49.36999999999875,49.36999999999888,123,3.8862281863782755
49.379999999998745,49.37999999999889,123,3.8861049547104187
49.38999999999874,49.38999999999888,123,3.8859813250213904
49.39999999999874,49.399999999998876,123,3.885857297299424
49.40999999999874,49.409999999998874,123,3.8857328715330937
49.41999999999874,49.41999999999887,123,3.8856080477110027
49.429999999998735,49.42999999999888,123,3.885482825821512
49.43999999999873,49.43999999999886,123,3.8853572058532535
49.44999999999873,49.449999999998866,123,3.885231187794659
49.45999999999873,49.45999999999885,123,3.8851047716343743
49.46999999999873,49.46999999999887,123,3.8849779573610306
49.479999999998725,49.47999999999886,123,3.884850744963302
49.48999999999872,49.48999999999886,123,3.8847231344296063
49.49999999999872,49.499999999998856,123,3.8845952407427546
49.50999999999872,49.509999999998854,123,3.884467045509467
49.51999999999872,49.51999999999886,123,3.8843384517832504
49.529999999998715,49.52999999999884,123,3.8842094595528636
49.53999999999871,49.53999999999885,123,3.884080068807151
49.54999999999871,49.54999999999883,123,3.8839502795349574
49.55999999999871,49.55999999999885,123,3.883820091725241
49.56999999999871,49.56999999999884,123,3.8836895053668457
49.579999999998705,49.57999999999884,123,3.883558520448844
49.5899999999987,49.58999999999884,123,3.8834271369600373
49.5999999999987,49.599999999998836,123,3.8832953548894125
49.6099999999987,49.60999999999884,123,3.883181998200257
49.6199999999987,49.619999999998825,123,3.883049651586319
49.629999999998695,49.62999999999882,123,3.8829169077632457
49.63999999999869,49.639999999998814,123,3.8827837667199105
49.64999999999869,49.64999999999883,123,3.8826502284449447
49.65999999999869,49.65999999999882,123,3.8816548747087154
49.66999999999869,49.66999999999882,123,3.881520524905895
49.679999999998685,49.67999999999882,123,3.881385778460995
49.68999999999868,49.689999999998804,123,3.8812506353625764
49.69999999999868,49.69999999999881,123,3.881115095598801
49.70999999999868,49.70999999999883,123,3.880979159158244
49.71999999999868,49.719999999998805,123,3.8808428260291095
49.729999999998675,49.72999999999882,123,3.8807060961999014
49.73999999999867,49.7399999999988,123,3.880568969659052
49.74999999999867,49.74999999999882,123,3.8804314463950504
49.75999999999867,49.759999999998804,123,3.8802935222051786
49.76999999999867,49.7699999999988,123,3.88015519597829
49.779999999998665,49.77999999999881,123,3.8800164729830584
49.78999999999866,49.78999999999881,123,3.8798773532080304
49.79999999999866,49.799999999998796,123,3.879737836641766
49.80999999999866,49.809999999998794,123,3.8795979232729536
49.81999999999866,49.81999999999878,123,3.879457613090139
49.829999999998655,49.829999999998805,123,3.879316906081982
49.83999999999865,49.83999999999878,123,3.8791758022371283
49.84999999999865,49.849999999998786,123,3.879034301544209
49.85999999999865,49.85999999999878,123,3.8788924039919834
49.86999999999865,49.86999999999877,123,3.878750109569154
49.879999999998645,49.87999999999878,123,3.8786074182644086
49.88999999999864,49.88999999999878,123,3.878464330066606
49.89999999999864,49.89999999999877,123,3.878320844964321
49.90999999999864,49.90999999999878,123,3.8781769629465828
49.91999999999864,49.919999999998765,123,3.8780326840020365
49.929999999998635,49.92999999999876,123,3.8778880081194558
49.93999999999863,49.93999999999876,123,3.877742935287955
49.94999999999863,49.949999999998774,123,3.8775974654961516
49.95999999999863,49.95999999999875,123,3.877451598732975
49.96999999999863,49.96999999999876,123,3.8773053349873834
49.979999999998626,49.97999999999876,123,3.877158674248335
49.98999999999862,49.989999999998766,123,3.8770116165046744
49.99999999999862,49.99999999999874,123,3.876864161745388
50.00999999999862,50.009999999998776,123,3.8767356342786456
50.01999999999862,50.01999999999875,123,3.8765862437804373
50.029999999998616,50.02999999999876,123,3.8764364571091363
50.039999999998614,50.03999999999875,123,3.8759405665503976
50.04999999999861,50.04999999999876,123,3.875789936561901
50.05999999999861,50.05999999999876,123,3.875638910464403
50.06999999999861,50.06999999999874,123,3.8754880737279223
50.079999999998606,50.07999999999873,123,3.875337664633207
50.089999999998604,50.089999999998724,123,3.875186859577596
50.0999999999986,50.099999999998744,123,3.875035658549365
50.1099999999986,50.10999999999873,123,3.8748841120439295
50.1199999999986,50.119999999998726,123,3.874732335099452
50.129999999998596,50.12999999999871,123,3.8745801618105276
50.139999999998594,50.13999999999872,123,3.874427592165631
50.14999999999859,50.14999999999873,123,3.8742746261531664
50.15999999999859,50.15999999999872,123,3.874121263761836
50.16999999999859,50.169999999998716,123,3.8739675049798166
50.179999999998586,50.17999999999873,123,3.8738133497958387
50.189999999998584,50.18999999999871,123,3.8736587981984627
50.19999999999858,50.19999999999871,123,3.8735038501761494
50.20999999999858,50.20999999999872,123,3.8733485057175727
50.21999999999858,50.21999999999872,123,3.8731927648113356
50.229999999998576,50.229999999998704,123,3.8730366274460124
50.239999999998574,50.239999999998695,123,3.872880093610334
50.24999999999857,50.249999999998714,123,3.8727231632929033
50.25999999999857,50.259999999998705,123,3.87256583648238
50.26999999999857,50.26999999999869,123,3.871525834968466
50.279999999998566,50.279999999998715,123,3.871367711103744
50.289999999998564,50.2899999999987,123,3.8712091913345574
50.29999999999856,50.29999999999869,123,3.871050275649253
50.30999999999856,50.309999999998695,123,3.870890964036249
50.31999999999856,50.31999999999871,123,3.870731256483964
50.329999999998556,50.329999999998705,123,3.8705711529807587
50.339999999998554,50.33999999999869,123,3.8704106535149663
50.34999999999855,50.34999999999869,123,3.8702497580752038
50.35999999999855,50.35999999999867,123,3.870088466649932
50.36999999999855,50.36999999999869,123,3.869926779227498
50.379999999998546,50.37999999999868,123,3.869764695796576
50.389999999998544,50.38999999999867,123,3.8696022163456973
50.39999999999854,50.399999999998656,123,3.869439340863309
50.40999999999854,50.40999999999867,123,3.869295965599136
50.41999999999854,50.419999999998694,123,3.86913246150381
50.429999999998536,50.42999999999867,123,3.8689685619959278
50.439999999998534,50.43999999999867,123,3.868804267063979
50.44999999999853,50.449999999998646,123,3.868639576696495
50.45999999999853,50.45999999999866,123,3.8684744908818516
50.46999999999853,50.469999999998684,123,3.8683090096085806
50.479999999998526,50.479999999998675,123,3.8681431328651854
50.489999999998524,50.48999999999866,123,3.8679768606402405
50.49999999999852,50.49999999999865,123,3.8678101929223914
50.50999999999852,50.50999999999867,123,3.8676431296999993
50.51999999999852,50.519999999998646,123,3.867475670961838
50.529999999998516,50.529999999998665,123,3.867307816696524
50.539999999998514,50.539999999998635,123,3.867139566892618
50.54999999999851,50.54999999999865,123,3.866970918616957
50.55999999999851,50.559999999998645,123,3.866801867674539
50.56999999999851,50.569999999998636,123,3.8666324211500154
50.579999999998506,50.579999999998655,123,3.8664625790321026
50.589999999998504,50.58999999999866,123,3.8662923413096024
50.5999999999985,50.59999999999866,123,3.8661217079712173
50.6099999999985,50.609999999998635,123,3.865950679005806
50.6199999999985,50.61999999999861,123,3.8657792544021845
50.629999999998496,50.62999999999862,123,3.86560743414924
50.639999999998494,50.63999999999862,123,3.8654352182358167
50.64999999999849,50.64999999999865,123,3.865262606650674
50.65999999999849,50.65999999999862,123,3.8650895993827277
50.66999999999849,50.66999999999862,123,3.864916196420978
50.679999999998486,50.67999999999863,123,3.864742397754412
50.689999999998484,50.68999999999861,123,3.8645682033719027
50.69999999999848,50.69999999999864,123,3.8643936132623935
50.70999999999848,50.70999999999863,123,3.8642188123905896
50.71999999999848,50.7199999999986,123,3.8640436501571997
50.729999999998476,50.72999999999861,123,3.863868091813501
50.739999999998474,50.739999999998595,123,3.8636920458122006
50.74999999999847,50.7499999999986,123,3.8635143291500498
50.75999999999847,50.75999999999862,123,3.86333713323684
50.76999999999847,50.769999999998625,123,3.86316006337654
50.779999999998466,50.779999999998594,123,3.8629825974826417
50.789999999998464,50.7899999999986,123,3.8628047355437474
50.79999999999846,50.79999999999858,123,3.8626264775487016
50.80999999999846,50.8099999999986,123,3.8624680251417516
50.81999999999846,50.81999999999861,123,3.8622891170711853
50.829999999998456,50.829999999998584,123,3.861751033161312
50.839999999998454,50.83999999999858,123,3.861571290557066
50.84999999999845,50.849999999998595,123,3.8613911524173687
50.85999999999845,50.85999999999858,123,3.8612106187308086
50.86999999999845,50.869999999998576,123,3.8610296894862444
50.87999999999845,50.87999999999858,123,3.8599455544847388
50.889999999998444,50.88999999999859,123,3.8597638427061014
50.89999999999844,50.89999999999857,123,3.8595817359560414
50.90999999999844,50.90999999999859,123,3.8593992342230052
50.91999999999844,50.919999999998595,123,3.859216337495212
50.92999999999844,50.929999999998586,123,3.8590330457611373
50.939999999998435,50.93999999999857,123,3.8588493590091275
50.94999999999843,50.94999999999859,123,3.8586652772275727
50.95999999999843,50.95999999999859,123,3.858480800404905
50.96999999999843,50.969999999998564,123,3.858295928529614
50.97999999999843,50.97999999999856,123,3.858110661590061
50.989999999998425,50.98999999999858,123,3.8579249995749194
50.99999999999842,50.99999999999856,123,3.8577389424724657
51.00999999999842,51.00999999999852,123,3.857553544719252
51.01999999999842,51.01999999999852,123,3.8573677269024813
51.02999999999842,51.02999999999852,123,3.857181489018515
51.039999999998415,51.039999999998514,123,3.8569948310639006
51.04999999999841,51.04999999999851,123,3.8568077530352554
51.05999999999841,51.05999999999852,123,3.8566202549288136
51.06999999999841,51.069999999998515,123,3.856432336741463
51.07999999999841,51.07999999999852,123,3.856243998469381
51.089999999998405,51.08999999999852,123,3.8560552401093133
51.0999999999984,51.09999999999851,123,3.8558660616576645
51.1099999999984,51.1099999999985,123,3.855676463111209
51.1199999999984,51.119999999998505,123,3.8554864444664076
51.1299999999984,51.129999999998496,123,3.855296005719808
51.139999999998395,51.139999999998494,123,3.855105146868155
51.14999999999839,51.1499999999985,123,3.8549138679080244
51.15999999999839,51.1599999999985,123,3.8547221688360054
51.16999999999839,51.169999999998495,123,3.8545300496488153
51.17999999999839,51.1799999999985,123,3.854337510343072
51.189999999998385,51.18999999999849,123,3.854144550915521
51.19999999999838,51.19999999999848,123,3.85395117136288
51.20999999999838,51.20999999999849,123,3.8537573716817235
51.21999999999838,51.21999999999848,123,3.8535631518688263
51.22999999999838,51.229999999998476,123,3.853368511920962
51.239999999998375,51.23999999999848,123,3.8531734518349197
51.24999999999837,51.24999999999848,123,3.852977971607359
51.25999999999837,51.25999999999848,123,3.8527820712349694
51.26999999999837,51.26999999999848,123,3.8525857507148515
51.27999999999837,51.27999999999847,123,3.8523890100434954
51.289999999998365,51.289999999998464,123,3.8521918492179736
51.29999999999836,51.29999999999847,123,3.851994268234833
51.30999999999836,51.30999999999846,123,3.8517962670911032
51.31999999999836,51.31999999999846,123,3.8515979481285143
51.32999999999836,51.32999999999846,123,3.851399330246906
51.339999999998355,51.33999999999846,123,3.851200291084538
51.34999999999835,51.34999999999846,123,3.8510008216046714
51.35999999999835,51.359999999998465,123,3.8508009315883527
51.36999999999835,51.369999999998456,123,3.8506006210327968
51.37999999999835,51.37999999999845,123,3.850399889935076
51.389999999998345,51.38999999999845,123,3.8501987382922778
51.39999999999834,51.39999999999844,123,3.8499971661016588
51.40999999999834,51.40999999999844,123,3.849807022439407
51.41999999999834,51.419999999998446,123,3.8496051928689923
51.42999999999834,51.429999999998444,123,3.8494029567122965
51.439999999998335,51.439999999998435,123,3.8492003139621858
51.44999999999833,51.44999999999844,123,3.848997264611441
51.45999999999833,51.45999999999844,123,3.848793808652843
51.46999999999833,51.46999999999843,123,3.8485899460792297
51.47999999999833,51.47999999999844,123,3.8474719237460704
51.489999999998325,51.48999999999844,123,3.8472658737668013
51.49999999999832,51.49999999999842,123,3.8470594177879747
51.50999999999832,51.50999999999843,123,3.846852555802684
51.51999999999832,51.519999999998426,123,3.8466452878040087
51.52999999999832,51.52999999999842,123,3.8464376137851133
51.539999999998315,51.53999999999842,123,3.846229776637699
51.54999999999831,51.54999999999842,123,3.8460227573050787
51.55999999999831,51.55999999999841,123,3.845815332036281
51.56999999999831,51.56999999999842,123,3.845607500823334
51.57999999999831,51.57999999999842,123,3.845399263658109
51.589999999998305,51.589999999998405,123,3.8451906205327617
51.5999999999983,51.59999999999841,123,3.844981571439206
51.6099999999983,51.60999999999841,123,3.844772116369427
51.6199999999983,51.6199999999984,123,3.844562255315509
51.6299999999983,51.629999999998404,123,3.843984268218435
51.639999999998295,51.6399999999984,123,3.8437735573760534
51.64999999999829,51.64999999999839,123,3.8435624406175606
51.65999999999829,51.659999999998405,123,3.843350917934643
51.66999999999829,51.6699999999984,123,3.8431389893195558
51.67999999999829,51.67999999999839,123,3.8429266547643124
51.689999999998285,51.68999999999839,123,3.8427139142610685
51.69999999999828,51.69999999999839,123,3.842500767801951
51.70999999999828,51.70999999999838,123,3.8422872153789456
51.71999999999828,51.719999999998386,123,3.842073256984378
51.72999999999828,51.729999999998384,123,3.8418588926104036
51.739999999998275,51.739999999998375,123,3.8416441222489937
51.74999999999827,51.74999999999839,123,3.8414289458925737
51.75999999999827,51.759999999998385,123,3.841213363533342
51.76999999999827,51.76999999999837,123,3.840997375163454
51.77999999999827,51.779999999998374,123,3.8407809807752074
51.789999999998265,51.78999999999837,123,3.8405641803608717
51.79999999999826,51.79999999999836,123,3.8403469739127303
51.80999999999826,51.80999999999836,123,3.84014470737921
51.81999999999826,51.819999999998366,123,3.8399270685096383
51.82999999999826,51.82999999999836,123,3.839709028184245
51.839999999998255,51.83999999999836,123,3.8394905863937936
51.84999999999825,51.84999999999837,123,3.8392717431293875
51.85999999999825,51.85999999999835,123,3.839052498382216
51.86999999999825,51.86999999999836,123,3.838832852143142
51.87999999999825,51.87999999999836,123,3.8386128044030414
51.889999999998246,51.889999999998345,123,3.8383923551534735
51.89999999999824,51.89999999999835,123,3.838171504385244
51.90999999999824,51.909999999998355,123,3.8379502520893993
51.91999999999824,51.919999999998346,123,3.8377285982573426
51.92999999999824,51.92999999999835,123,3.8375065615921926
51.939999999998236,51.939999999998356,123,3.8372843324366386
51.949999999998234,51.94999999999834,123,3.837061701347295
51.95999999999823,51.95999999999833,123,3.8368386683154796
51.96999999999823,51.96999999999832,123,3.8366152333330206
51.97999999999823,51.97999999999835,123,3.8363913963909937
51.989999999998226,51.98999999999833,123,3.836167157481242
51.999999999998224,51.99999999999832,123,3.835942516594997
52.00999999999822,52.00999999999832,123,3.835717473723946
52.01999999999822,52.01999999999833,123,3.835492028859562
52.02999999999822,52.02999999999832,123,3.8352661819934326
52.039999999998216,52.039999999998315,123,3.83503993311723
52.049999999998214,52.04999999999831,123,3.8348132822225267
52.05999999999821,52.05999999999832,123,3.834586229300797
52.06999999999821,52.06999999999831,123,3.8343587743438263
52.07999999999821,52.079999999998314,123,3.834130917343373
52.089999999998206,52.08999999999831,123,3.8329702968021024
52.099999999998204,52.0999999999983,123,3.8327416680904918
52.1099999999982,52.1099999999983,123,3.832512637934343
52.1199999999982,52.119999999998306,123,3.8322832063247603
52.1299999999982,52.1299999999983,123,3.8320533732531743
52.139999999998196,52.13999999999831,123,3.8318231301215633
52.149999999998194,52.14999999999831,123,3.8315924830337167
52.15999999999819,52.15999999999829,123,3.8313614344500166
52.16999999999819,52.16999999999831,123,3.8311299843617093
52.17999999999819,52.1799999999983,123,3.8308981327601686
52.189999999998186,52.18999999999829,123,3.830665879637067
52.199999999998184,52.1999999999983,123,3.8304332249835085
52.20999999999818,52.20999999999829,123,3.830216724200227
52.21999999999818,52.21999999999829,123,3.829982125998569
52.22999999999818,52.229999999998284,123,3.8297471286033584
52.239999999998176,52.23999999999829,123,3.8295117320058836
52.249999999998174,52.24999999999829,123,3.8292759361977318
52.25999999999817,52.25999999999828,123,3.829040188900237
52.26999999999817,52.26999999999828,123,3.828805086146218
52.27999999999817,52.279999999998275,123,3.8285695841759804
52.289999999998166,52.28999999999828,123,3.8283336829796895
52.299999999998164,52.29999999999827,123,3.8280973825477815
52.30999999999816,52.30999999999827,123,3.8278606828706643
52.31999999999816,52.31999999999827,123,3.8276235839386885
52.32999999999816,52.32999999999827,123,3.827386085742333
52.339999999998156,52.33999999999827,123,3.827148188271991
52.349999999998154,52.34999999999826,123,3.826909891518028
52.35999999999815,52.35999999999826,123,3.826671195471107
52.36999999999815,52.36999999999826,123,3.8264321001215365
52.37999999999815,52.37999999999826,123,3.826192605460008
52.389999999998146,52.38999999999825,123,3.8259527114769014
52.399999999998144,52.39999999999825,123,3.8257124181628654
52.40999999999814,52.40999999999825,123,3.825471725508436
52.41999999999814,52.419999999998254,123,3.8248548715704516
52.42999999999814,52.42999999999825,123,3.824613348433587
52.439999999998136,52.43999999999824,123,3.82437142601583
52.449999999998134,52.44999999999824,123,3.8241291043080423
52.45999999999813,52.45999999999824,123,3.8238863833006036
52.46999999999813,52.469999999998244,123,3.823643262984234
52.47999999999813,52.479999999998235,123,3.823399743349441
52.489999999998126,52.48999999999823,123,3.8231558243869586
52.499999999998124,52.49999999999823,123,3.8229115060875785
52.50999999999812,52.509999999998236,123,3.822666788441822
52.51999999999812,52.519999999998234,123,3.822421671440466
52.52999999999812,52.529999999998225,123,3.822176155074203
52.539999999998116,52.53999999999822,123,3.8219302393338097
52.549999999998114,52.54999999999822,123,3.8216840978403326
52.55999999999811,52.559999999998226,123,3.8214376149059603
52.56999999999811,52.56999999999822,123,3.8211907321865652
52.57999999999811,52.579999999998215,123,3.8209434496729955
52.589999999998106,52.58999999999821,123,3.8206957673565256
52.599999999998104,52.59999999999822,123,3.82044768522816
52.6099999999981,52.60999999999822,123,3.8202172280866193
52.6199999999981,52.6199999999982,123,3.8199685691865994
52.6299999999981,52.629999999998205,123,3.819719511796677
52.639999999998096,52.63999999999819,123,3.8194700559079706
52.649999999998094,52.64999999999821,123,3.8192202015110865
52.65999999999809,52.6599999999982,123,3.8189699485969584
52.66999999999809,52.6699999999982,123,3.818719297156477
52.67999999999809,52.67999999999819,123,3.8184682471805615
52.689999999998086,52.68999999999819,123,3.818216798660089
52.699999999998084,52.699999999998184,123,3.817964951585992
52.70999999999808,52.70999999999818,123,3.816761031278176
52.71999999999808,52.71999999999818,123,3.8165084318717817
52.72999999999808,52.72999999999819,123,3.816255434504342
52.739999999998076,52.739999999998204,123,3.8160020391665483
52.749999999998074,52.74999999999818,123,3.8157482458488943
52.75999999999807,52.75999999999818,123,3.815494054541986
52.76999999999807,52.769999999998184,123,3.815239465236374
52.77999999999807,52.77999999999819,123,3.8149844779226214
52.78999999999807,52.789999999998166,123,3.814729092591463
52.799999999998064,52.79999999999818,123,3.8144733092335485
52.80999999999806,52.809999999998176,123,3.8142171278394414
52.81999999999806,52.81999999999818,123,3.8139605483999333
52.82999999999806,52.82999999999816,123,3.8137035709055453
52.83999999999806,52.83999999999816,123,3.8134461953471543
52.849999999998055,52.849999999998154,123,3.8131884217155374
52.85999999999805,52.859999999998145,123,3.812930250001429
52.86999999999805,52.869999999998164,123,3.8126716801955496
52.87999999999805,52.879999999998155,123,3.812412712288719
52.88999999999805,52.889999999998146,123,3.812153346271728
52.899999999998045,52.89999999999815,123,3.8118935821354114
52.90999999999804,52.90999999999815,123,3.8116334198706596
52.91999999999804,52.91999999999814,123,3.811372859468406
52.92999999999804,52.92999999999814,123,3.811111896284416
52.93999999999804,52.939999999998165,123,3.810850528060712
52.949999999998035,52.94999999999813,123,3.810587581778776
52.95999999999803,52.959999999998146,123,3.8103239695785476
52.96999999999803,52.96999999999814,123,3.8100599593316957
52.97999999999803,52.97999999999814,123,3.809796047696892
52.98999999999803,52.98999999999813,123,3.8095327563606673
52.999999999998025,52.99999999999813,123,3.809269066914169
53.00999999999802,53.00999999999812,123,3.8090236288111186
53.01999999999802,53.01999999999811,123,3.808759327364612
53.02999999999802,53.02999999999815,123,3.8084946286676313
53.03999999999802,53.03999999999812,123,3.8082295327104276
53.049999999998015,53.04999999999811,123,3.8079640394832808
53.05999999999801,53.05999999999814,123,3.8076981489763853
53.06999999999801,53.069999999998124,123,3.8074318611802624
53.07999999999801,53.079999999998115,123,3.8071651760850074
53.08999999999801,53.08999999999811,123,3.8068980936811556
53.099999999998005,53.099999999998126,123,3.8066306139589443
53.109999999998,53.109999999998124,123,3.806362736908838
53.119999999998,53.11999999999811,123,3.8060944625212016
53.129999999998,53.129999999998105,123,3.805825790786429
53.139999999998,53.13999999999812,123,3.805556780259252
53.149999999997995,53.1499999999981,123,3.8052875492540608
53.15999999999799,53.15999999999811,123,3.8050179204783205
53.16999999999799,53.1699999999981,123,3.804747893922894
53.17999999999799,53.1799999999981,123,3.8044774695784724
53.18999999999799,53.18999999999811,123,3.804206647435933
53.199999999997985,53.19999999999809,123,3.8039354274861097
53.20999999999798,53.20999999999808,123,3.8036638097199216
53.21999999999798,53.21999999999807,123,3.803007920168511
53.22999999999798,53.22999999999809,123,3.80273548179251
53.23999999999798,53.239999999998076,123,3.8024626456563055
53.249999999997975,53.249999999998074,123,3.802189411750831
53.25999999999797,53.25999999999809,123,3.8019157800669063
53.26999999999797,53.26999999999808,123,3.801641750595536
53.27999999999797,53.27999999999807,123,3.8013673233276535
53.28999999999797,53.28999999999806,123,3.801092498254249
53.299999999997965,53.29999999999808,123,3.8008172753662137
53.30999999999796,53.30999999999807,123,3.800541654654552
53.31999999999796,53.31999999999805,123,3.799294951823626
53.32999999999796,53.32999999999809,123,3.7990185919598503
53.33999999999796,53.33999999999807,123,3.7987418348636766
53.349999999997955,53.34999999999807,123,3.7984646805257256
53.35999999999795,53.35999999999808,123,3.798187128936533
53.36999999999795,53.36999999999807,123,3.7979091800867053
53.37999999999795,53.37999999999807,123,3.797630833966892
53.38999999999795,53.389999999998054,123,3.7973520905677844
53.399999999997945,53.39999999999804,123,3.797072949880004
53.40999999999794,53.409999999998035,123,3.7968124687570395
53.41999999999794,53.41999999999804,123,3.7965326901542937
53.42999999999794,53.42999999999807,123,3.7962525148622746
53.43999999999794,53.43999999999804,123,3.795971942871688
53.449999999997935,53.44999999999805,123,3.7956909741730414
53.45999999999793,53.459999999998054,123,3.79540960875687
53.46999999999793,53.46999999999803,123,3.7951278466138803
53.47999999999793,53.47999999999805,123,3.7948456877348065
53.48999999999793,53.489999999998055,123,3.7945631321101416
53.499999999997925,53.49999999999804,123,3.7942801797307624
53.50999999999792,53.50999999999803,123,3.793996830587332
53.51999999999792,53.519999999998014,123,3.7937130846705003
53.52999999999792,53.52999999999801,123,3.793428941971129
53.53999999999792,53.53999999999803,123,3.7931444024798395
53.549999999997915,53.54999999999804,123,3.7928594661876076
53.55999999999791,53.55999999999802,123,3.792574133085054
53.56999999999791,53.56999999999802,123,3.7922884031631128
53.57999999999791,53.57999999999803,123,3.79200227641266
53.58999999999791,53.58999999999801,123,3.7917157528244303
53.599999999997905,53.59999999999803,123,3.7914288323893857
53.6099999999979,53.609999999998,123,3.7911415150984595
53.6199999999979,53.619999999997994,123,3.7908538009425428
53.6299999999979,53.62999999999801,123,3.7905656899125546
53.6399999999979,53.63999999999799,123,3.7902771819994427
53.649999999997895,53.649999999998,123,3.7899882771941975
53.65999999999789,53.659999999998014,123,3.789698975487781
53.66999999999789,53.66999999999802,123,3.7894092768712824
53.67999999999789,53.679999999998,123,3.7891190892317326
53.68999999999789,53.689999999997994,123,3.788827125535093
53.699999999997885,53.699999999997985,123,3.788534961825661
53.70999999999788,53.709999999998004,123,3.7882437404932574
53.71999999999788,53.71999999999801,123,3.7879521223064785
53.72999999999788,53.72999999999798,123,3.7876600959855438
53.73999999999788,53.739999999997984,123,3.7873676721132483
53.749999999997875,53.74999999999796,123,3.787074851352344
53.75999999999787,53.75999999999798,123,3.786781855276942
53.76999999999787,53.769999999998,123,3.7864884797049996
53.77999999999787,53.779999999998,123,3.7861947068103916
53.78999999999787,53.78999999999797,123,3.7859005365839664
53.799999999997866,53.79999999999798,123,3.7856059690167854
53.80999999999786,53.809999999997984,123,3.785330357015951
53.81999999999786,53.81999999999796,123,3.785035130947719
53.82999999999786,53.82999999999796,123,3.7847395079772923
53.83999999999786,53.839999999997964,123,3.7844434880954907
53.849999999997856,53.84999999999796,123,3.784147071293347
53.859999999997854,53.85999999999797,123,3.7838502575617525
53.86999999999785,53.86999999999797,123,3.783553046891811
53.87999999999785,53.87999999999798,123,3.7832554392743987
53.88999999999785,53.88999999999797,123,3.782957434700606
53.899999999997846,53.89999999999796,123,3.7826590331614227
53.909999999997844,53.90999999999797,123,3.7823602346480243
53.91999999999784,53.91999999999797,123,3.781072080445682
53.92999999999784,53.929999999997946,123,3.7807725559841145
53.93999999999784,53.939999999997966,123,3.780472635136931
53.949999999997836,53.949999999997964,123,3.7801723178947384
53.959999999997834,53.95999999999794,123,3.7798716042479725
53.96999999999783,53.96999999999793,123,3.7795704941874675
53.97999999999783,53.97999999999792,123,3.7792689877039294
53.98999999999783,53.98999999999794,123,3.778967084787894
53.999999999997826,53.999999999997925,123,3.778664785430294
54.009999999997824,54.0099999999979,123,3.777971468413668
54.01999999999782,54.0199999999979,123,3.7776693428702544
54.02999999999782,54.0299999999979,123,3.777366797027028
54.03999999999782,54.0399999999979,123,3.7770638308818576
54.049999999997816,54.049999999997894,123,3.7767604444327105
54.059999999997814,54.05999999999789,123,3.776456637677285
54.06999999999781,54.06999999999788,123,3.776152410613662
54.07999999999781,54.079999999997895,123,3.7758477632395966
54.08999999999781,54.08999999999788,123,3.775542695553085
54.099999999997806,54.099999999997884,123,3.7752372075521095
54.109999999997804,54.10999999999788,123,3.7749312992344812
54.1199999999978,54.11999999999788,123,3.7746249705982393
54.1299999999978,54.129999999997885,123,3.7743182216413516
54.1399999999978,54.139999999997876,123,3.7740110523617574
54.149999999997796,54.149999999997874,123,3.7737034627574815
54.159999999997794,54.159999999997865,123,3.7733954528265627
54.16999999999779,54.16999999999788,123,3.77308702256704
54.17999999999779,54.17999999999786,123,3.772778171976867
54.18999999999779,54.189999999997866,123,3.7724689010541823
54.199999999997786,54.199999999997864,123,3.7721592097969534
54.209999999997784,54.20999999999786,123,3.7718490982033757
54.21999999999778,54.21999999999787,123,3.771538566271488
54.22999999999778,54.22999999999786,123,3.7712276139993577
54.23999999999778,54.239999999997856,123,3.7709162413850237
54.249999999997776,54.24999999999786,123,3.7706044484267522
54.259999999997774,54.25999999999786,123,3.770292235122767
54.26999999999777,54.26999999999784,123,3.7699796014710074
54.27999999999777,54.27999999999784,123,3.7696665474697255
54.28999999999777,54.289999999997846,123,3.7693530731171876
54.299999999997766,54.299999999997844,123,3.7690391784114468
54.309999999997764,54.30999999999785,123,3.7687248633507835
54.31999999999776,54.31999999999784,123,3.7684101279334357
54.32999999999776,54.32999999999784,123,3.7680949721576695
54.33999999999776,54.33999999999784,123,3.767779396021581
54.349999999997756,54.34999999999784,123,3.767463399523578
54.359999999997754,54.359999999997825,123,3.7671469826618704
54.36999999999775,54.36999999999782,123,3.7668302731686367
54.37999999999775,54.37999999999783,123,3.766513257584805
54.38999999999775,54.389999999997826,123,3.7661958212258497
54.399999999997746,54.39999999999783,123,3.765877964090407
54.409999999997744,54.40999999999782,123,3.7655710494878747
54.41999999999774,54.41999999999782,123,3.7652527724221585
54.42999999999774,54.429999999997825,123,3.7649338545061397
54.43999999999774,54.43999999999782,123,3.7646149637385236
54.449999999997736,54.449999999997814,123,3.764295665679839
54.459999999997734,54.459999999997805,123,3.7639759603241885
54.46999999999773,54.46999999999781,123,3.7636558476655892
54.47999999999773,54.47999999999781,123,3.763335327698158
54.48999999999773,54.48999999999781,123,3.7630144004162105
54.499999999997726,54.499999999997804,123,3.762693065813707
54.509999999997724,54.5099999999978,123,3.7623713238849774
54.51999999999772,54.51999999999781,123,3.76204917050795
54.52999999999772,54.529999999997806,123,3.760719257264668
54.53999999999772,54.5399999999978,123,3.760396360021133
54.549999999997716,54.54999999999779,123,3.7600730560434243
54.559999999997714,54.55999999999779,123,3.7597493453254742
54.56999999999771,54.56999999999779,123,3.759425227860987
54.57999999999771,54.579999999997796,123,3.7591007036437247
54.58999999999771,54.58999999999779,123,3.7587757726676756
54.599999999997706,54.599999999997785,123,3.7584504349265018
54.609999999997704,54.60999999999779,123,3.7581246904142347
54.6199999999977,54.61999999999779,123,3.757798539124707
54.6299999999977,54.62999999999778,123,3.757471981051765
54.6399999999977,54.63999999999777,123,3.7571450161893267
54.649999999997696,54.649999999997775,123,3.75681764453158
54.659999999997694,54.65999999999777,123,3.7564898660720445
54.66999999999769,54.66999999999778,123,3.756161680805036
54.67999999999769,54.67999999999777,123,3.75583308872433
54.68999999999769,54.68999999999777,123,3.755504089824143
54.69999999999769,54.69999999999777,123,3.7551746840983355
54.709999999997684,54.70999999999777,123,3.7548448715410245
54.71999999999768,54.71999999999776,123,3.754514652146156
54.72999999999768,54.72999999999775,123,3.7541840259078896
54.73999999999768,54.73999999999776,123,3.7538529928203417
54.74999999999768,54.749999999997755,123,3.753521552877416
54.759999999997675,54.759999999997746,123,3.7531897060735844
54.76999999999767,54.76999999999775,123,3.7528574524026936
54.77999999999767,54.77999999999775,123,3.7525247918590026
54.78999999999767,54.789999999997754,123,3.7521917244365284
54.79999999999767,54.79999999999775,123,3.7518582501298425
54.809999999997665,54.80999999999774,123,3.7511405406580423
54.81999999999766,54.819999999997734,123,3.750806602505577
54.82999999999766,54.82999999999774,123,3.7504722619486586
54.83999999999766,54.839999999997744,123,3.750137518980466
54.84999999999766,54.84999999999773,123,3.7498023735936243
54.859999999997655,54.859999999997726,123,3.7494668257814396
54.86999999999765,54.86999999999773,123,3.749130875536764
54.87999999999765,54.879999999997736,123,3.748794522852748
54.88999999999765,54.88999999999772,123,3.748457767722371
54.89999999999765,54.899999999997725,123,3.7481206101386277
54.909999999997645,54.909999999997716,123,3.7477830500946965
54.91999999999764,54.91999999999772,123,3.7474450875836283
54.92999999999764,54.929999999997726,123,3.747106722598545
54.93999999999764,54.93999999999771,123,3.7467679551325546
54.94999999999764,54.94999999999772,123,3.7464287851788782
54.959999999997635,54.95999999999772,123,3.7460892127306806
54.96999999999763,54.96999999999772,123,3.745749237781027
54.97999999999763,54.979999999997716,123,3.7454088808462416
54.98999999999763,54.98999999999772,123,3.745068346571145
54.99999999999763,54.99999999999771,123,3.7447274093489824
55.009999999997625,55.00999999999771,123,3.7443860691733306
55.01999999999762,55.019999999997715,123,3.744044326037823
55.02999999999762,55.02999999999771,123,3.7437021799361645
55.03999999999762,55.0399999999977,123,3.74335963086196
55.04999999999762,55.04999999999769,123,3.743016678808843
55.059999999997615,55.05999999999771,123,3.7426733237706173
55.06999999999761,55.069999999997705,123,3.7423295657408318
55.07999999999761,55.07999999999769,123,3.741985404713489
55.08999999999761,55.08999999999768,123,3.7416408406821233
55.09999999999761,55.09999999999769,123,3.741295873640553
55.109999999997605,55.10999999999769,123,3.740950503582596
55.1199999999976,55.119999999997674,123,3.7406047305019996
55.1299999999976,55.12999999999768,123,3.740258554392625
55.1399999999976,55.13999999999768,123,3.7388972996899668
55.1499999999976,55.149999999997675,123,3.7385504059116954
55.159999999997595,55.15999999999768,123,3.738203087306971
55.16999999999759,55.16999999999767,123,3.7378538715553162
55.17999999999759,55.17999999999766,123,3.7375042536164784
55.18999999999759,55.189999999997674,123,3.7371542334843326
55.19999999999759,55.19999999999767,123,3.736803811152612
55.209999999997585,55.209999999997656,123,3.7364694175149964
55.21999999999758,55.21999999999766,123,3.7361190256987413
55.22999999999758,55.22999999999766,123,3.735769246199311
55.23999999999758,55.23999999999766,123,3.73541906648488
55.24999999999758,55.24999999999766,123,3.735068486547746
55.259999999997575,55.25999999999765,123,3.7347175063801643
55.26999999999757,55.26999999999766,123,3.734366125974489
55.27999999999757,55.279999999997656,123,3.734014345323118
55.28999999999757,55.289999999997654,123,3.7336621644183197
55.29999999999757,55.29999999999766,123,3.733309583252634
55.309999999997565,55.30999999999765,123,3.732956601818344
55.31999999999756,55.31999999999764,123,3.7326032114701917
55.32999999999756,55.32999999999765,123,3.7322494167364795
55.33999999999756,55.33999999999765,123,3.7318952217071057
55.34999999999756,55.349999999997635,123,3.73154062637461
55.359999999997555,55.359999999997626,123,3.7311856307316305
55.36999999999755,55.36999999999764,123,3.730830234770437
55.37999999999755,55.37999999999764,123,3.7304744384837534
55.38999999999755,55.38999999999762,123,3.73011824186419
55.39999999999755,55.399999999997625,123,3.729761644904258
55.409999999997545,55.40999999999762,123,3.729404647596482
55.41999999999754,55.41999999999762,123,3.7290472499336147
55.42999999999754,55.42999999999763,123,3.7286894519082097
55.43999999999754,55.43999999999762,123,3.728331253513005
55.44999999999754,55.44999999999762,123,3.7279726547405403
55.459999999997535,55.45999999999762,123,3.7276136555836956
55.46999999999753,55.46999999999762,123,3.727254256035067
55.47999999999753,55.479999999997624,123,3.7268944560873507
55.48999999999753,55.489999999997615,123,3.7265342557334122
55.49999999999753,55.499999999997605,123,3.726173654965905
55.509999999997525,55.50999999999762,123,3.7258126537776377
55.51999999999752,55.519999999997616,123,3.7254512521614345
55.52999999999752,55.5299999999976,123,3.7250894501101186
55.53999999999752,55.5399999999976,123,3.724727247616542
55.54999999999752,55.5499999999976,123,3.7243646446735568
55.559999999997515,55.5599999999976,123,3.7240016412738726
55.56999999999751,55.569999999997584,123,3.7236382374106256
55.57999999999751,55.57999999999759,123,3.723274559264098
55.58999999999751,55.589999999997595,123,3.722910603392492
55.59999999999751,55.599999999997586,123,3.7225462466001034
55.609999999997505,55.60999999999759,123,3.721793243387026
55.6199999999975,55.61999999999758,123,3.721428290769964
55.6299999999975,55.62999999999758,123,3.7210629385835006
55.6399999999975,55.63999999999759,123,3.720697186820729
55.6499999999975,55.64999999999758,123,3.720331035474615
55.659999999997495,55.659999999997574,123,3.7199644845382807
55.66999999999749,55.66999999999757,123,3.7195975340045635
55.67999999999749,55.67999999999758,123,3.7192301838667703
55.68999999999749,55.689999999997575,123,3.7188624341179093
55.69999999999749,55.699999999997566,123,3.718494284751131
55.709999999997486,55.70999999999756,123,3.718125735759486
55.71999999999748,55.719999999997576,123,3.717756787136139
55.72999999999748,55.72999999999758,123,3.71738743887434
55.73999999999748,55.739999999997565,123,3.7170176909671255
55.74999999999748,55.74999999999755,123,3.7166475434078023
55.759999999997476,55.759999999997575,123,3.7152448044217152
55.769999999997474,55.76999999999758,123,3.714873957130152
55.77999999999747,55.77999999999754,123,3.714502710777211
55.78999999999747,55.78999999999755,123,3.7141310653555877
55.79999999999747,55.79999999999755,123,3.713759020858035
55.809999999997466,55.809999999997544,123,3.7133865772772197
55.819999999997464,55.81999999999755,123,3.713013734606008
55.82999999999746,55.82999999999755,123,3.712640492837224
55.83999999999746,55.83999999999755,123,3.7122668519635624
55.84999999999746,55.84999999999754,123,3.7118928119779753
55.859999999997456,55.85999999999754,123,3.711518372873215
55.869999999997454,55.869999999997525,123,3.7111435346421615
55.87999999999745,55.87999999999753,123,3.710768297277724
55.88999999999745,55.88999999999753,123,3.7103926607728397
55.89999999999745,55.899999999997526,123,3.7100166251203746
55.909999999997446,55.90999999999753,123,3.709639108642321
55.919999999997444,55.919999999997515,123,3.7092607390629837
55.92999999999744,55.92999999999754,123,3.7088819706310545
55.93999999999744,55.93999999999751,123,3.708502803339954
55.94999999999744,55.94999999999752,123,3.7081242855619365
55.959999999997436,55.95999999999751,123,3.7077459133918325
55.969999999997434,55.96999999999753,123,3.7073671421050847
55.97999999999743,55.97999999999751,123,3.7069879716942324
55.98999999999743,55.98999999999751,123,3.7066084021515735
55.99999999999743,55.99999999999751,123,3.7062284334697466
56.009999999997426,56.00999999999751,123,3.70586596265305
56.019999999997424,56.0199999999975,123,3.7054853725845476
56.02999999999742,56.02999999999751,123,3.705104384208994
56.03999999999742,56.039999999997505,123,3.7047229975187577
56.04999999999742,56.04999999999749,123,3.7043412125061224
56.059999999997416,56.05999999999751,123,3.7039590291635562
56.069999999997414,56.06999999999749,123,3.7035764474833712
56.07999999999741,56.079999999997504,123,3.703193467457865
56.08999999999741,56.0899999999975,123,3.7028100890796622
56.09999999999741,56.09999999999749,123,3.7024263123410464
56.109999999997406,56.109999999997505,123,3.7020421372345567
56.119999999997404,56.119999999997475,123,3.701657551615142
56.1299999999974,56.12999999999749,123,3.7012725666645565
56.1399999999974,56.13999999999749,123,3.7008871833201056
56.1499999999974,56.14999999999747,123,3.700501401574357
56.159999999997396,56.15999999999748,123,3.70011522141985
56.169999999997394,56.16999999999747,123,3.69972864284928
56.17999999999739,56.17999999999748,123,3.6993416658550444
56.18999999999739,56.18999999999748,123,3.698954305125028
56.19999999999739,56.199999999997466,123,3.698566783734705
56.209999999997386,56.20999999999746,123,3.6981788634522132
56.219999999997384,56.219999999997476,123,3.6977905442708163
56.22999999999738,56.22999999999745,123,3.6974018261833095
56.23999999999738,56.23999999999745,123,3.6970127091831557
56.24999999999738,56.249999999997456,123,3.6966231932631644
56.259999999997376,56.259999999997454,123,3.696233278416699
56.269999999997374,56.26999999999746,123,3.695842964636853
56.27999999999737,56.27999999999746,123,3.6954522519168194
56.28999999999737,56.28999999999745,123,3.6950611402498765
56.29999999999737,56.29999999999745,123,3.69466962962926
56.309999999997366,56.30999999999745,123,3.6942777200481203
56.319999999997364,56.31999999999745,123,3.693885411499892
56.32999999999736,56.329999999997455,123,3.693492703977654
56.33999999999736,56.33999999999744,123,3.6930995974748413
56.34999999999736,56.34999999999745,123,3.6916569090332843
56.359999999997356,56.35999999999745,123,3.6912631142116226
56.369999999997354,56.36999999999744,123,3.6908689209982697
56.37999999999735,56.37999999999744,123,3.690474329385964
56.38999999999735,56.38999999999742,123,3.6900793393676423
56.39999999999735,56.39999999999743,123,3.689271740692064
56.409999999997346,56.40999999999743,123,3.688894241120238
56.419999999997344,56.419999999997415,123,3.6884982029964988
56.42999999999734,56.42999999999742,123,3.6881017671149863
56.43999999999734,56.43999999999745,123,3.6877049334683534
56.44999999999734,56.44999999999744,123,3.6873077020493525
56.459999999997336,56.459999999997414,123,3.6869100728507505
56.469999999997334,56.46999999999741,123,3.6865120458652996
56.47999999999733,56.4799999999974,123,3.6861136210857666
56.48999999999733,56.48999999999741,123,3.6857147985049465
56.49999999999733,56.499999999997435,123,3.68531557811572
56.509999999997326,56.50999999999742,123,3.684915959910782
56.519999999997324,56.5199999999974,123,3.684515943883113
56.52999999999732,56.5299999999974,123,3.6841155300255792
56.53999999999732,56.539999999997406,123,3.6837147183310037
56.54999999999732,56.54999999999742,123,3.6833135087923523
56.559999999997316,56.559999999997416,123,3.6829119014024485
56.569999999997314,56.569999999997385,123,3.682509896154315
56.57999999999731,56.5799999999974,123,3.682107493040917
56.58999999999731,56.589999999997396,123,3.6817046920551775
56.59999999999731,56.59999999999738,123,3.6813014931901193
56.60999999999731,56.60999999999741,123,3.680897896438765
56.619999999997304,56.61999999999739,123,3.6804939017940796
56.6299999999973,56.629999999997395,123,3.680089509249214
56.6399999999973,56.63999999999737,123,3.6796847187971338
56.6499999999973,56.64999999999738,123,3.679279231810739
56.6599999999973,56.65999999999739,123,3.6788720924937763
56.669999999997295,56.669999999997394,123,3.6784645556117255
56.67999999999729,56.67999999999739,123,3.678057749017853
56.68999999999729,56.68999999999736,123,3.6776510237581874
56.69999999999729,56.69999999999737,123,3.6772439006243047
56.70999999999729,56.70999999999737,123,3.6768363796084884
56.719999999997285,56.719999999997356,123,3.6764284607034625
56.72999999999728,56.729999999997375,123,3.6760201439018942
56.73999999999728,56.739999999997366,123,3.675611429196266
56.74999999999728,56.74999999999735,123,3.675202316579359
56.75999999999728,56.759999999997355,123,3.674792806043797
56.769999999997275,56.76999999999736,123,3.674382897582234
56.77999999999727,56.77999999999737,123,3.673972591187365
56.78999999999727,56.789999999997356,123,3.673561886851985
56.79999999999727,56.799999999997375,123,3.6731507845687332
56.80999999999727,56.80999999999734,123,3.6727580282793326
56.819999999997265,56.81999999999734,123,3.6723465164848363
56.82999999999726,56.82999999999736,123,3.6719346067131085
56.83999999999726,56.83999999999735,123,3.671522298957342
56.84999999999726,56.84999999999735,123,3.6711095932106588
56.85999999999726,56.85999999999734,123,3.670696489466195
56.869999999997255,56.869999999997354,123,3.6702829877171297
56.87999999999725,56.87999999999735,123,3.6698690879567977
56.88999999999725,56.88999999999736,123,3.6694547901782357
56.89999999999725,56.89999999999735,123,3.669040094374722
56.90999999999725,56.90999999999735,123,3.668624999586811
56.919999999997245,56.919999999997344,123,3.6682094942970878
56.92999999999724,56.92999999999735,123,3.667793590959704
56.93999999999724,56.93999999999733,123,3.667377289568094
56.94999999999724,56.94999999999734,123,3.666960590115451
56.95999999999724,56.95999999999731,123,3.666543492595295
56.969999999997235,56.96999999999731,123,3.665059919978191
56.97999999999723,56.97999999999733,123,3.6646421467680597
56.98999999999723,56.9899999999973,123,3.664223976076073
56.99999999999723,56.99999999999731,123,3.6638054078952678
57.00999999999723,57.00999999999729,123,3.663387412998617
57.019999999997225,57.019999999997296,123,3.662968997620169
57.02999999999722,57.02999999999729,123,3.6625501617591993
57.03999999999722,57.039999999997285,123,3.662130905415097
57.04999999999722,57.04999999999728,123,3.6617112285872224
57.05999999999722,57.059999999997274,123,3.661291131274865
57.069999999997215,57.06999999999728,123,3.6608706134773996
57.07999999999721,57.07999999999728,123,3.660449675194272
57.08999999999721,57.089999999997275,123,3.660028316424871
57.09999999999721,57.09999999999727,123,3.6596065371684574
57.10999999999721,57.10999999999728,123,3.659184337424591
57.119999999997205,57.11999999999727,123,3.6587617171927462
57.1299999999972,57.12999999999727,123,3.658338676472198
57.1399999999972,57.139999999997265,123,3.6579152152625625
57.1499999999972,57.149999999997256,123,3.6574913335632573
57.1599999999972,57.15999999999726,123,3.6570670313737565
57.169999999997195,57.16999999999726,123,3.6566423086935345
57.17999999999719,57.17999999999726,123,3.656217165522193
57.18999999999719,57.189999999997255,123,3.6557916018590646
57.19999999999719,57.19999999999725,123,3.654947589868371
57.20999999999719,57.20999999999725,123,3.6545211869657663
57.219999999997185,57.21999999999725,123,3.654094363642571
57.22999999999718,57.22999999999725,123,3.6536671198984862
57.23999999999718,57.23999999999724,123,3.6532394557327876
57.24999999999718,57.24999999999724,123,3.652811371145262
57.25999999999718,57.25999999999724,123,3.6523828661353406
57.269999999997175,57.26999999999724,123,3.6519539407025405
57.27999999999717,57.27999999999723,123,3.651524594846549
57.28999999999717,57.289999999997235,123,3.651094828566869
57.29999999999717,57.29999999999723,123,3.650664641863088
57.30999999999717,57.30999999999724,123,3.650234034734922
57.319999999997165,57.31999999999723,123,3.6498030071818306
57.32999999999716,57.32999999999722,123,3.649371559203587
57.33999999999716,57.33999999999722,123,3.6489396907997076
57.34999999999716,57.34999999999722,123,3.648507401970079
57.35999999999716,57.35999999999722,123,3.648074692714161
57.369999999997155,57.369999999997226,123,3.647641563031627
57.37999999999715,57.37999999999722,123,3.647208012922391
57.38999999999715,57.389999999997215,123,3.646774042385985
57.39999999999715,57.39999999999722,123,3.64633891330368
57.40999999999715,57.40999999999721,123,3.64591432513474
57.419999999997145,57.4199999999972,123,3.6454797279405255
57.42999999999714,57.4299999999972,123,3.6450449367348625
57.43999999999714,57.439999999997205,123,3.6446097376022095
57.44999999999714,57.4499999999972,123,3.644174130538431
57.45999999999714,57.45999999999721,123,3.643738115539648
57.469999999997135,57.4699999999972,123,3.6433016926018666
57.47999999999713,57.4799999999972,123,3.642864861721179
57.48999999999713,57.4899999999972,123,3.642427622893635
57.49999999999713,57.49999999999719,123,3.6419899761153403
57.50999999999713,57.509999999997184,123,3.6415519213824155
57.519999999997125,57.51999999999718,123,3.641113458690981
57.52999999999712,57.52999999999719,123,3.6406745880371716
57.53999999999712,57.539999999997185,123,3.640235309417122
57.54999999999712,57.549999999997176,123,3.6397956228270942
57.55999999999712,57.55999999999718,123,3.6393555282632377
57.569999999997115,57.56999999999718,123,3.6389150257217153
57.57999999999711,57.579999999997185,123,3.6373913345642137
57.58999999999711,57.589999999997175,123,3.6369501464176466
57.59999999999711,57.59999999999718,123,3.636508550893282
57.60999999999711,57.609999999997164,123,3.6360665479866157
57.619999999997106,57.61999999999717,123,3.635624137693469
57.6299999999971,57.62999999999717,123,3.6351813200095506
57.6399999999971,57.63999999999716,123,3.6347380949306114
57.6499999999971,57.64999999999716,123,3.6342944624524307
57.6599999999971,57.65999999999716,123,3.633850422570873
57.669999999997096,57.66999999999717,123,3.6334059752817325
57.679999999997094,57.67999999999716,123,3.6329611205806316
57.68999999999709,57.68999999999716,123,3.6325158584636483
57.69999999999709,57.69999999999717,123,3.632070188926491
57.70999999999709,57.70999999999715,123,3.6316241105801623
57.719999999997086,57.71999999999715,123,3.631177612466061
57.729999999997084,57.72999999999714,123,3.63073070691712
57.73999999999708,57.739999999997146,123,3.6302833939292185
57.74999999999708,57.749999999997144,123,3.6298356734984054
57.75999999999708,57.75999999999715,123,3.629387545620574
57.769999999997076,57.76999999999714,123,3.628939010291745
57.779999999997074,57.779999999997145,123,3.6284900675079257
57.78999999999707,57.78999999999715,123,3.6280407172649944
57.79999999999707,57.799999999997134,123,3.627590959559143
57.80999999999707,57.80999999999713,123,3.6271549464488686
57.819999999997066,57.81999999999712,123,3.6267047241112493
57.829999999997064,57.82999999999713,123,3.626254098550291
57.83999999999706,57.839999999997126,123,3.6258030697610053
57.84999999999706,57.84999999999713,123,3.6253516377383335
57.85999999999706,57.85999999999711,123,3.624899802477316
57.869999999997056,57.86999999999712,123,3.6244475639729785
57.879999999997054,57.879999999997125,123,3.6239949222203194
57.88999999999705,57.889999999997116,123,3.623541877214649
57.89999999999705,57.899999999997114,123,3.6230884289507372
57.90999999999705,57.909999999997105,123,3.62263457742381
57.919999999997046,57.91999999999711,123,3.622180322628992
57.929999999997044,57.92999999999711,123,3.621725664561353
57.93999999999704,57.93999999999711,123,3.6212706032161037
57.94999999999704,57.94999999999709,123,3.620815138588412
57.95999999999704,57.9599999999971,123,3.6203592706734042
57.969999999997036,57.96999999999711,123,3.619902999466319
57.979999999997034,57.9799999999971,123,3.6194463249622686
57.98999999999703,57.989999999997096,123,3.6189892471566054
57.99999999999703,57.99999999999709,123,3.6185317660445406
58.00999999999703,58.00999999999709,123,3.617650401354396
58.019999999997026,58.01999999999709,123,3.6171921205196327
58.029999999997024,58.02999999999709,123,3.6167334364323835
58.03999999999702,58.03999999999707,123,3.6162745243808274
58.04999999999702,58.049999999997084,123,3.6158152946110533
58.05999999999702,58.05999999999709,123,3.615355661102825
58.069999999997016,58.06999999999708,123,3.6148956238516803
58.079999999997014,58.07999999999708,123,3.614435182853498
58.08999999999701,58.08999999999707,123,3.613974338104029
58.09999999999701,58.099999999997074,123,3.6135130895990386
58.10999999999701,58.10999999999707,123,3.6130514373344766
58.119999999997006,58.11999999999707,123,3.6125893813061936
58.129999999997004,58.129999999997054,123,3.6121269215099403
58.139999999997,58.139999999997066,123,3.611664311073227
58.149999999997,58.14999999999707,123,3.6112018454261374
58.159999999997,58.15999999999706,123,3.610738222003235
58.169999999996996,58.16999999999706,123,3.6102741948591444
58.179999999996994,58.17999999999705,123,3.6098097639893325
58.18999999999699,58.189999999997056,123,3.60934492938911
58.19999999999699,58.199999999997054,123,3.6077818525989613
58.20999999999699,58.20999999999705,123,3.607330870674602
58.219999999996986,58.219999999997036,123,3.6068652259858425
58.229999999996984,58.22999999999705,123,3.6063991802552096
58.23999999999698,58.23999999999705,123,3.6059327334771325
58.24999999999698,58.249999999997044,123,3.6054658856458985
58.25999999999698,58.25999999999704,123,3.6049986367558375
58.269999999996976,58.26999999999703,123,3.6045309868013646
58.279999999996974,58.27999999999704,123,3.6040629357768523
58.28999999999697,58.289999999997036,123,3.6035944836767584
58.29999999999697,58.299999999997034,123,3.603125630495441
58.30999999999697,58.30999999999704,123,3.6026563762273867
58.319999999996966,58.31999999999703,123,3.6021867208671665
58.329999999996964,58.32999999999703,123,3.60171666440894
58.33999999999696,58.33999999999703,123,3.601246206847435
58.34999999999696,58.34999999999703,123,3.6007753481771942
58.35999999999696,58.35999999999704,123,3.60030408839269
58.369999999996956,58.369999999997034,123,3.5998324274884936
58.379999999996954,58.379999999997025,123,3.5993603654591055
58.38999999999695,58.38999999999703,123,3.598887902299097
58.39999999999695,58.39999999999703,123,3.598415038003253
58.40999999999695,58.409999999997034,123,3.59794177256596
58.419999999996946,58.41999999999703,123,3.5974681059819886
58.429999999996944,58.429999999997,123,3.596994038245896
58.43999999999694,58.439999999997006,123,3.5965195693524805
58.44999999999694,58.449999999997026,123,3.596044699296286
58.45999999999694,58.459999999997,123,3.5955694280719968
58.469999999996936,58.469999999997,123,3.5950937556744407
58.479999999996934,58.479999999997,123,3.594617682098402
58.48999999999693,58.489999999997,123,3.594141207338481
58.49999999999693,58.499999999996994,123,3.5936643313896326
58.50999999999693,58.50999999999699,123,3.5931870541194826
58.51999999999693,58.51999999999698,123,3.5927093617842587
58.529999999996924,58.52999999999699,123,3.592231268243168
58.53999999999692,58.539999999997,123,3.5917527734909385
58.54999999999692,58.549999999996984,123,3.5912738775224966
58.55999999999692,58.55999999999698,123,3.5907945803327976
58.56999999999692,58.56999999999698,123,3.5903148819164983
58.579999999996915,58.579999999996986,123,3.589834782268781
58.58999999999691,58.58999999999698,123,3.589354281384516
58.59999999999691,58.599999999996975,123,3.5888733792584446
58.60999999999691,58.60999999999698,123,3.5884087179924933
58.61999999999691,58.61999999999696,123,3.5879272193238023
58.629999999996905,58.62999999999699,123,3.5874453206478307
58.6399999999969,58.639999999996974,123,3.5869632631428203
58.6499999999969,58.649999999996965,123,3.5864808279955014
58.6599999999969,58.65999999999698,123,3.5859979923436356
58.6699999999969,58.66999999999697,123,3.5855147561824054
58.679999999996895,58.67999999999696,123,3.5850311195070645
58.68999999999689,58.68999999999698,123,3.584547082313165
58.69999999999689,58.69999999999694,123,3.5840626445957753
58.70999999999689,58.709999999996946,123,3.5835778063502346
58.71999999999689,58.719999999996965,123,3.5830925675720096
58.729999999996885,58.72999999999694,123,3.5826069282562543
58.73999999999688,58.739999999996954,123,3.582120888398464
58.74999999999688,58.749999999996945,123,3.5816344479941193
58.75999999999688,58.75999999999695,123,3.5811476070384884
58.76999999999688,58.76999999999694,123,3.5806603655270663
58.779999999996875,58.77999999999694,123,3.5801727234552203
58.78999999999687,58.78999999999695,123,3.5796846808183744
58.79999999999687,58.79999999999694,123,3.5780928558233143
58.80999999999687,58.80999999999693,123,3.5771745892039206
58.81999999999687,58.81999999999694,123,3.576685505609632
58.829999999996865,58.82999999999693,123,3.576196022096866
58.83999999999686,58.83999999999693,123,3.5757061386604363
58.84999999999686,58.84999999999694,123,3.575215855295255
58.85999999999686,58.85999999999692,123,3.574725171996249
58.86999999999686,58.86999999999694,123,3.5742340887583026
58.879999999996855,58.879999999996926,123,3.5737426055763706
58.88999999999685,58.88999999999691,123,3.573250722445408
58.89999999999685,58.899999999996936,123,3.5727578633258332
58.90999999999685,58.909999999996906,123,3.5722635806858705
58.91999999999685,58.91999999999691,123,3.571768898545585
58.929999999996845,58.92999999999691,123,3.5712738168999465
58.93999999999684,58.939999999996914,123,3.570778335744208
58.94999999999684,58.94999999999692,123,3.570283522934247
58.95999999999684,58.9599999999969,123,3.5697888863673626
58.96999999999684,58.96999999999691,123,3.56929384986519
58.979999999996835,58.979999999996906,123,3.5687984134224138
58.98999999999683,58.9899999999969,123,3.5683025770335632
58.99999999999683,58.99999999999689,123,3.567806340693167
59.00999999999683,59.00999999999692,123,3.567326917445669
59.01999999999683,59.01999999999689,123,3.566830051435417
59.029999999996825,59.029999999996896,123,3.5663327862812935
59.03999999999682,59.039999999996915,123,3.565835121977571
59.04999999999682,59.049999999996885,123,3.565337058518722
59.05999999999682,59.05999999999689,123,3.564838595899232
59.06999999999682,59.06999999999689,123,3.564339734113574
59.079999999996815,59.07999999999688,123,3.563840473156219
59.08999999999681,59.08999999999687,123,3.563340813021611
59.09999999999681,59.09999999999688,123,3.5628407537044495
59.10999999999681,59.10999999999687,123,3.5623402951990215
59.11999999999681,59.119999999996864,123,3.5618394375001117
59.129999999996805,59.12999999999688,123,3.5613381806020925
59.1399999999968,59.13999999999687,123,3.5608365244997486
59.1499999999968,59.14999999999687,123,3.560334469187424
59.1599999999968,59.159999999996856,123,3.5598320146600457
59.1699999999968,59.16999999999686,123,3.559329160912071
59.179999999996795,59.179999999996866,123,3.5588259079382425
59.18999999999679,59.18999999999686,123,3.5583222557330174
59.19999999999679,59.19999999999688,123,3.557818204291479
59.20999999999679,59.209999999996846,123,3.557313753607957
59.21999999999679,59.21999999999685,123,3.556808903677478
59.229999999996785,59.22999999999688,123,3.5563036544945135
59.23999999999678,59.239999999996854,123,3.5557980060539762
59.24999999999678,59.24999999999684,123,3.5552920627038276
59.25999999999678,59.25999999999687,123,3.5547858825390932
59.26999999999678,59.26999999999685,123,3.5542793026104817
59.279999999996775,59.27999999999684,123,3.553772322913403
59.28999999999677,59.289999999996844,123,3.553264943443182
59.29999999999677,59.29999999999683,123,3.5527571641953983
59.30999999999677,59.30999999999683,123,3.5522489851651926
59.31999999999677,59.319999999996845,123,3.5517403950964734
59.329999999996765,59.329999999996836,123,3.5512314022379883
59.33999999999676,59.33999999999682,123,3.550722009582927
59.34999999999676,59.34999999999685,123,3.550212217126969
59.35999999999676,59.35999999999683,123,3.5497020248655815
59.36999999999676,59.36999999999682,123,3.5491914327941316
59.379999999996755,59.37999999999681,123,3.5486804409082566
59.38999999999675,59.38999999999684,123,3.548169049203466
59.39999999999675,59.399999999996815,123,3.547657257675297
59.40999999999675,59.40999999999681,123,3.546043586181028
59.41999999999675,59.41999999999681,123,3.545531297384855
59.429999999996745,59.429999999996795,123,3.545018609931816
59.43999999999674,59.439999999996836,123,3.54450552381671
59.44999999999674,59.44999999999681,123,3.543992039034478
59.45999999999674,59.45999999999681,123,3.5434781555799475
59.46999999999674,59.46999999999682,123,3.542963873448116
59.479999999996735,59.47999999999679,123,3.5424491926337964
59.48999999999673,59.489999999996826,123,3.541934113132072
59.49999999999673,59.499999999996795,123,3.541418634937898
59.50999999999673,59.50999999999681,123,3.5409027580460872
59.51999999999673,59.51999999999678,123,3.5403864824519076
59.529999999996726,59.52999999999681,123,3.539869808150044
59.53999999999672,59.539999999996816,123,3.539352735135779
59.54999999999672,59.549999999996786,123,3.538835263403982
59.55999999999672,59.55999999999679,123,3.5383173929499208
59.56999999999672,59.569999999996796,123,3.5377991237684796
59.579999999996716,59.57999999999678,123,3.5372804558548694
59.589999999996714,59.58999999999678,123,3.5367613892041305
59.59999999999671,59.599999999996776,123,3.5362419238115166
59.60999999999671,59.60999999999678,123,3.535287722643119
59.61999999999671,59.61999999999677,123,3.534767476585003
59.629999999996706,59.62999999999679,123,3.5342468318328315
59.639999999996704,59.63999999999678,123,3.533725788381787
59.6499999999967,59.64999999999676,123,3.533204346226981
59.6599999999967,59.65999999999678,123,3.532680970428956
59.6699999999967,59.66999999999676,123,3.532157120191897
59.679999999996696,59.67999999999677,123,3.5316328717414223
59.689999999996694,59.68999999999676,123,3.5311095285055814
59.69999999999669,59.69999999999677,123,3.5305861346727028
59.70999999999669,59.70999999999678,123,3.530062342155105
59.71999999999669,59.71999999999676,123,3.529538150947616
59.729999999996686,59.72999999999676,123,3.5290135610449624
59.739999999996684,59.73999999999674,123,3.5284885724417165
59.74999999999668,59.74999999999677,123,3.527963185132762
59.75999999999668,59.759999999996744,123,3.5274373991127845
59.76999999999668,59.76999999999674,123,3.526911214376483
59.779999999996676,59.77999999999676,123,3.5263846309187414
59.789999999996674,59.789999999996745,123,3.5258576487343163
59.79999999999667,59.79999999999676,123,3.5253302678180773
59.80999999999667,59.80999999999676,123,3.5248203719927744
59.81999999999667,59.81999999999674,123,3.524292319643351
59.829999999996666,59.82999999999674,123,3.523763868979259
59.839999999996664,59.83999999999674,123,3.523235019995411
59.84999999999666,59.84999999999673,123,3.5227057726864643
59.85999999999666,59.85999999999673,123,3.522176127047416
59.86999999999666,59.869999999996736,123,3.521646305438523
59.879999999996656,59.879999999996734,123,3.521116132506961
59.889999999996654,59.889999999996725,123,3.520585560731078
59.89999999999665,59.89999999999673,123,3.5200545901065965
59.90999999999665,59.9099999999967,123,3.5195232206287272
59.91999999999665,59.919999999996705,123,3.5189914522929797
59.929999999996646,59.92999999999673,123,3.518459285094991
59.939999999996644,59.93999999999671,123,3.5179267190299583
59.94999999999664,59.949999999996706,123,3.517393754093817
59.95999999999664,59.9599999999967,123,3.5168603902816926
59.96999999999664,59.9699999999967,123,3.5163266275892937
59.979999999996636,59.9799999999967,123,3.5157924660121864
59.989999999996634,59.9899999999967,123,3.515257905545937
59.99999999999663,59.99999999999673,123,3.5147229461862253
60.00999999999663,60.00999999999669,123,3.514188523114754
60.01999999999663,60.019999999996706,123,3.5136536790034967
60.029999999996626,60.02999999999669,123,3.511984076044186
60.039999999996624,60.03999999999669,123,3.511448556330251
60.04999999999662,60.04999999999668,123,3.5109126161908364
60.05999999999662,60.059999999996684,123,3.5103762556265394
60.06999999999662,60.06999999999668,123,3.509839474638241
60.079999999996616,60.07999999999668,123,3.5093022732266803
60.089999999996614,60.089999999996664,123,3.5087646513927098
60.09999999999661,60.09999999999667,123,3.5082266091371963
60.10999999999661,60.10999999999669,123,3.507688146460893
60.11999999999661,60.11999999999667,123,3.507149257668118
60.129999999996606,60.12999999999667,123,3.506609939709307
60.139999999996604,60.13999999999666,123,3.5060702013313403
60.1499999999966,60.149999999996666,123,3.505530042535028
60.1599999999966,60.159999999996664,123,3.5049894633212944
60.1699999999966,60.16999999999666,123,3.5044484636910056
60.179999999996596,60.179999999996646,123,3.5039070436451567
60.189999999996594,60.18999999999665,123,3.503365203184657
60.19999999999659,60.199999999996656,123,3.5028229423104307
60.20999999999659,60.20999999999665,123,3.5022802610235573
60.21999999999659,60.21999999999665,123,3.5017371593249322
60.229999999996586,60.22999999999664,123,3.501193637215394
60.239999999996584,60.23999999999665,123,3.5006496946963352
60.24999999999658,60.249999999996646,123,3.500105331768353
60.25999999999658,60.259999999996644,123,3.4995605484326973
60.26999999999658,60.26999999999665,123,3.4990153446903776
60.279999999996576,60.27999999999663,123,3.498469720542346
60.289999999996574,60.28999999999664,123,3.497923675989796
60.29999999999657,60.29999999999663,123,3.4973772110336796
60.30999999999657,60.309999999996634,123,3.49683032567512
60.31999999999657,60.319999999996625,123,3.496283019915211
60.329999999996566,60.32999999999663,123,3.4957352937551036
60.339999999996564,60.33999999999663,123,3.495187147195807
60.34999999999656,60.349999999996626,123,3.4946385802384583
60.35999999999656,60.35999999999663,123,3.494089592884322
60.36999999999656,60.36999999999663,123,3.4935401851345205
60.379999999996556,60.37999999999662,123,3.4929902239998256
60.389999999996554,60.38999999999661,123,3.4924383547647153
60.39999999999655,60.399999999996616,123,3.491886642352327
60.40999999999655,60.40999999999661,123,3.4913461193216904
60.41999999999655,60.41999999999661,123,3.4903571041603527
60.42999999999655,60.42999999999661,123,3.4898051612031225
60.439999999996544,60.43999999999661,123,3.489253413288978
60.44999999999654,60.449999999996614,123,3.4887012575162117
60.45999999999654,60.45999999999661,123,3.4881486938821524
60.46999999999654,60.4699999999966,123,3.4875957223843557
60.47999999999654,60.47999999999659,123,3.487042413501868
60.489999999996535,60.4899999999966,123,3.4864888984835716
60.49999999999653,60.49999999999659,123,3.4859349750940396
60.50999999999653,60.50999999999659,123,3.485380643331439
60.51999999999653,60.51999999999659,123,3.484825903193581
60.52999999999653,60.52999999999659,123,3.484270754678761
60.539999999996525,60.539999999996596,123,3.4837151977849885
60.54999999999652,60.549999999996594,123,3.483159232510289
60.55999999999652,60.559999999996585,123,3.4826028588527294
60.56999999999652,60.569999999996575,123,3.4820460768106614
60.57999999999652,60.57999999999658,123,3.481488886381996
60.589999999996515,60.58999999999657,123,3.480931287564914
60.59999999999651,60.59999999999657,123,3.4803732803576963
60.60999999999651,60.609999999996575,123,3.4798148647583957
60.61999999999651,60.61999999999657,123,3.479256040765179
60.62999999999651,60.62999999999658,123,3.478696808376469
60.639999999996505,60.63999999999657,123,3.476987694488244
60.6499999999965,60.64999999999657,123,3.476427821304071
60.6599999999965,60.65999999999657,123,3.4758675403177364
60.6699999999965,60.66999999999657,123,3.4753068515271934
60.6799999999965,60.67999999999657,123,3.474745754929856
60.689999999996495,60.68999999999657,123,3.474184250523635
60.69999999999649,60.699999999996564,123,3.4736223383059865
60.70999999999649,60.70999999999657,123,3.4730600182747082
60.71999999999649,60.71999999999657,123,3.4724972904275972
60.72999999999649,60.729999999996565,123,3.471934154762252
60.739999999996485,60.73999999999657,123,3.471370611276569
60.74999999999648,60.74999999999656,123,3.4708066599682184
60.75999999999648,60.759999999996545,123,3.470242300835068
60.76999999999648,60.769999999996536,123,3.469677533874858
60.77999999999648,60.779999999996534,123,3.469112359085358
60.789999999996475,60.78999999999654,123,3.468546776464578
60.79999999999647,60.79999999999654,123,3.4679807860101306
60.80999999999647,60.80999999999655,123,3.4674280218173408
60.81999999999647,60.81999999999653,123,3.4668615532605855
60.82999999999647,60.829999999996524,123,3.4662946809641113
60.839999999996465,60.83999999999654,123,3.4657274049244506
60.84999999999646,60.84999999999653,123,3.4651597251389035
60.85999999999646,60.85999999999653,123,3.4645916416041587
60.86999999999646,60.869999999996516,123,3.4640231543174593
60.87999999999646,60.87999999999652,123,3.4634542632754375
60.889999999996455,60.88999999999653,123,3.4628849684753362
60.89999999999645,60.899999999996524,123,3.462315269913958
60.90999999999645,60.909999999996515,123,3.461745167588404
60.91999999999645,60.919999999996534,123,3.4611746614957752
60.92999999999645,60.92999999999652,123,3.4606037389248314
60.939999999996445,60.939999999996516,123,3.460032410625402
60.94999999999644,60.9499999999965,123,3.4594606785506983
60.95999999999644,60.95999999999649,123,3.45888854269775
60.96999999999644,60.96999999999651,123,3.4583160030637288
60.97999999999644,60.9799999999965,123,3.457743059645651
60.989999999996435,60.989999999996485,123,3.457169712440802
60.99999999999643,60.99999999999651,123,3.4565959614462543
61.00999999999643,61.009999999996495,123,3.4560218066592654
61.01999999999643,61.019999999996486,123,3.4554472480768936
61.02999999999643,61.02999999999649,123,3.454872285696567
61.039999999996425,61.039999999996496,123,3.4542969195152295
61.04999999999642,61.04999999999648,123,3.4537211495304376
61.05999999999642,61.059999999996485,123,3.45314497573915
61.06999999999642,61.06999999999648,123,3.4525683981388653
61.07999999999642,61.079999999996495,123,3.4519915293303285
61.089999999996415,61.08999999999648,123,3.451414417960123
61.09999999999641,61.09999999999648,123,3.4508369022614147
61.10999999999641,61.10999999999649,123,3.4502589822322705
61.11999999999641,61.11999999999645,123,3.449680657870573
61.12999999999641,61.12999999999648,123,3.4491019291742333
61.139999999996405,61.13999999999649,123,3.448522524846126
61.1499999999964,61.149999999996446,123,3.447942989698859
61.1599999999964,61.15999999999647,123,3.4473630818495593
61.1699999999964,61.169999999996456,123,3.446782769694849
61.1799999999964,61.17999999999645,123,3.446202053232099
61.189999999996395,61.18999999999648,123,3.445620932458681
61.19999999999639,61.199999999996464,123,3.445039407372292
61.20999999999639,61.209999999996455,123,3.4444726373522627
61.21999999999639,61.21999999999646,123,3.443447333094767
61.22999999999639,61.22999999999646,123,3.4428648739971095
61.239999999996385,61.23999999999645,123,3.4422820126645775
61.24999999999638,61.24999999999645,123,3.4416987490941437
61.25999999999638,61.25999999999644,123,3.439950934096501
61.26999999999638,61.26999999999644,123,3.4393670513470624
61.27999999999638,61.27999999999644,123,3.4387827669413866
61.289999999996375,61.28999999999644,123,3.4381980808759636
61.29999999999637,61.29999999999642,123,3.4376129931470985
61.30999999999637,61.309999999996435,123,3.4370275037512386
61.31999999999637,61.31999999999644,123,3.4364416126848596
61.32999999999637,61.329999999996446,123,3.435855319944679
61.339999999996365,61.33999999999643,123,3.435268625526973
61.34999999999636,61.34999999999645,123,3.4346815294283317
61.35999999999636,61.359999999996425,123,3.4340940316453157
61.36999999999636,61.36999999999645,123,3.4335061321743865
61.37999999999636,61.37999999999642,123,3.4329178310121904
61.389999999996355,61.38999999999643,123,3.4323291281554873
61.39999999999635,61.39999999999642,123,3.431740023600625
61.40999999999635,61.409999999996444,123,3.4311505173442214
61.41999999999635,61.41999999999642,123,3.430560609383093
61.42999999999635,61.42999999999642,123,3.4299702997137445
61.439999999996346,61.439999999996424,123,3.4293795883330915
61.44999999999634,61.44999999999642,123,3.4287884752374396
61.45999999999634,61.45999999999641,123,3.4281969604237332
61.46999999999634,61.46999999999642,123,3.4276050438885903
61.47999999999634,61.47999999999639,123,3.427012725628856
61.489999999996336,61.48999999999642,123,3.4264200056410914
61.499999999996334,61.49999999999642,123,3.425826883922312
61.50999999999633,61.509999999996396,123,3.425233360469022
61.51999999999633,61.519999999996394,123,3.424639435278209
61.52999999999633,61.529999999996384,123,3.4240451083466183
61.539999999996326,61.53999999999639,123,3.423450379671067
61.549999999996324,61.54999999999639,123,3.4228552492484
61.55999999999632,61.559999999996386,123,3.4222597170754483
61.56999999999632,61.56999999999637,123,3.4216637831490715
61.57999999999632,61.57999999999638,123,3.421067447466285
61.589999999996316,61.58999999999639,123,3.420470710023835
61.599999999996314,61.59999999999637,123,3.4198735708187087
61.60999999999631,61.609999999996354,123,3.4192920688529966
61.61999999999631,61.61999999999639,123,3.418694324697398
61.62999999999631,61.62999999999637,123,3.418096179976331
61.639999999996306,61.63999999999637,123,3.417497634686569
61.649999999996304,61.649999999996396,123,3.4168986888248014
61.6599999999963,61.65999999999635,123,3.416299342387717
61.6699999999963,61.669999999996385,123,3.4156995953721605
61.6799999999963,61.67999999999637,123,3.415099447774793
61.689999999996296,61.68999999999634,123,3.4144988995924166
61.699999999996294,61.699999999996365,123,3.413898149346892
61.70999999999629,61.70999999999635,123,3.413297076211478
61.71999999999629,61.719999999996354,123,3.4126956019615733
61.72999999999629,61.72999999999636,123,3.412093723471017
61.739999999996286,61.739999999996336,123,3.4114914321302763
61.749999999996284,61.74999999999636,123,3.41088873966892
61.75999999999628,61.759999999996346,123,3.4102856460846738
61.76999999999628,61.769999999996344,123,3.4096821513746676
61.77999999999628,61.77999999999635,123,3.4090782555366133
61.789999999996276,61.78999999999634,123,3.4084739585680666
61.799999999996274,61.79999999999636,123,3.407869260466498
61.80999999999627,61.80999999999636,123,3.407264161229591
61.81999999999627,61.81999999999633,123,3.4066586608548732
61.82999999999627,61.829999999996346,123,3.4060527593398717
61.839999999996266,61.83999999999634,123,3.40544645668227
61.849999999996264,61.84999999999633,123,3.404839752879653
61.85999999999626,61.859999999996354,123,3.4030660423262447
61.86999999999626,61.86999999999632,123,3.4024587272446496
61.87999999999626,61.87999999999632,123,3.401851011598268
61.889999999996256,61.889999999996334,123,3.4012428953840725
61.899999999996254,61.899999999996304,123,3.400634378599051
61.90999999999625,61.90999999999632,123,3.4000238541605086
61.91999999999625,61.919999999996314,123,3.399412896715333
61.92999999999625,61.92999999999632,123,3.398801539276832
61.939999999996246,61.939999999996324,123,3.398189781841836
61.949999999996244,61.9499999999963,123,3.397577624407532
61.95999999999624,61.9599999999963,123,3.3969655953395375
61.96999999999624,61.969999999996325,123,3.396354306652171
61.97999999999624,61.979999999996316,123,3.3957426173990513
61.989999999996236,61.98999999999631,123,3.3951305275768675
61.999999999996234,61.9999999999963,123,3.3945180371820953
62.00999999999623,62.00999999999633,123,3.3939217405707325
62.01999999999623,62.0199999999963,123,3.393308613244997
62.02999999999623,62.02999999999629,123,3.392247586011848
62.039999999996226,62.03999999999633,123,3.391633689366472
62.049999999996224,62.04999999999627,123,3.3910193929839636
62.05999999999622,62.05999999999628,123,3.390404696860969
62.06999999999622,62.069999999996334,123,3.3897896009939927
62.07999999999622,62.07999999999627,123,3.389174105379496
62.089999999996216,62.08999999999628,123,3.388558210014068
62.099999999996214,62.0999999999963,123,3.387941914894398
62.10999999999621,62.10999999999626,123,3.387325220016791
62.11999999999621,62.119999999996274,123,3.3867081253780924
62.12999999999621,62.1299999999963,123,3.386090630974678
62.139999999996206,62.139999999996256,123,3.385472736803351
62.149999999996204,62.14999999999626,123,3.384854442860842
62.1599999999962,62.159999999996295,123,3.384235749143599
62.1699999999962,62.16999999999626,123,3.3836166556483533
62.1799999999962,62.17999999999626,123,3.382997162371936
62.189999999996196,62.18999999999626,123,3.382377269310865
62.199999999996194,62.199999999996265,123,3.3817569764620714
62.20999999999619,62.209999999996256,123,3.3811362838221015
62.21999999999619,62.219999999996254,123,3.3805151913878433
62.22999999999619,62.22999999999626,123,3.3798936991559856
62.239999999996186,62.23999999999623,123,3.3792718071233594
62.249999999996184,62.24999999999625,123,3.3786495152867673
62.25999999999618,62.25999999999627,123,3.378026823642969
62.26999999999618,62.26999999999622,123,3.3774037321888386
62.27999999999618,62.27999999999624,123,3.3767802409212635
62.289999999996176,62.28999999999626,123,3.376156349837217
62.299999999996174,62.29999999999623,123,3.3755320589332456
62.30999999999617,62.309999999996236,123,3.374907381488498
62.31999999999617,62.31999999999626,123,3.3742825700485213
62.32999999999617,62.32999999999627,123,3.373657358251833
62.33999999999617,62.33999999999623,123,3.373031746096089
62.349999999996164,62.34999999999622,123,3.3724057335786455
62.35999999999616,62.35999999999626,123,3.371779320697243
62.36999999999616,62.369999999996224,123,3.3711525074494375
62.37999999999616,62.379999999996215,123,3.3705252938327845
62.38999999999616,62.389999999996256,123,3.3698976798450246
62.399999999996155,62.39999999999622,123,3.3692696654838272
62.40999999999615,62.409999999996245,123,3.368658227520072
62.41999999999615,62.41999999999621,123,3.368029552293052
62.42999999999615,62.42999999999621,123,3.367400477249433
62.43999999999615,62.43999999999623,123,3.366771002386386
62.449999999996145,62.44999999999621,123,3.3661411277018374
62.45999999999614,62.45999999999622,123,3.365510853193257
62.46999999999614,62.4699999999962,123,3.3648801788582148
62.47999999999614,62.47999999999622,123,3.363068473712218
62.48999999999614,62.4899999999962,123,3.36243719951446
62.499999999996135,62.499999999996206,123,3.3618055260659077
62.50999999999613,62.50999999999621,123,3.3611734533637616
62.51999999999613,62.519999999996195,123,3.3605409814048954
62.52999999999613,62.529999999996214,123,3.3599081101864527
62.53999999999613,62.53999999999619,123,3.3592748337408977
62.549999999996125,62.54999999999619,123,3.3586411489735895
62.55999999999612,62.55999999999621,123,3.3580070649400966
62.56999999999612,62.569999999996185,123,3.357372581637506
62.57999999999612,62.57999999999621,123,3.3567376990629754
62.58999999999612,62.58999999999619,123,3.35610241721362
62.599999999996115,62.59999999999617,123,3.35546673608647
62.60999999999611,62.60999999999618,123,3.3548306556790948
62.61999999999611,62.61999999999618,123,3.3541941759882263
62.62999999999611,62.62999999999618,123,3.3535572970112923
62.63999999999611,62.63999999999617,123,3.3529200187454933
62.649999999996105,62.64999999999618,123,3.3522823411880296
62.6599999999961,62.65999999999617,123,3.351644264336258
62.6699999999961,62.669999999996165,123,3.351004947881492
62.6799999999961,62.679999999996184,123,3.350364426945646
62.6899999999961,62.68999999999615,123,3.3497235073289886
62.699999999996095,62.69999999999619,123,3.3490821890287776
62.70999999999609,62.709999999996164,123,3.348441092625805
62.71999999999609,62.719999999996155,123,3.3478006470670323
62.72999999999609,62.729999999996174,123,3.3471598022179023
62.73999999999609,62.739999999996144,123,3.3465185580753882
62.749999999996085,62.74999999999618,123,3.3458769146363636
62.75999999999608,62.75999999999615,123,3.345234871897489
62.76999999999608,62.76999999999615,123,3.3445924298558225
62.77999999999608,62.77999999999616,123,3.34394958850811
62.78999999999608,62.78999999999614,123,3.3433063478514526
62.799999999996075,62.79999999999617,123,3.3426627078824396
62.80999999999607,62.80999999999615,123,3.34203591607087
62.81999999999607,62.81999999999613,123,3.3413915991237815
62.82999999999607,62.829999999996154,123,3.3407468832739653
62.83999999999607,62.83999999999613,123,3.339650855994307
62.849999999996065,62.84999999999616,123,3.3390053769104213
62.85999999999606,62.85999999999613,123,3.338359498968572
62.86999999999606,62.86999999999613,123,3.3377132221654335
62.87999999999606,62.87999999999612,123,3.3370665464978373
62.88999999999606,62.88999999999615,123,3.3364194719629694
62.899999999996055,62.89999999999612,123,3.335771998557604
62.90999999999605,62.909999999996124,123,3.3351241262787283
62.91999999999605,62.91999999999613,123,3.3344758551233724
62.92999999999605,62.92999999999612,123,3.3338272764474937
62.93999999999605,62.93999999999611,123,3.333178488842009
62.949999999996045,62.94999999999612,123,3.3325293018166917
62.95999999999604,62.95999999999609,123,3.3318797153689275
62.96999999999604,62.969999999996126,123,3.3312297294965987
62.97999999999604,62.97999999999611,123,3.330579344197261
62.98999999999604,62.9899999999961,123,3.32992855946857
62.999999999996035,62.99999999999609,123,3.3292773753085356
63.00999999999603,63.00999999999608,123,3.3286266940457523
63.01999999999603,63.01999999999607,123,3.3279755919836873
63.02999999999603,63.029999999996065,123,3.3273240691250408
63.03999999999603,63.03999999999607,123,3.326672125472726
63.049999999996025,63.049999999996054,123,3.326019761029457
63.05999999999602,63.05999999999606,123,3.3253669757980475
63.06999999999602,63.069999999996064,123,3.3247137697814964
63.07999999999602,63.079999999996055,123,3.324060142982347
63.08999999999602,63.08999999999605,123,3.3222115189060446
63.099999999996015,63.099999999996065,123,3.3215572578226755
63.10999999999601,63.10999999999605,123,3.320902576562844
63.11999999999601,63.11999999999605,123,3.3202474751287525
63.12999999999601,63.12999999999605,123,3.3195919535226466
63.13999999999601,63.13999999999605,123,3.3189360117469846
63.149999999996005,63.14999999999604,123,3.31827964980387
63.159999999996,63.159999999996046,123,3.317622867695846
63.169999999996,63.16999999999604,123,3.316965665425016
63.179999999996,63.179999999996035,123,3.3163080429937395
63.189999999996,63.18999999999605,123,3.315650000404574
63.199999999995995,63.19999999999603,123,3.3149915376597647
63.20999999999599,63.20999999999603,123,3.3143326547615715
63.21999999999599,63.219999999996034,123,3.3136733517124526
63.22999999999599,63.22999999999603,123,3.3130136285149945
63.23999999999599,63.23999999999602,123,3.312353485171286
63.249999999995985,63.24999999999603,123,3.311692921683914
63.25999999999598,63.25999999999602,123,3.3110319380552937
63.26999999999598,63.26999999999602,123,3.3103705342877277
63.27999999999598,63.27999999999603,123,3.3097087103839016
63.28999999999598,63.28999999999601,123,3.309046466346004
63.299999999995975,63.29999999999601,123,3.308383802176806
63.30999999999597,63.30999999999601,123,3.307720717878567
63.31999999999597,63.319999999996014,123,3.3070572134537883
63.32999999999597,63.329999999996005,123,3.3063932889049994
63.33999999999597,63.33999999999601,123,3.3057289442347866
63.349999999995966,63.349999999996,123,3.3050641731418864
63.35999999999596,63.359999999996,123,3.304398973093086
63.36999999999596,63.36999999999601,123,3.3037333529316726
63.37500000000015,63.3750000000002,123,3.3034003853093736
63.375,63.37500000000004,123,3.303400385309345
63.376,63.37600000000004,123,3.3033337791817843
63.376999999999995,63.37700000000004,123,3.303267168852898
63.37799999999999,63.37800000000003,123,3.3032005543230554
63.37899999999999,63.379000000000026,123,3.303133935592143
63.37999999999999,63.38000000000003,123,3.303067312660133
63.380999999999986,63.38100000000003,123,3.303000685526996
63.381999999999984,63.382000000000026,123,3.3029340541928462
63.38299999999998,63.38300000000002,123,3.302867418657641
63.38399999999998,63.384000000000015,123,3.3028007789212808
63.38499999999998,63.38500000000001,123,3.3027341349839787
63.385999999999974,63.38600000000001,123,3.302667486845607
63.38699999999997,63.387000000000015,123,3.302600834506052
63.38799999999997,63.388000000000005,123,3.3025341779655406
63.38899999999997,63.389,123,3.302467517223988
63.389999999999965,63.39,123,3.302400852281366
63.39099999999996,63.391,123,3.3023341831376456
63.39199999999996,63.391999999999996,123,3.3022675097929124
63.39299999999996,63.393,123,3.3022008322470953
63.393999999999956,63.39399999999999,123,3.302134150500308
63.39499999999995,63.39499999999999,123,3.3020674645525077
63.39599999999995,63.39599999999999,123,3.3020007744036093
63.39699999999995,63.396999999999984,123,3.3019340800536696
63.397999999999946,63.397999999999996,123,3.301867381502717
63.398999999999944,63.398999999999994,123,3.301800678750766
63.39999999999994,63.39999999999998,123,3.301733971797617
63.40099999999994,63.400999999999975,123,3.3016769847202596
63.40199999999994,63.40199999999997,123,3.301610317846638
63.402999999999935,63.40299999999996,123,3.301543646892185
63.40399999999993,63.40399999999998,123,3.301476971856843
63.40499999999993,63.40499999999998,123,3.3014102927406697
63.40599999999993,63.40599999999996,123,3.301343609543693
63.406999999999925,63.40699999999996,123,3.3012769222657568
63.40799999999992,63.407999999999966,123,3.3012102309070315
63.40899999999992,63.40899999999996,123,3.3011435354674887
63.40999999999992,63.40999999999997,123,3.3010768359470717
63.410999999999916,63.41099999999997,123,3.301010132345823
63.411999999999914,63.411999999999956,123,3.300943424663643
63.41299999999991,63.41299999999995,123,3.300876712900731
63.41399999999991,63.41399999999995,123,3.300809997056888
63.41499999999991,63.414999999999964,123,3.3007432771322556
63.415999999999904,63.41599999999995,123,3.300676553126692
63.4169999999999,63.416999999999945,123,3.300609825040354
63.4179999999999,63.41799999999994,123,3.300543092873042
63.4189999999999,63.418999999999926,123,3.300476356625026
63.419999999999895,63.41999999999994,123,3.3004096162961503
63.42099999999989,63.42099999999993,123,3.300342871886329
63.42199999999989,63.421999999999926,123,3.300276123395733
63.42299999999989,63.42299999999994,123,3.30020937082422
63.423999999999886,63.42399999999993,123,3.3001426141719605
63.42499999999988,63.424999999999926,123,3.3000758534387415
63.42599999999988,63.42599999999992,123,3.3000090886247193
63.42699999999988,63.426999999999936,123,3.299942319729851
63.42799999999988,63.42799999999991,123,3.299875546754123
63.428999999999874,63.42899999999992,123,3.299808769697492
63.42999999999987,63.429999999999914,123,3.299741988560072
63.43099999999987,63.43099999999992,123,3.2996752033417636
63.43199999999987,63.4319999999999,123,3.299608414042524
63.432999999999865,63.4329999999999,123,3.2995416184146222
63.43399999999986,63.4339999999999,123,3.299474656178674
63.43499999999986,63.43499999999991,123,3.299407689867735
63.43599999999986,63.4359999999999,123,3.299340719481904
63.436999999999856,63.43699999999989,123,3.2992737450210257
63.43799999999985,63.43799999999989,123,3.2992067664852414
63.43899999999985,63.4389999999999,123,3.2991397838744803
63.43999999999985,63.439999999999884,123,3.299072797188714
63.440999999999846,63.440999999999896,123,3.299005806428056
63.441999999999844,63.44199999999988,123,3.2989388115923504
63.44299999999984,63.442999999999884,123,3.298871812681739
63.44399999999984,63.443999999999875,123,3.298804809696179
63.44499999999984,63.44499999999987,123,3.2987378026355287
63.445999999999835,63.44599999999989,123,3.298670791500058
63.44699999999983,63.44699999999988,123,3.2986037762894966
63.44799999999983,63.447999999999865,123,3.298536757004115
63.44899999999983,63.44899999999986,123,3.298469733643671
63.449999999999825,63.44999999999986,123,3.298402706208236
63.45099999999982,63.450999999999866,123,3.298335674697924
63.45199999999982,63.45199999999987,123,3.2982686391126066
63.45299999999982,63.45299999999987,123,3.298201599452284
63.453999999999816,63.45399999999987,123,3.298134555716956
63.454999999999814,63.454999999999856,123,3.298067507906765
63.45599999999981,63.45599999999985,123,3.298000456021498
63.45699999999981,63.45699999999985,123,3.2979334000613534
63.45799999999981,63.45799999999986,123,3.2978663400261468
63.458999999999804,63.45899999999985,123,3.2977992759160912
63.4599999999998,63.459999999999845,123,3.297732333542811
63.4609999999998,63.460999999999835,123,3.2976654280941347
63.4619999999998,63.461999999999854,123,3.2975985185645413
63.462999999999795,63.46299999999983,123,3.297531604954372
63.46399999999979,63.46399999999983,123,3.2974646872635986
63.46499999999979,63.46499999999983,123,3.297397765492036
63.46599999999979,63.46599999999984,123,3.29733083963977
63.466999999999786,63.46699999999983,123,3.2972639097068424
63.46799999999978,63.467999999999826,123,3.2971969756931827
63.46899999999978,63.46899999999982,123,3.297130037598734
63.46999999999978,63.469999999999835,123,3.2970630954236526
63.470999999999776,63.47099999999982,123,3.296996149167967
63.471999999999774,63.47199999999982,123,3.2969291988314495
63.47299999999977,63.472999999999814,123,3.2968622444142426
63.47399999999977,63.47399999999982,123,3.296795285916417
63.47499999999977,63.4749999999998,123,3.2967283233377316
63.475999999999765,63.4759999999998,123,3.29666135667847
63.47699999999976,63.4769999999998,123,3.2965943859384623
63.47799999999976,63.47799999999981,123,3.296527411117779
63.47899999999976,63.47899999999979,123,3.2964604322162927
63.479999999999755,63.47999999999979,123,3.296393449234216
63.48099999999975,63.48099999999979,123,3.296326462171308
63.48199999999975,63.4819999999998,123,3.29625947102771
63.48299999999975,63.482999999999784,123,3.2961924758035224
63.483999999999746,63.48399999999979,123,3.2961254764984744
63.484999999999744,63.48499999999978,123,3.296058473112808
63.48599999999974,63.485999999999784,123,3.295991465646324
63.48699999999974,63.486999999999775,123,3.295924454099193
63.48799999999974,63.48799999999977,123,3.2958574384714296
63.488999999999734,63.48899999999979,123,3.2957904187628486
63.48999999999973,63.48999999999978,123,3.295723394973578
63.49099999999973,63.490999999999765,123,3.2956563671035894
63.49199999999973,63.49199999999976,123,3.2955893351529113
63.492999999999725,63.49299999999976,123,3.2955222991214157
63.49399999999972,63.49399999999977,123,3.295455259009316
63.49499999999972,63.49499999999977,123,3.295388214816356
63.49599999999972,63.49599999999977,123,3.29532116654282
63.496999999999716,63.49699999999975,123,3.295254114188481
63.49799999999971,63.497999999999756,123,3.2951870577534947
63.49899999999971,63.49899999999975,123,3.295119997237663
63.49999999999971,63.49999999999975,123,3.2950529326412834
63.500999999999706,63.50099999999976,123,3.2949858639640723
63.501999999999704,63.50199999999975,123,3.294918791206129
63.5029999999997,63.50299999999974,123,3.2948517143675247
63.5039999999997,63.503999999999735,123,3.294784633448131
63.5049999999997,63.504999999999754,123,3.29471754844802
63.505999999999695,63.50599999999973,123,3.2946504593672046
63.50699999999969,63.506999999999735,123,3.294583366205657
63.50799999999969,63.50799999999973,123,3.294516268963392
63.50899999999969,63.50899999999974,123,3.2944491676402805
63.509999999999685,63.50999999999973,123,3.2943820622366218
63.51099999999968,63.510999999999726,123,3.29431495275216
63.51199999999968,63.511999999999716,123,3.2942478391868804
63.51299999999968,63.512999999999735,123,3.294180721541011
63.513999999999676,63.51399999999972,123,3.2941135998143523
63.514999999999674,63.514999999999716,123,3.294046474007004
63.51599999999967,63.515999999999714,123,3.29397934411881
63.51699999999967,63.516999999999726,123,3.293912210150026
63.51799999999967,63.5179999999997,123,3.29384507210041
63.518999999999664,63.5189999999997,123,3.2937779299700196
63.51999999999966,63.519999999999705,123,3.2937107837589963
63.52099999999966,63.52099999999971,123,3.2936436334672123
63.52199999999966,63.52199999999969,123,3.293576479094625
63.522999999999655,63.52299999999969,123,3.2935093206413626
63.52399999999965,63.52399999999969,123,3.2934421581074247
63.52499999999965,63.5249999999997,123,3.2933749914926267
63.52599999999965,63.52599999999969,123,3.2933078207970965
63.526999999999646,63.52699999999969,123,3.2932406479438754
63.52799999999964,63.52799999999968,123,3.29317349746114
63.52899999999964,63.528999999999684,123,3.293106342892301
63.52999999999964,63.529999999999674,123,3.293039184237344
63.530999999999636,63.53099999999967,123,3.2929720214962686
63.531999999999634,63.53199999999969,123,3.292904854669132
63.53299999999963,63.53299999999968,123,3.292837683756005
63.53399999999963,63.533999999999665,123,3.292770508756746
63.53499999999963,63.53499999999966,123,3.292703329671369
63.535999999999625,63.53599999999966,123,3.2926361464998735
63.53699999999962,63.53699999999967,123,3.2925689592424447
63.53799999999962,63.53799999999967,123,3.292501767898756
63.53899999999962,63.53899999999965,123,3.292434572469176
63.539999999999615,63.53999999999965,123,3.2923673729533505
63.54099999999961,63.540999999999656,123,3.292300169351506
63.54199999999961,63.541999999999646,123,3.292232961663558
63.54299999999961,63.54299999999966,123,3.292165749889506
63.543999999999606,63.54399999999966,123,3.2920985340294777
63.544999999999604,63.544999999999646,123,3.2920313140832604
63.5459999999996,63.54599999999964,123,3.2919640900509677
63.5469999999996,63.546999999999635,123,3.291896861932699
63.5479999999996,63.547999999999654,123,3.2918296297282694
63.548999999999594,63.548999999999644,123,3.2917623934377644
63.54999999999959,63.549999999999635,123,3.2916951530611414
63.55099999999959,63.55099999999963,123,3.291627908598471
63.55199999999959,63.55199999999962,123,3.291560660049754
63.552999999999585,63.55299999999963,123,3.2914934074148903
63.55399999999958,63.55399999999962,123,3.2914261506939795
63.55499999999958,63.554999999999616,123,3.291358889886979
63.55599999999958,63.555999999999635,123,3.2912916249938604
63.556999999999576,63.55699999999962,123,3.291224356014766
63.55799999999957,63.55799999999961,123,3.291157082949482
63.55899999999957,63.558999999999614,123,3.291089805798194
63.55999999999957,63.559999999999626,123,3.2910225245607023
63.56099999999957,63.5609999999996,123,3.2909552392372916
63.561999999999564,63.56199999999961,123,3.2908879498276775
63.56299999999956,63.562999999999604,123,3.2908206563320874
63.56399999999956,63.56399999999961,123,3.290753358750379
63.56499999999956,63.56499999999959,123,3.2906860570825813
63.565999999999555,63.56599999999959,123,3.290618751328566
63.56699999999955,63.56699999999959,123,3.2905514414886596
63.56799999999955,63.5679999999996,123,3.290484127562607
63.56899999999955,63.56899999999959,123,3.2904168095504644
63.569999999999546,63.56999999999958,123,3.2903494874522465
63.57099999999954,63.57099999999958,123,3.2902821612679247
63.57199999999954,63.5719999999996,123,3.2902148309975985
63.57299999999954,63.572999999999574,123,3.2901474966411826
63.573999999999536,63.57399999999957,123,3.2900801581985917
63.574999999999534,63.57499999999958,123,3.290012815669968
63.57599999999953,63.57599999999958,123,3.289945469055226
63.57699999999953,63.576999999999565,123,3.2898781183544656
63.57799999999953,63.57799999999956,123,3.2898107635676155
63.578999999999525,63.57899999999956,123,3.2897434046947325
63.57999999999952,63.57999999999957,123,3.2896760417357456
63.58099999999952,63.580999999999555,123,3.289608674690598
63.58199999999952,63.58199999999955,123,3.289541303559389
63.582999999999515,63.58299999999955,123,3.289473928342076
63.58399999999951,63.583999999999556,123,3.28940654903883
63.58499999999951,63.58499999999954,123,3.2893391656493804
63.58599999999951,63.58599999999956,123,3.2892717781738554
63.586999999999506,63.58699999999956,123,3.289204386612269
63.587999999999504,63.587999999999546,123,3.2891369909646215
63.5889999999995,63.58899999999954,123,3.2890695912308985
63.5899999999995,63.589999999999534,123,3.2890021874110005
63.5909999999995,63.59099999999955,123,3.288934779505169
63.591999999999494,63.591999999999544,123,3.288867367513191
63.59299999999949,63.592999999999535,123,3.2887999514351094
63.59399999999949,63.593999999999525,123,3.2887325312709663
63.59499999999949,63.59499999999952,123,3.2886651070207478
63.595999999999485,63.59599999999953,123,3.2885976786844537
63.59699999999948,63.59699999999952,123,3.2885302462621695
63.59799999999948,63.59799999999952,123,3.2884628097535966
63.59899999999948,63.598999999999535,123,3.288395369159204
63.599999999999476,63.59999999999952,123,3.28832792447848
63.60099999999947,63.6009999999995,123,3.2882604757118656
63.60199999999947,63.601999999999514,123,3.2881930228591045
63.60299999999947,63.602999999999525,123,3.2881255659202253
63.603999999999466,63.60399999999951,123,3.2880581048953843
63.604999999999464,63.60499999999951,123,3.28799063978434
63.60599999999946,63.605999999999504,123,3.287923170587291
63.60699999999946,63.60699999999951,123,3.28785569730411
63.60799999999946,63.60799999999949,123,3.2877882199349244
63.608999999999455,63.60899999999949,123,3.287720738479493
63.60999999999945,63.60999999999949,123,3.287653252938199
63.61099999999945,63.6109999999995,123,3.287585763310659
63.61199999999945,63.61199999999949,123,3.2875182695971574
63.612999999999445,63.61299999999948,123,3.287450771797495
63.61399999999944,63.61399999999948,123,3.2873832699119134
63.61499999999944,63.6149999999995,123,3.2873157639401
63.61599999999944,63.615999999999474,123,3.2872482538822823
63.616999999999436,63.61699999999948,123,3.2871807397383037
63.617999999999434,63.617999999999476,123,3.287113221508406
63.61899999999943,63.61899999999948,123,3.287045699192305
63.61999999999943,63.619999999999465,123,3.286978172790171
63.62099999999943,63.62099999999946,123,3.2869106423019474
63.621999999999424,63.62199999999946,123,3.286843107727563
63.62299999999942,63.62299999999947,123,3.286775569067231
63.62399999999942,63.623999999999455,123,3.286708026320781
63.62499999999942,63.62499999999945,123,3.2866404794882556
63.625999999999415,63.62599999999945,123,3.2865729285695977
63.62699999999941,63.62699999999946,123,3.286505373564964
63.62799999999941,63.62799999999946,123,3.286437814474212
63.62899999999941,63.62899999999946,123,3.2863702512973987
63.629999999999406,63.62999999999944,123,3.286302684034453
63.6309999999994,63.630999999999446,123,3.2862351126855174
63.6319999999994,63.63199999999944,123,3.2861675372504635
63.6329999999994,63.632999999999434,123,3.2860999577293626
63.633999999999396,63.63399999999945,123,3.2860323741220867
63.634999999999394,63.634999999999444,123,3.2859647864288632
63.63599999999939,63.63599999999943,123,3.2858971946495927
63.63699999999939,63.636999999999425,123,3.2858295987841046
63.63799999999939,63.63799999999942,123,3.285761998832541
63.638999999999385,63.63899999999943,123,3.2856943947950157
63.63999999999938,63.63999999999943,123,3.2856267866713864
63.64099999999938,63.64099999999942,123,3.2855591744616532
63.64199999999938,63.64199999999943,123,3.285491558165873
63.642999999999375,63.64299999999942,123,3.2854239377839605
63.64399999999937,63.643999999999416,123,3.2853563133160435
63.64499999999937,63.644999999999406,123,3.2852886847620795
63.64599999999937,63.645999999999425,123,3.2852210521219405
63.646999999999366,63.64699999999941,123,3.285153415395783
63.647999999999364,63.647999999999406,123,3.285085774583578
63.64899999999936,63.6489999999994,123,3.285018129685284
63.64999999999936,63.649999999999416,123,3.2844959986109785
63.65099999999936,63.65099999999939,123,3.284428349517057
63.651999999999354,63.65199999999939,123,3.284360696337515
63.65299999999935,63.652999999999395,123,3.284293039072395
63.65399999999935,63.6539999999994,123,3.2842253777217394
63.65499999999935,63.65499999999939,123,3.2841577122855057
63.655999999999345,63.65599999999938,123,3.2840900427636512
63.65699999999934,63.65699999999938,123,3.2840223691563466
63.65799999999934,63.65799999999939,123,3.2839546914634496
63.65899999999934,63.65899999999938,123,3.2838870096849604
63.659999999999336,63.65999999999938,123,3.283819323820836
63.66099999999933,63.660999999999376,123,3.2837516338712476
63.66199999999933,63.66199999999938,123,3.283683939836152
63.66299999999933,63.662999999999364,123,3.2836162417153645
63.66399999999933,63.66399999999936,123,3.283548539509084
63.664999999999324,63.66499999999936,123,3.2834808332172543
63.66599999999932,63.66599999999937,123,3.2834131228398036
63.66699999999932,63.666999999999355,123,3.28334540837686
63.66799999999932,63.66799999999935,123,3.283277689828253
63.668999999999315,63.66899999999935,123,3.2832099671942387
63.66999999999931,63.66999999999936,123,3.2831422404745183
63.67099999999931,63.67099999999936,123,3.2830745096693335
63.67199999999931,63.67199999999934,123,3.2830067747785705
63.672999999999305,63.67299999999934,123,3.282939035802201
63.6739999999993,63.673999999999346,123,3.2828712927401966
63.6749999999993,63.674999999999336,123,3.282803545592813
63.6759999999993,63.67599999999933,123,3.282735794359823
63.676999999999296,63.67699999999935,123,3.2826680390411695
63.677999999999294,63.677999999999344,123,3.282600279637066
63.67899999999929,63.67899999999933,123,3.282532516147313
63.67999999999929,63.679999999999325,123,3.282464748572096
63.68099999999929,63.68099999999932,123,3.2823969769113006
63.681999999999285,63.681999999999334,123,3.28232920116497
63.68299999999928,63.68299999999933,123,3.282261421333004
63.68399999999928,63.68399999999932,123,3.2821936374154888
63.68499999999928,63.68499999999931,123,3.282125849412438
63.685999999999275,63.68599999999932,123,3.282058057323823
63.68699999999927,63.686999999999315,123,3.2819902611497014
63.68799999999927,63.687999999999306,123,3.281922460889902
63.68899999999927,63.688999999999325,123,3.281854656544624
63.689999999999266,63.68999999999931,123,3.2817868481137538
63.69099999999926,63.6909999999993,123,3.281719035597419
63.69199999999926,63.69199999999929,123,3.2816512189954636
63.69299999999926,63.34649999999976,123,3.3052968939066716
63.69399999999926,63.346999999999746,123,3.305263651234
63.694999999999254,63.34749999999975,123,3.3052304075109333
63.69599999999925,63.34799999999974,123,3.3051971627376986
63.69699999999925,63.348499999999746,123,3.305163916914111
63.69799999999925,63.34899999999974,123,3.3051306700401852
63.698999999999245,63.34949999999974,123,3.305097422116063
63.69999999999924,63.34999999999974,123,3.3050641731415737
63.7,63.350000000000115,123,3.305064173141602
