alpha,blueOver,pushedRed,m0m,x0m,l0m
2,0,1,3.878609355702338,3.878609355702338,46.125000000000064
2.01,0,1,3.8790796516035613,3.8790796516035613,46.125000000000064
2.0199999999999996,0,1,3.8796450658790747,3.8796450658790747,46.125000000000064
2.0299999999999994,0,1,3.880210576194145,3.880210576194145,46.125000000000064
2.039999999999999,0,1,3.8807735642338486,3.8807735642338486,46.125000000000064
2.049999999999999,0,1,3.88133642419281,3.88133642419281,46.125000000000064
2.0599999999999987,0,1,3.8818993869832497,3.8818993869832497,46.125000000000064
2.0699999999999985,0,1,3.8819622151286524,3.8819622151286524,46.125000000000064
2.0799999999999983,0,1,3.882525555279031,3.882525555279031,46.125000000000064
2.089999999999998,0,1,3.883088910903396,3.883088910903396,46.125000000000064
2.099999999999998,0,1,3.8836496491054504,3.8836496491054504,46.125000000000064
2.1099999999999977,0,1,3.884210177424663,3.884210177424663,46.125000000000064
2.1199999999999974,0,1,3.884771385936915,3.884771385936915,46.125000000000064
2.1299999999999972,0,1,3.883388267470451,3.883388267470451,46.125000000000064
2.139999999999997,0,1,3.8818840655434173,3.8818840655434173,46.125000000000064
2.149999999999997,0,1,3.880378995745403,3.880378995745403,46.125000000000064
2.1599999999999966,0,1,3.8788753456210685,3.8788753456210685,46.125000000000064
2.1699999999999964,0,1,3.879072335128612,3.879072335128612,46.125000000000064
2.179999999999996,0,1,3.877560131806419,3.877560131806419,46.125000000000064
2.189999999999996,0,1,3.876046897201576,3.876046897201576,46.125000000000064
2.1999999999999957,0,1,3.874532626824248,3.874532626824248,46.125000000000064
2.2099999999999955,0,1,3.874302713441182,3.874302713441182,46.125000000000064
2.2199999999999953,0,1,3.872787810839384,3.872787810839384,46.125000000000064
2.229999999999995,0,1,3.871272476688631,3.871272476688631,46.125000000000064
2.239999999999995,0,1,3.8697628597889633,3.8697628597889633,46.125000000000064
2.2499999999999947,0,1,3.868257121653997,3.868257121653997,46.125000000000064
2.2599999999999945,0,1,3.8667519292911408,3.8667519292911408,46.125000000000064
2.2699999999999942,0,1,3.865245149173475,3.865245149173475,46.125000000000064
2.279999999999994,0,1,3.8637377688768026,3.8637377688768026,46.125000000000064
2.289999999999994,0,1,3.862229521505853,3.862229521505853,46.125000000000064
2.2999999999999936,0,1,3.8607204037788136,3.8607204037788136,46.125000000000064
2.3099999999999934,0,1,3.8592104123836464,3.8592104123836464,46.125000000000064
2.319999999999993,0,1,3.8576995439788675,3.8576995439788675,46.125000000000064
2.329999999999993,0,1,3.8561908191751684,3.8561908191751684,46.125000000000064
2.3399999999999928,0,1,3.8563552875655347,3.8563552875655347,46.125000000000064
2.3499999999999925,0,1,3.8548371438560025,3.8548371438560025,46.125000000000064
2.3599999999999923,0,1,3.8529127554704274,3.8529127554704274,46.125000000000064
2.369999999999992,0,1,3.8530656513527077,3.8530656513527077,46.125000000000064
2.379999999999992,0,1,3.8515458007078536,3.8515458007078536,46.125000000000064
2.3899999999999917,0,1,3.8500249054934557,3.8500249054934557,46.125000000000064
2.3999999999999915,0,1,3.848505951497742,3.848505951497742,46.125000000000064
2.4099999999999913,0,1,3.846980671811224,3.846980671811224,46.125000000000064
2.419999999999991,0,1,3.84546860930692,3.84546860930692,46.125000000000064
2.429999999999991,0,1,3.8439557571852134,3.8439557571852134,46.125000000000064
2.4399999999999906,0,1,3.8424158336407714,3.8424158336407714,46.125000000000064
2.4499999999999904,0,1,3.8392674889952048,3.8392674889952048,46.125000000000064
2.45999999999999,0,1,3.8361187468282623,3.8361187468282623,46.125000000000064
2.46999999999999,0,1,3.83296960078836,3.83296960078836,46.125000000000064
2.4799999999999898,0,1,3.8298223577168926,3.8298223577168926,46.125000000000064
2.4899999999999896,0,1,3.826686889375665,3.826686889375665,46.125000000000064
2.4999999999999893,0,1,3.82355106399568,3.82355106399568,46.125000000000064
2.509999999999989,0,1,3.8229534209660727,3.8229534209660727,46.125000000000064
2.519999999999989,0,1,3.8198151886393674,3.8198151886393674,46.125000000000064
2.5299999999999887,0,1,3.8200807297861843,3.8200807297861843,46.125000000000064
2.5399999999999885,0,1,3.816915484268492,3.816915484268492,46.125000000000064
2.5499999999999883,0,1,3.8137517885076164,3.8137517885076164,46.125000000000064
2.559999999999988,0,1,3.8105959654373294,3.8105959654373294,46.125000000000064
2.569999999999988,0,1,3.807439459915642,3.807439459915642,46.125000000000064
2.5799999999999876,0,1,3.8042892507758097,3.8042892507758097,46.125000000000064
2.5899999999999874,0,1,3.8011465757296463,3.8011465757296463,46.125000000000064
2.599999999999987,0,1,3.7980045783254184,3.7980045783254184,46.125000000000064
2.609999999999987,0,1,3.7948628372699176,3.7948628372699176,46.125000000000064
2.619999999999987,0,1,3.791720678198331,3.791720678198331,46.125000000000064
2.6299999999999866,0,1,3.788578094829532,3.788578094829532,46.125000000000064
2.6399999999999864,0,1,3.785447957941116,3.785447957941116,46.125000000000064
2.649999999999986,0,1,3.7848095265727864,3.7848095265727864,46.125000000000064
2.659999999999986,0,1,3.7816742381348973,3.7816742381348973,46.125000000000064
2.6699999999999857,0,1,3.778545031369802,3.778545031369802,46.125000000000064
2.6799999999999855,0,1,3.7754154472641233,3.7754154472641233,46.125000000000064
2.6899999999999853,0,1,3.7722854800312433,3.7722854800312433,46.125000000000064
2.699999999999985,0,1,3.772447658717894,3.772447658717894,46.125000000000064
2.709999999999985,0,1,3.769301042796414,3.769301042796414,46.125000000000064
2.7199999999999847,0,1,3.7661540272543164,3.7661540272543164,46.125000000000064
2.7299999999999844,0,1,3.7630063126687645,3.7630063126687645,46.125000000000064
2.7399999999999842,0,1,3.7598578914522136,3.7598578914522136,46.125000000000064
2.749999999999984,0,1,3.7567115610021915,3.7567115610021915,46.125000000000064
2.759999999999984,0,1,3.7537629046958614,3.7537629046958614,46.125000000000064
2.7699999999999836,0,1,3.75174826314354,3.75174826314354,46.125000000000064
2.7799999999999834,0,1,3.7497331919116306,3.7497331919116306,46.125000000000064
2.789999999999983,0,1,3.7477238563164406,3.7477238563164406,46.125000000000064
2.799999999999983,0,1,3.7472852723944925,3.7472852723944925,46.125000000000064
2.8099999999999827,0,1,3.7451741980668203,3.7451741980668203,46.125000000000064
2.8199999999999825,0,1,3.7431696419087928,3.7431696419087928,46.125000000000064
2.8299999999999823,0,1,3.7411647178585383,3.7411647178585383,46.125000000000064
2.839999999999982,0,1,3.739159127491206,3.739159127491206,46.125000000000064
2.849999999999982,0,1,3.7371510531645953,3.7371510531645953,46.125000000000064
2.8599999999999817,0,1,3.7351425978882986,3.7351425978882986,46.125000000000064
2.8699999999999815,0,1,3.735199891013835,3.735199891013835,46.125000000000064
2.8799999999999812,0,1,3.733183273474978,3.733183273474978,46.125000000000064
2.889999999999981,0,1,3.731166076276395,3.731166076276395,46.125000000000064
2.899999999999981,0,1,3.7291482941781453,3.7291482941781453,46.125000000000064
2.9099999999999806,0,1,3.7271299218993903,3.7271299218993903,46.125000000000064
2.9199999999999804,0,1,3.7251109541177954,3.7251109541177954,46.125000000000064
2.92999999999998,0,1,3.723101611865033,3.723101611865033,46.125000000000064
2.93999999999998,0,1,3.7226481907660087,3.7226481907660087,46.125000000000064
2.9499999999999797,0,1,3.7206348538299636,3.7206348538299636,46.125000000000064
2.9599999999999795,0,1,3.7186275558204898,3.7186275558204898,46.125000000000064
2.9699999999999793,0,1,3.7166271105699877,3.7166271105699877,46.125000000000064
2.979999999999979,0,1,3.71462628480694,3.71462628480694,46.125000000000064
2.989999999999979,0,1,3.71262354045858,3.71262354045858,46.125000000000064
2.9999999999999787,0,1,3.710619553649124,3.710619553649124,46.125000000000064
3.0099999999999785,0,1,3.708612658432486,3.708612658432486,46.125000000000064
3.0199999999999783,0,1,3.70660543021674,3.70660543021674,46.125000000000064
3.029999999999978,0,1,3.7066221822776555,3.7066221822776555,46.125000000000064
3.039999999999978,0,1,3.704606990936199,3.704606990936199,46.125000000000064
3.0499999999999776,0,1,3.702591271113974,3.702591271113974,46.125000000000064
3.0599999999999774,0,1,3.700575017901116,3.700575017901116,46.125000000000064
3.069999999999977,0,1,3.6985582263490926,3.6985582263490926,46.125000000000064
3.079999999999977,0,1,3.6967373635890937,3.6967373635890937,46.125000000000064
3.0899999999999768,0,1,3.6964188518605994,3.6964188518605994,46.125000000000064
3.0999999999999766,0,1,3.6950609100103264,3.6950609100103264,46.125000000000064
3.1099999999999763,0,1,3.6937027505565396,3.6937027505565396,46.125000000000064
3.119999999999976,0,1,3.692353097988047,3.692353097988047,46.125000000000064
3.129999999999976,0,1,3.691006582530349,3.691006582530349,46.125000000000064
3.1399999999999757,0,1,3.689658293497132,3.689658293497132,46.125000000000064
3.1499999999999755,0,1,3.688309506083428,3.688309506083428,46.125000000000064
3.1599999999999753,0,1,3.68696021793329,3.68696021793329,46.125000000000064
3.169999999999975,0,1,3.6856104266724685,3.6856104266724685,46.125000000000064
3.179999999999975,0,1,3.684260129908054,3.684260129908054,46.125000000000064
3.1899999999999746,0,1,3.6829093252285645,3.6829093252285645,46.125000000000064
3.1999999999999744,0,1,3.68289037909841,3.68289037909841,46.125000000000064
3.209999999999974,0,1,3.681533850666426,3.681533850666426,46.125000000000064
3.219999999999974,0,1,3.6801766814207753,3.6801766814207753,46.125000000000064
3.229999999999974,0,1,3.6788188680954192,3.6788188680954192,46.125000000000064
3.2399999999999736,0,1,3.678481489149405,3.678481489149405,46.125000000000064
3.2499999999999734,0,1,3.677123312117061,3.677123312117061,46.125000000000064
3.259999999999973,0,1,3.6757644884616383,3.6757644884616383,46.125000000000064
3.269999999999973,0,1,3.6744110268366796,3.6744110268366796,46.125000000000064
3.2799999999999727,0,1,3.673056184959677,3.673056184959677,46.125000000000064
3.2899999999999725,0,1,3.6717023518760783,3.6717023518760783,46.125000000000064
3.2999999999999723,0,1,3.6703531363520057,3.6703531363520057,46.125000000000064
3.309999999999972,0,1,3.6690034181522293,3.6690034181522293,46.125000000000064
3.319999999999972,0,1,3.6676531949309066,3.6676531949309066,46.125000000000064
3.3299999999999716,0,1,3.6663024643242608,3.6663024643242608,46.125000000000064
3.3399999999999714,0,1,3.6649512239502258,3.6649512239502258,46.125000000000064
3.3499999999999712,0,1,3.6636024447645354,3.6636024447645354,46.125000000000064
3.359999999999971,0,1,3.663555247580504,3.663555247580504,46.125000000000064
3.369999999999971,0,1,3.6621978035986444,3.6621978035986444,46.125000000000064
3.3799999999999706,0,1,3.660539967574053,3.660539967574053,46.125000000000064
3.3899999999999704,0,1,3.6604836418223528,3.6604836418223528,46.125000000000064
3.39999999999997,0,1,3.6591251763589696,3.6591251763589696,46.125000000000064
3.40999999999997,0,1,3.6570123303071256,3.6570123303071256,46.125000000000064
3.4199999999999697,0,1,3.6548268454108666,3.6548268454108666,46.125000000000064
3.4299999999999695,0,1,3.6526397770732757,3.6526397770732757,46.125000000000064
3.4399999999999693,0,1,3.6504518218458912,3.6504518218458912,46.125000000000064
3.449999999999969,0,1,3.6482643656731426,3.6482643656731426,46.125000000000064
3.459999999999969,0,1,3.646076773185115,3.646076773185115,46.125000000000064
3.4699999999999687,0,1,3.643898495105873,3.643898495105873,46.125000000000064
3.4799999999999685,0,1,3.6417195152152004,3.6417195152152004,46.125000000000064
3.4899999999999682,0,1,3.6395398298658534,3.6395398298658534,46.125000000000064
3.499999999999968,0,1,3.637363554479066,3.637363554479066,46.125000000000064
3.509999999999968,0,1,3.6351921281981987,3.6351921281981987,46.125000000000064
3.5199999999999676,0,1,3.6345671161555515,3.6345671161555515,46.125000000000064
3.5299999999999674,0,1,3.632395148697995,3.632395148697995,46.125000000000064
3.539999999999967,0,1,3.6302225116307767,3.6302225116307767,46.125000000000064
3.549999999999967,0,1,3.630081320631234,3.630081320631234,46.125000000000064
3.5599999999999667,0,1,3.627889684926032,3.627889684926032,46.125000000000064
3.5699999999999665,0,1,3.6257034652726787,3.6257034652726787,46.125000000000064
3.5799999999999663,0,1,3.62351739499546,3.62351739499546,46.125000000000064
3.589999999999966,0,1,3.6213304381907108,3.6213304381907108,46.125000000000064
3.599999999999966,0,1,3.6191425902222107,3.6191425902222107,46.125000000000064
3.6099999999999657,0,1,3.6169546200556653,3.6169546200556653,46.125000000000064
3.6199999999999655,0,1,3.614766522044974,3.614766522044974,46.125000000000064
3.6299999999999653,0,1,3.6125777051490076,3.6125777051490076,46.125000000000064
3.639999999999965,0,1,3.6103979466551834,3.6103979466551834,46.125000000000064
3.649999999999965,0,1,3.608222124618294,3.608222124618294,46.125000000000064
3.6599999999999646,0,1,3.6060513863611163,3.6060513863611163,46.125000000000064
3.6699999999999644,0,1,3.6053979957964515,3.6053979957964515,46.125000000000064
3.679999999999964,0,1,3.603226702471602,3.603226702471602,46.125000000000064
3.689999999999964,0,1,3.6010547361197354,3.6010547361197354,46.125000000000064
3.6999999999999638,0,1,3.598882093444203,3.598882093444203,46.125000000000064
3.7099999999999635,0,1,3.596706933935792,3.596706933935792,46.125000000000064
3.7199999999999633,0,1,3.5965031062565487,3.5965031062565487,46.125000000000064
3.729999999999963,0,1,3.594317960983389,3.594317960983389,46.125000000000064
3.739999999999963,0,1,3.592131929117258,3.592131929117258,46.125000000000064
3.7499999999999627,0,1,3.5899450060893088,3.5899450060893088,46.125000000000064
3.7599999999999625,0,1,3.587757187292951,3.587757187292951,46.125000000000064
3.7699999999999623,0,1,3.5855686795155464,3.5855686795155464,46.125000000000064
3.779999999999962,0,1,3.5833805321198327,3.5833805321198327,46.125000000000064
3.789999999999962,0,1,3.5811916590858033,3.5811916590858033,46.125000000000064
3.7999999999999616,0,1,3.5790060118251574,3.5790060118251574,46.125000000000064
3.8099999999999614,0,1,3.5783447620964495,3.5783447620964495,46.125000000000064
3.819999999999961,0,1,3.5761567830286367,3.5761567830286367,46.125000000000064
3.829999999999961,0,1,3.573981748896159,3.573981748896159,46.125000000000064
3.839999999999961,0,1,3.571810395931678,3.571810395931678,46.125000000000064
3.8499999999999606,0,1,3.569635708858854,3.569635708858854,46.125000000000064
3.8599999999999604,0,1,3.5674588711240176,3.5674588711240176,46.125000000000064
3.86999999999996,0,1,3.5652813427082606,3.5652813427082606,46.125000000000064
3.87999999999996,0,1,3.5650347978067174,3.5650347978067174,46.125000000000064
3.8899999999999597,0,1,3.5628480146251604,3.5628480146251604,46.125000000000064
3.8999999999999595,0,1,3.560660337379275,3.560660337379275,46.125000000000064
3.9099999999999593,0,1,3.558471761518618,3.558471761518618,46.125000000000064
3.919999999999959,0,1,3.55628228245574,3.55628228245574,46.125000000000064
3.929999999999959,0,1,3.554091895565648,3.554091895565648,46.125000000000064
3.9399999999999586,0,1,3.551901715363968,3.551901715363968,46.125000000000064
3.9499999999999584,0,1,3.549715532679116,3.549715532679116,46.125000000000064
3.959999999999958,0,1,3.5490239169188413,3.5490239169188413,46.125000000000064
3.969999999999958,0,1,3.5468355945109664,3.5468355945109664,46.125000000000064
3.979999999999958,0,1,3.544653345822667,3.544653345822667,46.125000000000064
3.9899999999999576,0,1,3.5424699703694955,3.5424699703694955,46.125000000000064
3.9999999999999574,0,1,3.5402890855490767,3.5402890855490767,46.125000000000064
4.009999999999957,0,1,3.5381127782437147,3.5381127782437147,46.125000000000064
4.019999999999957,0,1,3.535935776307923,3.535935776307923,46.125000000000064
4.029999999999957,0,1,3.5339437279498185,3.5339437279498185,46.125000000000064
4.0399999999999565,0,1,3.532314561995406,3.532314561995406,46.125000000000064
4.049999999999956,0,1,3.532092805540927,3.532092805540927,46.125000000000064
4.059999999999956,0,1,3.530456531910332,3.530456531910332,46.125000000000064
4.069999999999956,0,1,3.528819529129777,3.528819529129777,46.125000000000064
4.079999999999956,0,1,3.52718179369613,3.52718179369613,46.125000000000064
4.0899999999999554,0,1,3.5255433220782777,3.5255433220782777,46.125000000000064
4.099999999999955,0,1,3.5250092613916877,3.5250092613916877,46.125000000000064
4.109999999999955,0,1,3.5233702999112637,3.5233702999112637,46.125000000000064
4.119999999999955,0,1,3.521733809762523,3.521733809762523,46.125000000000064
4.129999999999955,0,1,3.520101688515709,3.520101688515709,46.125000000000064
4.139999999999954,0,1,3.5184672168671085,3.5184672168671085,46.125000000000064
4.149999999999954,0,1,3.5168320566021407,3.5168320566021407,46.125000000000064
4.159999999999954,0,1,3.5151963126851626,3.5151963126851626,46.125000000000064
4.169999999999954,0,1,3.5135635868958133,3.5135635868958133,46.125000000000064
4.1799999999999535,0,1,3.5119346352799568,3.5119346352799568,46.125000000000064
4.189999999999953,0,1,3.51030510301203,3.51030510301203,46.125000000000064
4.199999999999953,0,1,3.508674987523989,3.508674987523989,46.125000000000064
4.209999999999953,0,1,3.508421955507089,3.508421955507089,46.125000000000064
4.219999999999953,0,1,3.506784745190032,3.506784745190032,46.125000000000064
4.2299999999999525,0,1,3.505146800846987,3.505146800846987,46.125000000000064
4.239999999999952,0,1,3.50459128314273,3.50459128314273,46.125000000000064
4.249999999999952,0,1,3.502952832541908,3.502952832541908,46.125000000000064
4.259999999999952,0,1,3.501313644665615,3.501313644665615,46.125000000000064
4.269999999999952,0,1,3.4996776993356633,3.4996776993356633,46.125000000000064
4.279999999999951,0,1,3.4980428040607165,3.4980428040607165,46.125000000000064
4.289999999999951,0,1,3.496407724123543,3.496407724123543,46.125000000000064
4.299999999999951,0,1,3.494772120236348,3.494772120236348,46.125000000000064
4.309999999999951,0,1,3.4931359287808874,3.4931359287808874,46.125000000000064
4.3199999999999505,0,1,3.491499147184058,3.491499147184058,46.125000000000064
4.32999999999995,0,1,3.4898617728547094,3.4898617728547094,46.125000000000064
4.33999999999995,0,1,3.488227312754873,3.488227312754873,46.125000000000064
4.34999999999995,0,1,3.4865967798191804,3.4865967798191804,46.125000000000064
4.35999999999995,0,1,3.484971881732477,3.484971881732477,46.125000000000064
4.3699999999999495,0,1,3.4833471803406013,3.4833471803406013,46.125000000000064
4.379999999999949,0,1,3.4827565524445134,3.4827565524445134,46.125000000000064
4.389999999999949,0,1,3.4811313047686525,3.4811313047686525,46.125000000000064
4.399999999999949,0,1,3.480827632606477,3.480827632606477,46.125000000000064
4.409999999999949,0,1,3.4791881608025648,3.4791881608025648,46.125000000000064
4.419999999999948,0,1,3.4775521510198217,3.4775521510198217,46.125000000000064
4.429999999999948,0,1,3.475916449963904,3.475916449963904,46.125000000000064
4.439999999999948,0,1,3.4742800336046002,3.4742800336046002,46.125000000000064
4.449999999999948,0,1,3.4726435847939,3.4726435847939,46.125000000000064
4.459999999999948,0,1,3.4710068966811463,3.4710068966811463,46.125000000000064
4.469999999999947,0,1,3.469369614313848,3.469369614313848,46.125000000000064
4.479999999999947,0,1,3.4677317351190737,3.4677317351190737,46.125000000000064
4.489999999999947,0,1,3.466093256506184,3.466093256506184,46.125000000000064
4.499999999999947,0,1,3.464454720976377,3.464454720976377,46.125000000000064
4.5099999999999465,0,1,3.4628256329403655,3.4628256329403655,46.125000000000064
4.519999999999946,0,1,3.4612004114930954,3.4612004114930954,46.125000000000064
4.529999999999946,0,1,3.4605893958534466,3.4605893958534466,46.125000000000064
4.539999999999946,0,1,3.4589636155616716,3.4589636155616716,46.125000000000064
4.549999999999946,0,1,3.457337268441151,3.457337268441151,46.125000000000064
4.559999999999945,0,1,3.456999000168082,3.456999000168082,46.125000000000064
4.569999999999945,0,1,3.455357051146322,3.455357051146322,46.125000000000064
4.579999999999945,0,1,3.4537209630018566,3.4537209630018566,46.125000000000064
4.589999999999945,0,1,3.4520841572491463,3.4520841572491463,46.125000000000064
4.599999999999945,0,1,3.4504466306833024,3.4504466306833024,46.125000000000064
4.609999999999944,0,1,3.448808776072184,3.448808776072184,46.125000000000064
4.619999999999944,0,1,3.447170944160902,3.447170944160902,46.125000000000064
4.629999999999944,0,1,3.445532511120888,3.445532511120888,46.125000000000064
4.639999999999944,0,1,3.4438934743781573,3.4438934743781573,46.125000000000064
4.6499999999999435,0,1,3.4422559736138822,3.4422559736138822,46.125000000000064
4.659999999999943,0,1,3.440622773995898,3.440622773995898,46.125000000000064
4.669999999999943,0,1,3.440000386850784,3.440000386850784,46.125000000000064
4.679999999999943,0,1,3.4383666163164435,3.4383666163164435,46.125000000000064
4.689999999999943,0,1,3.43673226640135,3.43673226640135,46.125000000000064
4.6999999999999424,0,1,3.4350993701387296,3.4350993701387296,46.125000000000064
4.709999999999942,0,1,3.4334700212143474,3.4334700212143474,46.125000000000064
4.719999999999942,0,1,3.4318400947878445,3.4318400947878445,46.125000000000064
4.729999999999942,0,1,3.4314616670429956,3.4314616670429956,46.125000000000064
4.739999999999942,0,1,3.429818659677096,3.429818659677096,46.125000000000064
4.749999999999941,0,1,3.4281806849288046,3.4281806849288046,46.125000000000064
4.759999999999941,0,1,3.426541983644256,3.426541983644256,46.125000000000064
4.769999999999941,0,1,3.4249026838458434,3.4249026838458434,46.125000000000064
4.779999999999941,0,1,3.4232636484080246,3.4232636484080246,46.125000000000064
4.7899999999999405,0,1,3.4216240047863664,3.4216240047863664,46.125000000000064
4.79999999999994,0,1,3.4199877662149873,3.4199877662149873,46.125000000000064
4.80999999999994,0,1,3.4193484809063364,3.4193484809063364,46.125000000000064
4.81999999999994,0,1,3.4177113362288196,3.4177113362288196,46.125000000000064
4.82999999999994,0,1,3.416076891040717,3.416076891040717,46.125000000000064
4.8399999999999395,0,1,3.4144413515517584,3.4144413515517584,46.125000000000064
4.849999999999939,0,1,3.4128038923985997,3.4128038923985997,46.125000000000064
4.859999999999939,0,1,3.411165842844696,3.411165842844696,46.125000000000064
4.869999999999939,0,1,3.4095303675172346,3.4095303675172346,46.125000000000064
4.879999999999939,0,1,3.407899223384888,3.407899223384888,46.125000000000064
4.889999999999938,0,1,3.4074961410152014,3.4074961410152014,46.125000000000064
4.899999999999938,0,1,3.4058494475805645,3.4058494475805645,46.125000000000064
4.909999999999938,0,1,3.404205409345508,3.404205409345508,46.125000000000064
4.919999999999938,0,1,3.402565468627472,3.402565468627472,46.125000000000064
4.9299999999999375,0,1,3.4009247922235915,3.4009247922235915,46.125000000000064
4.939999999999937,0,1,3.39928438323777,3.39928438323777,46.125000000000064
4.949999999999937,0,1,3.3986290526277116,3.3986290526277116,46.125000000000064
4.959999999999937,0,1,3.3969879874935884,3.3969879874935884,46.125000000000064
4.969999999999937,0,1,3.395352448041592,3.395352448041592,46.125000000000064
4.9799999999999365,0,1,3.393716838856548,3.393716838856548,46.125000000000064
4.989999999999936,0,1,3.392079246361547,3.392079246361547,46.125000000000064
4.999999999999936,0,1,3.3904410608425906,3.3904410608425906,46.125000000000064
5.009999999999936,0,1,3.3888022799270914,3.3888022799270914,46.125000000000064
5.019999999999936,0,1,3.3871629012271,3.3871629012271,46.125000000000064
5.029999999999935,0,1,3.3855229223393337,3.3855229223393337,46.125000000000064
5.039999999999935,0,1,3.3838862772434055,3.3838862772434055,46.125000000000064
5.049999999999935,0,1,3.382253544232853,3.382253544232853,46.125000000000064
5.059999999999935,0,1,3.3818101096570388,3.3818101096570388,46.125000000000064
5.069999999999935,0,1,3.3801613060835933,3.3801613060835933,46.125000000000064
5.079999999999934,0,1,3.3785164498077336,3.3785164498077336,46.125000000000064
5.089999999999934,0,1,3.3778458172491668,3.3778458172491668,46.125000000000064
5.099999999999934,0,1,3.3761999153280584,3.3761999153280584,46.125000000000064
5.109999999999934,0,1,3.3745589474165456,3.3745589474165456,46.125000000000064
5.1199999999999335,0,1,3.3729228077087328,3.3729228077087328,46.125000000000064
5.129999999999933,0,1,3.3712850413349997,3.3712850413349997,46.125000000000064
5.139999999999933,0,1,3.36964667911208,3.36964667911208,46.125000000000064
5.149999999999933,0,1,3.36800771869099,3.36800771869099,46.125000000000064
5.159999999999933,0,1,3.3663681577077256,3.3663681577077256,46.125000000000064
5.169999999999932,0,1,3.3647279937830916,3.3647279937830916,46.125000000000064
5.179999999999932,0,1,3.3630872245227295,3.3630872245227295,46.125000000000064
5.189999999999932,0,1,3.3614458475169755,3.3614458475169755,46.125000000000064
5.199999999999932,0,1,3.3598029937731724,3.3598029937731724,46.125000000000064
5.209999999999932,0,1,3.3581617622543405,3.3581617622543405,46.125000000000064
5.219999999999931,0,1,3.3576976035526656,3.3576976035526656,46.125000000000064
5.229999999999931,0,1,3.3558259856242785,3.3558259856242785,46.125000000000064
5.239999999999931,0,1,3.355360847046896,3.355360847046896,46.125000000000064
5.249999999999931,0,1,3.3537087216488715,3.3537087216488715,46.125000000000064
5.2599999999999305,0,1,3.3520599027377074,3.3520599027377074,46.125000000000064
5.26999999999993,0,1,3.3504172270377808,3.3504172270377808,46.125000000000064
5.27999999999993,0,1,3.3487768505231656,3.3487768505231656,46.125000000000064
5.28999999999993,0,1,3.347136401603848,3.347136401603848,46.125000000000064
5.29999999999993,0,1,3.3454953472080007,3.3454953472080007,46.125000000000064
5.309999999999929,0,1,3.3438536849742633,3.3438536849742633,46.125000000000064
5.319999999999929,0,1,3.342211412526183,3.342211412526183,46.125000000000064
5.329999999999929,0,1,3.340568527472186,3.340568527472186,46.125000000000064
5.339999999999929,0,1,3.338925027405651,3.338925027405651,46.125000000000064
5.349999999999929,0,1,3.337276911246846,3.337276911246846,46.125000000000064
5.359999999999928,0,1,3.3364862989601534,3.3364862989601534,46.125000000000064
5.369999999999928,0,1,3.3348312837895406,3.3348312837895406,46.125000000000064
5.379999999999928,0,1,3.333175677754369,3.333175677754369,46.125000000000064
5.389999999999928,0,1,3.3315194799311314,3.3315194799311314,46.125000000000064
5.3999999999999275,0,1,3.331026964218907,3.331026964218907,46.125000000000064
5.409999999999927,0,1,3.329373626082912,3.329373626082912,46.125000000000064
5.419999999999927,0,1,3.3277195429494384,3.3277195429494384,46.125000000000064
5.429999999999927,0,1,3.326066134675031,3.326066134675031,46.125000000000064
5.439999999999927,0,1,3.32441971956014,3.32441971956014,46.125000000000064
5.4499999999999265,0,1,3.322773087230999,3.322773087230999,46.125000000000064
5.459999999999926,0,1,3.3211258362604354,3.3211258362604354,46.125000000000064
5.469999999999926,0,1,3.3194779641912078,3.3194779641912078,46.125000000000064
5.479999999999926,0,1,3.3178294685502863,3.3178294685502863,46.125000000000064
5.489999999999926,0,1,3.3161753951597603,3.3161753951597603,46.125000000000064
5.499999999999925,0,1,3.314522065698327,3.314522065698327,46.125000000000064
5.509999999999925,0,1,3.312868141026371,3.312868141026371,46.125000000000064
5.519999999999925,0,1,3.31121362021662,3.31121362021662,46.125000000000064
5.529999999999925,0,1,3.309558502343876,3.309558502343876,46.125000000000064
5.5399999999999245,0,1,3.3090529963952378,3.3090529963952378,46.125000000000064
5.549999999999924,0,1,3.3074005487786735,3.3074005487786735,46.125000000000064
5.559999999999924,0,1,3.3057473506430455,3.3057473506430455,46.125000000000064
5.569999999999924,0,1,3.3040933988348655,3.3040933988348655,46.125000000000064
5.579999999999924,0,1,3.3024445707887367,3.3024445707887367,46.125000000000064
5.5899999999999235,0,1,3.3007989068442214,3.3007989068442214,46.125000000000064
5.599999999999923,0,1,3.2991526177382866,3.2991526177382866,46.125000000000064
5.609999999999923,0,1,3.297500420071671,3.297500420071671,46.125000000000064
5.619999999999923,0,1,3.29584934905661,3.29584934905661,46.125000000000064
5.629999999999923,0,1,3.2941976793944434,3.2941976793944434,46.125000000000064
5.639999999999922,0,1,3.292545410151561,3.292545410151561,46.125000000000064
5.649999999999922,0,1,3.2908925403962854,3.2908925403962854,46.125000000000064
5.659999999999922,0,1,3.2892390691991693,3.2892390691991693,46.125000000000064
5.669999999999922,0,1,3.2875849956330114,3.2875849956330114,46.125000000000064
5.679999999999922,0,1,3.287066284575147,3.287066284575147,46.125000000000064
5.689999999999921,0,1,3.2854146908718462,3.2854146908718462,46.125000000000064
5.699999999999921,0,1,3.283762341046227,3.283762341046227,46.125000000000064
5.709999999999921,0,1,3.282109231941675,3.282109231941675,46.125000000000064
5.719999999999921,0,1,3.2804565061412063,3.2804565061412063,46.125000000000064
5.7299999999999205,0,1,3.278806486482239,3.278806486482239,46.125000000000064
5.73999999999992,0,1,3.277157172102278,3.277157172102278,46.125000000000064
5.74999999999992,0,1,3.2755077399606165,3.2755077399606165,46.125000000000064
5.75999999999992,0,1,3.273857704788682,3.273857704788682,46.125000000000064
5.76999999999992,0,1,3.2722070656482174,3.2722070656482174,46.125000000000064
5.779999999999919,0,1,3.270555821602926,3.270555821602926,46.125000000000064
5.789999999999919,0,1,3.2689039717186574,3.2689039717186574,46.125000000000064
5.799999999999919,0,1,3.267251515063421,3.267251515063421,46.125000000000064
5.809999999999919,0,1,3.265598450707415,3.265598450707415,46.125000000000064
5.819999999999919,0,1,3.2639467266047575,3.2639467266047575,46.125000000000064
5.829999999999918,0,1,3.263415543795105,3.263415543795105,46.125000000000064
5.839999999999918,0,1,3.261764005926125,3.261764005926125,46.125000000000064
5.849999999999918,0,1,3.2601079347884507,3.2601079347884507,46.125000000000064
5.859999999999918,0,1,3.258449647059109,3.258449647059109,46.125000000000064
5.8699999999999175,0,1,3.256797971357429,3.256797971357429,46.125000000000064
5.879999999999917,0,1,3.2551501532983593,3.2551501532983593,46.125000000000064
5.889999999999917,0,1,3.253501727814921,3.253501727814921,46.125000000000064
5.899999999999917,0,1,3.25185269396394,3.25185269396394,46.125000000000064
5.909999999999917,0,1,3.2502030508041457,3.2502030508041457,46.125000000000064
5.919999999999916,0,1,3.248552797396357,3.248552797396357,46.125000000000064
5.929999999999916,0,1,3.246901666261678,3.246901666261678,46.125000000000064
5.939999999999916,0,1,3.2452498011273576,3.2452498011273576,46.125000000000064
5.949999999999916,0,1,3.2436037192942706,3.2436037192942706,46.125000000000064
5.959999999999916,0,1,3.2419569980300764,3.2419569980300764,46.125000000000064
5.969999999999915,0,1,3.2413982281048135,3.2413982281048135,46.125000000000064
5.979999999999915,0,1,3.2397389133023466,3.2397389133023466,46.125000000000064
5.989999999999915,0,1,3.2380837617947265,3.2380837617947265,46.125000000000064
5.999999999999915,0,1,3.2364286691217217,3.2364286691217217,46.125000000000064
6.0099999999999145,0,1,3.234773319000311,3.234773319000311,46.125000000000064
6.019999999999914,0,1,3.233125620305458,3.233125620305458,46.125000000000064
6.029999999999914,0,1,3.2314777871795,3.2314777871795,46.125000000000064
6.039999999999914,0,1,3.229829341079437,3.229829341079437,46.125000000000064
6.049999999999914,0,1,3.2281802810618956,3.2281802810618956,46.125000000000064
6.0599999999999135,0,1,3.22653060618552,3.22653060618552,46.125000000000064
6.069999999999913,0,1,3.2248848047112944,3.2248848047112944,46.125000000000064
6.079999999999913,0,1,3.223240379499785,3.223240379499785,46.125000000000064
6.089999999999913,0,1,3.2215936855613734,3.2215936855613734,46.125000000000064
6.099999999999913,0,1,3.2199388521271146,3.2199388521271146,46.125000000000064
6.109999999999912,0,1,3.219353333459992,3.219353333459992,46.125000000000064
6.119999999999912,0,1,3.217699783251817,3.217699783251817,46.125000000000064
6.129999999999912,0,1,3.216045492787572,3.216045492787572,46.125000000000064
6.139999999999912,0,1,3.214391200348288,3.214391200348288,46.125000000000064
6.1499999999999115,0,1,3.2127367376947262,3.2127367376947262,46.125000000000064
6.159999999999911,0,1,3.2110853080682347,3.2110853080682347,46.125000000000064
6.169999999999911,0,1,3.20943842572143,3.20943842572143,46.125000000000064
6.179999999999911,0,1,3.2077909250548657,3.2077909250548657,46.125000000000064
6.189999999999911,0,1,3.206145373174479,3.206145373174479,46.125000000000064
6.1999999999999105,0,1,3.2045033139647074,3.2045033139647074,46.125000000000064
6.20999999999991,0,1,3.202859268143996,3.202859268143996,46.125000000000064
6.21999999999991,0,1,3.2012067524468364,3.2012067524468364,46.125000000000064
6.22999999999991,0,1,3.199553493245105,3.199553493245105,46.125000000000064
6.23999999999991,0,1,3.1978994878691225,3.1978994878691225,46.125000000000064
6.249999999999909,0,1,3.1972989330895984,3.1972989330895984,46.125000000000064
6.259999999999909,0,1,3.1956462119780156,3.1956462119780156,46.125000000000064
6.269999999999909,0,1,3.1939927444374234,3.1939927444374234,46.125000000000064
6.279999999999909,0,1,3.1923392371178068,3.1923392371178068,46.125000000000064
6.2899999999999086,0,1,3.190685627309975,3.190685627309975,46.125000000000064
6.299999999999908,0,1,3.189031384489752,3.189031384489752,46.125000000000064
6.309999999999908,0,1,3.187385319523173,3.187385319523173,46.125000000000064
6.319999999999908,0,1,3.185745432368094,3.185745432368094,46.125000000000064
6.329999999999908,0,1,3.184103758461248,3.184103758461248,46.125000000000064
6.3399999999999075,0,1,3.1824535375312166,3.1824535375312166,46.125000000000064
6.349999999999907,0,1,3.180802572065275,3.180802572065275,46.125000000000064
6.359999999999907,0,1,3.179150859419707,3.179150859419707,46.125000000000064
6.369999999999907,0,1,3.1774983969337285,3.1774983969337285,46.125000000000064
6.379999999999907,0,1,3.175845181929418,3.175845181929418,46.125000000000064
6.389999999999906,0,1,3.175229645960229,3.175229645960229,46.125000000000064
6.399999999999906,0,1,3.1735777159943552,3.1735777159943552,46.125000000000064
6.409999999999906,0,1,3.1719250333703,3.1719250333703,46.125000000000064
6.419999999999906,0,1,3.1702723005847986,3.1702723005847986,46.125000000000064
6.429999999999906,0,1,3.1686195092996314,3.1686195092996314,46.125000000000064
6.439999999999905,0,1,3.1669722296707477,3.1669722296707477,46.125000000000064
6.449999999999905,0,1,3.165326847972935,3.165326847972935,46.125000000000064
6.459999999999905,0,1,3.16367889922617,3.16367889922617,46.125000000000064
6.469999999999905,0,1,3.162030204830174,3.162030204830174,46.125000000000064
6.4799999999999045,0,1,3.1603807621658433,3.1603807621658433,46.125000000000064
6.489999999999904,0,1,3.1587305685972495,3.1587305685972495,46.125000000000064
6.499999999999904,0,1,3.157079621471709,3.157079621471709,46.125000000000064
6.509999999999904,0,1,3.155427918119287,3.155427918119287,46.125000000000064
6.519999999999904,0,1,3.1537772755482507,3.1537772755482507,46.125000000000064
6.529999999999903,0,1,3.1531449950386303,3.1531449950386303,46.125000000000064
6.539999999999903,0,1,3.151493818310854,3.151493818310854,46.125000000000064
6.549999999999903,0,1,3.1498418826420505,3.1498418826420505,46.125000000000064
6.559999999999903,0,1,3.1481946927224556,3.1481946927224556,46.125000000000064
6.569999999999903,0,1,3.1465477225400065,3.1465477225400065,46.125000000000064
6.579999999999902,0,1,3.144892978546295,3.144892978546295,46.125000000000064
6.589999999999902,0,1,3.1432374588602983,3.1432374588602983,46.125000000000064
6.599999999999902,0,1,3.141588893840634,3.141588893840634,46.125000000000064
6.609999999999902,0,1,3.1399409466618238,3.1399409466618238,46.125000000000064
6.6199999999999015,0,1,3.1382922448089516,3.1382922448089516,46.125000000000064
6.629999999999901,0,1,3.13664278563634,3.13664278563634,46.125000000000064
6.639999999999901,0,1,3.13499306358716,3.13499306358716,46.125000000000064
6.649999999999901,0,1,3.1333488132901692,3.1333488132901692,46.125000000000064
6.659999999999901,0,1,3.1317038274185904,3.1317038274185904,46.125000000000064
6.6699999999999005,0,1,3.1310445096069515,3.1310445096069515,46.125000000000064
6.6799999999999,0,1,3.1293976110210764,3.1293976110210764,46.125000000000064
6.6899999999999,0,1,3.1277505669784915,3.1277505669784915,46.125000000000064
6.6999999999999,0,1,3.126097407891308,3.126097407891308,46.125000000000064
6.7099999999999,0,1,3.1244440620517793,3.1244440620517793,46.125000000000064
6.719999999999899,0,1,3.1227899513571913,3.1227899513571913,46.125000000000064
6.729999999999899,0,1,3.12113507313326,3.12113507313326,46.125000000000064
6.739999999999899,0,1,3.1194827557311697,3.1194827557311697,46.125000000000064
6.749999999999899,0,1,3.117835518274589,3.117835518274589,46.125000000000064
6.7599999999998985,0,1,3.1161875196934545,3.1161875196934545,46.125000000000064
6.769999999999898,0,1,3.114544823293528,3.114544823293528,46.125000000000064
6.779999999999898,0,1,3.1129019871690957,3.1129019871690957,46.125000000000064
6.789999999999898,0,1,3.111258411417822,3.111258411417822,46.125000000000064
6.799999999999898,0,1,3.10961409356284,3.10961409356284,46.125000000000064
6.8099999999998975,0,1,3.1089332687293876,3.1089332687293876,46.125000000000064
6.819999999999897,0,1,3.1072815321926726,3.1072815321926726,46.125000000000064
6.829999999999897,0,1,3.1056290119624492,3.1056290119624492,46.125000000000064
6.839999999999897,0,1,3.1039766130245567,3.1039766130245567,46.125000000000064
6.849999999999897,0,1,3.102323883617899,3.102323883617899,46.125000000000064
6.859999999999896,0,1,3.100670382618091,3.100670382618091,46.125000000000064
6.869999999999896,0,1,3.0990161073381586,3.0990161073381586,46.125000000000064
6.879999999999896,0,1,3.097361055074387,3.097361055074387,46.125000000000064
6.889999999999896,0,1,3.095718592466511,3.095718592466511,46.125000000000064
6.8999999999998956,0,1,3.094077884875148,3.094077884875148,46.125000000000064
6.909999999999895,0,1,3.092436436027043,3.092436436027043,46.125000000000064
6.919999999999895,0,1,3.090794243463222,3.090794243463222,46.125000000000064
6.929999999999895,0,1,3.089146152613523,3.089146152613523,46.125000000000064
6.939999999999895,0,1,3.088443878515946,3.088443878515946,46.125000000000064
6.9499999999998945,0,1,3.086793558383036,3.086793558383036,46.125000000000064
6.959999999999894,0,1,3.0851424509246925,3.0851424509246925,46.125000000000064
6.969999999999894,0,1,3.0834905532319965,3.0834905532319965,46.125000000000064
6.979999999999894,0,1,3.0818388916292605,3.0818388916292605,46.125000000000064
6.989999999999894,0,1,3.080186740112069,3.080186740112069,46.125000000000064
6.999999999999893,0,1,3.078533810213827,3.078533810213827,46.125000000000064
7.009999999999893,0,1,3.0768846371752545,3.0768846371752545,46.125000000000064
7.019999999999893,0,1,3.0752368658067013,3.0752368658067013,46.125000000000064
7.029999999999893,0,1,3.0735918932771398,3.0735918932771398,46.125000000000064
7.039999999999893,0,1,3.071951804745609,3.071951804745609,46.125000000000064
7.049999999999892,0,1,3.0703040671244395,3.0703040671244395,46.125000000000064
7.059999999999892,0,1,3.0686539253765233,3.0686539253765233,46.125000000000064
7.069999999999892,0,1,3.067002990738132,3.067002990738132,46.125000000000064
7.079999999999892,0,1,3.0662862902352828,3.0662862902352828,46.125000000000064
7.0899999999998915,0,1,3.064636566633311,3.064636566633311,46.125000000000064
7.099999999999891,0,1,3.062986049124518,3.062986049124518,46.125000000000064
7.109999999999891,0,1,3.0613347347878204,3.0613347347878204,46.125000000000064
7.119999999999891,0,1,3.0596837871883196,3.0596837871883196,46.125000000000064
7.129999999999891,0,1,3.058036224619187,3.058036224619187,46.125000000000064
7.13999999999989,0,1,3.0563904854027157,3.0563904854027157,46.125000000000064
7.14999999999989,0,1,3.0547439872227784,3.0547439872227784,46.125000000000064
7.15999999999989,0,1,3.0530962026156345,3.0530962026156345,46.125000000000064
7.16999999999989,0,1,3.0514395722131695,3.0514395722131695,46.125000000000064
7.17999999999989,0,1,3.049790807264202,3.049790807264202,46.125000000000064
7.189999999999889,0,1,3.048142028844623,3.048142028844623,46.125000000000064
7.199999999999889,0,1,3.046492453632382,3.046492453632382,46.125000000000064
7.209999999999889,0,1,3.0448420902788484,3.0448420902788484,46.125000000000064
7.219999999999889,0,1,3.0441110096371347,3.0441110096371347,46.125000000000064
7.2299999999998885,0,1,3.042461843229617,3.042461843229617,46.125000000000064
7.239999999999888,0,1,3.04081187628276,3.04081187628276,46.125000000000064
7.249999999999888,0,1,3.0391649656024953,3.0391649656024953,46.125000000000064
7.259999999999888,0,1,3.0375212374509317,3.0375212374509317,46.125000000000064
7.269999999999888,0,1,3.0358767484220692,3.0358767484220692,46.125000000000064
7.2799999999998875,0,1,3.034228495818624,3.034228495818624,46.125000000000064
7.289999999999887,0,1,3.0325739462560932,3.0325739462560932,46.125000000000064
7.299999999999887,0,1,3.030918588622768,3.030918588622768,46.125000000000064
7.309999999999887,0,1,3.0292624200550335,3.0292624200550335,46.125000000000064
7.319999999999887,0,1,3.0276101174850254,3.0276101174850254,46.125000000000064
7.329999999999886,0,1,3.025961873042405,3.025961873042405,46.125000000000064
7.339999999999886,0,1,3.0243192329103294,3.0243192329103294,46.125000000000064
7.349999999999886,0,1,3.022675973031639,3.022675973031639,46.125000000000064
7.359999999999886,0,1,3.0219175918548586,3.0219175918548586,46.125000000000064
7.3699999999998855,0,1,3.020272645746317,3.020272645746317,46.125000000000064
7.379999999999885,0,1,3.018629760172729,3.018629760172729,46.125000000000064
7.389999999999885,0,1,3.01698634730063,3.01698634730063,46.125000000000064
7.399999999999885,0,1,3.015337303729666,3.015337303729666,46.125000000000064
7.409999999999885,0,1,3.013684811687881,3.013684811687881,46.125000000000064
7.4199999999998845,0,1,3.0120315101944186,3.0120315101944186,46.125000000000064
7.429999999999884,0,1,3.0103773964058433,3.0103773964058433,46.125000000000064
7.439999999999884,0,1,3.0087224674602595,3.0087224674602595,46.125000000000064
7.449999999999884,0,1,3.0070667204773542,3.0070667204773542,46.125000000000064
7.459999999999884,0,1,3.0054173212732707,3.0054173212732707,46.125000000000064
7.469999999999883,0,1,3.0037761026834033,3.0037761026834033,46.125000000000064
7.479999999999883,0,1,3.0021341020781023,3.0021341020781023,46.125000000000064
7.489999999999883,0,1,3.0004913168196623,3.0004913168196623,46.125000000000064
7.499999999999883,0,1,2.9997159490697953,2.9997159490697953,46.125000000000064
7.5099999999998825,0,1,2.998073807562818,2.998073807562818,46.125000000000064
7.519999999999882,0,1,2.996423019141858,2.996423019141858,46.125000000000064
7.529999999999882,0,1,2.9947719032970213,2.9947719032970213,46.125000000000064
7.539999999999882,0,1,2.993120634466294,2.993120634466294,46.125000000000064
7.549999999999882,0,1,2.991468551921301,2.991468551921301,46.125000000000064
7.5599999999998815,0,1,2.9898156528195443,2.9898156528195443,46.125000000000064
7.569999999999881,0,1,2.9881621500222764,2.9881621500222764,46.125000000000064
7.579999999999881,0,1,2.9865142139074123,2.9865142139074123,46.125000000000064
7.589999999999881,0,1,2.984865481180776,2.984865481180776,46.125000000000064
7.599999999999881,0,1,2.9832159491469525,2.9832159491469525,46.125000000000064
7.60999999999988,0,1,2.9815715977185278,2.9815715977185278,46.125000000000064
7.61999999999988,0,1,2.9799300389316983,2.9799300389316983,46.125000000000064
7.62999999999988,0,1,2.9782837095362,2.9782837095362,46.125000000000064
7.63999999999988,0,1,2.9774859797701083,2.9774859797701083,46.125000000000064
7.64999999999988,0,1,2.9758364402389503,2.9758364402389503,46.125000000000064
7.659999999999879,0,1,2.9741860696655635,2.9741860696655635,46.125000000000064
7.669999999999879,0,1,2.9725356164476437,2.9725356164476437,46.125000000000064
7.679999999999879,0,1,2.9708847203366133,2.9708847203366133,46.125000000000064
7.689999999999879,0,1,2.9692337819085566,2.9692337819085566,46.125000000000064
7.6999999999998785,0,1,2.967587792627441,2.967587792627441,46.125000000000064
7.709999999999878,0,1,2.965941001132606,2.965941001132606,46.125000000000064
7.719999999999878,0,1,2.9642934085127877,2.9642934085127877,46.125000000000064
7.729999999999878,0,1,2.9626450120706522,2.9626450120706522,46.125000000000064
7.739999999999878,0,1,2.9609958090921396,2.9609958090921396,46.125000000000064
7.749999999999877,0,1,2.9593402606067087,2.9593402606067087,46.125000000000064
7.759999999999877,0,1,2.9576907704314124,2.9576907704314124,46.125000000000064
7.769999999999877,0,1,2.9568886984910705,2.9568886984910705,46.125000000000064
7.779999999999877,0,1,2.955230574639799,2.955230574639799,46.125000000000064
7.789999999999877,0,1,2.953579760527248,2.953579760527248,46.125000000000064
7.799999999999876,0,1,2.9519296528233667,2.9519296528233667,46.125000000000064
7.809999999999876,0,1,2.9502813035601463,2.9502813035601463,46.125000000000064
7.819999999999876,0,1,2.948637140134366,2.948637140134366,46.125000000000064
7.829999999999876,0,1,2.946992186423202,2.946992186423202,46.125000000000064
7.8399999999998755,0,1,2.9453464398931573,2.9453464398931573,46.125000000000064
7.849999999999875,0,1,2.943699897995785,2.943699897995785,46.125000000000064
7.859999999999875,0,1,2.9420488606748876,2.9420488606748876,46.125000000000064
7.869999999999875,0,1,2.940392377489715,2.940392377489715,46.125000000000064
7.879999999999875,0,1,2.938735052956787,2.938735052956787,46.125000000000064
7.8899999999998744,0,1,2.9370770339818364,2.9370770339818364,46.125000000000064
7.899999999999874,0,1,2.9354315618515727,2.9354315618515727,46.125000000000064
7.909999999999874,0,1,2.934614200192513,2.934614200192513,46.125000000000064
7.919999999999874,0,1,2.9329563096840587,2.9329563096840587,46.125000000000064
7.929999999999874,0,1,2.931305457587854,2.931305457587854,46.125000000000064
7.939999999999873,0,1,2.9296622819157108,2.9296622819157108,46.125000000000064
7.949999999999873,0,1,2.92801910193441,2.92801910193441,46.125000000000064
7.959999999999873,0,1,2.9263751270816414,2.9263751270816414,46.125000000000064
7.969999999999873,0,1,2.924730354795855,2.924730354795855,46.125000000000064
7.9799999999998725,0,1,2.9230765837593395,2.9230765837593395,46.125000000000064
7.989999999999872,0,1,2.9214219283699947,2.9214219283699947,46.125000000000064
7.999999999999872,0,1,2.9197664218181245,2.9197664218181245,46.125000000000064
8.009999999999872,0,1,2.9181100644866262,2.9181100644866262,46.125000000000064
8.019999999999872,0,1,2.9164585789431925,2.9164585789431925,46.125000000000064
8.029999999999871,0,1,2.9148071124754296,2.9148071124754296,46.125000000000064
8.039999999999871,0,1,2.9131608221859864,2.9131608221859864,46.125000000000064
8.049999999999871,0,1,2.912322586322844,2.912322586322844,46.125000000000064
8.05999999999987,0,1,2.910671368314766,2.910671368314766,46.125000000000064
8.06999999999987,0,1,2.9090215776590185,2.9090215776590185,46.125000000000064
8.07999999999987,0,1,2.9073788989170737,2.9073788989170737,46.125000000000064
8.08999999999987,0,1,2.9057310470068245,2.9057310470068245,46.125000000000064
8.09999999999987,0,1,2.904079020342465,2.904079020342465,46.125000000000064
8.10999999999987,0,1,2.9024261521076227,2.9024261521076227,46.125000000000064
8.11999999999987,0,1,2.9007724394377874,2.9007724394377874,46.125000000000064
8.12999999999987,0,1,2.8991184482663925,2.8991184482663925,46.125000000000064
8.13999999999987,0,1,2.897469549090289,2.897469549090289,46.125000000000064
8.149999999999869,0,1,2.89581982909732,2.89581982909732,46.125000000000064
8.159999999999869,0,1,2.8941692807054125,2.8941692807054125,46.125000000000064
8.169999999999868,0,1,2.8925179011672952,2.8925179011672952,46.125000000000064
8.179999999999868,0,1,2.8916704398253614,2.8916704398253614,46.125000000000064
8.189999999999868,0,1,2.890020130167386,2.890020130167386,46.125000000000064
8.199999999999868,0,1,2.8883670806823574,2.8883670806823574,46.125000000000064
8.209999999999868,0,1,2.886707650347958,2.886707650347958,46.125000000000064
8.219999999999867,0,1,2.8850560760262596,2.8850560760262596,46.125000000000064
8.229999999999867,0,1,2.8834049873871948,2.8834049873871948,46.125000000000064
8.239999999999867,0,1,2.881753052705946,2.881753052705946,46.125000000000064
8.249999999999867,0,1,2.880102494970373,2.880102494970373,46.125000000000064
8.259999999999867,0,1,2.8784553155453807,2.8784553155453807,46.125000000000064
8.269999999999866,0,1,2.876807308499494,2.876807308499494,46.125000000000064
8.279999999999866,0,1,2.875158471114574,2.875158471114574,46.125000000000064
8.289999999999866,0,1,2.8735088006559124,2.8735088006559124,46.125000000000064
8.299999999999866,0,1,2.8718582943718047,2.8718582943718047,46.125000000000064
8.309999999999865,0,1,2.870206949493877,2.870206949493877,46.125000000000064
8.319999999999865,0,1,2.8693387024810733,2.8693387024810733,46.125000000000064
8.329999999999865,0,1,2.867680211606995,2.867680211606995,46.125000000000064
8.339999999999865,0,1,2.8660208437172656,2.8660208437172656,46.125000000000064
8.349999999999865,0,1,2.8643610115756815,2.8643610115756815,46.125000000000064
8.359999999999864,0,1,2.8627079451784567,2.8627079451784567,46.125000000000064
8.369999999999864,0,1,2.861061029850106,2.861061029850106,46.125000000000064
8.379999999999864,0,1,2.859415538382237,2.859415538382237,46.125000000000064
8.389999999999864,0,1,2.857769217305446,2.857769217305446,46.125000000000064
8.399999999999864,0,1,2.8561220639134746,2.8561220639134746,46.125000000000064
8.409999999999863,0,1,2.854474075483324,2.854474075483324,46.125000000000064
8.419999999999863,0,1,2.8528252492754262,2.8528252492754262,46.125000000000064
8.429999999999863,0,1,2.851170254807684,2.851170254807684,46.125000000000064
8.439999999999863,0,1,2.849511577625506,2.849511577625506,46.125000000000064
8.449999999999863,0,1,2.847853223088393,2.847853223088393,46.125000000000064
8.459999999999862,0,1,2.8469700135398597,2.8469700135398597,46.125000000000064
8.469999999999862,0,1,2.8453114877361543,2.8453114877361543,46.125000000000064
8.479999999999862,0,1,2.8436520772974063,2.8436520772974063,46.125000000000064
8.489999999999862,0,1,2.841998912667137,2.841998912667137,46.125000000000064
8.499999999999861,0,1,2.840349961515969,2.840349961515969,46.125000000000064
8.509999999999861,0,1,2.838705298957109,2.838705298957109,46.125000000000064
8.519999999999861,0,1,2.8370598020734263,2.8370598020734263,46.125000000000064
8.52999999999986,0,1,2.835413468152396,2.835413468152396,46.125000000000064
8.53999999999986,0,1,2.833762767565318,2.833762767565318,46.125000000000064
8.54999999999986,0,1,2.8321066735225173,2.8321066735225173,46.125000000000064
8.55999999999986,0,1,2.8304496977207663,2.8304496977207663,46.125000000000064
8.56999999999986,0,1,2.828795371851328,2.828795371851328,46.125000000000064
8.57999999999986,0,1,2.827143109283753,2.827143109283753,46.125000000000064
8.58999999999986,0,1,2.8262361354949945,2.8262361354949945,46.125000000000064
8.59999999999986,0,1,2.824580785925633,2.824580785925633,46.125000000000064
8.609999999999859,0,1,2.8229286480288636,2.8229286480288636,46.125000000000064
8.619999999999859,0,1,2.8212758007899623,2.8212758007899623,46.125000000000064
8.629999999999859,0,1,2.8196228375164623,2.8196228375164623,46.125000000000064
8.639999999999858,0,1,2.8179718011447648,2.8179718011447648,46.125000000000064
8.649999999999858,0,1,2.8163245370006678,2.8163245370006678,46.125000000000064
8.659999999999858,0,1,2.814670982961232,2.814670982961232,46.125000000000064
8.669999999999858,0,1,2.8130165485772096,2.8130165485772096,46.125000000000064
8.679999999999858,0,1,2.8113612308104337,2.8113612308104337,46.125000000000064
8.689999999999857,0,1,2.8097111411168783,2.8097111411168783,46.125000000000064
8.699999999999857,0,1,2.808060484633444,2.808060484633444,46.125000000000064
8.709999999999857,0,1,2.8064089624030544,2.8064089624030544,46.125000000000064
8.719999999999857,0,1,2.8047565715105947,2.8047565715105947,46.125000000000064
8.729999999999857,0,1,2.8038326185644564,2.8038326185644564,46.125000000000064
8.739999999999856,0,1,2.8021812103454806,2.8021812103454806,46.125000000000064
8.749999999999856,0,1,2.8005289323940445,2.8005289323940445,46.125000000000064
8.759999999999856,0,1,2.798875145093106,2.798875145093106,46.125000000000064
8.769999999999856,0,1,2.7972139529765343,2.7972139529765343,46.125000000000064
8.779999999999855,0,1,2.7955542093972383,2.7955542093972383,46.125000000000064
8.789999999999855,0,1,2.793899632624729,2.793899632624729,46.125000000000064
8.799999999999855,0,1,2.7922485431111426,2.7922485431111426,46.125000000000064
8.809999999999855,0,1,2.7906003486820197,2.7906003486820197,46.125000000000064
8.819999999999855,0,1,2.7889512894189608,2.7889512894189608,46.125000000000064
8.829999999999854,0,1,2.787301362436395,2.787301362436395,46.125000000000064
8.839999999999854,0,1,2.7856505648306324,2.7856505648306324,46.125000000000064
8.849999999999854,0,1,2.7839988936795095,2.7839988936795095,46.125000000000064
8.859999999999854,0,1,2.783060258910737,2.783060258910737,46.125000000000064
8.869999999999854,0,1,2.7814089184123816,2.7814089184123816,46.125000000000064
8.879999999999853,0,1,2.779749348519857,2.779749348519857,46.125000000000064
8.889999999999853,0,1,2.778089025983121,2.778089025983121,46.125000000000064
8.899999999999853,0,1,2.776428500576742,2.776428500576742,46.125000000000064
8.909999999999853,0,1,2.7747670726480322,2.7747670726480322,46.125000000000064
8.919999999999852,0,1,2.7731125746430934,2.7731125746430934,46.125000000000064
8.929999999999852,0,1,2.771462829183733,2.771462829183733,46.125000000000064
8.939999999999852,0,1,2.76981533046434,2.76981533046434,46.125000000000064
8.949999999999852,0,1,2.768166962012927,2.768166962012927,46.125000000000064
8.959999999999852,0,1,2.7665177209364487,2.7665177209364487,46.125000000000064
8.969999999999851,0,1,2.7648676043234133,2.7648676043234133,46.125000000000064
8.979999999999851,0,1,2.7632161209739934,2.7632161209739934,46.125000000000064
8.989999999999851,0,1,2.7615562801164657,2.7615562801164657,46.125000000000064
8.99999999999985,0,1,2.7605969660185963,2.7605969660185963,46.125000000000064
9.00999999999985,0,1,2.7589380697587558,2.7589380697587558,46.125000000000064
9.01999999999985,0,1,2.7572782551940804,2.7572782551940804,46.125000000000064
9.02999999999985,0,1,2.755621050881672,2.755621050881672,46.125000000000064
9.03999999999985,0,1,2.7539666464808334,2.7539666464808334,46.125000000000064
9.04999999999985,0,1,2.7523113576603464,2.7523113576603464,46.125000000000064
9.05999999999985,0,1,2.7506568253315464,2.7506568253315464,46.125000000000064
9.06999999999985,0,1,2.749005489797966,2.749005489797966,46.125000000000064
9.079999999999849,0,1,2.747357774830874,2.747357774830874,46.125000000000064
9.089999999999849,0,1,2.7457084528587075,2.7457084528587075,46.125000000000064
9.099999999999849,0,1,2.744051093762721,2.744051093762721,46.125000000000064
9.109999999999848,0,1,2.742393573818646,2.742393573818646,46.125000000000064
9.119999999999848,0,1,2.740740753721795,2.740740753721795,46.125000000000064
9.129999999999848,0,1,2.7397598410964576,2.7397598410964576,46.125000000000064
9.139999999999848,0,1,2.7381018305473788,2.7381018305473788,46.125000000000064
9.149999999999848,0,1,2.7364490140089544,2.7364490140089544,46.125000000000064
9.159999999999847,0,1,2.7347955758484943,2.7347955758484943,46.125000000000064
9.169999999999847,0,1,2.7331417376326783,2.7331417376326783,46.125000000000064
9.179999999999847,0,1,2.7314870097398654,2.7314870097398654,46.125000000000064
9.189999999999847,0,1,2.729831389209309,2.729831389209309,46.125000000000064
9.199999999999847,0,1,2.728174879681262,2.728174879681262,46.125000000000064
9.209999999999846,0,1,2.7265142193942324,2.7265142193942324,46.125000000000064
9.219999999999846,0,1,2.7248583922081764,2.7248583922081764,46.125000000000064
9.229999999999846,0,1,2.723206298149833,2.723206298149833,46.125000000000064
9.239999999999846,0,1,2.7215549641690586,2.7215549641690586,46.125000000000064
9.249999999999845,0,1,2.719902720832195,2.719902720832195,46.125000000000064
9.259999999999845,0,1,2.7189014323106875,2.7189014323106875,46.125000000000064
9.269999999999845,0,1,2.717250077683971,2.717250077683971,46.125000000000064
9.279999999999845,0,1,2.715597821258072,2.715597821258072,46.125000000000064
9.289999999999845,0,1,2.713944659866087,2.713944659866087,46.125000000000064
9.299999999999844,0,1,2.712291331441591,2.712291331441591,46.125000000000064
9.309999999999844,0,1,2.710634675589162,2.710634675589162,46.125000000000064
9.319999999999844,0,1,2.708971661854463,2.708971661854463,46.125000000000064
9.329999999999844,0,1,2.707307712157757,2.707307712157757,46.125000000000064
9.339999999999844,0,1,2.7056468022758793,2.7056468022758793,46.125000000000064
9.349999999999843,0,1,2.7039912075676966,2.7039912075676966,46.125000000000064
9.359999999999843,0,1,2.7023413086498635,2.7023413086498635,46.125000000000064
9.369999999999843,0,1,2.7006905124645897,2.7006905124645897,46.125000000000064
9.379999999999843,0,1,2.699038810322193,2.699038810322193,46.125000000000064
9.389999999999842,0,1,2.6973862006909712,2.6973862006909712,46.125000000000064
9.399999999999842,0,1,2.6963724991789633,2.6963724991789633,46.125000000000064
9.409999999999842,0,1,2.6947207832505597,2.6947207832505597,46.125000000000064
9.419999999999842,0,1,2.6930642828416467,2.6930642828416467,46.125000000000064
9.429999999999842,0,1,2.69140339196656,2.69140339196656,46.125000000000064
9.439999999999841,0,1,2.6897418035898255,2.6897418035898255,46.125000000000064
9.449999999999841,0,1,2.688080055757439,2.688080055757439,46.125000000000064
9.459999999999841,0,1,2.686422946177842,2.686422946177842,46.125000000000064
9.46999999999984,0,1,2.6847649178659907,2.6847649178659907,46.125000000000064
9.47999999999984,0,1,2.683107315098482,2.683107315098482,46.125000000000064
9.48999999999984,0,1,2.681450864675867,2.681450864675867,46.125000000000064
9.49999999999984,0,1,2.679800121707842,2.679800121707842,46.125000000000064
9.50999999999984,0,1,2.6781489322061276,2.6781489322061276,46.125000000000064
9.51999999999984,0,1,2.676496828474839,2.676496828474839,46.125000000000064
9.52999999999984,0,1,2.675463288238319,2.675463288238319,46.125000000000064
9.53999999999984,0,1,2.67380429847357,2.67380429847357,46.125000000000064
9.549999999999839,0,1,2.672144359291778,2.672144359291778,46.125000000000064
9.559999999999839,0,1,2.6704837448832848,2.6704837448832848,46.125000000000064
9.569999999999839,0,1,2.668828217681792,2.668828217681792,46.125000000000064
9.579999999999838,0,1,2.6671724505571888,2.6671724505571888,46.125000000000064
9.589999999999838,0,1,2.665515762309383,2.665515762309383,46.125000000000064
9.599999999999838,0,1,2.663858149815539,2.663858149815539,46.125000000000064
9.609999999999838,0,1,2.662199609932671,2.662199609932671,46.125000000000064
9.619999999999838,0,1,2.6605415347559074,2.6605415347559074,46.125000000000064
9.629999999999837,0,1,2.6588842657221363,2.6588842657221363,46.125000000000064
9.639999999999837,0,1,2.6572247579564845,2.6572247579564845,46.125000000000064
9.649999999999837,0,1,2.6555696989208855,2.6555696989208855,46.125000000000064
9.659999999999837,0,1,2.654517500658045,2.654517500658045,46.125000000000064
9.669999999999837,0,1,2.652857251674689,2.652857251674689,46.125000000000064
9.679999999999836,0,1,2.6512021790352662,2.6512021790352662,46.125000000000064
9.689999999999836,0,1,2.6495481235369454,2.6495481235369454,46.125000000000064
9.699999999999836,0,1,2.6478936655462206,2.6478936655462206,46.125000000000064
9.709999999999836,0,1,2.6462382840012992,2.6462382840012992,46.125000000000064
9.719999999999835,0,1,2.644581975784888,2.644581975784888,46.125000000000064
9.729999999999835,0,1,2.642924737759614,2.642924737759614,46.125000000000064
9.739999999999835,0,1,2.641263656558067,2.641263656558067,46.125000000000064
9.749999999999835,0,1,2.6395967490176417,2.6395967490176417,46.125000000000064
9.759999999999835,0,1,2.6379339060779614,2.6379339060779614,46.125000000000064
9.769999999999834,0,1,2.6362747175083854,2.6362747175083854,46.125000000000064
9.779999999999834,0,1,2.634620715451149,2.634620715451149,46.125000000000064
9.789999999999834,0,1,2.6335541767839032,2.6335541767839032,46.125000000000064
9.799999999999834,0,1,2.631894865076262,2.631894865076262,46.125000000000064
9.809999999999834,0,1,2.6302401629604333,2.6302401629604333,46.125000000000064
9.819999999999833,0,1,2.6285863909286036,2.6285863909286036,46.125000000000064
9.829999999999833,0,1,2.6269322580688623,2.6269322580688623,46.125000000000064
9.839999999999833,0,1,2.6252772198926237,2.6252772198926237,46.125000000000064
9.849999999999833,0,1,2.623615278863099,2.623615278863099,46.125000000000064
9.859999999999832,0,1,2.6219506360769884,2.6219506360769884,46.125000000000064
9.869999999999832,0,1,2.620287784160098,2.620287784160098,46.125000000000064
9.879999999999832,0,1,2.618627513824322,2.618627513824322,46.125000000000064
9.889999999999832,0,1,2.616966285887969,2.616966285887969,46.125000000000064
9.899999999999832,0,1,2.615305962332272,2.615305962332272,46.125000000000064
9.909999999999831,0,1,2.61364601629262,2.61364601629262,46.125000000000064
9.919999999999831,0,1,2.611991271405529,2.611991271405529,46.125000000000064
9.929999999999831,0,1,2.6109129601867096,2.6109129601867096,46.125000000000064
9.93999999999983,0,1,2.609252876046966,2.609252876046966,46.125000000000064
9.94999999999983,0,1,2.60759573115061,2.60759573115061,46.125000000000064
9.95999999999983,0,1,2.6059341542797085,2.6059341542797085,46.125000000000064
9.96999999999983,0,1,2.604271727302276,2.604271727302276,46.125000000000064
9.97999999999983,0,1,2.602610786596557,2.602610786596557,46.125000000000064
9.98999999999983,0,1,2.60095268625669,2.60095268625669,46.125000000000064
9.99999999999983,0,1,2.5992936327735094,2.5992936327735094,46.125000000000064
10.00999999999983,0,1,2.5976336228545165,2.5976336228545165,46.125000000000064
10.019999999999829,0,1,2.595972655135526,2.595972655135526,46.125000000000064
10.029999999999829,0,1,2.5943107293763603,2.5943107293763603,46.125000000000064
10.039999999999829,0,1,2.5926500155663916,2.5926500155663916,46.125000000000064
10.049999999999828,0,1,2.590989269440911,2.590989269440911,46.125000000000064
10.059999999999828,0,1,2.58989904644082,2.58989904644082,46.125000000000064
10.069999999999828,0,1,2.5882303561516977,2.5882303561516977,46.125000000000064
10.079999999999828,0,1,2.586561717637096,2.586561717637096,46.125000000000064
10.089999999999828,0,1,2.5849013619178436,2.5849013619178436,46.125000000000064
10.099999999999827,0,1,2.5832454078565235,2.5832454078565235,46.125000000000064
10.109999999999827,0,1,2.5815885013528828,2.5815885013528828,46.125000000000064
10.119999999999827,0,1,2.5799306391396613,2.5799306391396613,46.125000000000064
10.129999999999827,0,1,2.5782718179282256,2.5782718179282256,46.125000000000064
10.139999999999826,0,1,2.576612034408356,2.576612034408356,46.125000000000064
10.149999999999826,0,1,2.574951285247863,2.574951285247863,46.125000000000064
10.159999999999826,0,1,2.573287220191787,2.573287220191787,46.125000000000064
10.169999999999826,0,1,2.571619052381564,2.571619052381564,46.125000000000064
10.179999999999826,0,1,2.5699566116418993,2.5699566116418993,46.125000000000064
10.189999999999825,0,1,2.5688449791670536,2.5688449791670536,46.125000000000064
10.199999999999825,0,1,2.5671772649163387,2.5671772649163387,46.125000000000064
10.209999999999825,0,1,2.5655145999634783,2.5655145999634783,46.125000000000064
10.219999999999825,0,1,2.5638516936109426,2.5638516936109426,46.125000000000064
10.229999999999825,0,1,2.5621949751491115,2.5621949751491115,46.125000000000064
10.239999999999824,0,1,2.5605382601166156,2.5605382601166156,46.125000000000064
10.249999999999824,0,1,2.5588805834720034,2.5588805834720034,46.125000000000064
10.259999999999824,0,1,2.557221941908182,2.557221941908182,46.125000000000064
10.269999999999824,0,1,2.5555551691645633,2.5555551691645633,46.125000000000064
10.279999999999824,0,1,2.5538897407188728,2.5538897407188728,46.125000000000064
10.289999999999823,0,1,2.55222679773091,2.55222679773091,46.125000000000064
10.299999999999823,0,1,2.5505628679343175,2.5505628679343175,46.125000000000064
10.309999999999823,0,1,2.5488979478312785,2.5488979478312785,46.125000000000064
10.319999999999823,0,1,2.5477721338657062,2.5477721338657062,46.125000000000064
10.329999999999822,0,1,2.546107961946902,2.546107961946902,46.125000000000064
10.339999999999822,0,1,2.5444427986121525,2.5444427986121525,46.125000000000064
10.349999999999822,0,1,2.5427800616724596,2.5427800616724596,46.125000000000064
10.359999999999822,0,1,2.5411163549468796,2.5411163549468796,46.125000000000064
10.369999999999822,0,1,2.5394595484559517,2.5394595484559517,46.125000000000064
10.379999999999821,0,1,2.5378020052905867,2.5378020052905867,46.125000000000064
10.389999999999821,0,1,2.53614699538673,2.53614699538673,46.125000000000064
10.399999999999821,0,1,2.5344936639462503,2.5344936639462503,46.125000000000064
10.40999999999982,0,1,2.532839378625738,2.532839378625738,46.125000000000064
10.41999999999982,0,1,2.5311841362094185,2.5311841362094185,46.125000000000064
10.42999999999982,0,1,2.529527933461182,2.529527933461182,46.125000000000064
10.43999999999982,0,1,2.5278707671237868,2.5278707671237868,46.125000000000064
10.44999999999982,0,1,2.526739013766502,2.526739013766502,46.125000000000064
10.45999999999982,0,1,2.5250826124965755,2.5250826124965755,46.125000000000064
10.46999999999982,0,1,2.5234252470357177,2.5234252470357177,46.125000000000064
10.47999999999982,0,1,2.521767336076735,2.521767336076735,46.125000000000064
10.489999999999819,0,1,2.520111467942556,2.520111467942556,46.125000000000064
10.499999999999819,0,1,2.518458116832363,2.518458116832363,46.125000000000064
10.509999999999819,0,1,2.5168135027530667,2.5168135027530667,46.125000000000064
10.519999999999818,0,1,2.5151688204528,2.5151688204528,46.125000000000064
10.529999999999818,0,1,2.513521961583322,2.513521961583322,46.125000000000064
10.539999999999818,0,1,2.5118738455738736,2.5118738455738736,46.125000000000064
10.549999999999818,0,1,2.5102247988287445,2.5102247988287445,46.125000000000064
10.559999999999818,0,1,2.5085748183568057,2.5085748183568057,46.125000000000064
10.569999999999817,0,1,2.5069239011479283,2.5069239011479283,46.125000000000064
10.579999999999817,0,1,2.505784246783236,2.505784246783236,46.125000000000064
10.589999999999817,0,1,2.504134117177358,2.504134117177358,46.125000000000064
10.599999999999817,0,1,2.5024830508935167,2.5024830508935167,46.125000000000064
10.609999999999816,0,1,2.500834348440989,2.500834348440989,46.125000000000064
10.619999999999816,0,1,2.4991878945901362,2.4991878945901362,46.125000000000064
10.629999999999816,0,1,2.497543096396953,2.497543096396953,46.125000000000064
10.639999999999816,0,1,2.495897448820571,2.495897448820571,46.125000000000064
10.649999999999816,0,1,2.4942557161609216,2.4942557161609216,46.125000000000064
10.659999999999815,0,1,2.492616409211891,2.492616409211891,46.125000000000064
10.669999999999815,0,1,2.4909762022676176,2.4909762022676176,46.125000000000064
10.679999999999815,0,1,2.489335092589698,2.489335092589698,46.125000000000064
10.689999999999815,0,1,2.48769503428133,2.48769503428133,46.125000000000064
10.699999999999815,0,1,2.486058042934303,2.486058042934303,46.125000000000064
10.709999999999814,0,1,2.4844201618474244,2.4844201618474244,46.125000000000064
10.719999999999814,0,1,2.4832639674539365,2.4832639674539365,46.125000000000064
10.729999999999814,0,1,2.4816268624036013,2.4816268624036013,46.125000000000064
10.739999999999814,0,1,2.479988868195008,2.479988868195008,46.125000000000064
10.749999999999813,0,1,2.4783502233040764,2.4783502233040764,46.125000000000064
10.759999999999813,0,1,2.4767108426102027,2.4767108426102027,46.125000000000064
10.769999999999813,0,1,2.475072030826226,2.475072030826226,46.125000000000064
10.779999999999813,0,1,2.473433385760515,2.473433385760515,46.125000000000064
10.789999999999813,0,1,2.471794348023323,2.471794348023323,46.125000000000064
10.799999999999812,0,1,2.4701626037322626,2.4701626037322626,46.125000000000064
10.809999999999812,0,1,2.468535290402002,2.468535290402002,46.125000000000064
10.819999999999812,0,1,2.466907120165075,2.466907120165075,46.125000000000064
10.829999999999812,0,1,2.465278090621453,2.465278090621453,46.125000000000064
10.839999999999812,0,1,2.463648199357891,2.463648199357891,46.125000000000064
10.849999999999811,0,1,2.462484962416198,2.462484962416198,46.125000000000064
10.859999999999811,0,1,2.460855859479068,2.460855859479068,46.125000000000064
10.869999999999811,0,1,2.459225895888139,2.459225895888139,46.125000000000064
10.87999999999981,0,1,2.4575950691537685,2.4575950691537685,46.125000000000064
10.88999999999981,0,1,2.455963700535918,2.455963700535918,46.125000000000064
10.89999999999981,0,1,2.4543315107162442,2.4543315107162442,46.125000000000064
10.90999999999981,0,1,2.4526984624246495,2.4526984624246495,46.125000000000064
10.91999999999981,0,1,2.4510709793899252,2.4510709793899252,46.125000000000064
10.92999999999981,0,1,2.449444338497159,2.449444338497159,46.125000000000064
10.93999999999981,0,1,2.4478188827740723,2.4478188827740723,46.125000000000064
10.94999999999981,0,1,2.446198703892108,2.446198703892108,46.125000000000064
10.959999999999809,0,1,2.4445776937388075,2.4445776937388075,46.125000000000064
10.969999999999809,0,1,2.4429558500564923,2.4429558500564923,46.125000000000064
10.979999999999809,0,1,2.4413331706452936,2.4413331706452936,46.125000000000064
10.989999999999808,0,1,2.440164088058708,2.440164088058708,46.125000000000064
10.999999999999808,0,1,2.438542210351315,2.438542210351315,46.125000000000064
11.009999999999808,0,1,2.436919498388491,2.436919498388491,46.125000000000064
11.019999999999808,0,1,2.43529594990315,2.43529594990315,46.125000000000064
11.029999999999808,0,1,2.4336733079599355,2.4336733079599355,46.125000000000064
11.039999999999807,0,1,2.4320540677598217,2.4320540677598217,46.125000000000064
11.049999999999807,0,1,2.430434014087851,2.430434014087851,46.125000000000064
11.059999999999807,0,1,2.428813144930402,2.428813144930402,46.125000000000064
11.069999999999807,0,1,2.427193693107043,2.427193693107043,46.125000000000064
11.079999999999806,0,1,2.425573386577966,2.425573386577966,46.125000000000064
11.089999999999806,0,1,2.4239535681070237,2.4239535681070237,46.125000000000064
11.099999999999806,0,1,2.422339812854972,2.422339812854972,46.125000000000064
11.109999999999806,0,1,2.4207252505231622,2.4207252505231622,46.125000000000064
11.119999999999806,0,1,2.4191138334383737,2.4191138334383737,46.125000000000064
11.129999999999805,0,1,2.4179343618283724,2.4179343618283724,46.125000000000064
11.139999999999805,0,1,2.4163198018788847,2.4163198018788847,46.125000000000064
11.149999999999805,0,1,2.4147080276745925,2.4147080276745925,46.125000000000064
11.159999999999805,0,1,2.413097384943171,2.413097384943171,46.125000000000064
11.169999999999805,0,1,2.411486153300544,2.411486153300544,46.125000000000064
11.179999999999804,0,1,2.4098741974940054,2.4098741974940054,46.125000000000064
11.189999999999804,0,1,2.408261454369537,2.408261454369537,46.125000000000064
11.199999999999804,0,1,2.4066479221206976,2.4066479221206976,46.125000000000064
11.209999999999804,0,1,2.405033598933798,2.405033598933798,46.125000000000064
11.219999999999803,0,1,2.4034201416321963,2.4034201416321963,46.125000000000064
11.229999999999803,0,1,2.401806382136371,2.401806382136371,46.125000000000064
11.239999999999803,0,1,2.400197229597353,2.400197229597353,46.125000000000064
11.249999999999803,0,1,2.398593626604125,2.398593626604125,46.125000000000064
11.259999999999803,0,1,2.396991070813897,2.396991070813897,46.125000000000064
11.269999999999802,0,1,2.395387747249899,2.395387747249899,46.125000000000064
11.279999999999802,0,1,2.3942000037285993,2.3942000037285993,46.125000000000064
11.289999999999802,0,1,2.3925975071267658,2.3925975071267658,46.125000000000064
11.299999999999802,0,1,2.39099436426811,2.39099436426811,46.125000000000064
11.309999999999802,0,1,2.389413201211056,2.389413201211056,46.125000000000064
11.319999999999801,0,1,2.38780712824466,2.38780712824466,46.125000000000064
11.329999999999801,0,1,2.3862002552280046,2.3862002552280046,46.125000000000064
11.339999999999801,0,1,2.3845925800557097,2.3845925800557097,46.125000000000064
11.3499999999998,0,1,2.3829842456625414,2.3829842456625414,46.125000000000064
11.3599999999998,0,1,2.3813804254909456,2.3813804254909456,46.125000000000064
11.3699999999998,0,1,2.379775813993419,2.379775813993419,46.125000000000064
11.3799999999998,0,1,2.378172606736385,2.378172606736385,46.125000000000064
11.3899999999998,0,1,2.3765683355122036,2.3765683355122036,46.125000000000064
11.3999999999998,0,1,2.37496324081566,2.37496324081566,46.125000000000064
11.4099999999998,0,1,2.373365343283922,2.373365343283922,46.125000000000064
11.4199999999998,0,1,2.3717669653470352,2.3717669653470352,46.125000000000064
11.429999999999799,0,1,2.37016780233013,2.37016780233013,46.125000000000064
11.439999999999799,0,1,2.3685696732915886,2.3685696732915886,46.125000000000064
11.449999999999799,0,1,2.3669743145822935,2.3669743145822935,46.125000000000064
11.459999999999798,0,1,2.365378181261974,2.365378181261974,46.125000000000064
11.469999999999798,0,1,2.363781271393819,2.363781271393819,46.125000000000064
11.479999999999798,0,1,2.3621835830331435,2.3621835830331435,46.125000000000064
11.489999999999798,0,1,2.360585114227618,2.360585114227618,46.125000000000064
11.499999999999797,0,1,2.358987329619538,2.358987329619538,46.125000000000064
11.509999999999797,0,1,2.357389116777469,2.357389116777469,46.125000000000064
11.519999999999797,0,1,2.3557900913136933,2.3557900913136933,46.125000000000064
11.529999999999797,0,1,2.3541977130947345,2.3541977130947345,46.125000000000064
11.539999999999797,0,1,2.3526108010813545,2.3526108010813545,46.125000000000064
11.549999999999796,0,1,2.351023130971342,2.351023130971342,46.125000000000064
11.559999999999796,0,1,2.3494347009265226,2.3494347009265226,46.125000000000064
11.569999999999796,0,1,2.347845509101191,2.347845509101191,46.125000000000064
11.579999999999796,0,1,2.346255553642976,2.346255553642976,46.125000000000064
11.589999999999796,0,1,2.3446648326918904,2.3446648326918904,46.125000000000064
11.599999999999795,0,1,2.3430733443812954,2.3430733443812954,46.125000000000064
11.609999999999795,0,1,2.341481086837092,2.341481086837092,46.125000000000064
11.619999999999795,0,1,2.3398931652344004,2.3398931652344004,46.125000000000064
11.629999999999795,0,1,2.3383063910351467,2.3383063910351467,46.125000000000064
11.639999999999795,0,1,2.336718831787735,2.336718831787735,46.125000000000064
11.649999999999794,0,1,2.3351304856382455,2.3351304856382455,46.125000000000064
11.659999999999794,0,1,2.333548544513377,2.333548544513377,46.125000000000064
11.669999999999794,0,1,2.3319670811186484,2.3319670811186484,46.125000000000064
11.679999999999794,0,1,2.3303848689038773,2.3303848689038773,46.125000000000064
11.689999999999793,0,1,2.328801906100992,2.328801906100992,46.125000000000064
11.699999999999793,0,1,2.327218359083844,2.327218359083844,46.125000000000064
11.709999999999793,0,1,2.325639112607732,2.325639112607732,46.125000000000064
11.719999999999793,0,1,2.32405912522529,2.32405912522529,46.125000000000064
11.729999999999793,0,1,2.322478395228231,2.322478395228231,46.125000000000064
11.739999999999792,0,1,2.320896920902385,2.320896920902385,46.125000000000064
11.749999999999792,0,1,2.3193157892301883,2.3193157892301883,46.125000000000064
11.759999999999792,0,1,2.3177343942436153,2.3177343942436153,46.125000000000064
11.769999999999792,0,1,2.316152223482817,2.316152223482817,46.125000000000064
11.779999999999792,0,1,2.314569860714741,2.314569860714741,46.125000000000064
11.789999999999791,0,1,2.312999237343405,2.312999237343405,46.125000000000064
11.799999999999791,0,1,2.311428524432017,2.311428524432017,46.125000000000064
11.80999999999979,0,1,2.3098570768050735,2.3098570768050735,46.125000000000064
11.81999999999979,0,1,2.3082849032175403,2.3082849032175403,46.125000000000064
11.82999999999979,0,1,2.306712002051725,2.306712002051725,46.125000000000064
11.83999999999979,0,1,2.305138371685061,2.305138371685061,46.125000000000064
11.84999999999979,0,1,2.303564010490078,2.303564010490078,46.125000000000064
11.85999999999979,0,1,2.3019889168345173,2.3019889168345173,46.125000000000064
11.86999999999979,0,1,2.30041308908136,2.30041308908136,46.125000000000064
11.87999999999979,0,1,2.2988378327476227,2.2988378327476227,46.125000000000064
11.88999999999979,0,1,2.2990296343484715,2.2990296343484715,46.125000000000064
11.899999999999789,0,1,2.300589128639956,2.300589128639956,46.125000000000064
11.909999999999789,0,1,2.3021478280324743,2.3021478280324743,46.125000000000064
11.919999999999789,0,1,2.303699313733077,2.303699313733077,46.125000000000064
11.929999999999788,0,1,2.305251015090491,2.305251015090491,46.125000000000064
11.939999999999788,0,1,2.306802933999137,2.306802933999137,46.125000000000064
11.949999999999788,0,1,2.3083550715995926,2.3083550715995926,46.125000000000064
11.959999999999788,0,1,2.309907422687999,2.309907422687999,46.125000000000064
11.969999999999787,0,1,2.311459994573042,2.311459994573042,46.125000000000064
11.979999999999787,0,1,2.3130127885904557,2.3130127885904557,46.125000000000064
11.989999999999787,0,1,2.3145658058912915,2.3145658058912915,46.125000000000064
11.999999999999787,0,1,2.316119047629414,2.316119047629414,46.125000000000064
12.009999999999787,0,1,2.317671044576983,2.317671044576983,46.125000000000064
12.019999999999786,0,1,2.3192234192635226,2.3192234192635226,46.125000000000064
12.029999999999786,0,1,2.320776049510883,2.320776049510883,46.125000000000064
12.039999999999786,0,1,2.322327043330475,2.322327043330475,46.125000000000064
12.049999999999786,0,1,2.3238715198287423,2.3238715198287423,46.125000000000064
12.059999999999786,0,1,2.3254162167128953,2.3254162167128953,46.125000000000064
12.069999999999785,0,1,2.32696113557661,2.32696113557661,46.125000000000064
12.079999999999785,0,1,2.3285062775493657,2.3285062775493657,46.125000000000064
12.089999999999785,0,1,2.3300516437631558,2.3300516437631558,46.125000000000064
12.099999999999785,0,1,2.331597235352291,2.331597235352291,46.125000000000064
12.109999999999784,0,1,2.3331430534534263,2.3331430534534263,46.125000000000064
12.119999999999784,0,1,2.334689099205761,2.334689099205761,46.125000000000064
12.129999999999784,0,1,2.3362347858143977,2.3362347858143977,46.125000000000064
12.139999999999784,0,1,2.337778222637567,2.337778222637567,46.125000000000064
12.149999999999784,0,1,2.339321938016667,2.339321938016667,46.125000000000064
12.159999999999783,0,1,2.340865899302969,2.340865899302969,46.125000000000064
12.169999999999783,0,1,2.3424071194946663,2.3424071194946663,46.125000000000064
12.179999999999783,0,1,2.3439427875732264,2.3439427875732264,46.125000000000064
12.189999999999783,0,1,2.3454786679377406,2.3454786679377406,46.125000000000064
12.199999999999783,0,1,2.347014762104493,2.347014762104493,46.125000000000064
12.209999999999782,0,1,2.3485510715957645,2.3485510715957645,46.125000000000064
12.219999999999782,0,1,2.3500875979397478,2.3500875979397478,46.125000000000064
12.229999999999782,0,1,2.3516243426704904,2.3516243426704904,46.125000000000064
12.239999999999782,0,1,2.3531613073280084,2.3531613073280084,46.125000000000064
12.249999999999782,0,1,2.354698493458173,2.354698493458173,46.125000000000064
12.259999999999781,0,1,2.3562352509778037,2.3562352509778037,46.125000000000064
12.269999999999781,0,1,2.357771779561048,2.357771779561048,46.125000000000064
12.27999999999978,0,1,2.359308562886625,2.359308562886625,46.125000000000064
12.28999999999978,0,1,2.360845602514246,2.360845602514246,46.125000000000064
12.29999999999978,0,1,2.362378778920416,2.362378778920416,46.125000000000064
12.30999999999978,0,1,2.3639073936753903,2.3639073936753903,46.125000000000064
12.31999999999978,0,1,2.365436230356039,2.365436230356039,46.125000000000064
12.32999999999978,0,1,2.3669652905034724,2.3669652905034724,46.125000000000064
12.33999999999978,0,1,2.3684945756645988,2.3684945756645988,46.125000000000064
12.34999999999978,0,1,2.370024087392423,2.370024087392423,46.125000000000064
12.35999999999978,0,1,2.3715538272460464,2.3715538272460464,46.125000000000064
12.369999999999779,0,1,2.3730837967903966,2.3730837967903966,46.125000000000064
12.379999999999779,0,1,2.374613997596569,2.374613997596569,46.125000000000064
12.389999999999779,0,1,2.376143568314191,2.376143568314191,46.125000000000064
12.399999999999778,0,1,2.3776732542952175,2.3776732542952175,46.125000000000064
12.409999999999778,0,1,2.3792032054202394,2.3792032054202394,46.125000000000064
12.419999999999778,0,1,2.38073342327138,2.38073342327138,46.125000000000064
12.429999999999778,0,1,2.382258316293246,2.382258316293246,46.125000000000064
12.439999999999777,0,1,2.3837799745040513,2.3837799745040513,46.125000000000064
12.449999999999777,0,1,2.385301864302761,2.385301864302761,46.125000000000064
12.459999999999777,0,1,2.3868239872556103,2.3868239872556103,46.125000000000064
12.469999999999777,0,1,2.3883463554276148,2.3883463554276148,46.125000000000064
12.479999999999777,0,1,2.3898689616498956,2.3898689616498956,46.125000000000064
12.489999999999776,0,1,2.3913918057610744,2.3913918057610744,46.125000000000064
12.499999999999776,0,1,2.3929148893519425,2.3929148893519425,46.125000000000064
12.509999999999776,0,1,2.3944382140192886,2.3944382140192886,46.125000000000064
12.519999999999776,0,1,2.3959607381999035,2.3959607381999035,46.125000000000064
12.529999999999776,0,1,2.3974836941738573,2.3974836941738573,46.125000000000064
12.539999999999775,0,1,2.399006925731072,2.399006925731072,46.125000000000064
12.549999999999775,0,1,2.4005304344767637,2.4005304344767637,46.125000000000064
12.559999999999775,0,1,2.402046793754309,2.402046793754309,46.125000000000064
12.569999999999775,0,1,2.40356160460108,2.40356160460108,46.125000000000064
12.579999999999774,0,1,2.4050766567207518,2.4050766567207518,46.125000000000064
12.589999999999774,0,1,2.40659195170565,2.40659195170565,46.125000000000064
12.599999999999774,0,1,2.4081074911544107,2.4081074911544107,46.125000000000064
12.609999999999774,0,1,2.4096232766717236,2.4096232766717236,46.125000000000064
12.619999999999774,0,1,2.411139306716521,2.411139306716521,46.125000000000064
12.629999999999773,0,1,2.4126555828295295,2.4126555828295295,46.125000000000064
12.639999999999773,0,1,2.4141716871046697,2.4141716871046697,46.125000000000064
12.649999999999773,0,1,2.415687710673552,2.415687710673552,46.125000000000064
12.659999999999773,0,1,2.417204018686178,2.417204018686178,46.125000000000064
12.669999999999773,0,1,2.4187206127638063,2.4187206127638063,46.125000000000064
12.679999999999772,0,1,2.420237194058373,2.420237194058373,46.125000000000064
12.689999999999772,0,1,2.4217450153179527,2.4217450153179527,46.125000000000064
12.699999999999772,0,1,2.4232530577011886,2.4232530577011886,46.125000000000064
12.709999999999772,0,1,2.424761351079411,2.424761351079411,46.125000000000064
12.719999999999771,0,1,2.4262698970715917,2.4262698970715917,46.125000000000064
12.729999999999771,0,1,2.427778697303168,2.427778697303168,46.125000000000064
12.739999999999771,0,1,2.4292877534058306,2.4292877534058306,46.125000000000064
12.74999999999977,0,1,2.4307970670174797,2.4307970670174797,46.125000000000064
12.75999999999977,0,1,2.432306639782297,2.432306639782297,46.125000000000064
12.76999999999977,0,1,2.433815841245277,2.433815841245277,46.125000000000064
12.77999999999977,0,1,2.4353253141498215,2.4353253141498215,46.125000000000064
12.78999999999977,0,1,2.436835082002645,2.436835082002645,46.125000000000064
12.79999999999977,0,1,2.4383451464489525,2.4383451464489525,46.125000000000064
12.80999999999977,0,1,2.439852767672548,2.439852767672548,46.125000000000064
12.81999999999977,0,1,2.441353887182842,2.441353887182842,46.125000000000064
12.82999999999977,0,1,2.442855265417478,2.442855265417478,46.125000000000064
12.839999999999769,0,1,2.4443569044077975,2.4443569044077975,46.125000000000064
12.849999999999769,0,1,2.4458588058003414,2.4458588058003414,46.125000000000064
12.859999999999769,0,1,2.447360971247832,2.447360971247832,46.125000000000064
12.869999999999768,0,1,2.4488634024096854,2.4488634024096854,46.125000000000064
12.879999999999768,0,1,2.450366100951456,2.450366100951456,46.125000000000064
12.889999999999768,0,1,2.4518690685452498,2.4518690685452498,46.125000000000064
12.899999999999768,0,1,2.4533715365031696,2.4533715365031696,46.125000000000064
12.909999999999767,0,1,2.4548745606769415,2.4548745606769415,46.125000000000064
12.919999999999767,0,1,2.4563778903591214,2.4563778903591214,46.125000000000064
12.929999999999767,0,1,2.4578815272196124,2.4578815272196124,46.125000000000064
12.939999999999767,0,1,2.4593798285814614,2.4593798285814614,46.125000000000064
12.949999999999767,0,1,2.4608743722033637,2.4608743722033637,46.125000000000064
12.959999999999766,0,1,2.4623691847220215,2.4623691847220215,46.125000000000064
12.969999999999766,0,1,2.4638642678054197,2.4638642678054197,46.125000000000064
12.979999999999766,0,1,2.4653596231283075,2.4653596231283075,46.125000000000064
12.989999999999766,0,1,2.466855252371829,2.466855252371829,46.125000000000064
12.999999999999766,0,1,2.468351157223495,2.468351157223495,46.125000000000064
13.009999999999765,0,1,2.4698473393775373,2.4698473393775373,46.125000000000064
13.019999999999765,0,1,2.4713433577829704,2.4713433577829704,46.125000000000064
13.029999999999765,0,1,2.472839721399069,2.472839721399069,46.125000000000064
13.039999999999765,0,1,2.4743363994588634,2.4743363994588634,46.125000000000064
13.049999999999764,0,1,2.475833393649978,2.475833393649978,46.125000000000064
13.059999999999764,0,1,2.4773307056677254,2.4773307056677254,46.125000000000064
13.069999999999764,0,1,2.4788193283052635,2.4788193283052635,46.125000000000064
13.079999999999764,0,1,2.480307395375206,2.480307395375206,46.125000000000064
13.089999999999764,0,1,2.481795741179127,2.481795741179127,46.125000000000064
13.099999999999763,0,1,2.483284367475946,2.483284367475946,46.125000000000064
13.109999999999763,0,1,2.484773275907827,2.484773275907827,46.125000000000064
13.119999999999763,0,1,2.4862624681861547,2.4862624681861547,46.125000000000064
13.129999999999763,0,1,2.487751946027558,2.487751946027558,46.125000000000064
13.139999999999763,0,1,2.4892417218075735,2.4892417218075735,46.125000000000064
13.149999999999762,0,1,2.490731256172083,2.490731256172083,46.125000000000064
13.159999999999762,0,1,2.492221378420794,2.492221378420794,46.125000000000064
13.169999999999762,0,1,2.4937118257828246,2.4937118257828246,46.125000000000064
13.179999999999762,0,1,2.49520259997162,2.49520259997162,46.125000000000064
13.189999999999761,0,1,2.496690857276036,2.496690857276036,46.125000000000064
13.199999999999761,0,1,2.498172272995987,2.498172272995987,46.125000000000064
13.209999999999761,0,1,2.499653975060326,2.499653975060326,46.125000000000064
13.21999999999976,0,1,2.501135965759417,2.501135965759417,46.125000000000064
13.22999999999976,0,1,2.50261824681985,2.50261824681985,46.125000000000064
13.23999999999976,0,1,2.504100819974738,2.504100819974738,46.125000000000064
13.24999999999976,0,1,2.505583686964016,2.505583686964016,46.125000000000064
13.25999999999976,0,1,2.507066849534155,2.507066849534155,46.125000000000064
13.26999999999976,0,1,2.5085499289793773,2.5085499289793773,46.125000000000064
13.27999999999976,0,1,2.510033567722516,2.510033567722516,46.125000000000064
13.28999999999976,0,1,2.5115175381328783,2.5115175381328783,46.125000000000064
13.29999999999976,0,1,2.513001840612091,2.513001840612091,46.125000000000064
13.309999999999759,0,1,2.5144864806904224,2.5144864806904224,46.125000000000064
13.319999999999759,0,1,2.5159644239355714,2.5159644239355714,46.125000000000064
13.329999999999758,0,1,2.517439546142171,2.517439546142171,46.125000000000064
13.339999999999758,0,1,2.5189149652058376,2.5189149652058376,46.125000000000064
13.349999999999758,0,1,2.5203906828768226,2.5203906828768226,46.125000000000064
13.359999999999758,0,1,2.5218667009117155,2.5218667009117155,46.125000000000064
13.369999999999758,0,1,2.5233430210743393,2.5233430210743393,46.125000000000064
13.379999999999757,0,1,2.5248196451348974,2.5248196451348974,46.125000000000064
13.389999999999757,0,1,2.526296574870571,2.526296574870571,46.125000000000064
13.399999999999757,0,1,2.527773451381208,2.527773451381208,46.125000000000064
13.409999999999757,0,1,2.5292510287127072,2.5292510287127072,46.125000000000064
13.419999999999757,0,1,2.530728950972062,2.530728950972062,46.125000000000064
13.429999999999756,0,1,2.5322072199185186,2.5322072199185186,46.125000000000064
13.439999999999756,0,1,2.5336843999525342,2.5336843999525342,46.125000000000064
13.449999999999756,0,1,2.5351530336909462,2.5351530336909462,46.125000000000064
13.459999999999756,0,1,2.5366219701132735,2.5366219701132735,46.125000000000064
13.469999999999756,0,1,2.5380912134109934,2.5380912134109934,46.125000000000064
13.479999999999755,0,1,2.5395607653652235,2.5395607653652235,46.125000000000064
13.489999999999755,0,1,2.5410306277639165,2.5410306277639165,46.125000000000064
13.499999999999755,0,1,2.5425008024018467,2.5425008024018467,46.125000000000064
13.509999999999755,0,1,2.543971291080666,2.543971291080666,46.125000000000064
13.519999999999754,0,1,2.545441759652931,2.545441759652931,46.125000000000064
13.529999999999754,0,1,2.546913033566028,2.546913033566028,46.125000000000064
13.539999999999754,0,1,2.548384661520032,2.548384661520032,46.125000000000064
13.549999999999754,0,1,2.5498566452940707,2.5498566452940707,46.125000000000064
13.559999999999754,0,1,2.5513289866752302,2.5513289866752302,46.125000000000064
13.569999999999753,0,1,2.552795131188816,2.552795131188816,46.125000000000064
13.579999999999753,0,1,2.554257668329072,2.554257668329072,46.125000000000064
13.589999999999753,0,1,2.555720520643632,2.555720520643632,46.125000000000064
13.599999999999753,0,1,2.5571836899383698,2.5571836899383698,46.125000000000064
13.609999999999753,0,1,2.558647178026007,2.558647178026007,46.125000000000064
13.619999999999752,0,1,2.560110986726542,2.560110986726542,46.125000000000064
13.629999999999752,0,1,2.5615751178666812,2.5615751178666812,46.125000000000064
13.639999999999752,0,1,2.5630395732802356,2.5630395732802356,46.125000000000064
13.649999999999752,0,1,2.564504215017621,2.564504215017621,46.125000000000064
13.659999999999751,0,1,2.5659696353566943,2.5659696353566943,46.125000000000064
13.669999999999751,0,1,2.567435420699397,2.567435420699397,46.125000000000064
13.679999999999751,0,1,2.5689015728529796,2.5689015728529796,46.125000000000064
13.68999999999975,0,1,2.570366480434217,2.570366480434217,46.125000000000064
13.69999999999975,0,1,2.571822704998567,2.571822704998567,46.125000000000064
13.70999999999975,0,1,2.573279250387003,2.573279250387003,46.125000000000064
13.71999999999975,0,1,2.5747361211165583,2.5747361211165583,46.125000000000064
13.72999999999975,0,1,2.576193319025762,2.576193319025762,46.125000000000064
13.73999999999975,0,1,2.577650845960065,2.577650845960065,46.125000000000064
13.74999999999975,0,1,2.5791087037719223,2.5791087037719223,46.125000000000064
13.75999999999975,0,1,2.580566894321123,2.580566894321123,46.125000000000064
13.769999999999749,0,1,2.5820252350948323,2.5820252350948323,46.125000000000064
13.779999999999749,0,1,2.5834845353862477,2.5834845353862477,46.125000000000064
13.789999999999749,0,1,2.5849442099242737,2.5849442099242737,46.125000000000064
13.799999999999748,0,1,2.58640426053708,2.58640426053708,46.125000000000064
13.809999999999748,0,1,2.5878646931780054,2.5878646931780054,46.125000000000064
13.819999999999748,0,1,2.5893177406920955,2.5893177406920955,46.125000000000064
13.829999999999748,0,1,2.590768075642643,2.590768075642643,46.125000000000064
13.839999999999748,0,1,2.59221874434175,2.59221874434175,46.125000000000064
13.849999999999747,0,1,2.593669748654179,2.593669748654179,46.125000000000064
13.859999999999747,0,1,2.5951210904516415,2.5951210904516415,46.125000000000064
13.869999999999747,0,1,2.5965727716131966,2.5965727716131966,46.125000000000064
13.879999999999747,0,1,2.5980247940248518,2.5980247940248518,46.125000000000064
13.889999999999747,0,1,2.5994768543741884,2.5994768543741884,46.125000000000064
13.899999999999746,0,1,2.6009301346051927,2.6009301346051927,46.125000000000064
13.909999999999746,0,1,2.6023837983865263,2.6023837983865263,46.125000000000064
13.919999999999746,0,1,2.6038378475677604,2.6038378475677604,46.125000000000064
13.929999999999746,0,1,2.605292284007078,2.605292284007078,46.125000000000064
13.939999999999745,0,1,2.6067435279817346,2.6067435279817346,46.125000000000064
13.949999999999745,0,1,2.6081877265442728,2.6081877265442728,46.125000000000064
13.959999999999745,0,1,2.609632266971346,2.609632266971346,46.125000000000064
13.969999999999745,0,1,2.6110771471276877,2.6110771471276877,46.125000000000064
13.979999999999745,0,1,2.6125223715633297,2.6125223715633297,46.125000000000064
13.989999999999744,0,1,2.6139679439007466,2.6139679439007466,46.125000000000064
13.999999999999744,0,1,2.6154138660532738,2.6154138660532738,46.125000000000064
14.009999999999744,0,1,2.6168601399412665,2.6168601399412665,46.125000000000064
14.019999999999744,0,1,2.6183069831410677,2.6183069831410677,46.125000000000064
14.029999999999744,0,1,2.6197547076712198,2.6197547076712198,46.125000000000064
14.039999999999743,0,1,2.6212028269971626,2.6212028269971626,46.125000000000064
14.049999999999743,0,1,2.622651342999106,2.622651342999106,46.125000000000064
14.059999999999743,0,1,2.624100257566056,2.624100257566056,46.125000000000064
14.069999999999743,0,1,2.625538670084296,2.625538670084296,46.125000000000064
14.079999999999742,0,1,2.6269771625380685,2.6269771625380685,46.125000000000064
14.089999999999742,0,1,2.6284160076282745,2.6284160076282745,46.125000000000064
14.099999999999742,0,1,2.6298552072815227,2.6298552072815227,46.125000000000064
14.109999999999742,0,1,2.631294763431569,2.631294763431569,46.125000000000064
14.119999999999742,0,1,2.6327346780193324,2.6327346780193324,46.125000000000064
14.129999999999741,0,1,2.634174952993291,2.634174952993291,46.125000000000064
14.139999999999741,0,1,2.6356157129467164,2.6356157129467164,46.125000000000064
14.149999999999741,0,1,2.6370575946279757,2.6370575946279757,46.125000000000064
14.15999999999974,0,1,2.638499880575395,2.638499880575395,46.125000000000064
14.16999999999974,0,1,2.639942572691595,2.639942572691595,46.125000000000064
14.17999999999974,0,1,2.6413856728883047,2.6413856728883047,46.125000000000064
14.18999999999974,0,1,2.6428216111366396,2.6428216111366396,46.125000000000064
14.19999999999974,0,1,2.644254148832701,2.644254148832701,46.125000000000064
14.20999999999974,0,1,2.6456870477692576,2.6456870477692576,46.125000000000064
14.21999999999974,0,1,2.64712030990097,2.64712030990097,46.125000000000064
14.22999999999974,0,1,2.648553937190215,2.648553937190215,46.125000000000064
14.239999999999739,0,1,2.6499879316065176,2.6499879316065176,46.125000000000064
14.249999999999739,0,1,2.6514222951268493,2.6514222951268493,46.125000000000064
14.259999999999739,0,1,2.652857030838817,2.652857030838817,46.125000000000064
14.269999999999738,0,1,2.654293160919238,2.654293160919238,46.125000000000064
14.279999999999738,0,1,2.655729704818583,2.655729704818583,46.125000000000064
14.289999999999738,0,1,2.6571666644625083,2.6571666644625083,46.125000000000064
14.299999999999738,0,1,2.6586040417860346,2.6586040417860346,46.125000000000064
14.309999999999738,0,1,2.6600372062532642,2.6600372062532642,46.125000000000064
14.319999999999737,0,1,2.661463877173759,2.661463877173759,46.125000000000064
14.329999999999737,0,1,2.662890918009907,2.662890918009907,46.125000000000064
14.339999999999737,0,1,2.6643183307455303,2.6643183307455303,46.125000000000064
14.349999999999737,0,1,2.6657461173720804,2.6657461173720804,46.125000000000064
14.359999999999737,0,1,2.667174279888414,2.667174279888414,46.125000000000064
14.369999999999736,0,1,2.668602820300748,2.668602820300748,46.125000000000064
14.379999999999736,0,1,2.670031941794619,2.670031941794619,46.125000000000064
14.389999999999736,0,1,2.6714634703136966,2.6714634703136966,46.125000000000064
14.399999999999736,0,1,2.6728948305232194,2.6728948305232194,46.125000000000064
14.409999999999735,0,1,2.6743260224728402,2.6743260224728402,46.125000000000064
14.419999999999735,0,1,2.675757046212766,2.675757046212766,46.125000000000064
14.429999999999735,0,1,2.677186390877111,2.677186390877111,46.125000000000064
14.439999999999735,0,1,2.678607347258165,2.678607347258165,46.125000000000064
14.449999999999735,0,1,2.680028674589508,2.680028674589508,46.125000000000064
14.459999999999734,0,1,2.681450383457161,2.681450383457161,46.125000000000064
14.469999999999734,0,1,2.6828724758590425,2.6828724758590425,46.125000000000064
14.479999999999734,0,1,2.6842949538312126,2.6842949538312126,46.125000000000064
14.489999999999734,0,1,2.685717822291963,2.685717822291963,46.125000000000064
14.499999999999734,0,1,2.6871411793635076,2.6871411793635076,46.125000000000064
14.509999999999733,0,1,2.688569325225103,2.688569325225103,46.125000000000064
14.519999999999733,0,1,2.689997364500755,2.689997364500755,46.125000000000064
14.529999999999733,0,1,2.691425240617093,2.691425240617093,46.125000000000064
14.539999999999733,0,1,2.692852954322035,2.692852954322035,46.125000000000064
14.549999999999732,0,1,2.6942804131614366,2.6942804131614366,46.125000000000064
14.559999999999732,0,1,2.695695465501373,2.695695465501373,46.125000000000064
14.569999999999732,0,1,2.6971108378952806,2.6971108378952806,46.125000000000064
14.579999999999732,0,1,2.6985266010186706,2.6985266010186706,46.125000000000064
14.589999999999732,0,1,2.6999427571796843,2.6999427571796843,46.125000000000064
14.599999999999731,0,1,2.7013593086908116,2.7013593086908116,46.125000000000064
14.609999999999731,0,1,2.7027762578688765,2.7027762578688765,46.125000000000064
14.619999999999731,0,1,2.7041936070345542,2.7041936070345542,46.125000000000064
14.62999999999973,0,1,2.7056180321838497,2.7056180321838497,46.125000000000064
14.63999999999973,0,1,2.7070429371830613,2.7070429371830613,46.125000000000064
14.64999999999973,0,1,2.708467680855307,2.708467680855307,46.125000000000064
14.65999999999973,0,1,2.7098922635830007,2.7098922635830007,46.125000000000064
14.66999999999973,0,1,2.711316688302631,2.711316688302631,46.125000000000064
14.67999999999973,0,1,2.7127282614434733,2.7127282614434733,46.125000000000064
14.68999999999973,0,1,2.71413828265878,2.71413828265878,46.125000000000064
14.69999999999973,0,1,2.715548701069352,2.715548701069352,46.125000000000064
14.709999999999729,0,1,2.7169595190174363,2.7169595190174363,46.125000000000064
14.719999999999729,0,1,2.7183707388499556,2.7183707388499556,46.125000000000064
14.729999999999729,0,1,2.7197823659747087,2.7197823659747087,46.125000000000064
14.739999999999728,0,1,2.7211944038538576,2.7211944038538576,46.125000000000064
14.749999999999728,0,1,2.7226148521592393,2.7226148521592393,46.125000000000064
14.759999999999728,0,1,2.724036810403149,2.724036810403149,46.125000000000064
14.769999999999728,0,1,2.725458615509851,2.725458615509851,46.125000000000064
14.779999999999728,0,1,2.7268802675800288,2.7268802675800288,46.125000000000064
14.789999999999727,0,1,2.7283017667156884,2.7283017667156884,46.125000000000064
14.799999999999727,0,1,2.729710011960975,2.729710011960975,46.125000000000064
14.809999999999727,0,1,2.7311149180601006,2.7311149180601006,46.125000000000064
14.819999999999727,0,1,2.7325202278973677,2.7325202278973677,46.125000000000064
14.829999999999727,0,1,2.7339259438502097,2.7339259438502097,46.125000000000064
14.839999999999726,0,1,2.7353320683004654,2.7353320683004654,46.125000000000064
14.849999999999726,0,1,2.736738603634393,2.736738603634393,46.125000000000064
14.859999999999726,0,1,2.7381455522422584,2.7381455522422584,46.125000000000064
14.869999999999726,0,1,2.7395618678698384,2.7395618678698384,46.125000000000064
14.879999999999725,0,1,2.7409808096155075,2.7409808096155075,46.125000000000064
14.889999999999725,0,1,2.7423996032662785,2.7423996032662785,46.125000000000064
14.899999999999725,0,1,2.74381824894013,2.74381824894013,46.125000000000064
14.909999999999725,0,1,2.745236746756632,2.745236746756632,46.125000000000064
14.919999999999725,0,1,2.7466411359924052,2.7466411359924052,46.125000000000064
14.929999999999724,0,1,2.748040886361281,2.748040886361281,46.125000000000064
14.939999999999724,0,1,2.749441046991521,2.749441046991521,46.125000000000064
14.949999999999724,0,1,2.750841620295887,2.750841620295887,46.125000000000064
14.959999999999724,0,1,2.7522426086919296,2.7522426086919296,46.125000000000064
14.969999999999724,0,1,2.7536440146013064,2.7536440146013064,46.125000000000064
14.979999999999723,0,1,2.755045840449853,2.755045840449853,46.125000000000064
14.989999999999723,0,1,2.756458125482098,2.756458125482098,46.125000000000064
14.999999999999723,0,1,2.75787410969933,2.75787410969933,46.125000000000064
15.009999999999723,0,1,2.7592899508706807,2.7592899508706807,46.125000000000064
15.019999999999722,0,1,2.760705649131765,2.760705649131765,46.125000000000064
15.029999999999722,0,1,2.7621212046197314,2.7621212046197314,46.125000000000064
15.039999999999722,0,1,2.763521039925493,2.763521039925493,46.125000000000064
15.049999999999722,0,1,2.7649157280512355,2.7649157280512355,46.125000000000064
15.059999999999722,0,1,2.7663108330046384,2.7663108330046384,46.125000000000064
15.069999999999721,0,1,2.7677063572346583,2.7677063572346583,46.125000000000064
15.079999999999721,0,1,2.7691023031948276,2.7691023031948276,46.125000000000064
15.089999999999721,0,1,2.7704986733429138,2.7704986733429138,46.125000000000064
15.09999999999972,0,1,2.771895470141061,2.771895470141061,46.125000000000064
15.10999999999972,0,1,2.7733040223160543,2.7733040223160543,46.125000000000064
15.11999999999972,0,1,2.7747171064409457,2.7747171064409457,46.125000000000064
15.12999999999972,0,1,2.776130052581408,2.776130052581408,46.125000000000064
15.13999999999972,0,1,2.7775428609450756,2.7775428609450756,46.125000000000064
15.14999999999972,0,1,2.7789555316318513,2.7789555316318513,46.125000000000064
15.15999999999972,0,1,2.7803515530602994,2.7803515530602994,46.125000000000064
15.16999999999972,0,1,2.781742621368821,2.781742621368821,46.125000000000064
15.179999999999719,0,1,2.7831334914190364,2.7831334914190364,46.125000000000064
15.189999999999719,0,1,2.7845241556853324,2.7845241556853324,46.125000000000064
15.199999999999719,0,1,2.7859146130682717,2.7859146130682717,46.125000000000064
15.209999999999718,0,1,2.787304863765357,2.787304863765357,46.125000000000064
15.219999999999718,0,1,2.7886949079135235,2.7886949079135235,46.125000000000064
15.229999999999718,0,1,2.7900998940079234,2.7900998940079234,46.125000000000064
15.239999999999718,0,1,2.7915101553059998,2.7915101553059998,46.125000000000064
15.249999999999718,0,1,2.79292046048225,2.79292046048225,46.125000000000064
15.259999999999717,0,1,2.7943306329448916,2.7943306329448916,46.125000000000064
15.269999999999717,0,1,2.7957406728673106,2.7957406728673106,46.125000000000064
15.279999999999717,0,1,2.7971325915343925,2.7971325915343925,46.125000000000064
15.289999999999717,0,1,2.7985209248537046,2.7985209248537046,46.125000000000064
15.299999999999716,0,1,2.799909055166978,2.799909055166978,46.125000000000064
15.309999999999716,0,1,2.801296982788301,2.801296982788301,46.125000000000064
15.319999999999716,0,1,2.802684708037873,2.802684708037873,46.125000000000064
15.329999999999716,0,1,2.804072230876642,2.804072230876642,46.125000000000064
15.339999999999716,0,1,2.805459546529349,2.805459546529349,46.125000000000064
15.349999999999715,0,1,2.8068624387592536,2.8068624387592536,46.125000000000064
15.359999999999715,0,1,2.808270267114054,2.808270267114054,46.125000000000064
15.369999999999715,0,1,2.8096779677225925,2.8096779677225925,46.125000000000064
15.379999999999715,0,1,2.811085540774627,2.811085540774627,46.125000000000064
15.389999999999715,0,1,2.812492986462132,2.812492986462132,46.125000000000064
15.399999999999714,0,1,2.813880209866781,2.813880209866781,46.125000000000064
15.409999999999714,0,1,2.815265842430577,2.815265842430577,46.125000000000064
15.419999999999714,0,1,2.816651283798862,2.816651283798862,46.125000000000064
15.429999999999714,0,1,2.818036581068881,2.818036581068881,46.125000000000064
15.439999999999714,0,1,2.819421752769358,2.819421752769358,46.125000000000064
15.449999999999713,0,1,2.8208067272851025,2.8208067272851025,46.125000000000064
15.459999999999713,0,1,2.822191504966071,2.822191504966071,46.125000000000064
15.469999999999713,0,1,2.8235932794829353,2.8235932794829353,46.125000000000064
15.479999999999713,0,1,2.824998698200531,2.824998698200531,46.125000000000064
15.489999999999712,0,1,2.8264039943459096,2.8264039943459096,46.125000000000064
15.499999999999712,0,1,2.827809168127388,2.827809168127388,46.125000000000064
15.509999999999712,0,1,2.8292129340768213,2.8292129340768213,46.125000000000064
15.519999999999712,0,1,2.83059629320519,2.83059629320519,46.125000000000064
15.529999999999712,0,1,2.831979420303284,2.831979420303284,46.125000000000064
15.539999999999711,0,1,2.833362354061535,2.833362354061535,46.125000000000064
15.549999999999711,0,1,2.834745094827497,2.834745094827497,46.125000000000064
15.559999999999711,0,1,2.836127642955063,2.836127642955063,46.125000000000064
15.56999999999971,0,1,2.8375099988047197,2.8375099988047197,46.125000000000064
15.57999999999971,0,1,2.8388921627437753,2.8388921627437753,46.125000000000064
15.58999999999971,0,1,2.840293368827929,2.840293368827929,46.125000000000064
15.59999999999971,0,1,2.8416963027489146,2.8416963027489146,46.125000000000064
15.60999999999971,0,1,2.843099119305961,2.843099119305961,46.125000000000064
15.61999999999971,0,1,2.844501818726499,2.844501818726499,46.125000000000064
15.62999999999971,0,1,2.845899834304987,2.845899834304987,46.125000000000064
15.63999999999971,0,1,2.847280575363712,2.847280575363712,46.125000000000064
15.649999999999709,0,1,2.848661121221113,2.848661121221113,46.125000000000064
15.659999999999709,0,1,2.8500414786416854,2.8500414786416854,46.125000000000064
15.669999999999709,0,1,2.8514216479899517,2.8514216479899517,46.125000000000064
15.679999999999708,0,1,2.852801629637227,2.852801629637227,46.125000000000064
15.689999999999708,0,1,2.8541814239615206,2.8541814239615206,46.125000000000064
15.699999999999708,0,1,2.8555620792510723,2.8555620792510723,46.125000000000064
15.709999999999708,0,1,2.8569623757143034,2.8569623757143034,46.125000000000064
15.719999999999708,0,1,2.858362884704306,2.858362884704306,46.125000000000064
15.729999999999707,0,1,2.859763281578438,2.859763281578438,46.125000000000064
15.739999999999707,0,1,2.861163566583528,2.861163566583528,46.125000000000064
15.749999999999707,0,1,2.862555168062258,2.862555168062258,46.125000000000064
15.750000000000004,0,1,2.8625551680623147,2.8625551680623147,46.125000000000064
