alpha,blueOver,pushedRed,m0m,x0m,l0m
2,0,0,4.852998756061467,4.852998756061467,46.125000000000064
2.01,0,0,4.857181876982054,4.857181876982054,46.125000000000064
2.0199999999999996,0,0,4.861367389241352,4.861367389241352,46.125000000000064
2.0299999999999994,0,0,4.865555293359208,4.865555293359208,46.125000000000064
2.039999999999999,0,0,4.869745589888822,4.869745589888822,46.125000000000064
2.049999999999999,0,0,4.87393827941726,4.87393827941726,46.125000000000064
2.0599999999999987,0,0,4.8781333625656345,4.8781333625656345,46.125000000000064
2.0699999999999985,0,0,4.8823294392835095,4.8823294392835095,46.125000000000064
2.0799999999999983,0,0,4.886074861992071,4.886074861992071,46.125000000000064
2.089999999999998,0,0,4.8883840772029,4.8883840772029,46.125000000000064
2.099999999999998,0,0,4.890692662705561,4.890692662705561,46.125000000000064
2.1099999999999977,0,0,4.893000615653449,4.893000615653449,46.125000000000064
2.1199999999999974,0,0,4.902125551659211,4.902125551659211,46.125000000000064
2.1299999999999972,0,0,4.904419445767132,4.904419445767132,46.125000000000064
2.139999999999997,0,0,4.906712582315251,4.906712582315251,46.125000000000064
2.149999999999997,0,0,4.909004958067413,4.909004958067413,46.125000000000064
2.1599999999999966,0,0,4.911299344779209,4.911299344779209,46.125000000000064
2.1699999999999964,0,0,4.913607464973026,4.913607464973026,46.125000000000064
2.179999999999996,0,0,4.915914942606761,4.915914942606761,46.125000000000064
2.189999999999996,0,0,4.918221774887826,4.918221774887826,46.125000000000064
2.1999999999999957,0,0,4.92048469734948,4.92048469734948,46.125000000000064
2.2099999999999955,0,0,4.922915467913882,4.922915467913882,46.125000000000064
2.2199999999999953,0,0,4.9250658633201,4.9250658633201,46.125000000000064
2.229999999999995,0,0,4.92700027737088,4.92700027737088,46.125000000000064
2.239999999999995,0,0,4.928943019598435,4.928943019598435,46.125000000000064
2.2499999999999947,0,0,4.93090207721373,4.93090207721373,46.125000000000064
2.2599999999999945,0,0,4.9328704887175405,4.9328704887175405,46.125000000000064
2.2699999999999942,0,0,4.93578297690209,4.93578297690209,46.125000000000064
2.279999999999994,0,0,4.938953004609118,4.938953004609118,46.125000000000064
2.289999999999994,0,0,4.943117590640398,4.943117590640398,46.125000000000064
2.2999999999999936,0,0,4.947288500594155,4.947288500594155,46.125000000000064
2.3099999999999934,0,0,4.954978484629564,4.954978484629564,46.125000000000064
2.319999999999993,0,0,4.957166246577373,4.957166246577373,46.125000000000064
2.329999999999993,0,0,4.959319425838558,4.959319425838558,46.125000000000064
2.3399999999999928,0,0,4.96265051341976,4.96265051341976,46.125000000000064
2.3499999999999925,0,0,4.96680510680973,4.96680510680973,46.125000000000064
2.3599999999999923,0,0,4.9709655605878,4.9709655605878,46.125000000000064
2.369999999999992,0,0,4.975111681694443,4.975111681694443,46.125000000000064
2.379999999999992,0,0,4.979260045757599,4.979260045757599,46.125000000000064
2.3899999999999917,0,0,4.98341065208659,4.98341065208659,46.125000000000064
2.3999999999999915,0,0,4.987563500015909,4.987563500015909,46.125000000000064
2.4099999999999913,0,0,4.991718588905485,4.991718588905485,46.125000000000064
2.419999999999991,0,0,4.995875918140783,4.995875918140783,46.125000000000064
2.429999999999991,0,0,5.000035487133317,5.000035487133317,46.125000000000064
2.4399999999999906,0,0,5.004198104373387,5.004198104373387,46.125000000000064
2.4499999999999904,0,0,5.008363586176472,5.008363586176472,46.125000000000064
2.45999999999999,0,0,5.012531356672298,5.012531356672298,46.125000000000064
2.46999999999999,0,0,5.016545739728883,5.016545739728883,46.125000000000064
2.4799999999999898,0,0,5.018838467285306,5.018838467285306,46.125000000000064
2.4899999999999896,0,0,5.021130512949171,5.021130512949171,46.125000000000064
2.4999999999999893,0,0,5.023298752663877,5.023298752663877,46.125000000000064
2.509999999999989,0,0,5.0254048431415725,5.0254048431415725,46.125000000000064
2.519999999999989,0,0,5.027513269511459,5.027513269511459,46.125000000000064
2.5299999999999887,0,0,5.029624031571245,5.029624031571245,46.125000000000064
2.5399999999999885,0,0,5.031737129140538,5.031737129140538,46.125000000000064
2.5499999999999883,0,0,5.033852562061227,5.033852562061227,46.125000000000064
2.559999999999988,0,0,5.035970330197884,5.035970330197884,46.125000000000064
2.569999999999988,0,0,5.038090433437986,5.038090433437986,46.125000000000064
2.5799999999999876,0,0,5.040212871692532,5.040212871692532,46.125000000000064
2.5899999999999874,0,0,5.042340189499598,5.042340189499598,46.125000000000064
2.599999999999987,0,0,5.044480851770771,5.044480851770771,46.125000000000064
2.609999999999987,0,0,5.04644712922952,5.04644712922952,46.125000000000064
2.619999999999987,0,0,5.048416861856566,5.048416861856566,46.125000000000064
2.6299999999999866,0,0,5.0520363907283325,5.0520363907283325,46.125000000000064
2.6399999999999864,0,0,5.0561693111249895,5.0561693111249895,46.125000000000064
2.649999999999986,0,0,5.060308412401284,5.060308412401284,46.125000000000064
2.659999999999986,0,0,5.065523455413185,5.065523455413185,46.125000000000064
2.6699999999999857,0,0,5.068625364725989,5.068625364725989,46.125000000000064
2.6799999999999855,0,0,5.072758678495319,5.072758678495319,46.125000000000064
2.6899999999999853,0,0,5.076880643439338,5.076880643439338,46.125000000000064
2.699999999999985,0,0,5.081002993076822,5.081002993076822,46.125000000000064
2.709999999999985,0,0,5.085127556327464,5.085127556327464,46.125000000000064
2.7199999999999847,0,0,5.089254332495045,5.089254332495045,46.125000000000064
2.7299999999999844,0,0,5.093383320908444,5.093383320908444,46.125000000000064
2.7399999999999842,0,0,5.097514520921777,5.097514520921777,46.125000000000064
2.749999999999984,0,0,5.101647931914698,5.101647931914698,46.125000000000064
2.759999999999984,0,0,5.105783553292554,5.105783553292554,46.125000000000064
2.7699999999999836,0,0,5.109921384486626,5.109921384486626,46.125000000000064
2.7799999999999834,0,0,5.114061424954315,5.114061424954315,46.125000000000064
2.789999999999983,0,0,5.118203674179398,5.118203674179398,46.125000000000064
2.799999999999983,0,0,5.120617044078756,5.120617044078756,46.125000000000064
2.8099999999999827,0,0,5.1227185954003005,5.1227185954003005,46.125000000000064
2.8199999999999825,0,0,5.12482255674098,5.12482255674098,46.125000000000064
2.8299999999999823,0,0,5.133132370029244,5.133132370029244,46.125000000000064
2.839999999999982,0,0,5.136994511611846,5.136994511611846,46.125000000000064
2.849999999999982,0,0,5.140858597165661,5.140858597165661,46.125000000000064
2.8599999999999817,0,0,5.143372324179438,5.143372324179438,46.125000000000064
2.8699999999999815,0,0,5.145484350101015,5.145484350101015,46.125000000000064
2.8799999999999812,0,0,5.147605808892038,5.147605808892038,46.125000000000064
2.889999999999981,0,0,5.1497296748830195,5.1497296748830195,46.125000000000064
2.899999999999981,0,0,5.151855135944075,5.151855135944075,46.125000000000064
2.9099999999999806,0,0,5.1543127361966725,5.1543127361966725,46.125000000000064
2.9199999999999804,0,0,5.157094322564305,5.157094322564305,46.125000000000064
2.92999999999998,0,0,5.159877299059829,5.159877299059829,46.125000000000064
2.93999999999998,0,0,5.1626673128285745,5.1626673128285745,46.125000000000064
2.9499999999999797,0,0,5.165457366561839,5.165457366561839,46.125000000000064
2.9599999999999795,0,0,5.168241441582751,5.168241441582751,46.125000000000064
2.9699999999999793,0,0,5.171026795662442,5.171026795662442,46.125000000000064
2.979999999999979,0,0,5.173813425526646,5.173813425526646,46.125000000000064
2.989999999999979,0,0,5.17660132790364,5.17660132790364,46.125000000000064
2.9999999999999787,0,0,5.1793904995245015,5.1793904995245015,46.125000000000064
3.0099999999999785,0,0,5.182378723503803,5.182378723503803,46.125000000000064
3.0199999999999783,0,0,5.185709979155362,5.185709979155362,46.125000000000064
3.029999999999978,0,0,5.189042639017686,5.189042639017686,46.125000000000064
3.039999999999978,0,0,5.192376702362992,5.192376702362992,46.125000000000064
3.0499999999999776,0,0,5.195712168474728,5.195712168474728,46.125000000000064
3.0599999999999774,0,0,5.199049036647921,5.199049036647921,46.125000000000064
3.069999999999977,0,0,5.2023873061891805,5.2023873061891805,46.125000000000064
3.079999999999977,0,0,5.206300482260502,5.206300482260502,46.125000000000064
3.0899999999999768,0,0,5.2101367091742645,5.2101367091742645,46.125000000000064
3.0999999999999766,0,0,5.21397428709173,5.21397428709173,46.125000000000064
3.1099999999999763,0,0,5.217813143649948,5.217813143649948,46.125000000000064
3.119999999999976,0,0,5.221654066553995,5.221654066553995,46.125000000000064
3.129999999999976,0,0,5.2254959862851535,5.2254959862851535,46.125000000000064
3.1399999999999757,0,0,5.229338578461835,5.229338578461835,46.125000000000064
3.1499999999999755,0,0,5.232045475809542,5.232045475809542,46.125000000000064
3.1599999999999753,0,0,5.234160293451211,5.234160293451211,46.125000000000064
3.169999999999975,0,0,5.236277515068096,5.236277515068096,46.125000000000064
3.179999999999975,0,0,5.238397140620819,5.238397140620819,46.125000000000064
3.1899999999999746,0,0,5.240519170090465,5.240519170090465,46.125000000000064
3.1999999999999744,0,0,5.242643603478612,5.242643603478612,46.125000000000064
3.209999999999974,0,0,5.251455867489369,5.251455867489369,46.125000000000064
3.219999999999974,0,0,5.25422436512747,5.25422436512747,46.125000000000064
3.229999999999974,0,0,5.257002493068242,5.257002493068242,46.125000000000064
3.2399999999999736,0,0,5.259788125793889,5.259788125793889,46.125000000000064
3.2499999999999734,0,0,5.262575137273345,5.262575137273345,46.125000000000064
3.259999999999973,0,0,5.26536352434475,5.26536352434475,46.125000000000064
3.269999999999973,0,0,5.2681532838485765,5.2681532838485765,46.125000000000064
3.2799999999999727,0,0,5.270944412627657,5.270944412627657,46.125000000000064
3.2899999999999725,0,0,5.273736907527152,5.273736907527152,46.125000000000064
3.2999999999999723,0,0,5.276530765395037,5.276530765395037,46.125000000000064
3.309999999999972,0,0,5.279325983081748,5.279325983081748,46.125000000000064
3.319999999999972,0,0,5.282157882649656,5.282157882649656,46.125000000000064
3.3299999999999716,0,0,5.2854892948179355,5.2854892948179355,46.125000000000064
3.3399999999999714,0,0,5.288822178858851,5.288822178858851,46.125000000000064
3.3499999999999712,0,0,5.303031337891781,5.303031337891781,46.125000000000064
3.359999999999971,0,0,5.306166020231842,5.306166020231842,46.125000000000064
3.369999999999971,0,0,5.309266927047588,5.309266927047588,46.125000000000064
3.3799999999999706,0,0,5.312367775757252,5.312367775757252,46.125000000000064
3.3899999999999704,0,0,5.315469528344693,5.315469528344693,46.125000000000064
3.39999999999997,0,0,5.318572185000562,5.318572185000562,46.125000000000064
3.40999999999997,0,0,5.321676983362593,5.321676983362593,46.125000000000064
3.4199999999999697,0,0,5.324792953295315,5.324792953295315,46.125000000000064
3.4299999999999695,0,0,5.327909824100402,5.327909824100402,46.125000000000064
3.4399999999999693,0,0,5.331027595985574,5.331027595985574,46.125000000000064
3.449999999999969,0,0,5.3341462691688974,5.3341462691688974,46.125000000000064
3.459999999999969,0,0,5.337265330194072,5.337265330194072,46.125000000000064
3.4699999999999687,0,0,5.340383915431488,5.340383915431488,46.125000000000064
3.4799999999999685,0,0,5.343494422252519,5.343494422252519,46.125000000000064
3.4899999999999682,0,0,5.346605758352709,5.346605758352709,46.125000000000064
3.499999999999968,0,0,5.349717924029946,5.349717924029946,46.125000000000064
3.509999999999968,0,0,5.352830919593728,5.352830919593728,46.125000000000064
3.5199999999999676,0,0,5.355944745364994,5.355944745364994,46.125000000000064
3.5299999999999674,0,0,5.35902647706763,5.35902647706763,46.125000000000064
3.539999999999967,0,0,5.3617715684465,5.3617715684465,46.125000000000064
3.549999999999967,0,0,5.3645179340118005,5.3645179340118005,46.125000000000064
3.5599999999999667,0,0,5.367265570522903,5.367265570522903,46.125000000000064
3.5699999999999665,0,0,5.370014474740827,5.370014474740827,46.125000000000064
3.5799999999999663,0,0,5.372764643428269,5.372764643428269,46.125000000000064
3.589999999999966,0,0,5.375516073349672,5.375516073349672,46.125000000000064
3.599999999999966,0,0,5.378268761271386,5.378268761271386,46.125000000000064
3.6099999999999657,0,0,5.381022703961705,5.381022703961705,46.125000000000064
3.6199999999999655,0,0,5.383777898190999,5.383777898190999,46.125000000000064
3.6299999999999653,0,0,5.386535133688014,5.386535133688014,46.125000000000064
3.639999999999965,0,0,5.3892961521147384,5.3892961521147384,46.125000000000064
3.649999999999965,0,0,5.392273431253045,5.392273431253045,46.125000000000064
3.6599999999999646,0,0,5.395412705775314,5.395412705775314,46.125000000000064
3.6699999999999644,0,0,5.398497387919164,5.398497387919164,46.125000000000064
3.679999999999964,0,0,5.401591270866277,5.401591270866277,46.125000000000064
3.689999999999964,0,0,5.404689199444803,5.404689199444803,46.125000000000064
3.6999999999999638,0,0,5.407788020744093,5.407788020744093,46.125000000000064
3.7099999999999635,0,0,5.41088773492929,5.41088773492929,46.125000000000064
3.7199999999999633,0,0,5.413988342175571,5.413988342175571,46.125000000000064
3.729999999999963,0,0,5.417089842668034,5.417089842668034,46.125000000000064
3.739999999999963,0,0,5.42019223660192,5.42019223660192,46.125000000000064
3.7499999999999627,0,0,5.423295524182748,5.423295524182748,46.125000000000064
3.7599999999999625,0,0,5.426399705626267,5.426399705626267,46.125000000000064
3.7699999999999623,0,0,5.429504781158528,5.429504781158528,46.125000000000064
3.779999999999962,0,0,5.438862401137854,5.438862401137854,46.125000000000064
3.789999999999962,0,0,5.441968179782748,5.441968179782748,46.125000000000064
3.7999999999999616,0,0,5.445074848858582,5.445074848858582,46.125000000000064
3.8099999999999614,0,0,5.448182408600232,5.448182408600232,46.125000000000064
3.819999999999961,0,0,5.451290859253163,5.451290859253163,46.125000000000064
3.829999999999961,0,0,5.454400201073241,5.454400201073241,46.125000000000064
3.839999999999961,0,0,5.4575104343269345,5.4575104343269345,46.125000000000064
3.8499999999999606,0,0,5.4606215592915675,5.4606215592915675,46.125000000000064
3.8599999999999604,0,0,5.463554941406414,5.463554941406414,46.125000000000064
3.86999999999996,0,0,5.466304491340409,5.466304491340409,46.125000000000064
3.87999999999996,0,0,5.480098986936298,5.480098986936298,46.125000000000064
3.8899999999999597,0,0,5.483232844487375,5.483232844487375,46.125000000000064
3.8999999999999595,0,0,5.486351015606189,5.486351015606189,46.125000000000064
3.9099999999999593,0,0,5.489463778434867,5.489463778434867,46.125000000000064
3.919999999999959,0,0,5.492443679028938,5.492443679028938,46.125000000000064
3.929999999999959,0,0,5.4952240987238525,5.4952240987238525,46.125000000000064
3.9399999999999586,0,0,5.498004611275491,5.498004611275491,46.125000000000064
3.9499999999999584,0,0,5.500785229762613,5.500785229762613,46.125000000000064
3.959999999999958,0,0,5.503565951770057,5.503565951770057,46.125000000000064
3.969999999999958,0,0,5.5063561190683,5.5063561190683,46.125000000000064
3.979999999999958,0,0,5.509150428466157,5.509150428466157,46.125000000000064
3.9899999999999576,0,0,5.5119448392322425,5.5119448392322425,46.125000000000064
3.9999999999999574,0,0,5.51473934898209,5.51473934898209,46.125000000000064
4.009999999999957,0,0,5.51752480615076,5.51752480615076,46.125000000000064
4.019999999999957,0,0,5.520308323170028,5.520308323170028,46.125000000000064
4.029999999999957,0,0,5.523091842749494,5.523091842749494,46.125000000000064
4.0399999999999565,0,0,5.525874403509107,5.525874403509107,46.125000000000064
4.049999999999956,0,0,5.528831394272473,5.528831394272473,46.125000000000064
4.059999999999956,0,0,5.531906308156522,5.531906308156522,46.125000000000064
4.069999999999956,0,0,5.534982026394729,5.534982026394729,46.125000000000064
4.079999999999956,0,0,5.538058549162741,5.538058549162741,46.125000000000064
4.0899999999999554,0,0,5.541135876646251,5.541135876646251,46.125000000000064
4.099999999999955,0,0,5.544214009041127,5.544214009041127,46.125000000000064
4.109999999999955,0,0,5.547292946553469,5.547292946553469,46.125000000000064
4.119999999999955,0,0,5.550372689399467,5.550372689399467,46.125000000000064
4.129999999999955,0,0,5.553453237805812,5.553453237805812,46.125000000000064
4.139999999999954,0,0,5.556534592009768,5.556534592009768,46.125000000000064
4.149999999999954,0,0,5.559616752258776,5.559616752258776,46.125000000000064
4.159999999999954,0,0,5.562699718811331,5.562699718811331,46.125000000000064
4.169999999999954,0,0,5.565783574765021,5.565783574765021,46.125000000000064
4.1799999999999535,0,0,5.568870778398249,5.568870778398249,46.125000000000064
4.189999999999953,0,0,5.571958860739031,5.571958860739031,46.125000000000064
4.199999999999953,0,0,5.575047822066239,5.575047822066239,46.125000000000064
4.209999999999953,0,0,5.57813766266942,5.57813766266942,46.125000000000064
4.219999999999953,0,0,5.580966074368831,5.580966074368831,46.125000000000064
4.2299999999999525,0,0,5.583700219871645,5.583700219871645,46.125000000000064
4.239999999999952,0,0,5.586466598881913,5.586466598881913,46.125000000000064
4.249999999999952,0,0,5.589239146223761,5.589239146223761,46.125000000000064
4.259999999999952,0,0,5.592011801709546,5.592011801709546,46.125000000000064
4.269999999999952,0,0,5.594784562978546,5.594784562978546,46.125000000000064
4.279999999999951,0,0,5.597557427669841,5.597557427669841,46.125000000000064
4.289999999999951,0,0,5.600330393421828,5.600330393421828,46.125000000000064
4.299999999999951,0,0,5.60310345787245,5.60310345787245,46.125000000000064
4.309999999999951,0,0,5.605876618659224,5.605876618659224,46.125000000000064
4.3199999999999505,0,0,5.608649873419324,5.608649873419324,46.125000000000064
4.32999999999995,0,0,5.623642286266957,5.623642286266957,46.125000000000064
4.33999999999995,0,0,5.626442668978569,5.626442668978569,46.125000000000064
4.34999999999995,0,0,5.629232392970877,5.629232392970877,46.125000000000064
4.35999999999995,0,0,5.627035069009409,5.627035069009409,46.125000000000064
4.3699999999999495,0,0,5.629809539864993,5.629809539864993,46.125000000000064
4.379999999999949,0,0,5.632671350506158,5.632671350506158,46.125000000000064
4.389999999999949,0,0,5.635735682736524,5.635735682736524,46.125000000000064
4.399999999999949,0,0,5.63880087680559,5.63880087680559,46.125000000000064
4.409999999999949,0,0,5.641866932851926,5.641866932851926,46.125000000000064
4.419999999999948,0,0,5.65580584778283,5.65580584778283,46.125000000000064
4.429999999999948,0,0,5.658615235698363,5.658615235698363,46.125000000000064
4.439999999999948,0,0,5.66142461319869,5.66142461319869,46.125000000000064
4.449999999999948,0,0,5.664229916738591,5.664229916738591,46.125000000000064
4.459999999999948,0,0,5.66729261147151,5.66729261147151,46.125000000000064
4.469999999999947,0,0,5.67035616343199,5.67035616343199,46.125000000000064
4.479999999999947,0,0,5.673420572775484,5.673420572775484,46.125000000000064
4.489999999999947,0,0,5.676485839666796,5.676485839666796,46.125000000000064
4.499999999999947,0,0,5.679540531456098,5.679540531456098,46.125000000000064
4.5099999999999465,0,0,5.682592896370437,5.682592896370437,46.125000000000064
4.519999999999946,0,0,5.68564745575469,5.68564745575469,46.125000000000064
4.529999999999946,0,0,5.688704209937228,5.688704209937228,46.125000000000064
4.539999999999946,0,0,5.691770705204604,5.691770705204604,46.125000000000064
4.549999999999946,0,0,5.694839283079531,5.694839283079531,46.125000000000064
4.559999999999945,0,0,5.6979041651222815,5.6979041651222815,46.125000000000064
4.569999999999945,0,0,5.700971173829828,5.700971173829828,46.125000000000064
4.579999999999945,0,0,5.704039959339781,5.704039959339781,46.125000000000064
4.589999999999945,0,0,5.707110255702531,5.707110255702531,46.125000000000064
4.599999999999945,0,0,5.710182421493087,5.710182421493087,46.125000000000064
4.609999999999944,0,0,5.71325645642915,5.71325645642915,46.125000000000064
4.619999999999944,0,0,5.716217119309974,5.716217119309974,46.125000000000064
4.629999999999944,0,0,5.718963159562307,5.718963159562307,46.125000000000064
4.639999999999944,0,0,5.721708403592174,5.721708403592174,46.125000000000064
4.6499999999999435,0,0,5.724453655226171,5.724453655226171,46.125000000000064
4.659999999999943,0,0,5.727198912025457,5.727198912025457,46.125000000000064
4.669999999999943,0,0,5.729950483769358,5.729950483769358,46.125000000000064
4.679999999999943,0,0,5.732709886795632,5.732709886795632,46.125000000000064
4.689999999999943,0,0,5.7354692934057,5.7354692934057,46.125000000000064
4.6999999999999424,0,0,5.738228701190323,5.738228701190323,46.125000000000064
4.709999999999942,0,0,5.740988107739355,5.740988107739355,46.125000000000064
4.719999999999942,0,0,5.743747510641668,5.743747510641668,46.125000000000064
4.729999999999942,0,0,5.746508795430401,5.746508795430401,46.125000000000064
4.739999999999942,0,0,5.749271299798494,5.749271299798494,46.125000000000064
4.749999999999941,0,0,5.752128016241599,5.752128016241599,46.125000000000064
4.759999999999941,0,0,5.755179873639108,5.755179873639108,46.125000000000064
4.769999999999941,0,0,5.758232577464156,5.758232577464156,46.125000000000064
4.779999999999941,0,0,5.7612861278530545,5.7612861278530545,46.125000000000064
4.7899999999999405,0,0,5.7643405249511375,5.7643405249511375,46.125000000000064
4.79999999999994,0,0,5.767395768912905,5.767395768912905,46.125000000000064
4.80999999999994,0,0,5.770448202479571,5.770448202479571,46.125000000000064
4.81999999999994,0,0,5.773500859999032,5.773500859999032,46.125000000000064
4.82999999999994,0,0,5.77655594239927,5.77655594239927,46.125000000000064
4.8399999999999395,0,0,5.77961317798642,5.77961317798642,46.125000000000064
4.849999999999939,0,0,5.782672567119192,5.782672567119192,46.125000000000064
4.859999999999939,0,0,5.785734110128374,5.785734110128374,46.125000000000064
4.869999999999939,0,0,5.788797807316442,5.788797807316442,46.125000000000064
4.879999999999939,0,0,5.791863658956714,5.791863658956714,46.125000000000064
4.889999999999938,0,0,5.804685584701829,5.804685584701829,46.125000000000064
4.899999999999938,0,0,5.807770371001524,5.807770371001524,46.125000000000064
4.909999999999938,0,0,5.810852732134478,5.810852732134478,46.125000000000064
4.919999999999938,0,0,5.813909557138132,5.813909557138132,46.125000000000064
4.9299999999999375,0,0,5.816968122174856,5.816968122174856,46.125000000000064
4.939999999999937,0,0,5.820028592792468,5.820028592792468,46.125000000000064
4.949999999999937,0,0,5.823090968592766,5.823090968592766,46.125000000000064
4.959999999999937,0,0,5.826155249186456,5.826155249186456,46.125000000000064
4.969999999999937,0,0,5.824975008021056,5.824975008021056,46.125000000000064
4.9799999999999365,0,0,5.838194318932921,5.838194318932921,46.125000000000064
4.989999999999936,0,0,5.841292821851553,5.841292821851553,46.125000000000064
4.999999999999936,0,0,5.844393122757381,5.844393122757381,46.125000000000064
5.009999999999936,0,0,5.847495192933039,5.847495192933039,46.125000000000064
5.019999999999936,0,0,5.850568626852336,5.850568626852336,46.125000000000064
5.029999999999935,0,0,5.853499638870957,5.853499638870957,46.125000000000064
5.039999999999935,0,0,5.856238857629592,5.856238857629592,46.125000000000064
5.049999999999935,0,0,5.858978154323566,5.858978154323566,46.125000000000064
5.059999999999935,0,0,5.861717526620907,5.861717526620907,46.125000000000064
5.069999999999935,0,0,5.864456972188705,5.864456972188705,46.125000000000064
5.079999999999934,0,0,5.867019762724524,5.867019762724524,46.125000000000064
5.089999999999934,0,0,5.8695016448101,5.8695016448101,46.125000000000064
5.099999999999934,0,0,5.871985659119616,5.871985659119616,46.125000000000064
5.109999999999934,0,0,5.874468416217795,5.874468416217795,46.125000000000064
5.1199999999999335,0,0,5.876947796174278,5.876947796174278,46.125000000000064
5.129999999999933,0,0,5.879951645401846,5.879951645401846,46.125000000000064
5.139999999999933,0,0,5.882965606586183,5.882965606586183,46.125000000000064
5.149999999999933,0,0,5.885981682835023,5.885981682835023,46.125000000000064
5.159999999999933,0,0,5.888999874917275,5.888999874917275,46.125000000000064
5.169999999999932,0,0,5.892020183577202,5.892020183577202,46.125000000000064
5.179999999999932,0,0,5.8950426095337605,5.8950426095337605,46.125000000000064
5.189999999999932,0,0,5.898067153479687,5.898067153479687,46.125000000000064
5.199999999999932,0,0,5.9010938160814135,5.9010938160814135,46.125000000000064
5.209999999999932,0,0,5.90412259797813,5.90412259797813,46.125000000000064
5.219999999999931,0,0,5.907153499781202,5.907153499781202,46.125000000000064
5.229999999999931,0,0,5.910191599170162,5.910191599170162,46.125000000000064
5.239999999999931,0,0,5.913232102777826,5.913232102777826,46.125000000000064
5.249999999999931,0,0,5.916273162401751,5.916273162401751,46.125000000000064
5.2599999999999305,0,0,5.919315883020317,5.919315883020317,46.125000000000064
5.26999999999993,0,0,5.922360425588238,5.922360425588238,46.125000000000064
5.27999999999993,0,0,5.925406789735334,5.925406789735334,46.125000000000064
5.28999999999993,0,0,5.928454975100138,5.928454975100138,46.125000000000064
5.29999999999993,0,0,5.9315063314315495,5.9315063314315495,46.125000000000064
5.309999999999929,0,0,5.93456059674665,5.93456059674665,46.125000000000064
5.319999999999929,0,0,5.937616741697042,5.937616741697042,46.125000000000064
5.329999999999929,0,0,5.940545753640748,5.940545753640748,46.125000000000064
5.339999999999929,0,0,5.943271613402544,5.943271613402544,46.125000000000064
5.349999999999929,0,0,5.945997552127864,5.945997552127864,46.125000000000064
5.359999999999928,0,0,5.9487235674798455,5.9487235674798455,46.125000000000064
5.369999999999928,0,0,5.951449657120492,5.951449657120492,46.125000000000064
5.379999999999928,0,0,5.954175818711036,5.954175818711036,46.125000000000064
5.389999999999928,0,0,5.956847235423638,5.956847235423638,46.125000000000064
5.3999999999999275,0,0,5.95931811402582,5.95931811402582,46.125000000000064
5.409999999999927,0,0,5.961802343005701,5.961802343005701,46.125000000000064
5.419999999999927,0,0,5.964295867489383,5.964295867489383,46.125000000000064
5.429999999999927,0,0,5.966933061064921,5.966933061064921,46.125000000000064
5.439999999999927,0,0,5.969944396122159,5.969944396122159,46.125000000000064
5.4499999999999265,0,0,5.972957812481809,5.972957812481809,46.125000000000064
5.459999999999926,0,0,5.985577504019048,5.985577504019048,46.125000000000064
5.469999999999926,0,0,5.988608440370456,5.988608440370456,46.125000000000064
5.479999999999926,0,0,5.991641392000162,5.991641392000162,46.125000000000064
5.489999999999926,0,0,5.994658468806151,5.994658468806151,46.125000000000064
5.499999999999925,0,0,5.997665798563446,5.997665798563446,46.125000000000064
5.509999999999925,0,0,6.00067524570386,6.00067524570386,46.125000000000064
5.519999999999925,0,0,6.003686811057577,6.003686811057577,46.125000000000064
5.529999999999925,0,0,6.006700495431744,6.006700495431744,46.125000000000064
5.5399999999999245,0,0,6.009716299609892,6.009716299609892,46.125000000000064
5.549999999999924,0,0,6.0127342243511634,6.0127342243511634,46.125000000000064
5.559999999999924,0,0,6.015754270390147,6.015754270390147,46.125000000000064
5.569999999999924,0,0,6.018776438435907,6.018776438435907,46.125000000000064
5.579999999999924,0,0,6.021796771731758,6.021796771731758,46.125000000000064
5.5899999999999235,0,0,6.030726635515066,6.030726635515066,46.125000000000064
5.599999999999923,0,0,6.033750176102629,6.033750176102629,46.125000000000064
5.609999999999923,0,0,6.036775512044414,6.036775512044414,46.125000000000064
5.619999999999923,0,0,6.039802642813967,6.039802642813967,46.125000000000064
5.629999999999923,0,0,6.042831567892691,6.042831567892691,46.125000000000064
5.639999999999922,0,0,6.045862286769818,6.045862286769818,46.125000000000064
5.649999999999922,0,0,6.048894798942399,6.048894798942399,46.125000000000064
5.659999999999922,0,0,6.051844021438555,6.051844021438555,46.125000000000064
5.669999999999922,0,0,6.054648554159627,6.054648554159627,46.125000000000064
5.679999999999922,0,0,6.057454042358245,6.057454042358245,46.125000000000064
5.689999999999921,0,0,6.060254593723954,6.060254593723954,46.125000000000064
5.699999999999921,0,0,6.06305678136367,6.06305678136367,46.125000000000064
5.709999999999921,0,0,6.065860612452255,6.065860612452255,46.125000000000064
5.719999999999921,0,0,6.068666094238367,6.068666094238367,46.125000000000064
5.7299999999999205,0,0,6.071480764012634,6.071480764012634,46.125000000000064
5.73999999999992,0,0,6.074017012254018,6.074017012254018,46.125000000000064
5.74999999999992,0,0,6.076470966817013,6.076470966817013,46.125000000000064
5.75999999999992,0,0,6.078926898487637,6.078926898487637,46.125000000000064
5.76999999999992,0,0,6.081384807835093,6.081384807835093,46.125000000000064
5.779999999999919,0,0,6.084063842167595,6.084063842167595,46.125000000000064
5.789999999999919,0,0,6.087040149014669,6.087040149014669,46.125000000000064
5.799999999999919,0,0,6.090018504350908,6.090018504350908,46.125000000000064
5.809999999999919,0,0,6.092998909207978,6.092998909207978,46.125000000000064
5.819999999999919,0,0,6.095981364595914,6.095981364595914,46.125000000000064
5.829999999999918,0,0,6.098965871502912,6.098965871502912,46.125000000000064
5.839999999999918,0,0,6.101952430894656,6.101952430894656,46.125000000000064
5.849999999999918,0,0,6.104941043713822,6.104941043713822,46.125000000000064
5.859999999999918,0,0,6.107931710879427,6.107931710879427,46.125000000000064
5.8699999999999175,0,0,6.1109244332863,6.1109244332863,46.125000000000064
5.879999999999917,0,0,6.113918949698444,6.113918949698444,46.125000000000064
5.889999999999917,0,0,6.116917109435988,6.116917109435988,46.125000000000064
5.899999999999917,0,0,6.119916082603268,6.119916082603268,46.125000000000064
5.909999999999917,0,0,6.122916012825499,6.122916012825499,46.125000000000064
5.919999999999916,0,0,6.125917722821214,6.125917722821214,46.125000000000064
5.929999999999916,0,0,6.1289212120711625,6.1289212120711625,46.125000000000064
5.939999999999916,0,0,6.131926480063811,6.131926480063811,46.125000000000064
5.949999999999916,0,0,6.1349335262955265,6.1349335262955265,46.125000000000064
5.959999999999916,0,0,6.137942350270578,6.137942350270578,46.125000000000064
5.969999999999915,0,0,6.140952951501248,6.140952951501248,46.125000000000064
5.979999999999915,0,0,6.143763529821001,6.143763529821001,46.125000000000064
5.989999999999915,0,0,6.146548090954937,6.146548090954937,46.125000000000064
5.999999999999915,0,0,6.149334312529476,6.149334312529476,46.125000000000064
6.0099999999999145,0,0,6.152122889358452,6.152122889358452,46.125000000000064
6.019999999999914,0,0,6.1549208330577585,6.1549208330577585,46.125000000000064
6.029999999999914,0,0,6.1577204415849,6.1577204415849,46.125000000000064
6.039999999999914,0,0,6.169065907365194,6.169065907365194,46.125000000000064
6.049999999999914,0,0,6.171878264434,6.171878264434,46.125000000000064
6.0599999999999135,0,0,6.174692183229226,6.174692183229226,46.125000000000064
6.069999999999913,0,0,6.177507670524108,6.177507670524108,46.125000000000064
6.079999999999913,0,0,6.180302216681213,6.180302216681213,46.125000000000064
6.089999999999913,0,0,6.183094576287672,6.183094576287672,46.125000000000064
6.099999999999913,0,0,6.185888629283653,6.185888629283653,46.125000000000064
6.109999999999912,0,0,6.188328748197719,6.188328748197719,46.125000000000064
6.119999999999912,0,0,6.191196715317545,6.191196715317545,46.125000000000064
6.129999999999912,0,0,6.194144517541758,6.194144517541758,46.125000000000064
6.139999999999912,0,0,6.197094429262421,6.197094429262421,46.125000000000064
6.1499999999999115,0,0,6.200046451562542,6.200046451562542,46.125000000000064
6.159999999999911,0,0,6.202996870910653,6.202996870910653,46.125000000000064
6.169999999999911,0,0,6.2059452759605875,6.2059452759605875,46.125000000000064
6.179999999999911,0,0,6.208895746231292,6.208895746231292,46.125000000000064
6.189999999999911,0,0,6.211848282748591,6.211848282748591,46.125000000000064
6.1999999999999105,0,0,6.214802886514974,6.214802886514974,46.125000000000064
6.20999999999991,0,0,6.217759558508831,6.217759558508831,46.125000000000064
6.21999999999991,0,0,6.226567608859739,6.226567608859739,46.125000000000064
6.22999999999991,0,0,6.229533947436693,6.229533947436693,46.125000000000064
6.23999999999991,0,0,6.232502417560141,6.232502417560141,46.125000000000064
6.249999999999909,0,0,6.235323907888443,6.235323907888443,46.125000000000064
6.259999999999909,0,0,6.238062058951272,6.238062058951272,46.125000000000064
6.269999999999909,0,0,6.240796186924882,6.240796186924882,46.125000000000064
6.279999999999909,0,0,6.243531856454297,6.243531856454297,46.125000000000064
6.2899999999999086,0,0,6.246269073978226,6.246269073978226,46.125000000000064
6.299999999999908,0,0,6.249007846002314,6.249007846002314,46.125000000000064
6.309999999999908,0,0,6.2517481790994935,6.2517481790994935,46.125000000000064
6.319999999999908,0,0,6.254490079910809,6.254490079910809,46.125000000000064
6.329999999999908,0,0,6.257234714936345,6.257234714936345,46.125000000000064
6.3399999999999075,0,0,6.259988047572989,6.259988047572989,46.125000000000064
6.349999999999907,0,0,6.262742953568747,6.262742953568747,46.125000000000064
6.359999999999907,0,0,6.265499439724039,6.265499439724039,46.125000000000064
6.369999999999907,0,0,6.268257512909386,6.268257512909386,46.125000000000064
6.379999999999907,0,0,6.2710171800659396,6.2710171800659396,46.125000000000064
6.389999999999906,0,0,6.273778448206258,6.273778448206258,46.125000000000064
6.399999999999906,0,0,6.276541324415078,6.276541324415078,46.125000000000064
6.409999999999906,0,0,6.279305815849796,6.279305815849796,46.125000000000064
6.419999999999906,0,0,6.282071929741463,6.282071929741463,46.125000000000064
6.429999999999906,0,0,6.284904272876233,6.284904272876233,46.125000000000064
6.439999999999905,0,0,6.287848946082278,6.287848946082278,46.125000000000064
6.449999999999905,0,0,6.290771422868303,6.290771422868303,46.125000000000064
6.459999999999905,0,0,6.293695943871114,6.293695943871114,46.125000000000064
6.469999999999905,0,0,6.296623507448601,6.296623507448601,46.125000000000064
6.4799999999999045,0,0,6.299554488482869,6.299554488482869,46.125000000000064
6.489999999999904,0,0,6.302487572355943,6.302487572355943,46.125000000000064
6.499999999999904,0,0,6.3054227601575406,6.3054227601575406,46.125000000000064
6.509999999999904,0,0,6.308360052957212,6.308360052957212,46.125000000000064
6.519999999999904,0,0,6.31129857125768,6.31129857125768,46.125000000000064
6.529999999999903,0,0,6.31423905853336,6.31423905853336,46.125000000000064
6.539999999999903,0,0,6.317181654205314,6.317181654205314,46.125000000000064
6.549999999999903,0,0,6.320126359252484,6.320126359252484,46.125000000000064
6.559999999999903,0,0,6.323071766793973,6.323071766793973,46.125000000000064
6.569999999999903,0,0,6.325789857766694,6.325789857766694,46.125000000000064
6.579999999999902,0,0,6.328509515009543,6.328509515009543,46.125000000000064
6.589999999999902,0,0,6.331230744680056,6.331230744680056,46.125000000000064
6.599999999999902,0,0,6.333953552999148,6.333953552999148,46.125000000000064
6.609999999999902,0,0,6.336677946251598,6.336677946251598,46.125000000000064
6.6199999999999015,0,0,6.347823982661325,6.347823982661325,46.125000000000064
6.629999999999901,0,0,6.350570074231413,6.350570074231413,46.125000000000064
6.639999999999901,0,0,6.353317024471693,6.353317024471693,46.125000000000064
6.649999999999901,0,0,6.356065450966597,6.356065450966597,46.125000000000064
6.659999999999901,0,0,6.358812903282143,6.358812903282143,46.125000000000064
6.6699999999999005,0,0,6.361538294790833,6.361538294790833,46.125000000000064
6.6799999999999,0,0,6.364265281865968,6.364265281865968,46.125000000000064
6.6899999999999,0,0,6.366993871033429,6.366993871033429,46.125000000000064
6.6999999999999,0,0,6.369724068886583,6.369724068886583,46.125000000000064
6.7099999999999,0,0,6.372509550104795,6.372509550104795,46.125000000000064
6.719999999999899,0,0,6.375425471068368,6.375425471068368,46.125000000000064
6.729999999999899,0,0,6.378342936939575,6.378342936939575,46.125000000000064
6.739999999999899,0,0,6.381256350569274,6.381256350569274,46.125000000000064
6.749999999999899,0,0,6.384169428650168,6.384169428650168,46.125000000000064
6.7599999999998985,0,0,6.387084014505973,6.387084014505973,46.125000000000064
6.769999999999898,0,0,6.39000011190069,6.39000011190069,46.125000000000064
6.779999999999898,0,0,6.392917724633023,6.392917724633023,46.125000000000064
6.789999999999898,0,0,6.395836856536292,6.395836856536292,46.125000000000064
6.799999999999898,0,0,6.3987575114789195,6.3987575114789195,46.125000000000064
6.8099999999998975,0,0,6.401668163786724,6.401668163786724,46.125000000000064
6.819999999999897,0,0,6.40456408451594,6.40456408451594,46.125000000000064
6.829999999999897,0,0,6.407469657698101,6.407469657698101,46.125000000000064
6.839999999999897,0,0,6.410375198292641,6.410375198292641,46.125000000000064
6.849999999999897,0,0,6.4132827899144615,6.4132827899144615,46.125000000000064
6.859999999999896,0,0,6.421386582496169,6.421386582496169,46.125000000000064
6.869999999999896,0,0,6.424059160595675,6.424059160595675,46.125000000000064
6.879999999999896,0,0,6.42673329990825,6.42673329990825,46.125000000000064
6.889999999999896,0,0,6.429409004191712,6.429409004191712,46.125000000000064
6.8999999999998956,0,0,6.43208627723169,6.43208627723169,46.125000000000064
6.909999999999895,0,0,6.434765122842052,6.434765122842052,46.125000000000064
6.919999999999895,0,0,6.4374455448651275,6.4374455448651275,46.125000000000064
6.929999999999895,0,0,6.440127547171642,6.440127547171642,46.125000000000064
6.939999999999895,0,0,6.442814942387258,6.442814942387258,46.125000000000064
6.9499999999998945,0,0,6.445508178383349,6.445508178383349,46.125000000000064
6.959999999999894,0,0,6.44820299138685,6.44820299138685,46.125000000000064
6.969999999999894,0,0,6.450898561381095,6.450898561381095,46.125000000000064
6.979999999999894,0,0,6.453594786767468,6.453594786767468,46.125000000000064
6.989999999999894,0,0,6.456292531773869,6.456292531773869,46.125000000000064
6.999999999999893,0,0,6.45899180287951,6.45899180287951,46.125000000000064
7.009999999999893,0,0,6.461804391016685,6.461804391016685,46.125000000000064
7.019999999999893,0,0,6.464688693245023,6.464688693245023,46.125000000000064
7.029999999999893,0,0,6.467574464104857,6.467574464104857,46.125000000000064
7.039999999999893,0,0,6.470461707126418,6.470461707126418,46.125000000000064
7.049999999999892,0,0,6.473350425872113,6.473350425872113,46.125000000000064
7.059999999999892,0,0,6.476242291521089,6.476242291521089,46.125000000000064
7.069999999999892,0,0,6.479136304073819,6.479136304073819,46.125000000000064
7.079999999999892,0,0,6.482031856765914,6.482031856765914,46.125000000000064
7.0899999999998915,0,0,6.484928953228362,6.484928953228362,46.125000000000064
7.099999999999891,0,0,6.487827597125474,6.487827597125474,46.125000000000064
7.109999999999891,0,0,6.490727792155226,6.490727792155226,46.125000000000064
7.119999999999891,0,0,6.493629542049376,6.493629542049376,46.125000000000064
7.129999999999891,0,0,6.4965328505738995,6.4965328505738995,46.125000000000064
7.13999999999989,0,0,6.499437721529176,6.499437721529176,46.125000000000064
7.14999999999989,0,0,6.5023292719415196,6.5023292719415196,46.125000000000064
7.15999999999989,0,0,6.505072228070873,6.505072228070873,46.125000000000064
7.16999999999989,0,0,6.507728740436292,6.507728740436292,46.125000000000064
7.17999999999989,0,0,6.510386837922653,6.510386837922653,46.125000000000064
7.189999999999889,0,0,6.5130465240725925,6.5130465240725925,46.125000000000064
7.199999999999889,0,0,6.523928093439551,6.523928093439551,46.125000000000064
7.209999999999889,0,0,6.526634833658633,6.526634833658633,46.125000000000064
7.219999999999889,0,0,6.529333391339463,6.529333391339463,46.125000000000064
7.2299999999998885,0,0,6.532016596958556,6.532016596958556,46.125000000000064
7.239999999999888,0,0,6.534701292804243,6.534701292804243,46.125000000000064
7.249999999999888,0,0,6.537379291689234,6.537379291689234,46.125000000000064
7.259999999999888,0,0,6.540041377975669,6.540041377975669,46.125000000000064
7.269999999999888,0,0,6.542705066877531,6.542705066877531,46.125000000000064
7.2799999999998875,0,0,6.545370362117268,6.545370362117268,46.125000000000064
7.289999999999887,0,0,6.548109404000854,6.548109404000854,46.125000000000064
7.299999999999887,0,0,6.550951562315902,6.550951562315902,46.125000000000064
7.309999999999887,0,0,6.553795038966669,6.553795038966669,46.125000000000064
7.319999999999887,0,0,6.556633826893702,6.556633826893702,46.125000000000064
7.329999999999886,0,0,6.559474549944198,6.559474549944198,46.125000000000064
7.339999999999886,0,0,6.56231799787686,6.56231799787686,46.125000000000064
7.349999999999886,0,0,6.565168109197728,6.565168109197728,46.125000000000064
7.359999999999886,0,0,6.56801968027267,6.56801968027267,46.125000000000064
7.3699999999998855,0,0,6.5708727145946,6.5708727145946,46.125000000000064
7.379999999999885,0,0,6.573727215688791,6.573727215688791,46.125000000000064
7.389999999999885,0,0,6.576583187113073,6.576583187113073,46.125000000000064
7.399999999999885,0,0,6.579440632458045,6.579440632458045,46.125000000000064
7.409999999999885,0,0,6.58229955534749,6.58229955534749,46.125000000000064
7.4199999999998845,0,0,6.585159959438627,6.585159959438627,46.125000000000064
7.429999999999884,0,0,6.5880249613665285,6.5880249613665285,46.125000000000064
7.439999999999884,0,0,6.590896728094421,6.590896728094421,46.125000000000064
7.449999999999884,0,0,6.593740649804857,6.593740649804857,46.125000000000064
7.459999999999884,0,0,6.596384106022555,6.596384106022555,46.125000000000064
7.469999999999883,0,0,6.599030008689894,6.599030008689894,46.125000000000064
7.479999999999883,0,0,6.601678364404208,6.601678364404208,46.125000000000064
7.489999999999883,0,0,6.609498594321863,6.609498594321863,46.125000000000064
7.499999999999883,0,0,6.612140014393532,6.612140014393532,46.125000000000064
7.5099999999998825,0,0,6.614783915664177,6.614783915664177,46.125000000000064
7.519999999999882,0,0,6.617430304918784,6.617430304918784,46.125000000000064
7.529999999999882,0,0,6.620079188981563,6.620079188981563,46.125000000000064
7.539999999999882,0,0,6.62273057471613,6.62273057471613,46.125000000000064
7.549999999999882,0,0,6.625391319789799,6.625391319789799,46.125000000000064
7.5599999999998815,0,0,6.628052376050363,6.628052376050363,46.125000000000064
7.569999999999881,0,0,6.6306855161192715,6.6306855161192715,46.125000000000064
7.579999999999881,0,0,6.633319914144209,6.633319914144209,46.125000000000064
7.589999999999881,0,0,6.636081141456572,6.636081141456572,46.125000000000064
7.599999999999881,0,0,6.638890016191269,6.638890016191269,46.125000000000064
7.60999999999988,0,0,6.641700781788771,6.641700781788771,46.125000000000064
7.61999999999988,0,0,6.644513442365991,6.644513442365991,46.125000000000064
7.62999999999988,0,0,6.647328002061968,6.647328002061968,46.125000000000064
7.63999999999988,0,0,6.650144518932876,6.650144518932876,46.125000000000064
7.64999999999988,0,0,6.6529651908588505,6.6529651908588505,46.125000000000064
7.659999999999879,0,0,6.655787825776912,6.655787825776912,46.125000000000064
7.669999999999879,0,0,6.658612427791184,6.658612427791184,46.125000000000064
7.679999999999879,0,0,6.661439001028242,6.661439001028242,46.125000000000064
7.689999999999879,0,0,6.664272971285797,6.664272971285797,46.125000000000064
7.6999999999998785,0,0,6.667108491100734,6.667108491100734,46.125000000000064
7.709999999999878,0,0,6.66994551261088,6.66994551261088,46.125000000000064
7.719999999999878,0,0,6.672784039274745,6.672784039274745,46.125000000000064
7.729999999999878,0,0,6.675624074582899,6.675624074582899,46.125000000000064
7.739999999999878,0,0,6.678465622057999,6.678465622057999,46.125000000000064
7.749999999999877,0,0,6.6813086852552885,6.6813086852552885,46.125000000000064
7.759999999999877,0,0,6.683986038686726,6.683986038686726,46.125000000000064
7.769999999999877,0,0,6.68660053636107,6.68660053636107,46.125000000000064
7.779999999999877,0,0,6.689217503371793,6.689217503371793,46.125000000000064
7.789999999999877,0,0,6.69976743504796,6.69976743504796,46.125000000000064
7.799999999999876,0,0,6.702402918274871,6.702402918274871,46.125000000000064
7.809999999999876,0,0,6.705040757320717,6.705040757320717,46.125000000000064
7.819999999999876,0,0,6.7076809585077655,6.7076809585077655,46.125000000000064
7.829999999999876,0,0,6.7103235281953175,6.7103235281953175,46.125000000000064
7.8399999999998755,0,0,6.712955069992546,6.712955069992546,46.125000000000064
7.849999999999875,0,0,6.71557786885721,6.71557786885721,46.125000000000064
7.859999999999875,0,0,6.718203166925406,6.718203166925406,46.125000000000064
7.869999999999875,0,0,6.720930032905912,6.720930032905912,46.125000000000064
7.879999999999875,0,0,6.7237311319981785,6.7237311319981785,46.125000000000064
7.8899999999998744,0,0,6.726530844259827,6.726530844259827,46.125000000000064
7.899999999999874,0,0,6.729328987619468,6.729328987619468,46.125000000000064
7.909999999999874,0,0,6.732129120434863,6.732129120434863,46.125000000000064
7.919999999999874,0,0,6.734931247852444,6.734931247852444,46.125000000000064
7.929999999999874,0,0,6.737735375046924,6.737735375046924,46.125000000000064
7.939999999999873,0,0,6.740534459806,6.740534459806,46.125000000000064
7.949999999999873,0,0,6.743311141046462,6.743311141046462,46.125000000000064
7.959999999999873,0,0,6.74608971372777,6.74608971372777,46.125000000000064
7.969999999999873,0,0,6.748870181999862,6.748870181999862,46.125000000000064
7.9799999999998725,0,0,6.751652550035217,6.751652550035217,46.125000000000064
7.989999999999872,0,0,6.754436822029163,6.754436822029163,46.125000000000064
7.999999999999872,0,0,6.757223002200021,6.757223002200021,46.125000000000064
8.009999999999872,0,0,6.760011094789249,6.760011094789249,46.125000000000064
8.019999999999872,0,0,6.762801104061694,6.762801104061694,46.125000000000064
8.029999999999871,0,0,6.765593034305596,6.765593034305596,46.125000000000064
8.039999999999871,0,0,6.7683950179119705,6.7683950179119705,46.125000000000064
8.049999999999871,0,0,6.771199008160778,6.771199008160778,46.125000000000064
8.05999999999987,0,0,6.773781722080301,6.773781722080301,46.125000000000064
8.06999999999987,0,0,6.776359577856724,6.776359577856724,46.125000000000064
8.07999999999987,0,0,6.77893980899303,6.77893980899303,46.125000000000064
8.08999999999987,0,0,6.781522421806741,6.781522421806741,46.125000000000064
8.09999999999987,0,0,6.7841074226519,6.7841074226519,46.125000000000064
8.10999999999987,0,0,6.7866948179197095,6.7866948179197095,46.125000000000064
8.11999999999987,0,0,6.794318396087917,6.794318396087917,46.125000000000064
8.12999999999987,0,0,6.796908308502381,6.796908308502381,46.125000000000064
8.13999999999987,0,0,6.799500550986949,6.799500550986949,46.125000000000064
8.149999999999869,0,0,6.802094333441644,6.802094333441644,46.125000000000064
8.159999999999869,0,0,6.804689707159326,6.804689707159326,46.125000000000064
8.169999999999868,0,0,6.807414955004532,6.807414955004532,46.125000000000064
8.179999999999868,0,0,6.810185652043586,6.810185652043586,46.125000000000064
8.189999999999868,0,0,6.812958287389691,6.812958287389691,46.125000000000064
8.199999999999868,0,0,6.815732865983179,6.815732865983179,46.125000000000064
8.209999999999868,0,0,6.818509392791171,6.818509392791171,46.125000000000064
8.219999999999867,0,0,6.821287872807844,6.821287872807844,46.125000000000064
8.229999999999867,0,0,6.824069076587065,6.824069076587065,46.125000000000064
8.239999999999867,0,0,6.826853735965884,6.826853735965884,46.125000000000064
8.249999999999867,0,0,6.829640412189988,6.829640412189988,46.125000000000064
8.259999999999867,0,0,6.832429110222151,6.832429110222151,46.125000000000064
8.269999999999866,0,0,6.835219835052172,6.835219835052172,46.125000000000064
8.279999999999866,0,0,6.8380124891018,6.8380124891018,46.125000000000064
8.289999999999866,0,0,6.840777427818736,6.840777427818736,46.125000000000064
8.299999999999866,0,0,6.843539910025683,6.843539910025683,46.125000000000064
8.309999999999865,0,0,6.846304318301932,6.846304318301932,46.125000000000064
8.319999999999865,0,0,6.849070656661652,6.849070656661652,46.125000000000064
8.329999999999865,0,0,6.851838929141294,6.851838929141294,46.125000000000064
8.339999999999865,0,0,6.854609139799379,6.854609139799379,46.125000000000064
8.349999999999865,0,0,6.857381292717122,6.857381292717122,46.125000000000064
8.359999999999864,0,0,6.860006113969689,6.860006113969689,46.125000000000064
8.369999999999864,0,0,6.870163329217945,6.870163329217945,46.125000000000064
8.379999999999864,0,0,6.872723845196617,6.872723845196617,46.125000000000064
8.389999999999864,0,0,6.875287123279591,6.875287123279591,46.125000000000064
8.399999999999864,0,0,6.877853175383962,6.877853175383962,46.125000000000064
8.409999999999863,0,0,6.880422013515613,6.880422013515613,46.125000000000064
8.419999999999863,0,0,6.883002794798642,6.883002794798642,46.125000000000064
8.429999999999863,0,0,6.885568456993582,6.885568456993582,46.125000000000064
8.439999999999863,0,0,6.8882197768933935,6.8882197768933935,46.125000000000064
8.449999999999863,0,0,6.890947392406218,6.890947392406218,46.125000000000064
8.459999999999862,0,0,6.893676938859258,6.893676938859258,46.125000000000064
8.469999999999862,0,0,6.896401841209297,6.896401841209297,46.125000000000064
8.479999999999862,0,0,6.899128389486023,6.899128389486023,46.125000000000064
8.489999999999862,0,0,6.901856843273237,6.901856843273237,46.125000000000064
8.499999999999861,0,0,6.904587207376963,6.904587207376963,46.125000000000064
8.509999999999861,0,0,6.907319486629518,6.907319486629518,46.125000000000064
8.519999999999861,0,0,6.910053685889508,6.910053685889508,46.125000000000064
8.52999999999986,0,0,6.91278981004227,6.91278981004227,46.125000000000064
8.53999999999986,0,0,6.915527863999657,6.915527863999657,46.125000000000064
8.54999999999986,0,0,6.918267852700765,6.918267852700765,46.125000000000064
8.55999999999986,0,0,6.921009781111607,6.921009781111607,46.125000000000064
8.56999999999986,0,0,6.923753654225649,6.923753654225649,46.125000000000064
8.57999999999986,0,0,6.926499477063885,6.926499477063885,46.125000000000064
8.58999999999986,0,0,6.929247254675019,6.929247254675019,46.125000000000064
8.59999999999986,0,0,6.93199699213578,6.93199699213578,46.125000000000064
8.609999999999859,0,0,6.934748694550919,6.934748694550919,46.125000000000064
8.619999999999859,0,0,6.937502367053668,6.937502367053668,46.125000000000064
8.629999999999859,0,0,6.94025801480565,6.94025801480565,46.125000000000064
8.639999999999858,0,0,6.943020951431123,6.943020951431123,46.125000000000064
8.649999999999858,0,0,6.945684061364517,6.945684061364517,46.125000000000064
8.659999999999858,0,0,6.948212787238447,6.948212787238447,46.125000000000064
8.669999999999858,0,0,6.950719787567692,6.950719787567692,46.125000000000064
8.679999999999858,0,0,6.953229576922013,6.953229576922013,46.125000000000064
8.689999999999857,0,0,6.955742167098478,6.955742167098478,46.125000000000064
8.699999999999857,0,0,6.958257569980674,6.958257569980674,46.125000000000064
8.709999999999857,0,0,6.9607770295559135,6.9607770295559135,46.125000000000064
8.719999999999857,0,0,6.9633001695021335,6.9633001695021335,46.125000000000064
8.729999999999857,0,0,6.965832913136126,6.965832913136126,46.125000000000064
8.739999999999856,0,0,6.9683722603744656,6.9683722603744656,46.125000000000064
8.749999999999856,0,0,6.976073967171843,6.976073967171843,46.125000000000064
8.759999999999856,0,0,6.978773466756223,6.978773466756223,46.125000000000064
8.769999999999856,0,0,6.9814748228424435,6.9814748228424435,46.125000000000064
8.779999999999855,0,0,6.984178040038998,6.984178040038998,46.125000000000064
8.789999999999855,0,0,6.986883122979165,6.986883122979165,46.125000000000064
8.799999999999855,0,0,6.989590076321349,6.989590076321349,46.125000000000064
8.809999999999855,0,0,6.992298904749148,6.992298904749148,46.125000000000064
8.819999999999855,0,0,6.99501123298198,6.99501123298198,46.125000000000064
8.829999999999854,0,0,6.997726107648532,6.997726107648532,46.125000000000064
8.839999999999854,0,0,7.000442919527174,7.000442919527174,46.125000000000064
8.849999999999854,0,0,7.0031616732696875,7.0031616732696875,46.125000000000064
8.859999999999854,0,0,7.005882373553277,7.005882373553277,46.125000000000064
8.869999999999854,0,0,7.008605025080584,7.008605025080584,46.125000000000064
8.879999999999853,0,0,7.011329632579958,7.011329632579958,46.125000000000064
8.889999999999853,0,0,7.014056200805669,7.014056200805669,46.125000000000064
8.899999999999853,0,0,7.016784734537978,7.016784734537978,46.125000000000064
8.909999999999853,0,0,7.01951523858348,7.01951523858348,46.125000000000064
8.919999999999852,0,0,7.022247717775201,7.022247717775201,46.125000000000064
8.929999999999852,0,0,7.02498217697287,7.02498217697287,46.125000000000064
8.939999999999852,0,0,7.027718621062789,7.027718621062789,46.125000000000064
8.949999999999852,0,0,7.037747699942599,7.037747699942599,46.125000000000064
8.959999999999852,0,0,7.0402616979695125,7.0402616979695125,46.125000000000064
8.969999999999851,0,0,7.042778056952912,7.042778056952912,46.125000000000064
8.979999999999851,0,0,7.045296788430392,7.045296788430392,46.125000000000064
8.989999999999851,0,0,7.047817904019894,7.047817904019894,46.125000000000064
8.99999999999985,0,0,7.050341415420576,7.050341415420576,46.125000000000064
9.00999999999985,0,0,7.052865746266548,7.052865746266548,46.125000000000064
9.01999999999985,0,0,7.055410295975975,7.055410295975975,46.125000000000064
9.02999999999985,0,0,7.058113939658696,7.058113939658696,46.125000000000064
9.03999999999985,0,0,7.060816142349992,7.060816142349992,46.125000000000064
9.04999999999985,0,0,7.063516774567603,7.063516774567603,46.125000000000064
9.05999999999985,0,0,7.066217421122573,7.066217421122573,46.125000000000064
9.06999999999985,0,0,7.0689096710719355,7.0689096710719355,46.125000000000064
9.079999999999849,0,0,7.0715846147133306,7.0715846147133306,46.125000000000064
9.089999999999849,0,0,7.074259019909093,7.074259019909093,46.125000000000064
9.099999999999849,0,0,7.076933082684306,7.076933082684306,46.125000000000064
9.109999999999848,0,0,7.079608837264232,7.079608837264232,46.125000000000064
9.119999999999848,0,0,7.082286289421589,7.082286289421589,46.125000000000064
9.129999999999848,0,0,7.0849654449505834,7.0849654449505834,46.125000000000064
9.139999999999848,0,0,7.087646309666837,7.087646309666837,46.125000000000064
9.149999999999848,0,0,7.090328889407786,7.090328889407786,46.125000000000064
9.159999999999847,0,0,7.093013190032892,7.093013190032892,46.125000000000064
9.169999999999847,0,0,7.095699217423885,7.095699217423885,46.125000000000064
9.179999999999847,0,0,7.098386977485035,7.098386977485035,46.125000000000064
9.189999999999847,0,0,7.101076476143334,7.101076476143334,46.125000000000064
9.199999999999847,0,0,7.103767719348809,7.103767719348809,46.125000000000064
9.209999999999846,0,0,7.106460713074682,7.106460713074682,46.125000000000064
9.219999999999846,0,0,7.109155463317833,7.109155463317833,46.125000000000064
9.229999999999846,0,0,7.111851976098706,7.111851976098706,46.125000000000064
9.239999999999846,0,0,7.114548922418592,7.114548922418592,46.125000000000064
9.249999999999845,0,0,7.117087358354695,7.117087358354695,46.125000000000064
9.259999999999845,0,0,7.119550050297633,7.119550050297633,46.125000000000064
9.269999999999845,0,0,7.12201513433439,7.12201513433439,46.125000000000064
9.279999999999845,0,0,7.124482472137558,7.124482472137558,46.125000000000064
9.289999999999845,0,0,7.1269519513038375,7.1269519513038375,46.125000000000064
9.299999999999844,0,0,7.129425730014361,7.129425730014361,46.125000000000064
9.309999999999844,0,0,7.131901994723108,7.131901994723108,46.125000000000064
9.319999999999844,0,0,7.134380756925452,7.134380756925452,46.125000000000064
9.329999999999844,0,0,7.136862028200397,7.136862028200397,46.125000000000064
9.339999999999844,0,0,7.139348481931748,7.139348481931748,46.125000000000064
9.349999999999843,0,0,7.1419203116768415,7.1419203116768415,46.125000000000064
9.359999999999843,0,0,7.144602889238371,7.144602889238371,46.125000000000064
9.369999999999843,0,0,7.1472875219866125,7.1472875219866125,46.125000000000064
9.379999999999843,0,0,7.155089311920264,7.155089311920264,46.125000000000064
9.389999999999842,0,0,7.157773658046466,7.157773658046466,46.125000000000064
9.399999999999842,0,0,7.1604602141958225,7.1604602141958225,46.125000000000064
9.409999999999842,0,0,7.163150531341856,7.163150531341856,46.125000000000064
9.419999999999842,0,0,7.165812853189166,7.165812853189166,46.125000000000064
9.429999999999842,0,0,7.168471975629544,7.168471975629544,46.125000000000064
9.439999999999841,0,0,7.171131635811292,7.171131635811292,46.125000000000064
9.449999999999841,0,0,7.173793020997735,7.173793020997735,46.125000000000064
9.459999999999841,0,0,7.176456136754155,7.176456136754155,46.125000000000064
9.46999999999984,0,0,7.179120988666682,7.179120988666682,46.125000000000064
9.47999999999984,0,0,7.181787582342565,7.181787582342565,46.125000000000064
9.48999999999984,0,0,7.184455923410326,7.184455923410326,46.125000000000064
9.49999999999984,0,0,7.1871260175201,7.1871260175201,46.125000000000064
9.50999999999984,0,0,7.189797870343796,7.189797870343796,46.125000000000064
9.51999999999984,0,0,7.192471487575375,7.192471487575375,46.125000000000064
9.52999999999984,0,0,7.202599503153593,7.202599503153593,46.125000000000064
9.53999999999984,0,0,7.205042854706406,7.205042854706406,46.125000000000064
9.549999999999839,0,0,7.207488363194258,7.207488363194258,46.125000000000064
9.559999999999839,0,0,7.209936039477725,7.209936039477725,46.125000000000064
9.569999999999839,0,0,7.212385894486658,7.212385894486658,46.125000000000064
9.579999999999838,0,0,7.214837939221013,7.214837939221013,46.125000000000064
9.589999999999838,0,0,7.21729218475231,7.21729218475231,46.125000000000064
9.599999999999838,0,0,7.219738760620487,7.219738760620487,46.125000000000064
9.609999999999838,0,0,7.2221746411459975,7.2221746411459975,46.125000000000064
9.619999999999838,0,0,7.2248081362376695,7.2248081362376695,46.125000000000064
9.629999999999837,0,0,7.2274488140648,7.2274488140648,46.125000000000064
9.639999999999837,0,0,7.2300912819359695,7.2300912819359695,46.125000000000064
9.649999999999837,0,0,7.232735549745485,7.232735549745485,46.125000000000064
9.659999999999837,0,0,7.235381627431352,7.235381627431352,46.125000000000064
9.669999999999837,0,0,7.238029524975488,7.238029524975488,46.125000000000064
9.679999999999836,0,0,7.240678792801944,7.240678792801944,46.125000000000064
9.689999999999836,0,0,7.243329448695846,7.243329448695846,46.125000000000064
9.699999999999836,0,0,7.245981955399216,7.245981955399216,46.125000000000064
9.709999999999836,0,0,7.248636323070755,7.248636323070755,46.125000000000064
9.719999999999835,0,0,7.2512925619165856,7.2512925619165856,46.125000000000064
9.729999999999835,0,0,7.253950682190762,7.253950682190762,46.125000000000064
9.739999999999835,0,0,7.25661069419597,7.25661069419597,46.125000000000064
9.749999999999835,0,0,7.259272608283922,7.259272608283922,46.125000000000064
9.759999999999835,0,0,7.26193486597802,7.26193486597802,46.125000000000064
9.769999999999834,0,0,7.264594453354206,7.264594453354206,46.125000000000064
9.779999999999834,0,0,7.267253098146313,7.267253098146313,46.125000000000064
9.789999999999834,0,0,7.269913014329589,7.269913014329589,46.125000000000064
9.799999999999834,0,0,7.272546323769376,7.272546323769376,46.125000000000064
9.809999999999834,0,0,7.275180076646876,7.275180076646876,46.125000000000064
9.819999999999833,0,0,7.277815398284815,7.277815398284815,46.125000000000064
9.829999999999833,0,0,7.2804522942196,7.2804522942196,46.125000000000064
9.839999999999833,0,0,7.283090770003469,7.283090770003469,46.125000000000064
9.849999999999833,0,0,7.285600890281458,7.285600890281458,46.125000000000064
9.859999999999832,0,0,7.287998123606073,7.287998123606073,46.125000000000064
9.869999999999832,0,0,7.290397563162671,7.290397563162671,46.125000000000064
9.879999999999832,0,0,7.292800389662773,7.292800389662773,46.125000000000064
9.889999999999832,0,0,7.295206258378428,7.295206258378428,46.125000000000064
9.899999999999832,0,0,7.297614405181747,7.297614405181747,46.125000000000064
9.909999999999831,0,0,7.300028315885584,7.300028315885584,46.125000000000064
9.919999999999831,0,0,7.302444950336721,7.302444950336721,46.125000000000064
9.929999999999831,0,0,7.304863995427198,7.304863995427198,46.125000000000064
9.93999999999983,0,0,7.307285461722529,7.307285461722529,46.125000000000064
9.94999999999983,0,0,7.309899637190725,7.309899637190725,46.125000000000064
9.95999999999983,0,0,7.312524173091617,7.312524173091617,46.125000000000064
9.96999999999983,0,0,7.315150525301007,7.315150525301007,46.125000000000064
9.97999999999983,0,0,7.317778703501858,7.317778703501858,46.125000000000064
9.98999999999983,0,0,7.32040871742042,7.32040871742042,46.125000000000064
9.99999999999983,0,0,7.327977121548869,7.327977121548869,46.125000000000064
10.00999999999983,0,0,7.330606372042993,7.330606372042993,46.125000000000064
10.019999999999829,0,0,7.333237495978722,7.333237495978722,46.125000000000064
10.029999999999829,0,0,7.335870503190208,7.335870503190208,46.125000000000064
10.039999999999829,0,0,7.3385054035585,7.3385054035585,46.125000000000064
10.049999999999828,0,0,7.341142207011828,7.341142207011828,46.125000000000064
10.059999999999828,0,0,7.343780923526452,7.343780923526452,46.125000000000064
10.069999999999828,0,0,7.346421563127166,7.346421563127166,46.125000000000064
10.079999999999828,0,0,7.349064135887872,7.349064135887872,46.125000000000064
10.089999999999828,0,0,7.351706760308815,7.351706760308815,46.125000000000064
10.099999999999827,0,0,7.35434694254603,7.35434694254603,46.125000000000064
10.109999999999827,0,0,7.356988761694055,7.356988761694055,46.125000000000064
10.119999999999827,0,0,7.366826776004274,7.366826776004274,46.125000000000064
10.129999999999827,0,0,7.369262647978147,7.369262647978147,46.125000000000064
10.139999999999826,0,0,7.371671751350689,7.371671751350689,46.125000000000064
10.149999999999826,0,0,7.374083016006182,7.374083016006182,46.125000000000064
10.159999999999826,0,0,7.376496452497435,7.376496452497435,46.125000000000064
10.169999999999826,0,0,7.378912071444972,7.378912071444972,46.125000000000064
10.179999999999826,0,0,7.3813308941817155,7.3813308941817155,46.125000000000064
10.189999999999825,0,0,7.383728875917043,7.383728875917043,46.125000000000064
10.199999999999825,0,0,7.386127513920343,7.386127513920343,46.125000000000064
10.209999999999825,0,0,7.38855414749905,7.38855414749905,46.125000000000064
10.219999999999825,0,0,7.391137284848156,7.391137284848156,46.125000000000064
10.229999999999825,0,0,7.393721914262329,7.393721914262329,46.125000000000064
10.239999999999824,0,0,7.396308043877369,7.396308043877369,46.125000000000064
10.249999999999824,0,0,7.39889568187003,7.39889568187003,46.125000000000064
10.259999999999824,0,0,7.401484836459133,7.401484836459133,46.125000000000064
10.269999999999824,0,0,7.404075515906072,7.404075515906072,46.125000000000064
10.279999999999824,0,0,7.406667728515629,7.406667728515629,46.125000000000064
10.289999999999823,0,0,7.409261482636708,7.409261482636708,46.125000000000064
10.299999999999823,0,0,7.411856786663151,7.411856786663151,46.125000000000064
10.309999999999823,0,0,7.414452974337692,7.414452974337692,46.125000000000064
10.319999999999823,0,0,7.417050524663026,7.417050524663026,46.125000000000064
10.329999999999822,0,0,7.41964965063579,7.41964965063579,46.125000000000064
10.339999999999822,0,0,7.42225036083093,7.42225036083093,46.125000000000064
10.349999999999822,0,0,7.424852663872315,7.424852663872315,46.125000000000064
10.359999999999822,0,0,7.427456568433371,7.427456568433371,46.125000000000064
10.369999999999822,0,0,7.430062083238042,7.430062083238042,46.125000000000064
10.379999999999821,0,0,7.432669217061488,7.432669217061488,46.125000000000064
10.389999999999821,0,0,7.435277978731051,7.435277978731051,46.125000000000064
10.399999999999821,0,0,7.437888282044753,7.437888282044753,46.125000000000064
10.40999999999982,0,0,7.440499538400644,7.440499538400644,46.125000000000064
10.41999999999982,0,0,7.4431126950482,7.4431126950482,46.125000000000064
10.42999999999982,0,0,7.445727762079443,7.445727762079443,46.125000000000064
10.43999999999982,0,0,7.448340714787292,7.448340714787292,46.125000000000064
10.44999999999982,0,0,7.450954931782789,7.450954931782789,46.125000000000064
10.45999999999982,0,0,7.453322914271382,7.453322914271382,46.125000000000064
10.46999999999982,0,0,7.455694541817763,7.455694541817763,46.125000000000064
10.47999999999982,0,0,7.458068422600576,7.458068422600576,46.125000000000064
10.489999999999819,0,0,7.460444728833437,7.460444728833437,46.125000000000064
10.499999999999819,0,0,7.462824408511764,7.462824408511764,46.125000000000064
10.509999999999819,0,0,7.465206367339036,7.465206367339036,46.125000000000064
10.519999999999818,0,0,7.467575838917739,7.467575838917739,46.125000000000064
10.529999999999818,0,0,7.4699337387170885,7.4699337387170885,46.125000000000064
10.539999999999818,0,0,7.47231067510981,7.47231067510981,46.125000000000064
10.549999999999818,0,0,7.474876607710996,7.474876607710996,46.125000000000064
10.559999999999818,0,0,7.477444057344158,7.477444057344158,46.125000000000064
10.569999999999817,0,0,7.480013032028168,7.480013032028168,46.125000000000064
10.579999999999817,0,0,7.482583539823523,7.482583539823523,46.125000000000064
10.589999999999817,0,0,7.492159544826762,7.492159544826762,46.125000000000064
10.599999999999817,0,0,7.494747332873132,7.494747332873132,46.125000000000064
10.609999999999816,0,0,7.4973366272909345,7.4973366272909345,46.125000000000064
10.619999999999816,0,0,7.49992743805619,7.49992743805619,46.125000000000064
10.629999999999816,0,0,7.5001536197716945,7.5001536197716945,46.125000000000064
10.639999999999816,0,0,7.502730377316425,7.502730377316425,46.125000000000064
10.649999999999816,0,0,7.505308773022932,7.505308773022932,46.125000000000064
10.659999999999815,0,0,7.507888816810976,7.507888816810976,46.125000000000064
10.669999999999815,0,0,7.510470518643672,7.510470518643672,46.125000000000064
10.679999999999815,0,0,7.513053888527949,7.513053888527949,46.125000000000064
10.689999999999815,0,0,7.515638936516012,7.515638936516012,46.125000000000064
10.699999999999815,0,0,7.524994261493603,7.524994261493603,46.125000000000064
10.709999999999814,0,0,7.5275990534976955,7.5275990534976955,46.125000000000064
10.719999999999814,0,0,7.53020855266918,7.53020855266918,46.125000000000064
10.729999999999814,0,0,7.5327680996773125,7.5327680996773125,46.125000000000064
10.739999999999814,0,0,7.535120682233398,7.535120682233398,46.125000000000064
10.749999999999813,0,0,7.537475334148482,7.537475334148482,46.125000000000064
10.759999999999813,0,0,7.5398301156930785,7.5398301156930785,46.125000000000064
10.769999999999813,0,0,7.542173585766534,7.542173585766534,46.125000000000064
10.779999999999813,0,0,7.544511501067461,7.544511501067461,46.125000000000064
10.789999999999813,0,0,7.546851657475884,7.546851657475884,46.125000000000064
10.799999999999812,0,0,7.5491940636497645,7.5491940636497645,46.125000000000064
10.809999999999812,0,0,7.551634652147442,7.551634652147442,46.125000000000064
10.819999999999812,0,0,7.554120263462309,7.554120263462309,46.125000000000064
10.829999999999812,0,0,7.556663511596014,7.556663511596014,46.125000000000064
10.839999999999812,0,0,7.559208518449708,7.559208518449708,46.125000000000064
10.849999999999811,0,0,7.561765511044754,7.561765511044754,46.125000000000064
10.859999999999811,0,0,7.564324461784736,7.564324461784736,46.125000000000064
10.869999999999811,0,0,7.566884708881702,7.566884708881702,46.125000000000064
10.87999999999981,0,0,7.569446257988503,7.569446257988503,46.125000000000064
10.88999999999981,0,0,7.5720092355119135,7.5720092355119135,46.125000000000064
10.89999999999981,0,0,7.574573822325107,7.574573822325107,46.125000000000064
10.90999999999981,0,0,7.577140028291382,7.577140028291382,46.125000000000064
10.91999999999981,0,0,7.579707863316145,7.579707863316145,46.125000000000064
10.92999999999981,0,0,7.582277133709667,7.582277133709667,46.125000000000064
10.93999999999981,0,0,7.584827578254732,7.584827578254732,46.125000000000064
10.94999999999981,0,0,7.587370762898885,7.587370762898885,46.125000000000064
10.959999999999809,0,0,7.589915533758003,7.589915533758003,46.125000000000064
10.969999999999809,0,0,7.592461900454552,7.592461900454552,46.125000000000064
10.979999999999809,0,0,7.595009872652312,7.595009872652312,46.125000000000064
10.989999999999808,0,0,7.597559460057468,7.597559460057468,46.125000000000064
10.999999999999808,0,0,7.6001106724193335,7.6001106724193335,46.125000000000064
11.009999999999808,0,0,7.602663519531276,7.602663519531276,46.125000000000064
11.019999999999808,0,0,7.605218011231429,7.605218011231429,46.125000000000064
11.029999999999808,0,0,7.607774157403668,7.607774157403668,46.125000000000064
11.039999999999807,0,0,7.610333857079695,7.610333857079695,46.125000000000064
11.049999999999807,0,0,7.612901015792318,7.612901015792318,46.125000000000064
11.059999999999807,0,0,7.61544771016689,7.61544771016689,46.125000000000064
11.069999999999807,0,0,7.617764146857411,7.617764146857411,46.125000000000064
11.079999999999806,0,0,7.620082797634524,7.620082797634524,46.125000000000064
11.089999999999806,0,0,7.62240367080463,7.62240367080463,46.125000000000064
11.099999999999806,0,0,7.6247267747210685,7.6247267747210685,46.125000000000064
11.109999999999806,0,0,7.627052117784359,7.627052117784359,46.125000000000064
11.119999999999806,0,0,7.629379708443423,7.629379708443423,46.125000000000064
11.129999999999805,0,0,7.631709555195798,7.631709555195798,46.125000000000064
11.139999999999805,0,0,7.634041666588686,7.634041666588686,46.125000000000064
11.149999999999805,0,0,7.636516688838853,7.636516688838853,46.125000000000064
11.159999999999805,0,0,7.63905660036346,7.63905660036346,46.125000000000064
11.169999999999805,0,0,7.648068384797696,7.648068384797696,46.125000000000064
11.179999999999804,0,0,7.65061318252711,7.65061318252711,46.125000000000064
11.189999999999804,0,0,7.653159693612778,7.653159693612778,46.125000000000064
11.199999999999804,0,0,7.655707927165295,7.655707927165295,46.125000000000064
11.209999999999804,0,0,7.658257892320407,7.658257892320407,46.125000000000064
11.219999999999803,0,0,7.660808154724791,7.660808154724791,46.125000000000064
11.229999999999803,0,0,7.663367706036283,7.663367706036283,46.125000000000064
11.239999999999803,0,0,7.665918377259672,7.665918377259672,46.125000000000064
11.249999999999803,0,0,7.6663435436043414,7.6663435436043414,46.125000000000064
11.259999999999803,0,0,7.668895029838282,7.668895029838282,46.125000000000064
11.269999999999802,0,0,7.67761730804898,7.67761730804898,46.125000000000064
11.279999999999802,0,0,7.680185684204432,7.680185684204432,46.125000000000064
11.289999999999802,0,0,7.682755414721029,7.682755414721029,46.125000000000064
11.299999999999802,0,0,7.685326508290174,7.685326508290174,46.125000000000064
11.309999999999802,0,0,7.687899075257931,7.687899075257931,46.125000000000064
11.319999999999801,0,0,7.690478533819331,7.690478533819331,46.125000000000064
11.329999999999801,0,0,7.693057686068926,7.693057686068926,46.125000000000064
11.339999999999801,0,0,7.695606439220683,7.695606439220683,46.125000000000064
11.3499999999998,0,0,7.697913867745356,7.697913867745356,46.125000000000064
11.3599999999998,0,0,7.700189715325621,7.700189715325621,46.125000000000064
11.3699999999998,0,0,7.702467645188548,7.702467645188548,46.125000000000064
11.3799999999998,0,0,7.704747664613208,7.704747664613208,46.125000000000064
11.3899999999998,0,0,7.707117191475831,7.707117191475831,46.125000000000064
11.3999999999998,0,0,7.709537398827166,7.709537398827166,46.125000000000064
11.4099999999998,0,0,7.711959435839361,7.711959435839361,46.125000000000064
11.4199999999998,0,0,7.714383309854554,7.714383309854554,46.125000000000064
11.429999999999799,0,0,7.716809028262276,7.716809028262276,46.125000000000064
11.439999999999799,0,0,7.719236598500132,7.719236598500132,46.125000000000064
11.449999999999799,0,0,7.721666028054614,7.721666028054614,46.125000000000064
11.459999999999798,0,0,7.724119497778034,7.724119497778034,46.125000000000064
11.469999999999798,0,0,7.726609867305683,7.726609867305683,46.125000000000064
11.479999999999798,0,0,7.729101970515401,7.729101970515401,46.125000000000064
11.489999999999798,0,0,7.731595816018185,7.731595816018185,46.125000000000064
11.499999999999797,0,0,7.734091412450951,7.734091412450951,46.125000000000064
11.509999999999797,0,0,7.736588768477148,7.736588768477148,46.125000000000064
11.519999999999797,0,0,7.73908789278741,7.73908789278741,46.125000000000064
11.529999999999797,0,0,7.741588794100068,7.741588794100068,46.125000000000064
11.539999999999797,0,0,7.7440914811617745,7.7440914811617745,46.125000000000064
11.549999999999796,0,0,7.746595962747975,7.746595962747975,46.125000000000064
11.559999999999796,0,0,7.749101480332129,7.749101480332129,46.125000000000064
11.569999999999796,0,0,7.751610268522086,7.751610268522086,46.125000000000064
11.579999999999796,0,0,7.754129523879627,7.754129523879627,46.125000000000064
11.589999999999796,0,0,7.756650126855959,7.756650126855959,46.125000000000064
11.599999999999795,0,0,7.759172085718674,7.759172085718674,46.125000000000064
11.609999999999795,0,0,7.761695408784334,7.761695408784334,46.125000000000064
11.619999999999795,0,0,7.764220104419294,7.764220104419294,46.125000000000064
11.629999999999795,0,0,7.766747671884971,7.766747671884971,46.125000000000064
11.639999999999795,0,0,7.769277015035556,7.769277015035556,46.125000000000064
11.649999999999794,0,0,7.771812541683502,7.771812541683502,46.125000000000064
11.659999999999794,0,0,7.774338088221043,7.774338088221043,46.125000000000064
11.669999999999794,0,0,7.776851645985175,7.776851645985175,46.125000000000064
11.679999999999794,0,0,7.779168702104812,7.779168702104812,46.125000000000064
11.689999999999793,0,0,7.78143129576344,7.78143129576344,46.125000000000064
11.699999999999793,0,0,7.783696042701806,7.783696042701806,46.125000000000064
11.709999999999793,0,0,7.785962950644219,7.785962950644219,46.125000000000064
11.719999999999793,0,0,7.788232027359371,7.788232027359371,46.125000000000064
11.729999999999793,0,0,7.790578339394969,7.790578339394969,46.125000000000064
11.739999999999792,0,0,7.799054304040567,7.799054304040567,46.125000000000064
11.749999999999792,0,0,7.801476061166724,7.801476061166724,46.125000000000064
11.759999999999792,0,0,7.803899593254101,7.803899593254101,46.125000000000064
11.769999999999792,0,0,7.806324907602132,7.806324907602132,46.125000000000064
11.779999999999792,0,0,7.808776605189337,7.808776605189337,46.125000000000064
11.789999999999791,0,0,7.811260127268511,7.811260127268511,46.125000000000064
11.799999999999791,0,0,7.813745157075431,7.813745157075431,46.125000000000064
11.80999999999979,0,0,7.8162318176198085,7.8162318176198085,46.125000000000064
11.81999999999979,0,0,7.818708340388184,7.818708340388184,46.125000000000064
11.82999999999979,0,0,7.821176476331104,7.821176476331104,46.125000000000064
11.83999999999979,0,0,7.823646371605321,7.823646371605321,46.125000000000064
11.84999999999979,0,0,7.8261180346533195,7.8261180346533195,46.125000000000064
11.85999999999979,0,0,7.8285914739458065,7.8285914739458065,46.125000000000064
11.86999999999979,0,0,7.835023966316996,7.835023966316996,46.125000000000064
11.87999999999979,0,0,7.837521428714126,7.837521428714126,46.125000000000064
11.88999999999979,0,0,7.840019820089708,7.840019820089708,46.125000000000064
11.899999999999789,0,0,7.842518795030799,7.842518795030799,46.125000000000064
11.909999999999789,0,0,7.845019500874429,7.845019500874429,46.125000000000064
11.919999999999789,0,0,7.847526581773536,7.847526581773536,46.125000000000064
11.929999999999788,0,0,7.850029489887831,7.850029489887831,46.125000000000064
11.939999999999788,0,0,7.852521913984418,7.852521913984418,46.125000000000064
11.949999999999788,0,0,7.855016362599599,7.855016362599599,46.125000000000064
11.959999999999788,0,0,7.857351838628347,7.857351838628347,46.125000000000064
11.969999999999787,0,0,7.859618751025181,7.859618751025181,46.125000000000064
11.979999999999787,0,0,7.8619968651871375,7.8619968651871375,46.125000000000064
11.989999999999787,0,0,7.864386968021407,7.864386968021407,46.125000000000064
11.999999999999787,0,0,7.866778898878323,7.866778898878323,46.125000000000064
12.009999999999787,0,0,7.869172664863299,7.869172664863299,46.125000000000064
12.019999999999786,0,0,7.871568273129924,7.871568273129924,46.125000000000064
12.029999999999786,0,0,7.873965730880371,7.873965730880371,46.125000000000064
12.039999999999786,0,0,7.876365045366271,7.876365045366271,46.125000000000064
12.049999999999786,0,0,7.878766223889372,7.878766223889372,46.125000000000064
12.059999999999786,0,0,7.881169273802058,7.881169273802058,46.125000000000064
12.069999999999785,0,0,7.883574202508271,7.883574202508271,46.125000000000064
12.079999999999785,0,0,7.885955645682898,7.885955645682898,46.125000000000064
12.089999999999785,0,0,7.8883364646737135,7.8883364646737135,46.125000000000064
12.099999999999785,0,0,7.89073602846463,7.89073602846463,46.125000000000064
12.109999999999784,0,0,7.893173955332742,7.893173955332742,46.125000000000064
12.119999999999784,0,0,7.895613586261163,7.895613586261163,46.125000000000064
12.129999999999784,0,0,7.898054929406641,7.898054929406641,46.125000000000064
12.139999999999784,0,0,7.900497992951429,7.900497992951429,46.125000000000064
12.149999999999784,0,0,7.902942785103917,7.902942785103917,46.125000000000064
12.159999999999783,0,0,7.905389314099139,7.905389314099139,46.125000000000064
12.169999999999783,0,0,7.907837588199257,7.907837588199257,46.125000000000064
12.179999999999783,0,0,7.910286916746088,7.910286916746088,46.125000000000064
12.189999999999783,0,0,7.912737926050852,7.912737926050852,46.125000000000064
12.199999999999783,0,0,7.9151907059390965,7.9151907059390965,46.125000000000064
12.209999999999782,0,0,7.917646641239969,7.917646641239969,46.125000000000064
12.219999999999782,0,0,7.920104812490351,7.920104812490351,46.125000000000064
12.229999999999782,0,0,7.922564813349183,7.922564813349183,46.125000000000064
12.239999999999782,0,0,7.92502665217539,7.92502665217539,46.125000000000064
12.249999999999782,0,0,7.927490337359714,7.927490337359714,46.125000000000064
12.259999999999781,0,0,7.929961102003659,7.929961102003659,46.125000000000064
12.269999999999781,0,0,7.93243580801105,7.93243580801105,46.125000000000064
12.27999999999978,0,0,7.934912546342289,7.934912546342289,46.125000000000064
12.28999999999978,0,0,7.937373016006163,7.937373016006163,46.125000000000064
12.29999999999978,0,0,7.939603451847134,7.939603451847134,46.125000000000064
12.30999999999978,0,0,7.941841882609253,7.941841882609253,46.125000000000064
12.31999999999978,0,0,7.949745121288146,7.949745121288146,46.125000000000064
12.32999999999978,0,0,7.95212839184812,7.95212839184812,46.125000000000064
12.33999999999978,0,0,7.954515756109799,7.954515756109799,46.125000000000064
12.34999999999978,0,0,7.956904161231321,7.956904161231321,46.125000000000064
12.35999999999978,0,0,7.959293197641429,7.959293197641429,46.125000000000064
12.369999999999779,0,0,7.961683984105406,7.961683984105406,46.125000000000064
12.379999999999779,0,0,7.964076527883705,7.964076527883705,46.125000000000064
12.389999999999779,0,0,7.9664708362846,7.9664708362846,46.125000000000064
12.399999999999778,0,0,7.968853502216717,7.968853502216717,46.125000000000064
12.409999999999778,0,0,7.971231490496663,7.971231490496663,46.125000000000064
12.419999999999778,0,0,7.973618523001463,7.973618523001463,46.125000000000064
12.429999999999778,0,0,7.976055261183475,7.976055261183475,46.125000000000064
12.439999999999777,0,0,7.9784937699973995,7.9784937699973995,46.125000000000064
12.449999999999777,0,0,7.980926529570439,7.980926529570439,46.125000000000064
12.459999999999777,0,0,7.983340758137601,7.983340758137601,46.125000000000064
12.469999999999777,0,0,7.985756704126203,7.985756704126203,46.125000000000064
12.479999999999777,0,0,7.9919975835295105,7.9919975835295105,46.125000000000064
12.489999999999776,0,0,7.994445140738435,7.994445140738435,46.125000000000064
12.499999999999776,0,0,7.996883464981735,7.996883464981735,46.125000000000064
12.509999999999776,0,0,7.999313077825775,7.999313077825775,46.125000000000064
12.519999999999776,0,0,8.001737468255442,8.001737468255442,46.125000000000064
12.529999999999776,0,0,8.00416776167802,8.00416776167802,46.125000000000064
12.539999999999775,0,0,8.006599985358179,8.006599985358179,46.125000000000064
12.549999999999775,0,0,8.009034147909247,8.009034147909247,46.125000000000064
12.559999999999775,0,0,8.01157127267382,8.01157127267382,46.125000000000064
12.569999999999775,0,0,8.014159712397827,8.014159712397827,46.125000000000064
12.579999999999774,0,0,8.016556075732709,8.016556075732709,46.125000000000064
12.589999999999774,0,0,8.018859779140428,8.018859779140428,46.125000000000064
12.599999999999774,0,0,8.021165833954939,8.021165833954939,46.125000000000064
12.609999999999774,0,0,8.02347425345323,8.02347425345323,46.125000000000064
12.619999999999774,0,0,8.02578505101954,8.02578505101954,46.125000000000064
12.629999999999773,0,0,8.028098240146662,8.028098240146662,46.125000000000064
12.639999999999773,0,0,8.03041383443778,8.03041383443778,46.125000000000064
12.649999999999773,0,0,8.03273184760782,8.03273184760782,46.125000000000064
12.659999999999773,0,0,8.035064568674798,8.035064568674798,46.125000000000064
12.669999999999773,0,0,8.03741090683208,8.03741090683208,46.125000000000064
12.679999999999772,0,0,8.03975905460679,8.03975905460679,46.125000000000064
12.689999999999772,0,0,8.042109018840478,8.042109018840478,46.125000000000064
12.699999999999772,0,0,8.044460806423572,8.044460806423572,46.125000000000064
12.709999999999772,0,0,8.046814424295974,8.046814424295974,46.125000000000064
12.719999999999771,0,0,8.049169879447675,8.049169879447675,46.125000000000064
12.729999999999771,0,0,8.051527178919443,8.051527178919443,46.125000000000064
12.739999999999771,0,0,8.05388632980349,8.05388632980349,46.125000000000064
12.74999999999977,0,0,8.056291073573576,8.056291073573576,46.125000000000064
12.75999999999977,0,0,8.058708285785826,8.058708285785826,46.125000000000064
12.76999999999977,0,0,8.061127250472737,8.061127250472737,46.125000000000064
12.77999999999977,0,0,8.06354797587511,8.06354797587511,46.125000000000064
12.78999999999977,0,0,8.06597185739352,8.06597185739352,46.125000000000064
12.79999999999977,0,0,8.068376168411234,8.068376168411234,46.125000000000064
12.80999999999977,0,0,8.070775570438698,8.070775570438698,46.125000000000064
12.81999999999977,0,0,8.073176720686163,8.073176720686163,46.125000000000064
12.82999999999977,0,0,8.075579626951978,8.075579626951978,46.125000000000064
12.839999999999769,0,0,8.07798429706277,8.07798429706277,46.125000000000064
12.849999999999769,0,0,8.080390738873803,8.080390738873803,46.125000000000064
12.859999999999769,0,0,8.082800185915701,8.082800185915701,46.125000000000064
12.869999999999768,0,0,8.08521692329903,8.08521692329903,46.125000000000064
12.879999999999768,0,0,8.087635603575237,8.087635603575237,46.125000000000064
12.889999999999768,0,0,8.095843823804444,8.095843823804444,46.125000000000064
12.899999999999768,0,0,8.098136083115364,8.098136083115364,46.125000000000064
12.909999999999767,0,0,8.10042891603166,8.10042891603166,46.125000000000064
12.919999999999767,0,0,8.102721706422713,8.102721706422713,46.125000000000064
12.929999999999767,0,0,8.105016710530819,8.105016710530819,46.125000000000064
12.939999999999767,0,0,8.107313942024007,8.107313942024007,46.125000000000064
12.949999999999767,0,0,8.109613414170624,8.109613414170624,46.125000000000064
12.959999999999766,0,0,8.111915140343044,8.111915140343044,46.125000000000064
12.969999999999766,0,0,8.114219134019677,8.114219134019677,46.125000000000064
12.979999999999766,0,0,8.116507324688214,8.116507324688214,46.125000000000064
12.989999999999766,0,0,8.118796765302562,8.118796765302562,46.125000000000064
12.999999999999766,0,0,8.121088634714454,8.121088634714454,46.125000000000064
13.009999999999765,0,0,8.12340184475272,8.12340184475272,46.125000000000064
13.019999999999765,0,0,8.125723429049827,8.125723429049827,46.125000000000064
13.029999999999765,0,0,8.12804682275005,8.12804682275005,46.125000000000064
13.039999999999765,0,0,8.130372032567806,8.130372032567806,46.125000000000064
13.049999999999764,0,0,8.132699065267332,8.132699065267332,46.125000000000064
13.059999999999764,0,0,8.135027927663387,8.135027927663387,46.125000000000064
13.069999999999764,0,0,8.13738024628205,8.13738024628205,46.125000000000064
13.079999999999764,0,0,8.139766363845652,8.139766363845652,46.125000000000064
13.089999999999764,0,0,8.142154219800474,8.142154219800474,46.125000000000064
13.099999999999763,0,0,8.148145834144415,8.148145834144415,46.125000000000064
13.109999999999763,0,0,8.150534351004225,8.150534351004225,46.125000000000064
13.119999999999763,0,0,8.152924639286482,8.152924639286482,46.125000000000064
13.129999999999763,0,0,8.155322272020143,8.155322272020143,46.125000000000064
13.139999999999763,0,0,8.157722437262493,8.157722437262493,46.125000000000064
13.149999999999762,0,0,8.160232364074673,8.160232364074673,46.125000000000064
13.159999999999762,0,0,8.162784476558926,8.162784476558926,46.125000000000064
13.169999999999762,0,0,8.165338177931488,8.165338177931488,46.125000000000064
13.179999999999762,0,0,8.167893476834976,8.167893476834976,46.125000000000064
13.189999999999761,0,0,8.17045038195549,8.17045038195549,46.125000000000064
13.199999999999761,0,0,8.172914131249058,8.172914131249058,46.125000000000064
13.209999999999761,0,0,8.17517049082548,8.17517049082548,46.125000000000064
13.21999999999976,0,0,8.177417167825325,8.177417167825325,46.125000000000064
13.22999999999976,0,0,8.179666114620218,8.179666114620218,46.125000000000064
13.23999999999976,0,0,8.18191734361892,8.18191734361892,46.125000000000064
13.24999999999976,0,0,8.184170867330465,8.184170867330465,46.125000000000064
13.25999999999976,0,0,8.18642669836585,8.18642669836585,46.125000000000064
13.26999999999976,0,0,8.188684849439298,8.188684849439298,46.125000000000064
13.27999999999976,0,0,8.190945333369854,8.190945333369854,46.125000000000064
13.28999999999976,0,0,8.193208163082971,8.193208163082971,46.125000000000064
13.29999999999976,0,0,8.195473351611838,8.195473351611838,46.125000000000064
13.309999999999759,0,0,8.197740912098993,8.197740912098993,46.125000000000064
13.319999999999759,0,0,8.200010857797977,8.200010857797977,46.125000000000064
13.329999999999758,0,0,8.202283202074739,8.202283202074739,46.125000000000064
13.339999999999758,0,0,8.204566501845619,8.204566501845619,46.125000000000064
13.349999999999758,0,0,8.206869201966583,8.206869201966583,46.125000000000064
13.359999999999758,0,0,8.20917400834061,8.20917400834061,46.125000000000064
13.369999999999758,0,0,8.211481908808182,8.211481908808182,46.125000000000064
13.379999999999757,0,0,8.213791637972818,8.213791637972818,46.125000000000064
13.389999999999757,0,0,8.21610320242442,8.21610320242442,46.125000000000064
13.399999999999757,0,0,8.218463767126693,8.218463767126693,46.125000000000064
13.409999999999757,0,0,8.22083150014656,8.22083150014656,46.125000000000064
13.419999999999757,0,0,8.223200768034545,8.223200768034545,46.125000000000064
13.429999999999756,0,0,8.225571791271662,8.225571791271662,46.125000000000064
13.439999999999756,0,0,8.22794457760402,8.22794457760402,46.125000000000064
13.449999999999756,0,0,8.230319134808582,8.230319134808582,46.125000000000064
13.459999999999756,0,0,8.232695470693798,8.232695470693798,46.125000000000064
13.469999999999756,0,0,8.240555034600192,8.240555034600192,46.125000000000064
13.479999999999755,0,0,8.24309849223016,8.24309849223016,46.125000000000064
13.489999999999755,0,0,8.245643125270504,8.245643125270504,46.125000000000064
13.499999999999755,0,0,8.248189230080527,8.248189230080527,46.125000000000064
13.509999999999755,0,0,8.250592440160574,8.250592440160574,46.125000000000064
13.519999999999754,0,0,8.252848951951208,8.252848951951208,46.125000000000064
13.529999999999754,0,0,8.255107649494292,8.255107649494292,46.125000000000064
13.539999999999754,0,0,8.257368545369161,8.257368545369161,46.125000000000064
13.549999999999754,0,0,8.25962433657783,8.25962433657783,46.125000000000064
13.559999999999754,0,0,8.26187191080534,8.26187191080534,46.125000000000064
13.569999999999753,0,0,8.26412183712658,8.26412183712658,46.125000000000064
13.579999999999753,0,0,8.266374128312094,8.266374128312094,46.125000000000064
13.589999999999753,0,0,8.268602864743599,8.268602864743599,46.125000000000064
13.599999999999753,0,0,8.270832670241248,8.270832670241248,46.125000000000064
13.609999999999753,0,0,8.273064787612228,8.273064787612228,46.125000000000064
13.619999999999752,0,0,8.275299229448464,8.275299229448464,46.125000000000064
13.629999999999752,0,0,8.277536008448422,8.277536008448422,46.125000000000064
13.639999999999752,0,0,8.279775137418639,8.279775137418639,46.125000000000064
13.649999999999752,0,0,8.282016629275063,8.282016629275063,46.125000000000064
13.659999999999751,0,0,8.284260497044869,8.284260497044869,46.125000000000064
13.669999999999751,0,0,8.286506753867698,8.286506753867698,46.125000000000064
13.679999999999751,0,0,8.28875541299746,8.28875541299746,46.125000000000064
13.68999999999975,0,0,8.291020184675418,8.291020184675418,46.125000000000064
13.69999999999975,0,0,8.293300510909248,8.293300510909248,46.125000000000064
13.70999999999975,0,0,8.298995608814991,8.298995608814991,46.125000000000064
13.71999999999975,0,0,8.301319552586605,8.301319552586605,46.125000000000064
13.72999999999975,0,0,8.303618242777063,8.303618242777063,46.125000000000064
13.73999999999975,0,0,8.305987328792654,8.305987328792654,46.125000000000064
13.74999999999975,0,0,8.308427152505544,8.308427152505544,46.125000000000064
13.75999999999975,0,0,8.310868552973659,8.310868552973659,46.125000000000064
13.769999999999749,0,0,8.31331153804372,8.31331153804372,46.125000000000064
13.779999999999749,0,0,8.315756115603335,8.315756115603335,46.125000000000064
13.789999999999749,0,0,8.318202293581408,8.318202293581408,46.125000000000064
13.799999999999748,0,0,8.320650079948933,8.320650079948933,46.125000000000064
13.809999999999748,0,0,8.3230994827193,8.3230994827193,46.125000000000064
13.819999999999748,0,0,8.32555050994901,8.32555050994901,46.125000000000064
13.829999999999748,0,0,8.327918258896531,8.327918258896531,46.125000000000064
13.839999999999748,0,0,8.330092069898427,8.330092069898427,46.125000000000064
13.849999999999747,0,0,8.332268255296057,8.332268255296057,46.125000000000064
13.859999999999747,0,0,8.334446827059864,8.334446827059864,46.125000000000064
13.869999999999747,0,0,8.336627797264612,8.336627797264612,46.125000000000064
13.879999999999747,0,0,8.338811178090864,8.338811178090864,46.125000000000064
13.889999999999747,0,0,8.340996981826223,8.340996981826223,46.125000000000064
13.899999999999746,0,0,8.3431852208668,8.3431852208668,46.125000000000064
13.909999999999746,0,0,8.345376258795582,8.345376258795582,46.125000000000064
13.919999999999746,0,0,8.347563122701771,8.347563122701771,46.125000000000064
13.929999999999746,0,0,8.349732437066592,8.349732437066592,46.125000000000064
13.939999999999745,0,0,8.351904179979769,8.351904179979769,46.125000000000064
13.949999999999745,0,0,8.354078363555018,8.354078363555018,46.125000000000064
13.959999999999745,0,0,8.356255000014428,8.356255000014428,46.125000000000064
13.969999999999745,0,0,8.358434101690065,8.358434101690065,46.125000000000064
13.979999999999745,0,0,8.360615681025436,8.360615681025436,46.125000000000064
13.989999999999744,0,0,8.36279975057677,8.36279975057677,46.125000000000064
13.999999999999744,0,0,8.36967134844383,8.36967134844383,46.125000000000064
14.009999999999744,0,0,8.371867075045628,8.371867075045628,46.125000000000064
14.019999999999744,0,0,8.374065180223653,8.374065180223653,46.125000000000064
14.029999999999744,0,0,8.376265677179603,8.376265677179603,46.125000000000064
14.039999999999743,0,0,8.378520108572744,8.378520108572744,46.125000000000064
14.049999999999743,0,0,8.380954253450568,8.380954253450568,46.125000000000064
14.059999999999743,0,0,8.383388709803754,8.383388709803754,46.125000000000064
14.069999999999743,0,0,8.385824599419621,8.385824599419621,46.125000000000064
14.079999999999742,0,0,8.38824276865823,8.38824276865823,46.125000000000064
14.089999999999742,0,0,8.390658078949443,8.390658078949443,46.125000000000064
14.099999999999742,0,0,8.393074956391075,8.393074956391075,46.125000000000064
14.109999999999742,0,0,8.395493408696467,8.395493408696467,46.125000000000064
14.119999999999742,0,0,8.397913443619558,8.397913443619558,46.125000000000064
14.129999999999741,0,0,8.4003350689555,8.4003350689555,46.125000000000064
14.139999999999741,0,0,8.402758292541066,8.402758292541066,46.125000000000064
14.149999999999741,0,0,8.405051116334192,8.405051116334192,46.125000000000064
14.15999999999974,0,0,8.407197877925526,8.407197877925526,46.125000000000064
14.16999999999974,0,0,8.409346975634932,8.409346975634932,46.125000000000064
14.17999999999974,0,0,8.411498421055185,8.411498421055185,46.125000000000064
14.18999999999974,0,0,8.41365222588027,8.41365222588027,46.125000000000064
14.19999999999974,0,0,8.415808401906574,8.415808401906574,46.125000000000064
14.20999999999974,0,0,8.417966961034296,8.417966961034296,46.125000000000064
14.21999999999974,0,0,8.420127915268978,8.420127915268978,46.125000000000064
14.22999999999974,0,0,8.422291276722646,8.422291276722646,46.125000000000064
14.239999999999739,0,0,8.424457057615555,8.424457057615555,46.125000000000064
14.249999999999739,0,0,8.426625270277341,8.426625270277341,46.125000000000064
14.259999999999739,0,0,8.428795927148599,8.428795927148599,46.125000000000064
14.269999999999738,0,0,8.430969040782387,8.430969040782387,46.125000000000064
14.279999999999738,0,0,8.433134060828635,8.433134060828635,46.125000000000064
14.289999999999738,0,0,8.435283944814032,8.435283944814032,46.125000000000064
14.299999999999738,0,0,8.437436231297212,8.437436231297212,46.125000000000064
14.309999999999738,0,0,8.439590932635852,8.439590932635852,46.125000000000064
14.319999999999737,0,0,8.441749276746563,8.441749276746563,46.125000000000064
14.329999999999737,0,0,8.443910661023196,8.443910661023196,46.125000000000064
14.339999999999737,0,0,8.446074532140642,8.446074532140642,46.125000000000064
14.349999999999737,0,0,8.448240902717302,8.448240902717302,46.125000000000064
14.359999999999737,0,0,8.450412294185654,8.450412294185654,46.125000000000064
14.369999999999736,0,0,8.45261180805555,8.45261180805555,46.125000000000064
14.379999999999736,0,0,8.454828615987182,8.454828615987182,46.125000000000064
14.389999999999736,0,0,8.457082633132131,8.457082633132131,46.125000000000064
14.399999999999736,0,0,8.459338409854908,8.459338409854908,46.125000000000064
14.409999999999735,0,0,8.467106951755824,8.467106951755824,46.125000000000064
14.419999999999735,0,0,8.469520031208248,8.469520031208248,46.125000000000064
14.429999999999735,0,0,8.471934550300205,8.471934550300205,46.125000000000064
14.439999999999735,0,0,8.474350516747734,8.474350516747734,46.125000000000064
14.449999999999735,0,0,8.476767938304832,8.476767938304832,46.125000000000064
14.459999999999734,0,0,8.479186822763864,8.479186822763864,46.125000000000064
14.469999999999734,0,0,8.481459016012124,8.481459016012124,46.125000000000064
14.479999999999734,0,0,8.483590788150494,8.483590788150494,46.125000000000064
14.489999999999734,0,0,8.485712981554556,8.485712981554556,46.125000000000064
14.499999999999734,0,0,8.487837483888711,8.487837483888711,46.125000000000064
14.509999999999733,0,0,8.489964306473155,8.489964306473155,46.125000000000064
14.519999999999733,0,0,8.492093460727276,8.492093460727276,46.125000000000064
14.529999999999733,0,0,8.494224958171074,8.494224958171074,46.125000000000064
14.539999999999733,0,0,8.496358810426457,8.496358810426457,46.125000000000064
14.549999999999732,0,0,8.498495029218475,8.498495029218475,46.125000000000064
14.559999999999732,0,0,8.500633626376981,8.500633626376981,46.125000000000064
14.569999999999732,0,0,8.5027746138378,8.5027746138378,46.125000000000064
14.579999999999732,0,0,8.504918003644136,8.504918003644136,46.125000000000064
14.589999999999732,0,0,8.507063807948114,8.507063807948114,46.125000000000064
14.599999999999731,0,0,8.509212039012013,8.509212039012013,46.125000000000064
14.609999999999731,0,0,8.51136270920999,8.51136270920999,46.125000000000064
14.619999999999731,0,0,8.513515831029338,8.513515831029338,46.125000000000064
14.62999999999973,0,0,8.515671417072,8.515671417072,46.125000000000064
14.63999999999973,0,0,8.51781558188867,8.51781558188867,46.125000000000064
14.64999999999973,0,0,8.519947966827928,8.519947966827928,46.125000000000064
14.65999999999973,0,0,8.522082762000835,8.522082762000835,46.125000000000064
14.66999999999973,0,0,8.524219979815484,8.524219979815484,46.125000000000064
14.67999999999973,0,0,8.526359632794097,8.526359632794097,46.125000000000064
14.68999999999973,0,0,8.528501733574217,8.528501733574217,46.125000000000064
14.69999999999973,0,0,8.530646294910525,8.530646294910525,46.125000000000064
14.709999999999729,0,0,8.532822025167661,8.532822025167661,46.125000000000064
14.719999999999729,0,0,8.535142221488954,8.535142221488954,46.125000000000064
14.729999999999729,0,0,8.537514032445799,8.537514032445799,46.125000000000064
14.739999999999728,0,0,8.539887393557976,8.539887393557976,46.125000000000064
14.749999999999728,0,0,8.542262312119249,8.542262312119249,46.125000000000064
14.759999999999728,0,0,8.54463879546094,8.54463879546094,46.125000000000064
14.769999999999728,0,0,8.547016850952787,8.547016850952787,46.125000000000064
14.779999999999728,0,0,8.549396486003332,8.549396486003332,46.125000000000064
14.789999999999727,0,0,8.551777708060357,8.551777708060357,46.125000000000064
14.799999999999727,0,0,8.554160524611433,8.554160524611433,46.125000000000064
14.809999999999727,0,0,8.561241416181872,8.561241416181872,46.125000000000064
14.819999999999727,0,0,8.563358657298267,8.563358657298267,46.125000000000064
14.829999999999727,0,0,8.565478061244363,8.565478061244363,46.125000000000064
14.839999999999726,0,0,8.567599639251057,8.567599639251057,46.125000000000064
14.849999999999726,0,0,8.569723402643888,8.569723402643888,46.125000000000064
14.859999999999726,0,0,8.571849362844077,8.571849362844077,46.125000000000064
14.869999999999726,0,0,8.57397753136992,8.57397753136992,46.125000000000064
14.879999999999725,0,0,8.576105449959897,8.576105449959897,46.125000000000064
14.889999999999725,0,0,8.578219395344775,8.578219395344775,46.125000000000064
14.899999999999725,0,0,8.58033570120088,8.58033570120088,46.125000000000064
14.909999999999725,0,0,8.582454379286688,8.582454379286688,46.125000000000064
14.919999999999725,0,0,8.58457544146711,8.58457544146711,46.125000000000064
14.929999999999724,0,0,8.586698899715358,8.586698899715358,46.125000000000064
14.939999999999724,0,0,8.588824766114016,8.588824766114016,46.125000000000064
14.949999999999724,0,0,8.590953052856563,8.590953052856563,46.125000000000064
14.959999999999724,0,0,8.593083772248931,8.593083772248931,46.125000000000064
14.969999999999724,0,0,8.595216936710798,8.595216936710798,46.125000000000064
14.979999999999723,0,0,8.597352558777203,8.597352558777203,46.125000000000064
14.989999999999723,0,0,8.599490651099984,8.599490651099984,46.125000000000064
14.999999999999723,0,0,8.601613177409973,8.601613177409973,46.125000000000064
15.009999999999723,0,0,8.603728102084801,8.603728102084801,46.125000000000064
15.019999999999722,0,0,8.605845443304005,8.605845443304005,46.125000000000064
15.029999999999722,0,0,8.60801817722377,8.60801817722377,46.125000000000064
15.039999999999722,0,0,8.610367828792661,8.610367828792661,46.125000000000064
15.049999999999722,0,0,8.612716707207241,8.612716707207241,46.125000000000064
15.059999999999722,0,0,8.615060483029254,8.615060483029254,46.125000000000064
15.069999999999721,0,0,8.617405747131471,8.617405747131471,46.125000000000064
15.079999999999721,0,0,8.619752506753201,8.619752506753201,46.125000000000064
15.089999999999721,0,0,8.62210076917114,8.62210076917114,46.125000000000064
15.09999999999972,0,0,8.624450541699616,8.624450541699616,46.125000000000064
15.10999999999972,0,0,8.626801831691168,8.626801831691168,46.125000000000064
15.11999999999972,0,0,8.629154970516268,8.629154970516268,46.125000000000064
15.12999999999972,0,0,8.631511409971282,8.631511409971282,46.125000000000064
15.13999999999972,0,0,8.633839950398553,8.633839950398553,46.125000000000064
15.14999999999972,0,0,8.63592603239428,8.63592603239428,46.125000000000064
15.15999999999972,0,0,8.638013947189847,8.638013947189847,46.125000000000064
15.16999999999972,0,0,8.640103369634545,8.640103369634545,46.125000000000064
15.179999999999719,0,0,8.642195096326432,8.642195096326432,46.125000000000064
15.189999999999719,0,0,8.644289138219776,8.644289138219776,46.125000000000064
15.199999999999719,0,0,8.646385506365803,8.646385506365803,46.125000000000064
15.209999999999718,0,0,8.652830650125466,8.652830650125466,46.125000000000064
15.219999999999718,0,0,8.654937835835298,8.654937835835298,46.125000000000064
15.229999999999718,0,0,8.657047237805756,8.657047237805756,46.125000000000064
15.239999999999718,0,0,8.659158867665113,8.659158867665113,46.125000000000064
15.249999999999718,0,0,8.661272737143648,8.661272737143648,46.125000000000064
15.259999999999717,0,0,8.663388858074683,8.663388858074683,46.125000000000064
15.269999999999717,0,0,8.665507242396188,8.665507242396188,46.125000000000064
15.279999999999717,0,0,8.667626473418167,8.667626473418167,46.125000000000064
15.289999999999717,0,0,8.669731248834736,8.669731248834736,46.125000000000064
15.299999999999716,0,0,8.671838438998506,8.671838438998506,46.125000000000064
15.309999999999716,0,0,8.673948056138698,8.673948056138698,46.125000000000064
15.319999999999716,0,0,8.67606011259899,8.67606011259899,46.125000000000064
15.329999999999716,0,0,8.678174620838817,8.678174620838817,46.125000000000064
15.339999999999716,0,0,8.680291593434873,8.680291593434873,46.125000000000064
15.349999999999715,0,0,8.682499218012424,8.682499218012424,46.125000000000064
15.359999999999715,0,0,8.684824662304052,8.684824662304052,46.125000000000064
15.369999999999715,0,0,8.687146921975184,8.687146921975184,46.125000000000064
15.379999999999715,0,0,8.689470918518737,8.689470918518737,46.125000000000064
15.389999999999715,0,0,8.691796661482613,8.691796661482613,46.125000000000064
15.399999999999714,0,0,8.694116451818303,8.694116451818303,46.125000000000064
15.409999999999714,0,0,8.696435989357823,8.696435989357823,46.125000000000064
15.419999999999714,0,0,8.698757012507173,8.698757012507173,46.125000000000064
15.429999999999714,0,0,8.70107952840462,8.70107952840462,46.125000000000064
15.439999999999714,0,0,8.703403544225807,8.703403544225807,46.125000000000064
15.449999999999713,0,0,8.705729067184365,8.705729067184365,46.125000000000064
15.459999999999713,0,0,8.708056104532247,8.708056104532247,46.125000000000064
15.469999999999713,0,0,8.710161901807524,8.710161901807524,46.125000000000064
15.479999999999713,0,0,8.712220554378831,8.712220554378831,46.125000000000064
15.489999999999712,0,0,8.714281427500197,8.714281427500197,46.125000000000064
15.499999999999712,0,0,8.71634453185601,8.71634453185601,46.125000000000064
15.509999999999712,0,0,8.718409878223824,8.718409878223824,46.125000000000064
15.519999999999712,0,0,8.720477891757994,8.720477891757994,46.125000000000064
15.529999999999712,0,0,8.722549482215697,8.722549482215697,46.125000000000064
15.539999999999711,0,0,8.724623380175714,8.724623380175714,46.125000000000064
15.549999999999711,0,0,8.72669959660999,8.72669959660999,46.125000000000064
15.559999999999711,0,0,8.728778142589277,8.728778142589277,46.125000000000064
15.56999999999971,0,0,8.730859029284218,8.730859029284218,46.125000000000064
15.57999999999971,0,0,8.732942267966848,8.732942267966848,46.125000000000064
15.58999999999971,0,0,8.735027870011734,8.735027870011734,46.125000000000064
15.59999999999971,0,0,8.737115846897382,8.737115846897382,46.125000000000064
15.60999999999971,0,0,8.743412513684703,8.743412513684703,46.125000000000064
15.61999999999971,0,0,8.745511128995105,8.745511128995105,46.125000000000064
15.62999999999971,0,0,8.747612012195646,8.747612012195646,46.125000000000064
15.63999999999971,0,0,8.749715175357764,8.749715175357764,46.125000000000064
15.649999999999709,0,0,8.751820630662166,8.751820630662166,46.125000000000064
15.659999999999709,0,0,8.75392839040019,8.75392839040019,46.125000000000064
15.669999999999709,0,0,8.756129492102872,8.756129492102872,46.125000000000064
15.679999999999708,0,0,8.758465702144903,8.758465702144903,46.125000000000064
15.689999999999708,0,0,8.760787634158817,8.760787634158817,46.125000000000064
15.699999999999708,0,0,8.763111356098136,8.763111356098136,46.125000000000064
15.709999999999708,0,0,8.765436877891375,8.765436877891375,46.125000000000064
15.719999999999708,0,0,8.767737563681038,8.767737563681038,46.125000000000064
15.729999999999707,0,0,8.770039163376651,8.770039163376651,46.125000000000064
15.739999999999707,0,0,8.772339467012287,8.772339467012287,46.125000000000064
15.749999999999707,0,0,8.774634819332377,8.774634819332377,46.125000000000064
15.759999999999707,0,0,8.77693164458114,8.77693164458114,46.125000000000064
15.769999999999706,0,0,8.779229949766517,8.779229949766517,46.125000000000064
15.779999999999706,0,0,8.781529741933412,8.781529741933412,46.125000000000064
15.789999999999706,0,0,8.783715288560117,8.783715288560117,46.125000000000064
15.799999999999706,0,0,8.785747517959749,8.785747517959749,46.125000000000064
15.809999999999706,0,0,8.78778192815733,8.78778192815733,46.125000000000064
15.819999999999705,0,0,8.789818529476605,8.789818529476605,46.125000000000064
15.829999999999705,0,0,8.791857332331503,8.791857332331503,46.125000000000064
15.839999999999705,0,0,8.793898347226985,8.793898347226985,46.125000000000064
15.849999999999705,0,0,8.795941584760513,8.795941584760513,46.125000000000064
15.859999999999705,0,0,8.797987055623153,8.797987055623153,46.125000000000064
15.869999999999704,0,0,8.80003477060066,8.80003477060066,46.125000000000064
15.879999999999704,0,0,8.802084740574998,8.802084740574998,46.125000000000064
15.889999999999704,0,0,8.80413697652547,8.80413697652547,46.125000000000064
15.899999999999704,0,0,8.806191489529795,8.806191489529795,46.125000000000064
15.909999999999703,0,0,8.808248290765832,8.808248290765832,46.125000000000064
15.919999999999703,0,0,8.810308242666665,8.810308242666665,46.125000000000064
15.929999999999703,0,0,8.812371351865153,8.812371351865153,46.125000000000064
15.939999999999703,0,0,8.814436815063885,8.814436815063885,46.125000000000064
15.949999999999703,0,0,8.816504643661972,8.816504643661972,46.125000000000064
15.959999999999702,0,0,8.818574849163994,8.818574849163994,46.125000000000064
15.969999999999702,0,0,8.820647443181471,8.820647443181471,46.125000000000064
15.979999999999702,0,0,8.822722437434223,8.822722437434223,46.125000000000064
15.989999999999702,0,0,8.824799843751677,8.824799843751677,46.125000000000064
15.999999999999702,0,0,8.831216277244863,8.831216277244863,46.125000000000064
16.009999999999703,0,0,8.833532498445422,8.833532498445422,46.125000000000064
16.019999999999705,0,0,8.835850367888455,8.835850367888455,46.125000000000064
16.029999999999706,0,0,8.8381698953378,8.8381698953378,46.125000000000064
16.039999999999708,0,0,8.840491090623544,8.840491090623544,46.125000000000064
16.04999999999971,0,0,8.842813963642698,8.842813963642698,46.125000000000064
16.05999999999971,0,0,8.845138524360337,8.845138524360337,46.125000000000064
16.069999999999713,0,0,8.84746069876438,8.84746069876438,46.125000000000064
16.079999999999714,0,0,8.84974835303234,8.84974835303234,46.125000000000064
16.089999999999716,0,0,8.852021683418698,8.852021683418698,46.125000000000064
16.099999999999717,0,0,8.854294387662506,8.854294387662506,46.125000000000064
16.10999999999972,0,0,8.856568558390535,8.856568558390535,46.125000000000064
16.11999999999972,0,0,8.85859337078935,8.85859337078935,46.125000000000064
16.129999999999722,0,0,8.860601507763675,8.860601507763675,46.125000000000064
16.139999999999723,0,0,8.862611795901486,8.862611795901486,46.125000000000064
16.149999999999725,0,0,8.864624245260586,8.864624245260586,46.125000000000064
16.159999999999727,0,0,8.866638865986673,8.866638865986673,46.125000000000064
16.169999999999728,0,0,8.868655668314545,8.868655668314545,46.125000000000064
16.17999999999973,0,0,8.870674662569172,8.870674662569172,46.125000000000064
16.18999999999973,0,0,8.87269585916701,8.87269585916701,46.125000000000064
16.199999999999733,0,0,8.874719268616957,8.874719268616957,46.125000000000064
16.209999999999734,0,0,8.876744901521903,8.876744901521903,46.125000000000064
16.219999999999736,0,0,8.878772768579694,8.878772768579694,46.125000000000064
16.229999999999738,0,0,8.880802880584355,8.880802880584355,46.125000000000064
16.23999999999974,0,0,8.882835248427497,8.882835248427497,46.125000000000064
16.24999999999974,0,0,8.884869883099498,8.884869883099498,46.125000000000064
16.259999999999742,0,0,8.886906795690834,8.886906795690834,46.125000000000064
16.269999999999744,0,0,8.888945997393193,8.888945997393193,46.125000000000064
16.279999999999745,0,0,8.890987499500966,8.890987499500966,46.125000000000064
16.289999999999747,0,0,8.893031313412578,8.893031313412578,46.125000000000064
16.29999999999975,0,0,8.895077450631675,8.895077450631675,46.125000000000064
16.30999999999975,0,0,8.89712592276858,8.89712592276858,46.125000000000064
16.31999999999975,0,0,8.89917829540559,8.89917829540559,46.125000000000064
16.329999999999753,0,0,8.901233147007275,8.901233147007275,46.125000000000064
16.339999999999755,0,0,8.903290399685318,8.903290399685318,46.125000000000064
16.349999999999756,0,0,8.905350065298563,8.905350065298563,46.125000000000064
16.359999999999758,0,0,8.907596413514113,8.907596413514113,46.125000000000064
16.36999999999976,0,0,8.90986857093418,8.90986857093418,46.125000000000064
16.37999999999976,0,0,8.91212801383152,8.91212801383152,46.125000000000064
16.389999999999763,0,0,8.914389172359662,8.914389172359662,46.125000000000064
16.399999999999764,0,0,8.921621373139601,8.921621373139601,46.125000000000064
16.409999999999766,0,0,8.923923521353743,8.923923521353743,46.125000000000064
16.419999999999767,0,0,8.92622736037606,8.92622736037606,46.125000000000064
16.42999999999977,0,0,8.928518810723574,8.928518810723574,46.125000000000064
16.43999999999977,0,0,8.930712139973068,8.930712139973068,46.125000000000064
16.449999999999772,0,0,8.932712453346227,8.932712453346227,46.125000000000064
16.459999999999773,0,0,8.934714766628858,8.934714766628858,46.125000000000064
16.469999999999775,0,0,8.936716516982372,8.936716516982372,46.125000000000064
16.479999999999777,0,0,8.93870493462002,8.93870493462002,46.125000000000064
16.489999999999778,0,0,8.940695493044203,8.940695493044203,46.125000000000064
16.49999999999978,0,0,8.94268820222193,8.94268820222193,46.125000000000064
16.50999999999978,0,0,8.944683072208022,8.944683072208022,46.125000000000064
16.519999999999783,0,0,8.946680113146698,8.946680113146698,46.125000000000064
16.529999999999784,0,0,8.948679335272303,8.948679335272303,46.125000000000064
16.539999999999786,0,0,8.950680748910813,8.950680748910813,46.125000000000064
16.549999999999788,0,0,8.952684364480874,8.952684364480874,46.125000000000064
16.55999999999979,0,0,8.954690192495008,8.954690192495008,46.125000000000064
16.56999999999979,0,0,8.95669824356078,8.95669824356078,46.125000000000064
16.579999999999792,0,0,8.958708528382246,8.958708528382246,46.125000000000064
16.589999999999794,0,0,8.960721057760821,8.960721057760821,46.125000000000064
16.599999999999795,0,0,8.962735842596928,8.962735842596928,46.125000000000064
16.609999999999797,0,0,8.964752893890974,8.964752893890974,46.125000000000064
16.6199999999998,0,0,8.966772222744808,8.966772222744808,46.125000000000064
16.6299999999998,0,0,8.968793840362807,8.968793840362807,46.125000000000064
16.6399999999998,0,0,8.970817758053528,8.970817758053528,46.125000000000064
16.649999999999803,0,0,8.972843987230732,8.972843987230732,46.125000000000064
16.659999999999805,0,0,8.974872539414804,8.974872539414804,46.125000000000064
16.669999999999806,0,0,8.976903426234216,8.976903426234216,46.125000000000064
16.679999999999808,0,0,8.979042553947323,8.979042553947323,46.125000000000064
16.68999999999981,0,0,8.98129716778223,8.98129716778223,46.125000000000064
16.69999999999981,0,0,8.983553495101646,8.983553495101646,46.125000000000064
16.709999999999813,0,0,8.985812630498486,8.985812630498486,46.125000000000064
16.719999999999814,0,0,8.98807441085036,8.98807441085036,46.125000000000064
16.729999999999816,0,0,8.990321035875581,8.990321035875581,46.125000000000064
16.739999999999817,0,0,8.992559565306578,8.992559565306578,46.125000000000064
16.74999999999982,0,0,8.99479894188643,8.99479894188643,46.125000000000064
16.75999999999982,0,0,8.997031474646192,8.997031474646192,46.125000000000064
16.769999999999822,0,0,8.999265465137682,8.999265465137682,46.125000000000064
16.779999999999824,0,0,9.001500919937271,9.001500919937271,46.125000000000064
16.789999999999825,0,0,9.008011421430794,9.008011421430794,46.125000000000064
16.799999999999827,0,0,9.009992103060554,9.009992103060554,46.125000000000064
16.809999999999828,0,0,9.011974774788825,9.011974774788825,46.125000000000064
16.81999999999983,0,0,9.013959446394466,9.013959446394466,46.125000000000064
16.82999999999983,0,0,9.015946127738559,9.015946127738559,46.125000000000064
16.839999999999833,0,0,9.017934828765632,9.017934828765632,46.125000000000064
16.849999999999834,0,0,9.019925559504742,9.019925559504742,46.125000000000064
16.859999999999836,0,0,9.021918330070633,9.021918330070633,46.125000000000064
16.869999999999838,0,0,9.023898506366208,9.023898506366208,46.125000000000064
16.87999999999984,0,0,9.025877988890741,9.025877988890741,46.125000000000064
16.88999999999984,0,0,9.027859651016811,9.027859651016811,46.125000000000064
16.899999999999842,0,0,9.029843503070438,9.029843503070438,46.125000000000064
16.909999999999844,0,0,9.031829555471361,9.031829555471361,46.125000000000064
16.919999999999845,0,0,9.033816876835743,9.033816876835743,46.125000000000064
16.929999999999847,0,0,9.035806367906872,9.035806367906872,46.125000000000064
16.93999999999985,0,0,9.037798093197452,9.037798093197452,46.125000000000064
16.94999999999985,0,0,9.039792063510461,9.039792063510461,46.125000000000064
16.95999999999985,0,0,9.041788289748936,9.041788289748936,46.125000000000064
16.969999999999853,0,0,9.043786782917195,9.043786782917195,46.125000000000064
16.979999999999855,0,0,9.04578755412227,9.04578755412227,46.125000000000064
16.989999999999856,0,0,9.047790614574964,9.047790614574964,46.125000000000064
16.999999999999858,0,0,9.049798013759528,9.049798013759528,46.125000000000064
17.00999999999986,0,0,9.052023922705274,9.052023922705274,46.125000000000064
17.01999999999986,0,0,9.054251510423214,9.054251510423214,46.125000000000064
17.029999999999863,0,0,9.056480786026313,9.056480786026313,46.125000000000064
17.039999999999864,0,0,9.058711758691587,9.058711758691587,46.125000000000064
17.049999999999866,0,0,9.060944437661064,9.060944437661064,46.125000000000064
17.059999999999867,0,0,9.063178832242627,9.063178832242627,46.125000000000064
17.06999999999987,0,0,9.065414951810737,9.065414951810737,46.125000000000064
17.07999999999987,0,0,9.067652805807455,9.067652805807455,46.125000000000064
17.089999999999872,0,0,9.069870214866384,9.069870214866384,46.125000000000064
17.099999999999874,0,0,9.072081339850413,9.072081339850413,46.125000000000064
17.109999999999875,0,0,9.074289918342117,9.074289918342117,46.125000000000064
17.119999999999877,0,0,9.076499948320034,9.076499948320034,46.125000000000064
17.129999999999878,0,0,9.078577729793565,9.078577729793565,46.125000000000064
17.13999999999988,0,0,9.08052906493377,9.08052906493377,46.125000000000064
17.14999999999988,0,0,9.082482507959682,9.082482507959682,46.125000000000064
17.159999999999883,0,0,9.08443806827816,9.08443806827816,46.125000000000064
17.169999999999884,0,0,9.086395755378874,9.086395755378874,46.125000000000064
17.179999999999886,0,0,9.092346673609981,9.092346673609981,46.125000000000064
17.189999999999888,0,0,9.094314819174414,9.094314819174414,46.125000000000064
17.19999999999989,0,0,9.096284985029854,9.096284985029854,46.125000000000064
17.20999999999989,0,0,9.098257181185886,9.098257181185886,46.125000000000064
17.219999999999892,0,0,9.100231417738996,9.100231417738996,46.125000000000064
17.229999999999894,0,0,9.10220770487355,9.10220770487355,46.125000000000064
17.239999999999895,0,0,9.104186052863156,9.104186052863156,46.125000000000064
17.249999999999897,0,0,9.106166472071664,9.106166472071664,46.125000000000064
17.2599999999999,0,0,9.108135696357792,9.108135696357792,46.125000000000064
17.2699999999999,0,0,9.110103266326405,9.110103266326405,46.125000000000064
17.2799999999999,0,0,9.112073046399217,9.112073046399217,46.125000000000064
17.289999999999903,0,0,9.114045047185044,9.114045047185044,46.125000000000064
17.299999999999905,0,0,9.116019279391267,9.116019279391267,46.125000000000064
17.309999999999906,0,0,9.117995753825127,9.117995753825127,46.125000000000064
17.319999999999908,0,0,9.119974481394962,9.119974481394962,46.125000000000064
17.32999999999991,0,0,9.12204172512871,9.12204172512871,46.125000000000064
17.33999999999991,0,0,9.124241966737245,9.124241966737245,46.125000000000064
17.349999999999913,0,0,9.126443859559444,9.126443859559444,46.125000000000064
17.359999999999914,0,0,9.128647412475985,9.128647412475985,46.125000000000064
17.369999999999916,0,0,9.13085263442997,9.13085263442997,46.125000000000064
17.379999999999917,0,0,9.133059534427304,9.133059534427304,46.125000000000064
17.38999999999992,0,0,9.135268121538076,9.135268121538076,46.125000000000064
17.39999999999992,0,0,9.13747840489701,9.13747840489701,46.125000000000064
17.409999999999922,0,0,9.139690393704356,9.139690393704356,46.125000000000064
17.419999999999924,0,0,9.1419040972268,9.1419040972268,46.125000000000064
17.429999999999925,0,0,9.144119524798285,9.144119524798285,46.125000000000064
17.439999999999927,0,0,9.146335373023305,9.146335373023305,46.125000000000064
17.44999999999993,0,0,9.148520507400619,9.148520507400619,46.125000000000064
17.45999999999993,0,0,9.150563734626303,9.150563734626303,46.125000000000064
17.46999999999993,0,0,9.152489485741157,9.152489485741157,46.125000000000064
17.479999999999933,0,0,9.154417281725529,9.154417281725529,46.125000000000064
17.489999999999934,0,0,9.156347795595451,9.156347795595451,46.125000000000064
17.499999999999936,0,0,9.158281380638982,9.158281380638982,46.125000000000064
17.509999999999938,0,0,9.160217070214614,9.160217070214614,46.125000000000064
17.51999999999994,0,0,9.162154873714584,9.162154873714584,46.125000000000064
17.52999999999994,0,0,9.164094800614905,9.164094800614905,46.125000000000064
17.539999999999942,0,0,9.166036860476268,9.166036860476268,46.125000000000064
17.549999999999944,0,0,9.167981062945245,9.167981062945245,46.125000000000064
17.559999999999945,0,0,9.16992741775529,9.16992741775529,46.125000000000064
17.569999999999947,0,0,9.175759100021153,9.175759100021153,46.125000000000064
17.57999999999995,0,0,9.177715775732239,9.177715775732239,46.125000000000064
17.58999999999995,0,0,9.179674499551567,9.179674499551567,46.125000000000064
17.59999999999995,0,0,9.181635281740341,9.181635281740341,46.125000000000064
17.609999999999953,0,0,9.183598132650971,9.183598132650971,46.125000000000064
17.619999999999955,0,0,9.185563062728377,9.185563062728377,46.125000000000064
17.629999999999956,0,0,9.187530082511259,9.187530082511259,46.125000000000064
17.639999999999958,0,0,9.189499202633158,9.189499202633158,46.125000000000064
17.64999999999996,0,0,9.191455535100573,9.191455535100573,46.125000000000064
17.65999999999996,0,0,9.193555775330893,9.193555775330893,46.125000000000064
17.669999999999963,0,0,9.19573046526233,9.19573046526233,46.125000000000064
17.679999999999964,0,0,9.197906778641638,9.197906778641638,46.125000000000064
17.689999999999966,0,0,9.200084724120018,9.200084724120018,46.125000000000064
17.699999999999967,0,0,9.202264310408964,9.202264310408964,46.125000000000064
17.70999999999997,0,0,9.204445546281192,9.204445546281192,46.125000000000064
17.71999999999997,0,0,9.20662844057152,9.20662844057152,46.125000000000064
17.729999999999972,0,0,9.208813002177507,9.208813002177507,46.125000000000064
17.739999999999974,0,0,9.210999240060303,9.210999240060303,46.125000000000064
17.749999999999975,0,0,9.213187163245493,9.213187163245493,46.125000000000064
17.759999999999977,0,0,9.215376780823973,9.215376780823973,46.125000000000064
17.76999999999998,0,0,9.217568101952608,9.217568101952608,46.125000000000064
17.77999999999998,0,0,9.219761135855151,9.219761135855151,46.125000000000064
17.78999999999998,0,0,9.221832368187776,9.221832368187776,46.125000000000064
17.799999999999983,0,0,9.223755863108082,9.223755863108082,46.125000000000064
17.809999999999985,0,0,9.225659968650518,9.225659968650518,46.125000000000064
17.819999999999986,0,0,9.227566096517933,9.227566096517933,46.125000000000064
17.829999999999988,0,0,9.229474255850093,9.229474255850093,46.125000000000064
17.83999999999999,0,0,9.231384455866902,9.231384455866902,46.125000000000064
17.84999999999999,0,0,9.233296705869321,9.233296705869321,46.125000000000064
17.859999999999992,0,0,9.235211015240509,9.235211015240509,46.125000000000064
17.869999999999994,0,0,9.237127393446713,9.237127393446713,46.125000000000064
17.879999999999995,0,0,9.239046825973915,9.239046825973915,46.125000000000064
17.889999999999997,0,0,9.240969017941197,9.240969017941197,46.125000000000064
17.9,0,0,9.242893338400194,9.242893338400194,46.125000000000064
17.91,0,0,9.244819796983862,9.244819796983862,46.125000000000064
17.92,0,0,9.246748403412766,9.246748403412766,46.125000000000064
17.930000000000003,0,0,9.24867916749649,9.24867916749649,46.125000000000064
17.940000000000005,0,0,9.2506120991345,9.2506120991345,46.125000000000064
17.950000000000006,0,0,9.252547208317367,9.252547208317367,46.125000000000064
17.960000000000008,0,0,9.258266628739761,9.258266628739761,46.125000000000064
17.97000000000001,0,0,9.260211908368916,9.260211908368916,46.125000000000064
17.98000000000001,0,0,9.262159263573906,9.262159263573906,46.125000000000064
17.990000000000013,0,0,9.264267523926307,9.264267523926307,46.125000000000064
18.000000000000014,0,0,9.26643749207436,9.26643749207436,46.125000000000064
18.010000000000016,0,0,9.268608955495452,9.268608955495452,46.125000000000064
18.020000000000017,0,0,9.270781922746934,9.270781922746934,46.125000000000064
18.03000000000002,0,0,9.272952882771165,9.272952882771165,46.125000000000064
18.04000000000002,0,0,9.275108572220915,9.275108572220915,46.125000000000064
18.050000000000022,0,0,9.277265891231721,9.277265891231721,46.125000000000064
18.060000000000024,0,0,9.279424848466775,9.279424848466775,46.125000000000064
18.070000000000025,0,0,9.281585452650916,9.281585452650916,46.125000000000064
18.080000000000027,0,0,9.283747712571454,9.283747712571454,46.125000000000064
18.09000000000003,0,0,9.285911637078897,9.285911637078897,46.125000000000064
18.10000000000003,0,0,9.28807723508784,9.28807723508784,46.125000000000064
18.11000000000003,0,0,9.290244515577712,9.290244515577712,46.125000000000064
18.120000000000033,0,0,9.292338422925297,9.292338422925297,46.125000000000064
18.130000000000035,0,0,9.294247438109466,9.294247438109466,46.125000000000064
18.140000000000036,0,0,9.296158525932725,9.296158525932725,46.125000000000064
18.150000000000038,0,0,9.298071695613046,9.298071695613046,46.125000000000064
18.16000000000004,0,0,9.299973905567086,9.299973905567086,46.125000000000064
18.17000000000004,0,0,9.301860446690412,9.301860446690412,46.125000000000064
18.180000000000042,0,0,9.303749004976225,9.303749004976225,46.125000000000064
18.190000000000044,0,0,9.305639589539751,9.305639589539751,46.125000000000064
18.200000000000045,0,0,9.307532209577005,9.307532209577005,46.125000000000064
18.210000000000047,0,0,9.309426874365812,9.309426874365812,46.125000000000064
18.22000000000005,0,0,9.311323593266806,9.311323593266806,46.125000000000064
18.23000000000005,0,0,9.313222375724635,9.313222375724635,46.125000000000064
18.24000000000005,0,0,9.3151232312688,9.3151232312688,46.125000000000064
18.250000000000053,0,0,9.31702616951489,9.31702616951489,46.125000000000064
18.260000000000055,0,0,9.318931200165665,9.318931200165665,46.125000000000064
18.270000000000056,0,0,9.32083987936663,9.32083987936663,46.125000000000064
18.280000000000058,0,0,9.322750754008439,9.322750754008439,46.125000000000064
18.29000000000006,0,0,9.324663780753653,9.324663780753653,46.125000000000064
18.30000000000006,0,0,9.32657896948787,9.32657896948787,46.125000000000064
18.310000000000063,0,0,9.328496330188585,9.328496330188585,46.125000000000064
18.320000000000064,0,0,9.33041587292631,9.33041587292631,46.125000000000064
18.330000000000066,0,0,9.332337607865554,9.332337607865554,46.125000000000064
18.340000000000067,0,0,9.338517876703676,9.338517876703676,46.125000000000064
18.35000000000007,0,0,9.340665700977851,9.340665700977851,46.125000000000064
18.36000000000007,0,0,9.342815009874826,9.342815009874826,46.125000000000064
18.370000000000072,0,0,9.344965811840169,9.344965811840169,46.125000000000064
18.380000000000074,0,0,9.347118115375821,9.347118115375821,46.125000000000064
18.390000000000075,0,0,9.34927192904091,9.34927192904091,46.125000000000064
18.400000000000077,0,0,9.351427261452287,9.351427261452287,46.125000000000064
18.41000000000008,0,0,9.353584121285493,9.353584121285493,46.125000000000064
18.42000000000008,0,0,9.355730122737981,9.355730122737981,46.125000000000064
18.43000000000008,0,0,9.35787011750024,9.35787011750024,46.125000000000064
18.440000000000083,0,0,9.360011764340172,9.360011764340172,46.125000000000064
18.450000000000085,0,0,9.362155072059366,9.362155072059366,46.125000000000064
18.460000000000086,0,0,9.364041375223323,9.364041375223323,46.125000000000064
18.470000000000088,0,0,9.36592863642231,9.36592863642231,46.125000000000064
18.48000000000009,0,0,9.367817945302107,9.367817945302107,46.125000000000064
18.49000000000009,0,0,9.369709310892887,9.369709310892887,46.125000000000064
18.500000000000092,0,0,9.371602742302557,9.371602742302557,46.125000000000064
18.510000000000094,0,0,9.373498248717723,9.373498248717723,46.125000000000064
18.520000000000095,0,0,9.375378596528478,9.375378596528478,46.125000000000064
18.530000000000097,0,0,9.377247587577784,9.377247587577784,46.125000000000064
18.5400000000001,0,0,9.379118589642786,9.379118589642786,46.125000000000064
18.5500000000001,0,0,9.380991611812249,9.380991611812249,46.125000000000064
18.5600000000001,0,0,9.382866663256294,9.382866663256294,46.125000000000064
18.570000000000103,0,0,9.384743753227426,9.384743753227426,46.125000000000064
18.580000000000105,0,0,9.386622891061734,9.386622891061734,46.125000000000064
18.590000000000106,0,0,9.388504086179665,9.388504086179665,46.125000000000064
18.600000000000108,0,0,9.390387348087373,9.390387348087373,46.125000000000064
18.61000000000011,0,0,9.392272686377552,9.392272686377552,46.125000000000064
18.62000000000011,0,0,9.394160110730738,9.394160110730738,46.125000000000064
18.630000000000113,0,0,9.39604963091628,9.39604963091628,46.125000000000064
18.640000000000114,0,0,9.397941256793487,9.397941256793487,46.125000000000064
18.650000000000116,0,0,9.39983577613738,9.39983577613738,46.125000000000064
18.660000000000117,0,0,9.401733231770606,9.401733231770606,46.125000000000064
18.67000000000012,0,0,9.40363285277573,9.40363285277573,46.125000000000064
18.68000000000012,0,0,9.40553464920751,9.40553464920751,46.125000000000064
18.690000000000122,0,0,9.407530879516415,9.407530879516415,46.125000000000064
18.700000000000124,0,0,9.409645944878278,9.409645944878278,46.125000000000064
18.710000000000125,0,0,9.411762614940102,9.411762614940102,46.125000000000064
18.720000000000127,0,0,9.413880897905386,9.413880897905386,46.125000000000064
18.73000000000013,0,0,9.420478018070355,9.420478018070355,46.125000000000064
18.74000000000013,0,0,9.422609677071407,9.422609677071407,46.125000000000064
18.75000000000013,0,0,9.42474284292129,9.42474284292129,46.125000000000064
18.760000000000133,0,0,9.426877524180753,9.426877524180753,46.125000000000064
18.770000000000135,0,0,9.429013729469375,9.429013729469375,46.125000000000064
18.780000000000136,0,0,9.431151467466407,9.431151467466407,46.125000000000064
18.790000000000138,0,0,9.43314016004804,9.43314016004804,46.125000000000064
18.80000000000014,0,0,9.435016135180334,9.435016135180334,46.125000000000064
18.81000000000014,0,0,9.436881716712122,9.436881716712122,46.125000000000064
18.820000000000142,0,0,9.438749320472667,9.438749320472667,46.125000000000064
18.830000000000144,0,0,9.44061895530433,9.44061895530433,46.125000000000064
18.840000000000146,0,0,9.442490630125647,9.442490630125647,46.125000000000064
18.850000000000147,0,0,9.444364353932457,9.444364353932457,46.125000000000064
18.86000000000015,0,0,9.446240135798888,9.446240135798888,46.125000000000064
18.87000000000015,0,0,9.448117984878053,9.448117984878053,46.125000000000064
18.88000000000015,0,0,9.449975950330199,9.449975950330199,46.125000000000064
18.890000000000153,0,0,9.451827401563406,9.451827401563406,46.125000000000064
18.900000000000155,0,0,9.453680856716815,9.453680856716815,46.125000000000064
18.910000000000156,0,0,9.4555363248504,9.4555363248504,46.125000000000064
18.920000000000158,0,0,9.457393815105974,9.457393815105974,46.125000000000064
18.93000000000016,0,0,9.459252753996125,9.459252753996125,46.125000000000064
18.94000000000016,0,0,9.461113541059731,9.461113541059731,46.125000000000064
18.950000000000163,0,0,9.462976380013359,9.462976380013359,46.125000000000064
18.960000000000164,0,0,9.464841280333886,9.464841280333886,46.125000000000064
18.970000000000166,0,0,9.466708251585416,9.466708251585416,46.125000000000064
18.980000000000167,0,0,9.46857730342036,9.46857730342036,46.125000000000064
18.99000000000017,0,0,9.47044844558053,9.47044844558053,46.125000000000064
19.00000000000017,0,0,9.472321687898159,9.472321687898159,46.125000000000064
19.010000000000172,0,0,9.474197040297085,9.474197040297085,46.125000000000064
19.020000000000174,0,0,9.476113967730484,9.476113967730484,46.125000000000064
19.030000000000175,0,0,9.478201123256696,9.478201123256696,46.125000000000064
19.040000000000177,0,0,9.480291338473222,9.480291338473222,46.125000000000064
19.05000000000018,0,0,9.482383139236873,9.482383139236873,46.125000000000064
19.06000000000018,0,0,9.484476533577734,9.484476533577734,46.125000000000064
19.07000000000018,0,0,9.48657152958242,9.48657152958242,46.125000000000064
19.080000000000183,0,0,9.488668135394747,9.488668135394747,46.125000000000064
19.090000000000185,0,0,9.49076635921648,9.49076635921648,46.125000000000064
19.100000000000186,0,0,9.492866209308175,9.492866209308175,46.125000000000064
19.110000000000188,0,0,9.49935933113639,9.49935933113639,46.125000000000064
19.12000000000019,0,0,9.501472534974184,9.501472534974184,46.125000000000064
19.13000000000019,0,0,9.503331615018098,9.503331615018098,46.125000000000064
19.140000000000192,0,0,9.505189098806753,9.505189098806753,46.125000000000064
19.150000000000194,0,0,9.507048469683568,9.507048469683568,46.125000000000064
19.160000000000196,0,0,9.508909736354084,9.508909736354084,46.125000000000064
19.170000000000197,0,0,9.510772907595864,9.510772907595864,46.125000000000064
19.1800000000002,0,0,9.512637186553391,9.512637186553391,46.125000000000064
19.1900000000002,0,0,9.51448848492619,9.51448848492619,46.125000000000064
19.200000000000202,0,0,9.516341816539878,9.516341816539878,46.125000000000064
19.210000000000203,0,0,9.5181971903516,9.5181971903516,46.125000000000064
19.220000000000205,0,0,9.520054615397157,9.520054615397157,46.125000000000064
19.230000000000206,0,0,9.521913001944512,9.521913001944512,46.125000000000064
19.240000000000208,0,0,9.523747885757388,9.523747885757388,46.125000000000064
19.25000000000021,0,0,9.52558107848354,9.52558107848354,46.125000000000064
19.26000000000021,0,0,9.527416268908055,9.527416268908055,46.125000000000064
19.270000000000213,0,0,9.529253466056858,9.529253466056858,46.125000000000064
19.280000000000214,0,0,9.531092679038082,9.531092679038082,46.125000000000064
19.290000000000216,0,0,9.532933917043295,9.532933917043295,46.125000000000064
19.300000000000217,0,0,9.534777189348446,9.534777189348446,46.125000000000064
19.31000000000022,0,0,9.536622505314952,9.536622505314952,46.125000000000064
19.32000000000022,0,0,9.538469874390728,9.538469874390728,46.125000000000064
19.330000000000222,0,0,9.540319306111229,9.540319306111229,46.125000000000064
19.340000000000224,0,0,9.542170810100686,9.542170810100686,46.125000000000064
19.350000000000225,0,0,9.544024396073041,9.544024396073041,46.125000000000064
19.360000000000227,0,0,9.54604634438141,9.54604634438141,46.125000000000064
19.37000000000023,0,0,9.548109496683338,9.548109496683338,46.125000000000064
19.38000000000023,0,0,9.550174166168546,9.550174166168546,46.125000000000064
19.39000000000023,0,0,9.552240360752151,9.552240360752151,46.125000000000064
19.400000000000233,0,0,9.554308088404284,9.554308088404284,46.125000000000064
19.410000000000235,0,0,9.556377622364238,9.556377622364238,46.125000000000064
19.420000000000236,0,0,9.558450339296186,9.558450339296186,46.125000000000064
19.430000000000238,0,0,9.560524652004958,9.560524652004958,46.125000000000064
19.44000000000024,0,0,9.562600568577281,9.562600568577281,46.125000000000064
19.45000000000024,0,0,9.564678097158193,9.564678097158193,46.125000000000064
19.460000000000242,0,0,9.56675724595145,9.56675724595145,46.125000000000064
19.470000000000244,0,0,9.568838023220579,9.568838023220579,46.125000000000064
19.480000000000246,0,0,9.57092043728936,9.57092043728936,46.125000000000064
19.490000000000247,0,0,9.576475298229752,9.576475298229752,46.125000000000064
19.50000000000025,0,0,9.578315169020456,9.578315169020456,46.125000000000064
19.51000000000025,0,0,9.580156918809209,9.580156918809209,46.125000000000064
19.520000000000252,0,0,9.58200055625531,9.58200055625531,46.125000000000064
19.530000000000253,0,0,9.583846090090375,9.583846090090375,46.125000000000064
19.540000000000255,0,0,9.585693529119325,9.585693529119325,46.125000000000064
19.550000000000257,0,0,9.587542882221129,9.587542882221129,46.125000000000064
19.560000000000258,0,0,9.589393278441435,9.589393278441435,46.125000000000064
19.57000000000026,0,0,9.591231073950524,9.591231073950524,46.125000000000064
19.58000000000026,0,0,9.59307091110071,9.59307091110071,46.125000000000064
19.590000000000263,0,0,9.594905344800083,9.594905344800083,46.125000000000064
19.600000000000264,0,0,9.596722691469765,9.596722691469765,46.125000000000064
19.610000000000266,0,0,9.598538412123318,9.598538412123318,46.125000000000064
19.620000000000267,0,0,9.600356121520207,9.600356121520207,46.125000000000064
19.63000000000027,0,0,9.602175828652179,9.602175828652179,46.125000000000064
19.64000000000027,0,0,9.603997542593618,9.603997542593618,46.125000000000064
19.650000000000272,0,0,9.605821272502581,9.605821272502581,46.125000000000064
19.660000000000274,0,0,9.607647027621823,9.607647027621823,46.125000000000064
19.670000000000275,0,0,9.60947481727986,9.60947481727986,46.125000000000064
19.680000000000277,0,0,9.611304650892038,9.611304650892038,46.125000000000064
19.69000000000028,0,0,9.613198313006947,9.613198313006947,46.125000000000064
19.70000000000028,0,0,9.615236459318623,9.615236459318623,46.125000000000064
19.71000000000028,0,0,9.617276093324364,9.617276093324364,46.125000000000064
19.720000000000283,0,0,9.619317222715992,9.619317222715992,46.125000000000064
19.730000000000285,0,0,9.621359855238623,9.621359855238623,46.125000000000064
19.740000000000286,0,0,9.62340399869126,9.62340399869126,46.125000000000064
19.750000000000288,0,0,9.625449660927302,9.625449660927302,46.125000000000064
19.76000000000029,0,0,9.627496849855518,9.627496849855518,46.125000000000064
19.77000000000029,0,0,9.629545573440481,9.629545573440481,46.125000000000064
19.780000000000292,0,0,9.63159583970345,9.63159583970345,46.125000000000064
19.790000000000294,0,0,9.633648085503253,9.633648085503253,46.125000000000064
19.800000000000296,0,0,9.63570334399239,9.63570334399239,46.125000000000064
19.810000000000297,0,0,9.637760207629341,9.637760207629341,46.125000000000064
19.8200000000003,0,0,9.639818684559089,9.639818684559089,46.125000000000064
19.8300000000003,0,0,9.64178922841026,9.64178922841026,46.125000000000064
19.840000000000302,0,0,9.64360196121892,9.64360196121892,46.125000000000064
19.850000000000303,0,0,9.64541667397927,9.64541667397927,46.125000000000064
19.860000000000305,0,0,9.647233374991174,9.647233374991174,46.125000000000064
19.870000000000307,0,0,9.652480726316725,9.652480726316725,46.125000000000064
19.880000000000308,0,0,9.65430673361945,9.65430673361945,46.125000000000064
19.89000000000031,0,0,9.656134628272866,9.656134628272866,46.125000000000064
19.90000000000031,0,0,9.657964419034002,9.657964419034002,46.125000000000064
19.910000000000313,0,0,9.659796114734164,9.659796114734164,46.125000000000064
19.920000000000314,0,0,9.661629724280303,9.661629724280303,46.125000000000064
19.930000000000316,0,0,9.663465256655456,9.663465256655456,46.125000000000064
19.940000000000317,0,0,9.66529937068475,9.66529937068475,46.125000000000064
19.95000000000032,0,0,9.667109625218131,9.667109625218131,46.125000000000064
19.96000000000032,0,0,9.66890930770144,9.66890930770144,46.125000000000064
19.970000000000322,0,0,9.670707555899142,9.670707555899142,46.125000000000064
19.980000000000324,0,0,9.672507783035996,9.672507783035996,46.125000000000064
19.990000000000325,0,0,9.674309998066363,9.674309998066363,46.125000000000064
20.000000000000327,0,0,9.67611421002725,9.67611421002725,46.125000000000064
20.01000000000033,0,0,9.677920428039656,9.677920428039656,46.125000000000064
20.02000000000033,0,0,9.679728661309554,9.679728661309554,46.125000000000064
20.03000000000033,0,0,9.681675505425105,9.681675505425105,46.125000000000064
20.040000000000333,0,0,9.683690241297981,9.683690241297981,46.125000000000064
20.050000000000335,0,0,9.685706442878214,9.685706442878214,46.125000000000064
20.060000000000336,0,0,9.687724117689314,9.687724117689314,46.125000000000064
20.070000000000338,0,0,9.689743273307059,9.689743273307059,46.125000000000064
20.08000000000034,0,0,9.69176391735968,9.69176391735968,46.125000000000064
20.09000000000034,0,0,9.693786057528627,9.693786057528627,46.125000000000064
20.100000000000342,0,0,9.695809701549464,9.695809701549464,46.125000000000064
20.110000000000344,0,0,9.6978348572122,9.6978348572122,46.125000000000064
20.120000000000346,0,0,9.699861532362235,9.699861532362235,46.125000000000064
20.130000000000347,0,0,9.70188973490096,9.70188973490096,46.125000000000064
20.14000000000035,0,0,9.703919472786424,9.703919472786424,46.125000000000064
20.15000000000035,0,0,9.705950754034049,9.705950754034049,46.125000000000064
20.160000000000352,0,0,9.707983586717447,9.707983586717447,46.125000000000064
20.170000000000353,0,0,9.70990185175856,9.70990185175856,46.125000000000064
20.180000000000355,0,0,9.711692957867356,9.711692957867356,46.125000000000064
20.190000000000357,0,0,9.713486017062849,9.713486017062849,46.125000000000064
20.200000000000358,0,0,9.715281037456833,9.715281037456833,46.125000000000064
20.21000000000036,0,0,9.717078027231338,9.717078027231338,46.125000000000064
20.22000000000036,0,0,9.718876994639459,9.718876994639459,46.125000000000064
20.230000000000363,0,0,9.720677948006212,9.720677948006212,46.125000000000064
20.240000000000364,0,0,9.725833614674087,9.725833614674087,46.125000000000064
20.250000000000366,0,0,9.727643866676004,9.727643866676004,46.125000000000064
20.260000000000367,0,0,9.729456004870372,9.729456004870372,46.125000000000064
20.27000000000037,0,0,9.73127003803826,9.73127003803826,46.125000000000064
20.28000000000037,0,0,9.733085975036403,9.733085975036403,46.125000000000064
20.290000000000372,0,0,9.734903824797954,9.734903824797954,46.125000000000064
20.300000000000374,0,0,9.736723596333576,9.736723596333576,46.125000000000064
20.310000000000375,0,0,9.738524199439098,9.738524199439098,46.125000000000064
20.320000000000377,0,0,9.740313260631183,9.740313260631183,46.125000000000064
20.33000000000038,0,0,9.742094034067819,9.742094034067819,46.125000000000064
20.34000000000038,0,0,9.743876775817341,9.743876775817341,46.125000000000064
20.35000000000038,0,0,9.745661494792955,9.745661494792955,46.125000000000064
20.360000000000383,0,0,9.747448199990771,9.747448199990771,46.125000000000064
20.370000000000385,0,0,9.749422136307103,9.749422136307103,46.125000000000064
20.380000000000386,0,0,9.751413550381784,9.751413550381784,46.125000000000064
20.390000000000388,0,0,9.753406407851799,9.753406407851799,46.125000000000064
20.40000000000039,0,0,9.755400716073211,9.755400716073211,46.125000000000064
20.41000000000039,0,0,9.757396482452918,9.757396482452918,46.125000000000064
20.420000000000393,0,0,9.75939371444909,9.75939371444909,46.125000000000064
20.430000000000394,0,0,9.761392419571962,9.761392419571962,46.125000000000064
20.440000000000396,0,0,9.763392605384368,9.763392605384368,46.125000000000064
20.450000000000397,0,0,9.76539427950243,9.76539427950243,46.125000000000064
20.4600000000004,0,0,9.767397449596274,9.767397449596274,46.125000000000064
20.4700000000004,0,0,9.769402123390677,9.769402123390677,46.125000000000064
20.480000000000402,0,0,9.771408308665656,9.771408308665656,46.125000000000064
20.490000000000403,0,0,9.773416013257304,9.773416013257304,46.125000000000064
20.500000000000405,0,0,9.775425245058457,9.775425245058457,46.125000000000064
20.510000000000407,0,0,9.777318226375925,9.777318226375925,46.125000000000064
20.520000000000408,0,0,9.779086390424538,9.779086390424538,46.125000000000064
20.53000000000041,0,0,9.780856451753294,9.780856451753294,46.125000000000064
20.54000000000041,0,0,9.782628418455417,9.782628418455417,46.125000000000064
20.550000000000413,0,0,9.784403615037974,9.784403615037974,46.125000000000064
20.560000000000414,0,0,9.786180935580262,9.786180935580262,46.125000000000064
20.570000000000416,0,0,9.787960214147375,9.787960214147375,46.125000000000064
20.580000000000418,0,0,9.789741458942942,9.789741458942942,46.125000000000064
20.59000000000042,0,0,9.791524678242737,9.791524678242737,46.125000000000064
20.60000000000042,0,0,9.793306489021674,9.793306489021674,46.125000000000064
20.610000000000422,0,0,9.795066548540305,9.795066548540305,46.125000000000064
20.620000000000424,0,0,9.800173551188976,9.800173551188976,46.125000000000064
20.630000000000425,0,0,9.801969915460205,9.801969915460205,46.125000000000064
20.640000000000427,0,0,9.803768172738856,9.803768172738856,46.125000000000064
20.65000000000043,0,0,9.805568331905121,9.805568331905121,46.125000000000064
20.66000000000043,0,0,9.807365555243095,9.807365555243095,46.125000000000064
20.67000000000043,0,0,9.809145370676006,9.809145370676006,46.125000000000064
20.680000000000433,0,0,9.810924706897879,9.810924706897879,46.125000000000064
20.690000000000435,0,0,9.812703283595866,9.812703283595866,46.125000000000064
20.700000000000436,0,0,9.81447722538364,9.81447722538364,46.125000000000064
20.710000000000438,0,0,9.816443995144866,9.816443995144866,46.125000000000064
20.72000000000044,0,0,9.818412178555704,9.818412178555704,46.125000000000064
20.73000000000044,0,0,9.820381782756769,9.820381782756769,46.125000000000064
20.740000000000443,0,0,9.822352814937375,9.822352814937375,46.125000000000064
20.750000000000444,0,0,9.824325282336446,9.824325282336446,46.125000000000064
20.760000000000446,0,0,9.826299192242786,9.826299192242786,46.125000000000064
20.770000000000447,0,0,9.828274551996145,9.828274551996145,46.125000000000064
20.78000000000045,0,0,9.83025136898749,9.83025136898749,46.125000000000064
20.79000000000045,0,0,9.832229650659684,9.832229650659684,46.125000000000064
20.800000000000452,0,0,9.834209404508371,9.834209404508371,46.125000000000064
20.810000000000453,0,0,9.8361906380824,9.8361906380824,46.125000000000064
20.820000000000455,0,0,9.838173358984506,9.838173358984506,46.125000000000064
20.830000000000457,0,0,9.840157574872137,9.840157574872137,46.125000000000064
20.840000000000458,0,0,9.842143293457966,9.842143293457966,46.125000000000064
20.85000000000046,0,0,9.844039007894807,9.844039007894807,46.125000000000064
20.86000000000046,0,0,9.845785842597792,9.845785842597792,46.125000000000064
20.870000000000463,0,0,9.847534546930916,9.847534546930916,46.125000000000064
20.880000000000464,0,0,9.849285128796083,9.849285128796083,46.125000000000064
20.890000000000466,0,0,9.85103759616328,9.85103759616328,46.125000000000064
20.900000000000468,0,0,9.85279195707102,9.85279195707102,46.125000000000064
20.91000000000047,0,0,9.854548219627532,9.854548219627532,46.125000000000064
20.92000000000047,0,0,9.856307039667684,9.856307039667684,46.125000000000064
20.930000000000472,0,0,9.858068616997457,9.858068616997457,46.125000000000064
20.940000000000474,0,0,9.85983214839257,9.85983214839257,46.125000000000064
20.950000000000475,0,0,9.861597642076589,9.861597642076589,46.125000000000064
20.960000000000477,0,0,9.863355123498565,9.863355123498565,46.125000000000064
20.97000000000048,0,0,9.865097150941537,9.865097150941537,46.125000000000064
20.98000000000048,0,0,9.866839424931925,9.866839424931925,46.125000000000064
20.99000000000048,0,0,9.87190093691521,9.87190093691521,46.125000000000064
21.000000000000483,0,0,9.87368150647032,9.87368150647032,46.125000000000064
21.010000000000485,0,0,9.87546396625325,9.87546396625325,46.125000000000064
21.020000000000486,0,0,9.877235415081898,9.877235415081898,46.125000000000064
21.030000000000488,0,0,9.878997632126172,9.878997632126172,46.125000000000064
21.04000000000049,0,0,9.880758651589659,9.880758651589659,46.125000000000064
21.05000000000049,0,0,9.882720856423532,9.882720856423532,46.125000000000064
21.060000000000493,0,0,9.88468508714017,9.88468508714017,46.125000000000064
21.070000000000494,0,0,9.886638294575931,9.886638294575931,46.125000000000064
21.080000000000496,0,0,9.888586143889796,9.888586143889796,46.125000000000064
21.090000000000497,0,0,9.890535405222252,9.890535405222252,46.125000000000064
21.1000000000005,0,0,9.892486085693832,9.892486085693832,46.125000000000064
21.1100000000005,0,0,9.894438192474539,9.894438192474539,46.125000000000064
21.120000000000502,0,0,9.896391732784267,9.896391732784267,46.125000000000064
21.130000000000503,0,0,9.89834671389373,9.89834671389373,46.125000000000064
21.140000000000505,0,0,9.90030314312476,9.90030314312476,46.125000000000064
21.150000000000507,0,0,9.902261027851267,9.902261027851267,46.125000000000064
21.160000000000508,0,0,9.904220375499506,9.904220375499506,46.125000000000064
21.17000000000051,0,0,9.906181193549088,9.906181193549088,46.125000000000064
21.18000000000051,0,0,9.908143489533487,9.908143489533487,46.125000000000064
21.190000000000513,0,0,9.91006857568415,9.91006857568415,46.125000000000064
21.200000000000514,0,0,9.911794167934048,9.911794167934048,46.125000000000064
21.210000000000516,0,0,9.913521601943444,9.913521601943444,46.125000000000064
21.220000000000518,0,0,9.915250885423859,9.915250885423859,46.125000000000064
21.23000000000052,0,0,9.916982026152994,9.916982026152994,46.125000000000064
21.24000000000052,0,0,9.918715031975793,9.918715031975793,46.125000000000064
21.250000000000522,0,0,9.920449910804749,9.920449910804749,46.125000000000064
21.260000000000524,0,0,9.922186670621286,9.922186670621286,46.125000000000064
21.270000000000525,0,0,9.923925319476112,9.923925319476112,46.125000000000064
21.280000000000527,0,0,9.925665865490387,9.925665865490387,46.125000000000064
21.29000000000053,0,0,9.927408540000258,9.927408540000258,46.125000000000064
21.30000000000053,0,0,9.929154365841441,9.929154365841441,46.125000000000064
21.31000000000053,0,0,9.93090214102314,9.93090214102314,46.125000000000064
21.320000000000533,0,0,9.932635150177546,9.932635150177546,46.125000000000064
21.330000000000535,0,0,9.934359048949744,9.934359048949744,46.125000000000064
21.340000000000536,0,0,9.93608372845452,9.93608372845452,46.125000000000064
21.350000000000538,0,0,9.937810308197513,9.937810308197513,46.125000000000064
21.36000000000054,0,0,9.93953836632636,9.93953836632636,46.125000000000064
21.37000000000054,0,0,9.944594956222574,9.944594956222574,46.125000000000064
21.380000000000543,0,0,9.94634009309523,9.94634009309523,46.125000000000064
21.390000000000544,0,0,9.948245748835589,9.948245748835589,46.125000000000064
21.400000000000546,0,0,9.950187191549176,9.950187191549176,46.125000000000064
21.410000000000547,0,0,9.952129140909165,9.952129140909165,46.125000000000064
21.42000000000055,0,0,9.95407238104994,9.95407238104994,46.125000000000064
21.43000000000055,0,0,9.956016918990144,9.956016918990144,46.125000000000064
21.440000000000552,0,0,9.957954428047515,9.957954428047515,46.125000000000064
21.450000000000554,0,0,9.959882743204716,9.959882743204716,46.125000000000064
21.460000000000555,0,0,9.961812469455339,9.961812469455339,46.125000000000064
21.470000000000557,0,0,9.963743613896,9.963743613896,46.125000000000064
21.480000000000558,0,0,9.965676183673395,9.965676183673395,46.125000000000064
21.49000000000056,0,0,9.967610185984796,9.967610185984796,46.125000000000064
21.50000000000056,0,0,9.969545628078535,9.969545628078535,46.125000000000064
21.510000000000563,0,0,9.971482517254927,9.971482517254927,46.125000000000064
21.520000000000564,0,0,9.973420860866653,9.973420860866653,46.125000000000064
21.530000000000566,0,0,9.97536066631946,9.97536066631946,46.125000000000064
21.540000000000568,0,0,9.977106488710135,9.977106488710135,46.125000000000064
21.55000000000057,0,0,9.978812230409702,9.978812230409702,46.125000000000064
21.56000000000057,0,0,9.98051979493006,9.98051979493006,46.125000000000064
21.570000000000572,0,0,9.982229189856554,9.982229189856554,46.125000000000064
21.580000000000574,0,0,9.983940422839964,9.983940422839964,46.125000000000064
21.590000000000575,0,0,9.985653501597085,9.985653501597085,46.125000000000064
21.600000000000577,0,0,9.987368433911755,9.987368433911755,46.125000000000064
21.61000000000058,0,0,9.989085227635627,9.989085227635627,46.125000000000064
21.62000000000058,0,0,9.990803890688738,9.990803890688738,46.125000000000064
21.63000000000058,0,0,9.99252443106073,9.99252443106073,46.125000000000064
21.640000000000583,0,0,9.994246856811287,9.994246856811287,46.125000000000064
21.650000000000585,0,0,9.995971176071322,9.995971176071322,46.125000000000064
21.660000000000586,0,0,9.997697492437126,9.997697492437126,46.125000000000064
21.670000000000588,0,0,9.999427046820315,9.999427046820315,46.125000000000064
21.68000000000059,0,0,10.001134590444451,10.001134590444451,46.125000000000064
21.69000000000059,0,0,10.002839670961947,10.002839670961947,46.125000000000064
21.700000000000593,0,0,10.004546266547862,10.004546266547862,46.125000000000064
21.710000000000594,0,0,10.006254750912902,10.006254750912902,46.125000000000064
21.720000000000596,0,0,10.007965132163605,10.007965132163605,46.125000000000064
21.730000000000597,0,0,10.009677418481601,10.009677418481601,46.125000000000064
21.7400000000006,0,0,10.014963338882112,10.014963338882112,46.125000000000064
21.7500000000006,0,0,10.016886803853126,10.016886803853126,46.125000000000064
21.760000000000602,0,0,10.018807182079854,10.018807182079854,46.125000000000064
21.770000000000604,0,0,10.020728835054996,10.020728835054996,46.125000000000064
21.780000000000605,0,0,10.022651769677253,10.022651769677253,46.125000000000064
21.790000000000607,0,0,10.024575992890561,10.024575992890561,46.125000000000064
21.80000000000061,0,0,10.026501511684728,10.026501511684728,46.125000000000064
21.81000000000061,0,0,10.028420304356885,10.028420304356885,46.125000000000064
21.82000000000061,0,0,10.030329788457166,10.030329788457166,46.125000000000064
21.830000000000613,0,0,10.032240680398445,10.032240680398445,46.125000000000064
21.840000000000614,0,0,10.03415298725524,10.03415298725524,46.125000000000064
21.850000000000616,0,0,10.036066716152405,10.036066716152405,46.125000000000064
21.860000000000618,0,0,10.037981874265853,10.037981874265853,46.125000000000064
21.87000000000062,0,0,10.03989846882321,10.03989846882321,46.125000000000064
21.88000000000062,0,0,10.041730607373339,10.041730607373339,46.125000000000064
21.890000000000622,0,0,10.043415303536932,10.043415303536932,46.125000000000064
21.900000000000624,0,0,10.045101794085795,10.045101794085795,46.125000000000064
21.910000000000625,0,0,10.046790086415683,10.046790086415683,46.125000000000064
21.920000000000627,0,0,10.048480187985788,10.048480187985788,46.125000000000064
21.93000000000063,0,0,10.050172106319934,10.050172106319934,46.125000000000064
21.94000000000063,0,0,10.051865849006958,10.051865849006958,46.125000000000064
21.95000000000063,0,0,10.053561423701808,10.053561423701808,46.125000000000064
21.960000000000633,0,0,10.055258838126107,10.055258838126107,46.125000000000064
21.970000000000635,0,0,10.056958100069068,10.056958100069068,46.125000000000064
21.980000000000636,0,0,10.058659217388325,10.058659217388325,46.125000000000064
21.990000000000638,0,0,10.060362198010623,10.060362198010623,46.125000000000064
22.00000000000064,0,0,10.062067049932821,10.062067049932821,46.125000000000064
22.01000000000064,0,0,10.06377378122258,10.06377378122258,46.125000000000064
22.020000000000643,0,0,10.065482400019306,10.065482400019306,46.125000000000064
22.030000000000644,0,0,10.067185551531566,10.067185551531566,46.125000000000064
22.040000000000646,0,0,10.06887507848242,10.06887507848242,46.125000000000064
22.050000000000647,0,0,10.070562279610641,10.070562279610641,46.125000000000064
22.06000000000065,0,0,10.072251347701595,10.072251347701595,46.125000000000064
22.07000000000065,0,0,10.073942290728112,10.073942290728112,46.125000000000064
22.080000000000652,0,0,10.075635116736976,10.075635116736976,46.125000000000064
22.090000000000654,0,0,10.077329833849973,10.077329833849973,46.125000000000064
22.100000000000655,0,0,10.082841280897469,10.082841280897469,46.125000000000064
22.110000000000657,0,0,10.084743414329537,10.084743414329537,46.125000000000064
22.12000000000066,0,0,10.086643534327877,10.086643534327877,46.125000000000064
22.13000000000066,0,0,10.088544919351975,10.088544919351975,46.125000000000064
22.14000000000066,0,0,10.09044757622435,10.09044757622435,46.125000000000064
22.150000000000663,0,0,10.092351511812794,10.092351511812794,46.125000000000064
22.160000000000664,0,0,10.094256733030534,10.094256733030534,46.125000000000064
22.170000000000666,0,0,10.096163246837165,10.096163246837165,46.125000000000064
22.180000000000668,0,0,10.098060619509084,10.098060619509084,46.125000000000064
22.19000000000067,0,0,10.09995128684379,10.09995128684379,46.125000000000064
22.20000000000067,0,0,10.101843358019423,10.101843358019423,46.125000000000064
22.210000000000672,0,0,10.10373684008654,10.10373684008654,46.125000000000064
22.220000000000674,0,0,10.105631740146634,10.105631740146634,46.125000000000064
22.230000000000675,0,0,10.107343367444699,10.107343367444699,46.125000000000064
22.240000000000677,0,0,10.109008875503775,10.109008875503775,46.125000000000064
22.25000000000068,0,0,10.110676156606047,10.110676156606047,46.125000000000064
22.26000000000068,0,0,10.112345218020721,10.112345218020721,46.125000000000064
22.27000000000068,0,0,10.114016067079561,10.114016067079561,46.125000000000064
22.280000000000683,0,0,10.115688711177853,10.115688711177853,46.125000000000064
22.290000000000685,0,0,10.11736315777506,10.11736315777506,46.125000000000064
22.300000000000686,0,0,10.119039414395502,10.119039414395502,46.125000000000064
22.310000000000688,0,0,10.120717488629339,10.120717488629339,46.125000000000064
22.32000000000069,0,0,10.122397388133209,10.122397388133209,46.125000000000064
22.33000000000069,0,0,10.124079120631038,10.124079120631038,46.125000000000064
22.340000000000693,0,0,10.125762693914936,10.125762693914936,46.125000000000064
22.350000000000694,0,0,10.127448115845851,10.127448115845851,46.125000000000064
22.360000000000696,0,0,10.129135394354549,10.129135394354549,46.125000000000064
22.370000000000697,0,0,10.130824537442393,10.130824537442393,46.125000000000064
22.3800000000007,0,0,10.132515553182017,10.132515553182017,46.125000000000064
22.3900000000007,0,0,10.134193323321568,10.134193323321568,46.125000000000064
22.400000000000702,0,0,10.13586345289103,10.13586345289103,46.125000000000064
22.410000000000704,0,0,10.13753314755968,10.13753314755968,46.125000000000064
22.420000000000705,0,0,10.139204694749239,10.139204694749239,46.125000000000064
22.430000000000707,0,0,10.140878102369413,10.140878102369413,46.125000000000064
22.44000000000071,0,0,10.142553378403647,10.142553378403647,46.125000000000064
22.45000000000071,0,0,10.144230530910093,10.144230530910093,46.125000000000064
22.46000000000071,0,0,10.14597506746297,10.14597506746297,46.125000000000064
22.470000000000713,0,0,10.151822040948232,10.151822040948232,46.125000000000064
22.480000000000715,0,0,10.153701932264525,10.153701932264525,46.125000000000064
22.490000000000716,0,0,10.15558307824547,10.15558307824547,46.125000000000064
22.500000000000718,0,0,10.157465485636024,10.157465485636024,46.125000000000064
22.51000000000072,0,0,10.159349161225919,10.159349161225919,46.125000000000064
22.52000000000072,0,0,10.16123411185039,10.16123411185039,46.125000000000064
22.530000000000722,0,0,10.16312034439072,10.16312034439072,46.125000000000064
22.540000000000724,0,0,10.16500786577474,10.16500786577474,46.125000000000064
22.550000000000725,0,0,10.166881227544437,10.166881227544437,46.125000000000064
22.560000000000727,0,0,10.1687530907558,10.1687530907558,46.125000000000064
22.57000000000073,0,0,10.170601142444156,10.170601142444156,46.125000000000064
22.58000000000073,0,0,10.1722457617754,10.1722457617754,46.125000000000064
22.59000000000073,0,0,10.173892125331236,10.173892125331236,46.125000000000064
22.600000000000733,0,0,10.175540240192035,10.175540240192035,46.125000000000064
22.610000000000735,0,0,10.17719011349918,10.17719011349918,46.125000000000064
22.620000000000736,0,0,10.178841752455654,10.178841752455654,46.125000000000064
22.630000000000738,0,0,10.180495164326857,10.180495164326857,46.125000000000064
22.64000000000074,0,0,10.182150356441312,10.182150356441312,46.125000000000064
22.65000000000074,0,0,10.183807336191492,10.183807336191492,46.125000000000064
22.660000000000743,0,0,10.185466111034444,10.185466111034444,46.125000000000064
22.670000000000744,0,0,10.187126688492697,10.187126688492697,46.125000000000064
22.680000000000746,0,0,10.188789076155004,10.188789076155004,46.125000000000064
22.690000000000747,0,0,10.190453281677051,10.190453281677051,46.125000000000064
22.70000000000075,0,0,10.192119312782324,10.192119312782324,46.125000000000064
22.71000000000075,0,0,10.193787177262948,10.193787177262948,46.125000000000064
22.720000000000752,0,0,10.19545688298038,10.19545688298038,46.125000000000064
22.730000000000754,0,0,10.197128437866368,10.197128437866368,46.125000000000064
22.740000000000755,0,0,10.198801849923669,10.198801849923669,46.125000000000064
22.750000000000757,0,0,10.200454376135724,10.200454376135724,46.125000000000064
22.76000000000076,0,0,10.202105489725014,10.202105489725014,46.125000000000064
22.77000000000076,0,0,10.203757269066188,10.203757269066188,46.125000000000064
22.78000000000076,0,0,10.205411301936508,10.205411301936508,46.125000000000064
22.790000000000763,0,0,10.207067180095777,10.207067180095777,46.125000000000064
22.800000000000765,0,0,10.20872491146035,10.20872491146035,46.125000000000064
22.810000000000766,0,0,10.210510942840173,10.210510942840173,46.125000000000064
22.820000000000768,0,0,10.212357878872197,10.212357878872197,46.125000000000064
22.83000000000077,0,0,10.214206167820052,10.214206167820052,46.125000000000064
22.84000000000077,0,0,10.219988012777321,10.219988012777321,46.125000000000064
22.850000000000772,0,0,10.22184894930615,10.22184894930615,46.125000000000064
22.860000000000774,0,0,10.22371113619073,10.22371113619073,46.125000000000064
22.870000000000775,0,0,10.225574580141256,10.225574580141256,46.125000000000064
22.880000000000777,0,0,10.227439287913299,10.227439287913299,46.125000000000064
22.89000000000078,0,0,10.22930526630806,10.22930526630806,46.125000000000064
22.90000000000078,0,0,10.231172522173196,10.231172522173196,46.125000000000064
22.91000000000078,0,0,10.233036247418454,10.233036247418454,46.125000000000064
22.920000000000783,0,0,10.234817096135245,10.234817096135245,46.125000000000064
22.930000000000785,0,0,10.236442638168754,10.236442638168754,46.125000000000064
22.940000000000786,0,0,10.238069902450803,10.238069902450803,46.125000000000064
22.950000000000788,0,0,10.239698895933927,10.239698895933927,46.125000000000064
22.96000000000079,0,0,10.241329625630428,10.241329625630428,46.125000000000064
22.97000000000079,0,0,10.242962098613205,10.242962098613205,46.125000000000064
22.980000000000793,0,0,10.244596322016662,10.244596322016662,46.125000000000064
22.990000000000794,0,0,10.246232303037061,10.246232303037061,46.125000000000064
23.000000000000796,0,0,10.247870048933606,10.247870048933606,46.125000000000064
23.010000000000797,0,0,10.24950956702888,10.24950956702888,46.125000000000064
23.0200000000008,0,0,10.251150864709984,10.251150864709984,46.125000000000064
23.0300000000008,0,0,10.252793949428948,10.252793949428948,46.125000000000064
23.040000000000802,0,0,10.254438828703499,10.254438828703499,46.125000000000064
23.050000000000804,0,0,10.256085510118325,10.256085510118325,46.125000000000064
23.060000000000805,0,0,10.257734001325147,10.257734001325147,46.125000000000064
23.070000000000807,0,0,10.259384310044098,10.259384310044098,46.125000000000064
23.08000000000081,0,0,10.261036444064231,10.261036444064231,46.125000000000064
23.09000000000081,0,0,10.262690411244407,10.262690411244407,46.125000000000064
23.10000000000081,0,0,10.26433918594023,10.26433918594023,46.125000000000064
23.110000000000813,0,0,10.265973453897672,10.265973453897672,46.125000000000064
23.120000000000815,0,0,10.267605994702365,10.267605994702365,46.125000000000064
23.130000000000816,0,0,10.269239575755293,10.269239575755293,46.125000000000064
23.140000000000818,0,0,10.270876101157427,10.270876101157427,46.125000000000064
23.15000000000082,0,0,10.2725144560943,10.2725144560943,46.125000000000064
23.16000000000082,0,0,10.27431758795396,10.27431758795396,46.125000000000064
23.170000000000822,0,0,10.27614303141614,10.27614303141614,46.125000000000064
23.180000000000824,0,0,10.277969809346516,10.277969809346516,46.125000000000064
23.190000000000826,0,0,10.27979792808729,10.27979792808729,46.125000000000064
23.200000000000827,0,0,10.28550736645127,10.28550736645127,46.125000000000064
23.21000000000083,0,0,10.287348123995883,10.287348123995883,46.125000000000064
23.22000000000083,0,0,10.289190120251945,10.289190120251945,46.125000000000064
23.23000000000083,0,0,10.291033361848534,10.291033361848534,46.125000000000064
23.240000000000833,0,0,10.29287785545985,10.29287785545985,46.125000000000064
23.250000000000835,0,0,10.294723607805409,10.294723607805409,46.125000000000064
23.260000000000836,0,0,10.296570625650844,10.296570625650844,46.125000000000064
23.270000000000838,0,0,10.298329740830283,10.298329740830283,46.125000000000064
23.28000000000084,0,0,10.299938774475194,10.299938774475194,46.125000000000064
23.29000000000084,0,0,10.301546986481569,10.301546986481569,46.125000000000064
23.300000000000843,0,0,10.30315690524894,10.30315690524894,46.125000000000064
23.310000000000844,0,0,10.304768537659655,10.304768537659655,46.125000000000064
23.320000000000846,0,0,10.306381890655445,10.306381890655445,46.125000000000064
23.330000000000847,0,0,10.307996971238438,10.307996971238438,46.125000000000064
23.34000000000085,0,0,10.309613786471587,10.309613786471587,46.125000000000064
23.35000000000085,0,0,10.311232343479546,10.311232343479546,46.125000000000064
23.360000000000852,0,0,10.312852649449326,10.312852649449326,46.125000000000064
23.370000000000854,0,0,10.314474711631163,10.314474711631163,46.125000000000064
23.380000000000855,0,0,10.316098537339087,10.316098537339087,46.125000000000064
23.390000000000857,0,0,10.31772413395177,10.31772413395177,46.125000000000064
23.40000000000086,0,0,10.3193515089133,10.3193515089133,46.125000000000064
23.41000000000086,0,0,10.320980669733956,10.320980669733956,46.125000000000064
23.42000000000086,0,0,10.322611623990866,10.322611623990866,46.125000000000064
23.430000000000863,0,0,10.324244379328988,10.324244379328988,46.125000000000064
23.440000000000865,0,0,10.325878943461774,10.325878943461774,46.125000000000064
23.450000000000866,0,0,10.32751532417197,10.32751532417197,46.125000000000064
23.460000000000868,0,0,10.329138634845705,10.329138634845705,46.125000000000064
23.47000000000087,0,0,10.33075529570742,10.33075529570742,46.125000000000064
23.48000000000087,0,0,10.332369333380626,10.332369333380626,46.125000000000064
23.490000000000872,0,0,10.333985140334107,10.333985140334107,46.125000000000064
23.500000000000874,0,0,10.335603963988447,10.335603963988447,46.125000000000064
23.510000000000876,0,0,10.337400500077422,10.337400500077422,46.125000000000064
23.520000000000877,0,0,10.339204527169471,10.339204527169471,46.125000000000064
23.53000000000088,0,0,10.341009869938361,10.341009869938361,46.125000000000064
23.54000000000088,0,0,10.34281653460478,10.34281653460478,46.125000000000064
23.550000000000882,0,0,10.344624527432629,10.344624527432629,46.125000000000064
23.560000000000883,0,0,10.346433854729597,10.346433854729597,46.125000000000064
23.570000000000885,0,0,10.352086148226633,10.352086148226633,46.125000000000064
23.580000000000886,0,0,10.35390798481231,10.35390798481231,46.125000000000064
23.590000000000888,0,0,10.355731054445528,10.355731054445528,46.125000000000064
23.60000000000089,0,0,10.357555363717339,10.357555363717339,46.125000000000064
23.61000000000089,0,0,10.359380919264026,10.359380919264026,46.125000000000064
23.620000000000893,0,0,10.361130010194174,10.361130010194174,46.125000000000064
23.630000000000894,0,0,10.362732060902687,10.362732060902687,46.125000000000064
23.640000000000896,0,0,10.364328088528438,10.364328088528438,46.125000000000064
23.650000000000897,0,0,10.365918981162878,10.365918981162878,46.125000000000064
23.6600000000009,0,0,10.367511564562491,10.367511564562491,46.125000000000064
23.6700000000009,0,0,10.369105845536936,10.369105845536936,46.125000000000064
23.680000000000902,0,0,10.370701830955085,10.370701830955085,46.125000000000064
23.690000000000904,0,0,10.372299527745511,10.372299527745511,46.125000000000064
23.700000000000905,0,0,10.373898942897341,10.373898942897341,46.125000000000064
23.710000000000907,0,0,10.37550008346085,10.37550008346085,46.125000000000064
23.72000000000091,0,0,10.377102956548256,10.377102956548256,46.125000000000064
23.73000000000091,0,0,10.37870756933458,10.37870756933458,46.125000000000064
23.74000000000091,0,0,10.380313929058033,10.380313929058033,46.125000000000064
23.750000000000913,0,0,10.381922043021177,10.381922043021177,46.125000000000064
23.760000000000915,0,0,10.383531918591316,10.383531918591316,46.125000000000064
23.770000000000916,0,0,10.385143563201453,10.385143563201453,46.125000000000064
23.780000000000918,0,0,10.386756984351123,10.386756984351123,46.125000000000064
23.79000000000092,0,0,10.388372189606983,10.388372189606983,46.125000000000064
23.80000000000092,0,0,10.389989186603643,10.389989186603643,46.125000000000064
23.810000000000922,0,0,10.391607983044551,10.391607983044551,46.125000000000064
23.820000000000924,0,0,10.393205805677823,10.393205805677823,46.125000000000064
23.830000000000926,0,0,10.394803733813163,10.394803733813163,46.125000000000064
23.840000000000927,0,0,10.396400330298988,10.396400330298988,46.125000000000064
23.85000000000093,0,0,10.39799867940657,10.39799867940657,46.125000000000064
23.86000000000093,0,0,10.399765123213868,10.399765123213868,46.125000000000064
23.870000000000932,0,0,10.401547812181136,10.401547812181136,46.125000000000064
23.880000000000933,0,0,10.4033317977174,10.4033317977174,46.125000000000064
23.890000000000935,0,0,10.405117085921532,10.405117085921532,46.125000000000064
23.900000000000936,0,0,10.40690368293474,10.40690368293474,46.125000000000064
23.910000000000938,0,0,10.40869159494136,10.40869159494136,46.125000000000064
23.92000000000094,0,0,10.410480828168815,10.410480828168815,46.125000000000064
23.93000000000094,0,0,10.416068522728608,10.416068522728608,46.125000000000064
23.940000000000943,0,0,10.417870231847388,10.417870231847388,46.125000000000064
23.950000000000944,0,0,10.419673161177315,10.419673161177315,46.125000000000064
23.960000000000946,0,0,10.421477317224827,10.421477317224827,46.125000000000064
23.970000000000947,0,0,10.423240994120505,10.423240994120505,46.125000000000064
23.98000000000095,0,0,10.424824096674612,10.424824096674612,46.125000000000064
23.99000000000095,0,0,10.426408764066167,10.426408764066167,46.125000000000064
24.000000000000952,0,0,10.427989769432884,10.427989769432884,46.125000000000064
24.010000000000954,0,0,10.429563354151597,10.429563354151597,46.125000000000064
24.020000000000955,0,0,10.431138613154332,10.431138613154332,46.125000000000064
24.030000000000957,0,0,10.432715553175811,10.432715553175811,46.125000000000064
24.04000000000096,0,0,10.43429418100935,10.43429418100935,46.125000000000064
24.05000000000096,0,0,10.435874503507605,10.435874503507605,46.125000000000064
24.06000000000096,0,0,10.437456527583251,10.437456527583251,46.125000000000064
24.070000000000963,0,0,10.439040260209566,10.439040260209566,46.125000000000064
24.080000000000965,0,0,10.440625708421365,10.440625708421365,46.125000000000064
24.090000000000966,0,0,10.442212879315605,10.442212879315605,46.125000000000064
24.100000000000968,0,0,10.443801780052098,10.443801780052098,46.125000000000064
24.11000000000097,0,0,10.445392417854208,10.445392417854208,46.125000000000064
24.12000000000097,0,0,10.446984800009687,10.446984800009687,46.125000000000064
24.130000000000972,0,0,10.448578933871445,10.448578933871445,46.125000000000064
24.140000000000974,0,0,10.45017482685816,10.45017482685816,46.125000000000064
24.150000000000976,0,0,10.451772486455269,10.451772486455269,46.125000000000064
24.160000000000977,0,0,10.453371920215474,10.453371920215474,46.125000000000064
24.17000000000098,0,0,10.45496529771286,10.45496529771286,46.125000000000064
24.18000000000098,0,0,10.45654545780586,10.45654545780586,46.125000000000064
24.190000000000982,0,0,10.458124589227566,10.458124589227566,46.125000000000064
24.200000000000983,0,0,10.4597037500331,10.4597037500331,46.125000000000064
24.210000000000985,0,0,10.461417619585902,10.461417619585902,46.125000000000064
24.220000000000987,0,0,10.463178278913276,10.463178278913276,46.125000000000064
24.230000000000988,0,0,10.464940987294014,10.464940987294014,46.125000000000064
24.24000000000099,0,0,10.466704978823003,10.466704978823003,46.125000000000064
24.25000000000099,0,0,10.468470259518654,10.468470259518654,46.125000000000064
24.260000000000993,0,0,10.470236835441497,10.470236835441497,46.125000000000064
24.270000000000994,0,0,10.472004712694499,10.472004712694499,46.125000000000064
24.280000000000996,0,0,10.473773897423683,10.473773897423683,46.125000000000064
24.290000000000997,0,0,10.479300703242401,10.479300703242401,46.125000000000064
24.300000000001,0,0,10.48108231849389,10.48108231849389,46.125000000000064
24.310000000001,0,0,10.48286514060078,10.48286514060078,46.125000000000064
24.320000000001002,0,0,10.484649175983392,10.484649175983392,46.125000000000064
24.330000000001004,0,0,10.48623139684645,10.48623139684645,46.125000000000064
24.340000000001005,0,0,10.487797144601615,10.487797144601615,46.125000000000064
24.350000000001007,0,0,10.489364441320802,10.489364441320802,46.125000000000064
24.36000000000101,0,0,10.490928488043949,10.490928488043949,46.125000000000064
24.37000000000101,0,0,10.492484777298301,10.492484777298301,46.125000000000064
24.38000000000101,0,0,10.494042723892846,10.494042723892846,46.125000000000064
24.390000000001013,0,0,10.495602334484929,10.495602334484929,46.125000000000064
24.400000000001015,0,0,10.497163615789944,10.497163615789944,46.125000000000064
24.410000000001016,0,0,10.498726574582108,10.498726574582108,46.125000000000064
24.420000000001018,0,0,10.500291217695107,10.500291217695107,46.125000000000064
24.43000000000102,0,0,10.501857552022727,10.501857552022727,46.125000000000064
24.44000000000102,0,0,10.503425584519647,10.503425584519647,46.125000000000064
24.450000000001022,0,0,10.504995322202191,10.504995322202191,46.125000000000064
24.460000000001024,0,0,10.506566772148844,10.506566772148844,46.125000000000064
24.470000000001026,0,0,10.50813994150117,10.50813994150117,46.125000000000064
24.480000000001027,0,0,10.509714837464514,10.509714837464514,46.125000000000064
24.49000000000103,0,0,10.511291467308723,10.511291467308723,46.125000000000064
24.50000000000103,0,0,10.51286983836873,10.51286983836873,46.125000000000064
24.510000000001032,0,0,10.51444995804573,10.51444995804573,46.125000000000064
24.520000000001033,0,0,10.51603183380746,10.51603183380746,46.125000000000064
24.530000000001035,0,0,10.517599559541921,10.517599559541921,46.125000000000064
24.540000000001037,0,0,10.519162292122886,10.519162292122886,46.125000000000064
24.550000000001038,0,0,10.520722566843716,10.520722566843716,46.125000000000064
24.56000000000104,0,0,10.522363396198969,10.522363396198969,46.125000000000064
24.57000000000104,0,0,10.524101944067624,10.524101944067624,46.125000000000064
24.580000000001043,0,0,10.525842779288666,10.525842779288666,46.125000000000064
24.590000000001044,0,0,10.527585556166585,10.527585556166585,46.125000000000064
24.600000000001046,0,0,10.529329602304799,10.529329602304799,46.125000000000064
24.610000000001047,0,0,10.531074923640062,10.531074923640062,46.125000000000064
24.62000000000105,0,0,10.532821526150727,10.532821526150727,46.125000000000064
24.63000000000105,0,0,10.534569415857248,10.534569415857248,46.125000000000064
24.640000000001052,0,0,10.536318598822646,10.536318598822646,46.125000000000064
24.650000000001054,0,0,10.541788100551727,10.541788100551727,46.125000000000064
24.660000000001055,0,0,10.543549538289142,10.543549538289142,46.125000000000064
24.670000000001057,0,0,10.545311956947458,10.545311956947458,46.125000000000064
24.68000000000106,0,0,10.546957760028121,10.546957760028121,46.125000000000064
24.69000000000106,0,0,10.548504371044046,10.548504371044046,46.125000000000064
24.70000000000106,0,0,10.550052509359631,10.550052509359631,46.125000000000064
24.710000000001063,0,0,10.55160218141718,10.55160218141718,46.125000000000064
24.720000000001065,0,0,10.55314704910387,10.55314704910387,46.125000000000064
24.730000000001066,0,0,10.554685776617319,10.554685776617319,46.125000000000064
24.740000000001068,0,0,10.556226145269349,10.556226145269349,46.125000000000064
24.75000000000107,0,0,10.557768161636787,10.557768161636787,46.125000000000064
24.76000000000107,0,0,10.559311832354169,10.559311832354169,46.125000000000064
24.770000000001072,0,0,10.560857164114154,10.560857164114154,46.125000000000064
24.780000000001074,0,0,10.562404163668205,10.562404163668205,46.125000000000064
24.790000000001076,0,0,10.563952837827614,10.563952837827614,46.125000000000064
24.800000000001077,0,0,10.565503193463698,10.565503193463698,46.125000000000064
24.81000000000108,0,0,10.567055237508896,10.567055237508896,46.125000000000064
24.82000000000108,0,0,10.568608976957236,10.568608976957236,46.125000000000064
24.830000000001082,0,0,10.57016441886519,10.57016441886519,46.125000000000064
24.840000000001083,0,0,10.571721570352423,10.571721570352423,46.125000000000064
24.850000000001085,0,0,10.57328043860231,10.57328043860231,46.125000000000064
24.860000000001087,0,0,10.574841030862927,10.574841030862927,46.125000000000064
24.870000000001088,0,0,10.576403354447592,10.576403354447592,46.125000000000064
24.88000000000109,0,0,10.577965684474478,10.577965684474478,46.125000000000064
24.89000000000109,0,0,10.57950904099593,10.57950904099593,46.125000000000064
24.900000000001093,0,0,10.58105278322462,10.58105278322462,46.125000000000064
24.910000000001094,0,0,10.582597886815805,10.582597886815805,46.125000000000064
24.920000000001096,0,0,10.584315055957958,10.584315055957958,46.125000000000064
24.930000000001098,0,0,10.58603342649495,10.58603342649495,46.125000000000064
24.9400000000011,0,0,10.587754438532059,10.587754438532059,46.125000000000064
24.9500000000011,0,0,10.589477011603506,10.589477011603506,46.125000000000064
24.960000000001102,0,0,10.591200840836024,10.591200840836024,46.125000000000064
24.970000000001104,0,0,10.592925932081826,10.592925932081826,46.125000000000064
24.980000000001105,0,0,10.594652291234354,10.594652291234354,46.125000000000064
24.990000000001107,0,0,10.596379924228756,10.596379924228756,46.125000000000064
25.00000000000111,0,0,10.601784867126597,10.601784867126597,46.125000000000064
25.01000000000111,0,0,10.603524931826414,10.603524931826414,46.125000000000064
25.02000000000111,0,0,10.605266170030617,10.605266170030617,46.125000000000064
25.030000000001113,0,0,10.606999837393545,10.606999837393545,46.125000000000064
25.040000000001115,0,0,10.60852766953812,10.60852766953812,46.125000000000064
25.050000000001116,0,0,10.610057005949216,10.610057005949216,46.125000000000064
25.060000000001118,0,0,10.611587852934377,10.611587852934377,46.125000000000064
25.07000000000112,0,0,10.613120216853588,10.613120216853588,46.125000000000064
25.08000000000112,0,0,10.614644005650405,10.614644005650405,46.125000000000064
25.090000000001123,0,0,10.616165501478662,10.616165501478662,46.125000000000064
25.100000000001124,0,0,10.617688620603076,10.617688620603076,46.125000000000064
25.110000000001126,0,0,10.61921336951896,10.61921336951896,46.125000000000064
25.120000000001127,0,0,10.620739754778356,10.620739754778356,46.125000000000064
25.13000000000113,0,0,10.622267782991017,10.622267782991017,46.125000000000064
25.14000000000113,0,0,10.623797460824903,10.623797460824903,46.125000000000064
25.150000000001132,0,0,10.625328795006908,10.625328795006908,46.125000000000064
25.160000000001133,0,0,10.626861792323538,10.626861792323538,46.125000000000064
25.170000000001135,0,0,10.628396459621612,10.628396459621612,46.125000000000064
25.180000000001137,0,0,10.629932803808941,10.629932803808941,46.125000000000064
25.190000000001138,0,0,10.631470831855097,10.631470831855097,46.125000000000064
25.20000000000114,0,0,10.633010550792065,10.633010550792065,46.125000000000064
25.21000000000114,0,0,10.634551967714899,10.634551967714899,46.125000000000064
25.220000000001143,0,0,10.6360950897826,10.6360950897826,46.125000000000064
25.230000000001144,0,0,10.637639924218703,10.637639924218703,46.125000000000064
25.240000000001146,0,0,10.63917621536089,10.63917621536089,46.125000000000064
25.250000000001148,0,0,10.640702218187428,10.640702218187428,46.125000000000064
25.26000000000115,0,0,10.642226949392906,10.642226949392906,46.125000000000064
25.27000000000115,0,0,10.643828997645059,10.643828997645059,46.125000000000064
25.280000000001152,0,0,10.645526416318816,10.645526416318816,46.125000000000064
25.290000000001154,0,0,10.647225314555868,10.647225314555868,46.125000000000064
25.300000000001155,0,0,10.64892686103758,10.64892686103758,46.125000000000064
25.310000000001157,0,0,10.65062964315075,10.65062964315075,46.125000000000064
25.32000000000116,0,0,10.652333666623434,10.652333666623434,46.125000000000064
25.33000000000116,0,0,10.65403893722393,10.65403893722393,46.125000000000064
25.34000000000116,0,0,10.65574546076138,10.65574546076138,46.125000000000064
25.350000000001163,0,0,10.660545954625007,10.660545954625007,46.125000000000064
25.360000000001165,0,0,10.662259630411597,10.662259630411597,46.125000000000064
25.370000000001166,0,0,10.66397453051556,10.66397453051556,46.125000000000064
25.380000000001168,0,0,10.665690660875725,10.665690660875725,46.125000000000064
25.39000000000117,0,0,10.667408027472916,10.667408027472916,46.125000000000064
25.40000000000117,0,0,10.668932614965811,10.668932614965811,46.125000000000064
25.410000000001173,0,0,10.670441022220388,10.670441022220388,46.125000000000064
25.420000000001174,0,0,10.671945450966362,10.671945450966362,46.125000000000064
25.430000000001176,0,0,10.673442114360952,10.673442114360952,46.125000000000064
25.440000000001177,0,0,10.674940416711976,10.674940416711976,46.125000000000064
25.45000000000118,0,0,10.67644036422341,10.67644036422341,46.125000000000064
25.46000000000118,0,0,10.677941963154638,10.677941963154638,46.125000000000064
25.470000000001182,0,0,10.679445219821119,10.679445219821119,46.125000000000064
25.480000000001183,0,0,10.680950140594959,10.680950140594959,46.125000000000064
25.490000000001185,0,0,10.682456731905589,10.682456731905589,46.125000000000064
25.500000000001187,0,0,10.683965000240491,10.683965000240491,46.125000000000064
25.510000000001188,0,0,10.685474952145682,10.685474952145682,46.125000000000064
25.52000000000119,0,0,10.68698659422661,10.68698659422661,46.125000000000064
25.53000000000119,0,0,10.688499933148591,10.688499933148591,46.125000000000064
25.540000000001193,0,0,10.69001497563778,10.69001497563778,46.125000000000064
25.550000000001194,0,0,10.691531728481422,10.691531728481422,46.125000000000064
25.560000000001196,0,0,10.69305019852915,10.69305019852915,46.125000000000064
25.570000000001198,0,0,10.694570392693066,10.694570392693066,46.125000000000064
25.5800000000012,0,0,10.696092317948938,10.696092317948938,46.125000000000064
25.5900000000012,0,0,10.697594407421448,10.697594407421448,46.125000000000064
25.600000000001202,0,0,10.699095739747492,10.699095739747492,46.125000000000064
25.610000000001204,0,0,10.700596188632218,10.700596188632218,46.125000000000064
25.620000000001205,0,0,10.702098324163984,10.702098324163984,46.125000000000064
25.630000000001207,0,0,10.703602153301972,10.703602153301972,46.125000000000064
25.64000000000121,0,0,10.705253487044061,10.705253487044061,46.125000000000064
25.65000000000121,0,0,10.70692726850504,10.70692726850504,46.125000000000064
25.66000000000121,0,0,10.70860227533582,10.70860227533582,46.125000000000064
25.670000000001213,0,0,10.7102785131312,10.7102785131312,46.125000000000064
25.680000000001215,0,0,10.71195598752638,10.71195598752638,46.125000000000064
25.690000000001216,0,0,10.713634704197176,10.713634704197176,46.125000000000064
25.700000000001218,0,0,10.715314668860685,10.715314668860685,46.125000000000064
25.71000000000122,0,0,10.716995887275559,10.716995887275559,46.125000000000064
25.72000000000122,0,0,10.718678365242766,10.718678365242766,46.125000000000064
25.730000000001223,0,0,10.720362108605883,10.720362108605883,46.125000000000064
25.740000000001224,0,0,10.722047123251656,10.722047123251656,46.125000000000064
25.750000000001226,0,0,10.723733415110601,10.723733415110601,46.125000000000064
25.760000000001227,0,0,10.725420990157247,10.725420990157247,46.125000000000064
25.77000000000123,0,0,10.727109854410998,10.727109854410998,46.125000000000064
25.78000000000123,0,0,10.728800013936478,10.728800013936478,46.125000000000064
25.790000000001232,0,0,10.730375136103916,10.730375136103916,46.125000000000064
25.800000000001234,0,0,10.731864285929262,10.731864285929262,46.125000000000064
25.810000000001235,0,0,10.733355060009444,10.733355060009444,46.125000000000064
25.820000000001237,0,0,10.734847464605096,10.734847464605096,46.125000000000064
25.830000000001238,0,0,10.736341506032275,10.736341506032275,46.125000000000064
25.84000000000124,0,0,10.737837190663129,10.737837190663129,46.125000000000064
25.85000000000124,0,0,10.739334524926349,10.739334524926349,46.125000000000064
25.860000000001243,0,0,10.740833515308168,10.740833515308168,46.125000000000064
25.870000000001244,0,0,10.742334168352642,10.742334168352642,46.125000000000064
25.880000000001246,0,0,10.743823719088198,10.743823719088198,46.125000000000064
25.890000000001248,0,0,10.745301667867139,10.745301667867139,46.125000000000064
25.90000000000125,0,0,10.746781228409318,10.746781228409318,46.125000000000064
25.91000000000125,0,0,10.748262407165683,10.748262407165683,46.125000000000064
25.920000000001252,0,0,10.749745210646893,10.749745210646893,46.125000000000064
25.930000000001254,0,0,10.75122964542399,10.75122964542399,46.125000000000064
25.940000000001255,0,0,10.752715718129082,10.752715718129082,46.125000000000064
25.950000000001257,0,0,10.754203435456049,10.754203435456049,46.125000000000064
25.96000000000126,0,0,10.755692804161328,10.755692804161328,46.125000000000064
25.97000000000126,0,0,10.75718383106458,10.75718383106458,46.125000000000064
25.98000000000126,0,0,10.758676523049331,10.758676523049331,46.125000000000064
25.990000000001263,0,0,10.760170887063921,10.760170887063921,46.125000000000064
26.000000000001265,0,0,10.761666930122018,10.761666930122018,46.125000000000064
26.010000000001266,0,0,10.76316465930357,10.76316465930357,46.125000000000064
26.020000000001268,0,0,10.764664081755484,10.764664081755484,46.125000000000064
26.03000000000127,0,0,10.766165204692285,10.766165204692285,46.125000000000064
26.04000000000127,0,0,10.767726771183987,10.767726771183987,46.125000000000064
26.050000000001273,0,0,10.769393258788938,10.769393258788938,46.125000000000064
26.060000000001274,0,0,10.771060973305453,10.771060973305453,46.125000000000064
26.070000000001276,0,0,10.772729920487478,10.772729920487478,46.125000000000064
26.080000000001277,0,0,10.774400106130841,10.774400106130841,46.125000000000064
26.09000000000128,0,0,10.776071536073829,10.776071536073829,46.125000000000064
26.10000000000128,0,0,10.777744216197519,10.777744216197519,46.125000000000064
26.110000000001282,0,0,10.779418152426373,10.779418152426373,46.125000000000064
26.120000000001284,0,0,10.781093350728852,10.781093350728852,46.125000000000064
26.130000000001285,0,0,10.782769817117767,10.782769817117767,46.125000000000064
26.140000000001287,0,0,10.784447557650793,10.784447557650793,46.125000000000064
26.150000000001288,0,0,10.786126578431137,10.786126578431137,46.125000000000064
26.16000000000129,0,0,10.787806885607864,10.787806885607864,46.125000000000064
26.17000000000129,0,0,10.789484672695707,10.789484672695707,46.125000000000064
26.180000000001293,0,0,10.791096398774599,10.791096398774599,46.125000000000064
26.190000000001294,0,0,10.792555632557765,10.792555632557765,46.125000000000064
26.200000000001296,0,0,10.794016418241242,10.794016418241242,46.125000000000064
26.210000000001298,0,0,10.79547876192855,10.79547876192855,46.125000000000064
26.2200000000013,0,0,10.796942669778034,10.796942669778034,46.125000000000064
26.2300000000013,0,0,10.798408148003986,10.798408148003986,46.125000000000064
26.240000000001302,0,0,10.799875202876763,10.799875202876763,46.125000000000064
26.250000000001304,0,0,10.801343840723803,10.801343840723803,46.125000000000064
26.260000000001305,0,0,10.802814067930115,10.802814067930115,46.125000000000064
26.270000000001307,0,0,10.804285890939013,10.804285890939013,46.125000000000064
26.28000000000131,0,0,10.805759316252804,10.805759316252804,46.125000000000064
26.29000000000131,0,0,10.807234350433404,10.807234350433404,46.125000000000064
26.30000000000131,0,0,10.808711000103088,10.808711000103088,46.125000000000064
26.310000000001313,0,0,10.810189271945163,10.810189271945163,46.125000000000064
26.320000000001315,0,0,10.811669172704669,10.811669172704669,46.125000000000064
26.330000000001316,0,0,10.813150709189117,10.813150709189117,46.125000000000064
26.340000000001318,0,0,10.8146338882692,10.8146338882692,46.125000000000064
26.35000000000132,0,0,10.816118716879586,10.816118716879586,46.125000000000064
26.36000000000132,0,0,10.81760520201938,10.81760520201938,46.125000000000064
26.370000000001323,0,0,10.81909335075332,10.81909335075332,46.125000000000064
26.380000000001324,0,0,10.820583170212146,10.820583170212146,46.125000000000064
26.390000000001326,0,0,10.82207583668091,10.82207583668091,46.125000000000064
26.400000000001327,0,0,10.823570513504393,10.823570513504393,46.125000000000064
26.41000000000133,0,0,10.825066899178196,10.825066899178196,46.125000000000064
26.42000000000133,0,0,10.82656500103856,10.82656500103856,46.125000000000064
26.430000000001332,0,0,10.828064826490746,10.828064826490746,46.125000000000064
26.440000000001334,0,0,10.82956638301009,10.82956638301009,46.125000000000064
26.450000000001335,0,0,10.831210278713172,10.831210278713172,46.125000000000064
26.460000000001337,0,0,10.832872557991678,10.832872557991678,46.125000000000064
26.47000000000134,0,0,10.834526892242394,10.834526892242394,46.125000000000064
26.48000000000134,0,0,10.836170464703272,10.836170464703272,46.125000000000064
26.49000000000134,0,0,10.837815161666668,10.837815161666668,46.125000000000064
26.500000000001343,0,0,10.83946104171325,10.83946104171325,46.125000000000064
26.510000000001344,0,0,10.84110204355899,10.84110204355899,46.125000000000064
26.520000000001346,0,0,10.842743066560928,10.842743066560928,46.125000000000064
26.530000000001348,0,0,10.844385104190081,10.844385104190081,46.125000000000064
26.54000000000135,0,0,10.846028160504673,10.846028160504673,46.125000000000064
26.55000000000135,0,0,10.847672239585748,10.847672239585748,46.125000000000064
26.560000000001352,0,0,10.84931734553767,10.84931734553767,46.125000000000064
26.570000000001354,0,0,10.850963482488254,10.850963482488254,46.125000000000064
26.580000000001355,0,0,10.852434179111185,10.852434179111185,46.125000000000064
26.590000000001357,0,0,10.853892004502384,10.853892004502384,46.125000000000064
26.60000000000136,0,0,10.855351382334689,10.855351382334689,46.125000000000064
26.61000000000136,0,0,10.856812318907572,10.856812318907572,46.125000000000064
26.62000000000136,0,0,10.858274820577108,10.858274820577108,46.125000000000064
26.630000000001363,0,0,10.859738893756528,10.859738893756528,46.125000000000064
26.640000000001365,0,0,10.861204544917015,10.861204544917015,46.125000000000064
26.650000000001366,0,0,10.862671780588244,10.862671780588244,46.125000000000064
26.660000000001368,0,0,10.864140607359133,10.864140607359133,46.125000000000064
26.67000000000137,0,0,10.865611031878501,10.865611031878501,46.125000000000064
26.68000000000137,0,0,10.867083060855776,10.867083060855776,46.125000000000064
26.690000000001373,0,0,10.868556701061706,10.868556701061706,46.125000000000064
26.700000000001374,0,0,10.87003195932904,10.87003195932904,46.125000000000064
26.710000000001376,0,0,10.871508842553297,10.871508842553297,46.125000000000064
26.720000000001377,0,0,10.872987357693333,10.872987357693333,46.125000000000064
26.73000000000138,0,0,10.874467511772409,10.874467511772409,46.125000000000064
26.74000000000138,0,0,10.875949311878458,10.875949311878458,46.125000000000064
26.750000000001382,0,0,10.87743276516531,10.87743276516531,46.125000000000064
26.760000000001384,0,0,10.878917878853102,10.878917878853102,46.125000000000064
26.770000000001385,0,0,10.880394504559888,10.880394504559888,46.125000000000064
26.780000000001387,0,0,10.881861881925644,10.881861881925644,46.125000000000064
26.79000000000139,0,0,10.883330883161733,10.883330883161733,46.125000000000064
26.80000000000139,0,0,10.884801515339078,10.884801515339078,46.125000000000064
26.81000000000139,0,0,10.886273785594014,10.886273785594014,46.125000000000064
26.820000000001393,0,0,10.887747701129058,10.887747701129058,46.125000000000064
26.830000000001395,0,0,10.889223269213687,10.889223269213687,46.125000000000064
26.840000000001396,0,0,10.890711839123313,10.890711839123313,46.125000000000064
26.850000000001398,0,0,10.8922517789495,10.8922517789495,46.125000000000064
26.8600000000014,0,0,10.893878564820895,10.893878564820895,46.125000000000064
26.8700000000014,0,0,10.895506336150689,10.895506336150689,46.125000000000064
26.880000000001402,0,0,10.897135096942009,10.897135096942009,46.125000000000064
26.890000000001404,0,0,10.89876485121998,10.89876485121998,46.125000000000064
26.900000000001405,0,0,10.900395603032138,10.900395603032138,46.125000000000064
26.910000000001407,0,0,10.902027356448542,10.902027356448542,46.125000000000064
26.92000000000141,0,0,10.90366011556226,10.90366011556226,46.125000000000064
26.93000000000141,0,0,10.905293884489396,10.905293884489396,46.125000000000064
26.94000000000141,0,0,10.906928667369513,10.906928667369513,46.125000000000064
26.950000000001413,0,0,10.908564468365839,10.908564468365839,46.125000000000064
26.960000000001415,0,0,10.910201291665501,10.910201291665501,46.125000000000064
26.970000000001416,0,0,10.911706102860776,10.911706102860776,46.125000000000064
26.980000000001418,0,0,10.913159236221134,10.913159236221134,46.125000000000064
26.99000000000142,0,0,10.914613916509111,10.914613916509111,46.125000000000064
27.00000000000142,0,0,10.916070150178456,10.916070150178456,46.125000000000064
27.010000000001423,0,0,10.917527943740623,10.917527943740623,46.125000000000064
27.020000000001424,0,0,10.918987303765235,10.918987303765235,46.125000000000064
27.030000000001426,0,0,10.920448236881057,10.920448236881057,46.125000000000064
27.040000000001427,0,0,10.921910749776387,10.921910749776387,46.125000000000064
27.05000000000143,0,0,10.923374849200016,10.923374849200016,46.125000000000064
27.06000000000143,0,0,10.9248405419617,10.9248405419617,46.125000000000064
27.070000000001432,0,0,10.926298451062067,10.926298451062067,46.125000000000064
27.080000000001434,0,0,10.927746793900795,10.927746793900795,46.125000000000064
27.090000000001435,0,0,10.929196694411445,10.929196694411445,46.125000000000064
27.100000000001437,0,0,10.930648159258553,10.930648159258553,46.125000000000064
27.11000000000144,0,0,10.932101195166837,10.932101195166837,46.125000000000064
27.12000000000144,0,0,10.933555808921767,10.933555808921767,46.125000000000064
27.13000000000144,0,0,10.935012007370261,10.935012007370261,46.125000000000064
27.140000000001443,0,0,10.93646979742148,10.93646979742148,46.125000000000064
27.150000000001445,0,0,10.93792918604747,10.93792918604747,46.125000000000064
27.160000000001446,0,0,10.939390180283866,10.939390180283866,46.125000000000064
27.170000000001448,0,0,10.940855754861062,10.940855754861062,46.125000000000064
27.18000000000145,0,0,10.942339028414168,10.942339028414168,46.125000000000064
27.19000000000145,0,0,10.943823426485409,10.943823426485409,46.125000000000064
27.200000000001452,0,0,10.945308952340739,10.945308952340739,46.125000000000064
27.210000000001454,0,0,10.946813211853126,10.946813211853126,46.125000000000064
27.220000000001455,0,0,10.9483360009377,10.9483360009377,46.125000000000064
27.230000000001457,0,0,10.949859868675503,10.949859868675503,46.125000000000064
27.24000000000146,0,0,10.951384818669837,10.951384818669837,46.125000000000064
27.25000000000146,0,0,10.952910854542438,10.952910854542438,46.125000000000064
27.26000000000146,0,0,10.954437979933559,10.954437979933559,46.125000000000064
27.270000000001463,0,0,10.955968858129282,10.955968858129282,46.125000000000064
27.280000000001465,0,0,10.957501933468947,10.957501933468947,46.125000000000064
27.290000000001466,0,0,10.959071792845492,10.959071792845492,46.125000000000064
27.300000000001468,0,0,10.960694172670202,10.960694172670202,46.125000000000064
27.31000000000147,0,0,10.962317549128173,10.962317549128173,46.125000000000064
27.32000000000147,0,0,10.963941926391755,10.963941926391755,46.125000000000064
27.330000000001473,0,0,10.965567308657256,10.965567308657256,46.125000000000064
27.340000000001474,0,0,10.967193700144989,10.967193700144989,46.125000000000064
27.350000000001476,0,0,10.968821105099664,10.968821105099664,46.125000000000064
27.360000000001477,0,0,10.970349170539535,10.970349170539535,46.125000000000064
27.37000000000148,0,0,10.971789573165623,10.971789573165623,46.125000000000064
27.38000000000148,0,0,10.97321936375451,10.97321936375451,46.125000000000064
27.390000000001482,0,0,10.974650647359923,10.974650647359923,46.125000000000064
27.400000000001484,0,0,10.976083430273917,10.976083430273917,46.125000000000064
27.410000000001485,0,0,10.9775177188438,10.9775177188438,46.125000000000064
27.420000000001487,0,0,10.978953519472427,10.978953519472427,46.125000000000064
27.43000000000149,0,0,10.98039083861913,10.98039083861913,46.125000000000064
27.44000000000149,0,0,10.98182968280021,10.98182968280021,46.125000000000064
27.45000000000149,0,0,10.983270058589625,10.983270058589625,46.125000000000064
27.460000000001493,0,0,10.98471197261965,10.98471197261965,46.125000000000064
27.470000000001495,0,0,10.986155431581608,10.986155431581608,46.125000000000064
27.480000000001496,0,0,10.987600442226508,10.987600442226508,46.125000000000064
27.490000000001498,0,0,10.98904701136567,10.98904701136567,46.125000000000064
27.5000000000015,0,0,10.990495145871492,10.990495145871492,46.125000000000064
27.5100000000015,0,0,10.991956971340201,10.991956971340201,46.125000000000064
27.520000000001502,0,0,10.9934254231555,10.9934254231555,46.125000000000064
27.530000000001504,0,0,10.994894974731508,10.994894974731508,46.125000000000064
27.540000000001505,0,0,10.996365629272404,10.996365629272404,46.125000000000064
27.550000000001507,0,0,10.997837390010275,10.997837390010275,46.125000000000064
27.56000000000151,0,0,10.99931026020522,10.99931026020522,46.125000000000064
27.57000000000151,0,0,11.000784243145773,11.000784243145773,46.125000000000064
27.58000000000151,0,0,11.002293945774412,11.002293945774412,46.125000000000064
27.590000000001513,0,0,11.003804963009998,11.003804963009998,46.125000000000064
27.600000000001515,0,0,11.005317038844552,11.005317038844552,46.125000000000064
27.610000000001516,0,0,11.00683017689343,11.00683017689343,46.125000000000064
27.620000000001518,0,0,11.008344380790021,11.008344380790021,46.125000000000064
27.63000000000152,0,0,11.009859654186016,11.009859654186016,46.125000000000064
27.64000000000152,0,0,11.011376000751696,11.011376000751696,46.125000000000064
27.650000000001523,0,0,11.012893424175957,11.012893424175957,46.125000000000064
27.660000000001524,0,0,11.01441192816678,11.01441192816678,46.125000000000064
27.670000000001526,0,0,11.015929552245993,11.015929552245993,46.125000000000064
27.680000000001527,0,0,11.017432162979873,11.017432162979873,46.125000000000064
27.69000000000153,0,0,11.018937696861585,11.018937696861585,46.125000000000064
27.70000000000153,0,0,11.020444357652508,11.020444357652508,46.125000000000064
27.710000000001532,0,0,11.021952149258823,11.021952149258823,46.125000000000064
27.720000000001534,0,0,11.023493599015296,11.023493599015296,46.125000000000064
27.730000000001535,0,0,11.02509032586319,11.02509032586319,46.125000000000064
27.740000000001537,0,0,11.02668801214098,11.02668801214098,46.125000000000064
27.75000000000154,0,0,11.028208501119693,11.028208501119693,46.125000000000064
27.76000000000154,0,0,11.029631830063352,11.029631830063352,46.125000000000064
27.77000000000154,0,0,11.031056637771059,11.031056637771059,46.125000000000064
27.780000000001543,0,0,11.03248293061452,11.03248293061452,46.125000000000064
27.790000000001545,0,0,11.033910715020667,11.033910715020667,46.125000000000064
27.800000000001546,0,0,11.035339997472363,11.035339997472363,46.125000000000064
27.810000000001548,0,0,11.03677078450886,11.03677078450886,46.125000000000064
27.82000000000155,0,0,11.038203082726781,11.038203082726781,46.125000000000064
27.83000000000155,0,0,11.039636898780401,11.039636898780401,46.125000000000064
27.840000000001552,0,0,11.0410745768839,11.0410745768839,46.125000000000064
27.850000000001554,0,0,11.04252733575835,11.04252733575835,46.125000000000064
27.860000000001556,0,0,11.043981166122308,11.043981166122308,46.125000000000064
27.870000000001557,0,0,11.045436071094016,11.045436071094016,46.125000000000064
27.88000000000156,0,0,11.046892053818098,11.046892053818098,46.125000000000064
27.89000000000156,0,0,11.048349117466017,11.048349117466017,46.125000000000064
27.90000000000156,0,0,11.049807265236055,11.049807265236055,46.125000000000064
27.910000000001563,0,0,11.05126650035389,11.05126650035389,46.125000000000064
27.920000000001565,0,0,11.052726826072671,11.052726826072671,46.125000000000064
27.930000000001566,0,0,11.054188245673316,11.054188245673316,46.125000000000064
27.940000000001568,0,0,11.05566386871557,11.05566386871557,46.125000000000064
27.95000000000157,0,0,11.057162141453574,11.057162141453574,46.125000000000064
27.96000000000157,0,0,11.058661448803448,11.058661448803448,46.125000000000064
27.970000000001573,0,0,11.060161794373784,11.060161794373784,46.125000000000064
27.980000000001574,0,0,11.061650876568365,11.061650876568365,46.125000000000064
27.990000000001576,0,0,11.063133609853637,11.063133609853637,46.125000000000064
28.000000000001577,0,0,11.064617348124031,11.064617348124031,46.125000000000064
28.01000000000158,0,0,11.066102094763934,11.066102094763934,46.125000000000064
28.02000000000158,0,0,11.067587853173137,11.067587853173137,46.125000000000064
28.030000000001582,0,0,11.069074626766806,11.069074626766806,46.125000000000064
28.040000000001584,0,0,11.07056241897591,11.07056241897591,46.125000000000064
28.050000000001585,0,0,11.072051233247208,11.072051233247208,46.125000000000064
28.060000000001587,0,0,11.073541073043515,11.073541073043515,46.125000000000064
28.07000000000159,0,0,11.075031941844017,11.075031941844017,46.125000000000064
28.08000000000159,0,0,11.076523843144301,11.076523843144301,46.125000000000064
28.09000000000159,0,0,11.078019701119388,11.078019701119388,46.125000000000064
28.100000000001593,0,0,11.079517787907136,11.079517787907136,46.125000000000064
28.110000000001595,0,0,11.081016999330515,11.081016999330515,46.125000000000064
28.120000000001596,0,0,11.082517339396105,11.082517339396105,46.125000000000064
28.130000000001598,0,0,11.084018812134033,11.084018812134033,46.125000000000064
28.1400000000016,0,0,11.085459905506951,11.085459905506951,46.125000000000064
28.1500000000016,0,0,11.086867804693142,11.086867804693142,46.125000000000064
28.160000000001602,0,0,11.088287461097494,11.088287461097494,46.125000000000064
28.170000000001604,0,0,11.089708594103882,11.089708594103882,46.125000000000064
28.180000000001606,0,0,11.091138707180832,11.091138707180832,46.125000000000064
28.190000000001607,0,0,11.092577071972372,11.092577071972372,46.125000000000064
28.20000000000161,0,0,11.094016482732812,11.094016482732812,46.125000000000064
28.21000000000161,0,0,11.095456942524194,11.095456942524194,46.125000000000064
28.220000000001612,0,0,11.096898454433983,11.096898454433983,46.125000000000064
28.230000000001613,0,0,11.098341021575195,11.098341021575195,46.125000000000064
28.240000000001615,0,0,11.099784647086679,11.099784647086679,46.125000000000064
28.250000000001616,0,0,11.10122933413355,11.10122933413355,46.125000000000064
28.260000000001618,0,0,11.102675085907123,11.102675085907123,46.125000000000064
28.27000000000162,0,0,11.104121905625448,11.104121905625448,46.125000000000064
28.28000000000162,0,0,11.105568608937745,11.105568608937745,46.125000000000064
28.290000000001623,0,0,11.106998270541055,11.106998270541055,46.125000000000064
28.300000000001624,0,0,11.108428967556208,11.108428967556208,46.125000000000064
28.310000000001626,0,0,11.109883685555687,11.109883685555687,46.125000000000064
28.320000000001627,0,0,11.111350957991178,11.111350957991178,46.125000000000064
28.33000000000163,0,0,11.112819200853153,11.112819200853153,46.125000000000064
28.34000000000163,0,0,11.114288417473176,11.114288417473176,46.125000000000064
28.350000000001632,0,0,11.115758611196853,11.115758611196853,46.125000000000064
28.360000000001634,0,0,11.117229785384296,11.117229785384296,46.125000000000064
28.370000000001635,0,0,11.11870194340996,11.11870194340996,46.125000000000064
28.380000000001637,0,0,11.120175088663075,11.120175088663075,46.125000000000064
28.39000000000164,0,0,11.121649224547767,11.121649224547767,46.125000000000064
28.40000000000164,0,0,11.123124354483252,11.123124354483252,46.125000000000064
28.41000000000164,0,0,11.12460048190404,11.12460048190404,46.125000000000064
28.420000000001643,0,0,11.126077610260111,11.126077610260111,46.125000000000064
28.430000000001645,0,0,11.127555743017197,11.127555743017197,46.125000000000064
28.440000000001646,0,0,11.129034883656843,11.129034883656843,46.125000000000064
28.450000000001648,0,0,11.130515035676751,11.130515035676751,46.125000000000064
28.46000000000165,0,0,11.131996202590926,11.131996202590926,46.125000000000064
28.47000000000165,0,0,11.133478387929884,11.133478387929884,46.125000000000064
28.480000000001652,0,0,11.134961595240824,11.134961595240824,46.125000000000064
28.490000000001654,0,0,11.136446962064852,11.136446962064852,46.125000000000064
28.500000000001656,0,0,11.137936469701586,11.137936469701586,46.125000000000064
28.510000000001657,0,0,11.139432028251974,11.139432028251974,46.125000000000064
28.52000000000166,0,0,11.140930689313208,11.140930689313208,46.125000000000064
28.53000000000166,0,0,11.142371591011894,11.142371591011894,46.125000000000064
28.540000000001662,0,0,11.143721215081086,11.143721215081086,46.125000000000064
28.550000000001663,0,0,11.14507199179232,11.14507199179232,46.125000000000064
28.560000000001665,0,0,11.146423924277357,11.146423924277357,46.125000000000064
28.570000000001667,0,0,11.14782342531717,11.14782342531717,46.125000000000064
28.580000000001668,0,0,11.149252729133408,11.149252729133408,46.125000000000064
28.59000000000167,0,0,11.150675665252564,11.150675665252564,46.125000000000064
28.60000000000167,0,0,11.15208815915183,11.15208815915183,46.125000000000064
28.610000000001673,0,0,11.153501653523776,11.153501653523776,46.125000000000064
28.620000000001674,0,0,11.154916151294856,11.154916151294856,46.125000000000064
28.630000000001676,0,0,11.156331655414846,11.156331655414846,46.125000000000064
28.640000000001677,0,0,11.157748168856983,11.157748168856983,46.125000000000064
28.65000000000168,0,0,11.15916569461838,11.15916569461838,46.125000000000064
28.66000000000168,0,0,11.160584235719938,11.160584235719938,46.125000000000064
28.670000000001682,0,0,11.1620037952069,11.1620037952069,46.125000000000064
28.680000000001684,0,0,11.163453922093723,11.163453922093723,46.125000000000064
28.690000000001685,0,0,11.164909782372177,11.164909782372177,46.125000000000064
28.700000000001687,0,0,11.166366591606845,11.166366591606845,46.125000000000064
28.71000000000169,0,0,11.167824353134463,11.167824353134463,46.125000000000064
28.72000000000169,0,0,11.16928307030554,11.16928307030554,46.125000000000064
28.73000000000169,0,0,11.170742746484535,11.170742746484535,46.125000000000064
28.740000000001693,0,0,11.172203385049926,11.172203385049926,46.125000000000064
28.750000000001695,0,0,11.173664989394567,11.173664989394567,46.125000000000064
28.760000000001696,0,0,11.175127562925667,11.175127562925667,46.125000000000064
28.770000000001698,0,0,11.17659110906527,11.17659110906527,46.125000000000064
28.7800000000017,0,0,11.178055631250203,11.178055631250203,46.125000000000064
28.7900000000017,0,0,11.179521132932365,11.179521132932365,46.125000000000064
28.800000000001702,0,0,11.18098761757895,11.18098761757895,46.125000000000064
28.810000000001704,0,0,11.182456175843711,11.182456175843711,46.125000000000064
28.820000000001706,0,0,11.183931433318975,11.183931433318975,46.125000000000064
28.830000000001707,0,0,11.185407366083155,11.185407366083155,46.125000000000064
28.84000000000171,0,0,11.186883977459416,11.186883977459416,46.125000000000064
28.85000000000171,0,0,11.188361270799007,11.188361270799007,46.125000000000064
28.860000000001712,0,0,11.189839249481679,11.189839249481679,46.125000000000064
28.870000000001713,0,0,11.191317916916205,11.191317916916205,46.125000000000064
28.880000000001715,0,0,11.192797276540631,11.192797276540631,46.125000000000064
28.890000000001717,0,0,11.194280749411192,11.194280749411192,46.125000000000064
28.900000000001718,0,0,11.19575653294757,11.19575653294757,46.125000000000064
28.91000000000172,0,0,11.197223777316665,11.197223777316665,46.125000000000064
28.92000000000172,0,0,11.198625106504224,11.198625106504224,46.125000000000064
28.930000000001723,0,0,11.199947028934076,11.199947028934076,46.125000000000064
28.940000000001724,0,0,11.201270124723521,11.201270124723521,46.125000000000064
28.950000000001726,0,0,11.202594397002372,11.202594397002372,46.125000000000064
28.960000000001727,0,0,11.203919848922013,11.203919848922013,46.125000000000064
28.97000000000173,0,0,11.205246483655785,11.205246483655785,46.125000000000064
28.98000000000173,0,0,11.206574304399183,11.206574304399183,46.125000000000064
28.990000000001732,0,0,11.207976849951166,11.207976849951166,46.125000000000064
29.000000000001734,0,0,11.209381362783333,11.209381362783333,46.125000000000064
29.010000000001735,0,0,11.210786867367077,11.210786867367077,46.125000000000064
29.020000000001737,0,0,11.212193366712356,11.212193366712356,46.125000000000064
29.03000000000174,0,0,11.213600863852761,11.213600863852761,46.125000000000064
29.04000000000174,0,0,11.215009361845532,11.215009361845532,46.125000000000064
29.05000000000174,0,0,11.216452589210746,11.216452589210746,46.125000000000064
29.060000000001743,0,0,11.217897093057971,11.217897093057971,46.125000000000064
29.070000000001745,0,0,11.21934252409973,11.21934252409973,46.125000000000064
29.080000000001746,0,0,11.22078888567711,11.22078888567711,46.125000000000064
29.090000000001748,0,0,11.222236181144439,11.222236181144439,46.125000000000064
29.10000000000175,0,0,11.22368441386952,11.22368441386952,46.125000000000064
29.11000000000175,0,0,11.22513358723377,11.22513358723377,46.125000000000064
29.120000000001752,0,0,11.22658682106254,11.22658682106254,46.125000000000064
29.130000000001754,0,0,11.228044684516874,11.228044684516874,46.125000000000064
29.140000000001756,0,0,11.229503187833629,11.229503187833629,46.125000000000064
29.150000000001757,0,0,11.230962334262372,11.230962334262372,46.125000000000064
29.16000000000176,0,0,11.232422127078607,11.232422127078607,46.125000000000064
29.17000000000176,0,0,11.233882569584054,11.233882569584054,46.125000000000064
29.180000000001762,0,0,11.23534367157913,11.23534367157913,46.125000000000064
29.190000000001763,0,0,11.236805612304991,11.236805612304991,46.125000000000064
29.200000000001765,0,0,11.238268421444062,11.238268421444062,46.125000000000064
29.210000000001767,0,0,11.239726033019025,11.239726033019025,46.125000000000064
29.220000000001768,0,0,11.241171911612938,11.241171911612938,46.125000000000064
29.23000000000177,0,0,11.242618628986307,11.242618628986307,46.125000000000064
29.24000000000177,0,0,11.244066188790072,11.244066188790072,46.125000000000064
29.250000000001773,0,0,11.245514594697042,11.245514594697042,46.125000000000064
29.260000000001774,0,0,11.246963850401997,11.246963850401997,46.125000000000064
29.270000000001776,0,0,11.248413959621985,11.248413959621985,46.125000000000064
29.280000000001777,0,0,11.24986641544021,11.24986641544021,46.125000000000064
29.29000000000178,0,0,11.25132190884024,11.25132190884024,46.125000000000064
29.30000000000178,0,0,11.2527782002022,11.2527782002022,46.125000000000064
29.310000000001782,0,0,11.254158843121303,11.254158843121303,46.125000000000064
29.320000000001784,0,0,11.255473001110943,11.255473001110943,46.125000000000064
29.330000000001785,0,0,11.256788316608336,11.256788316608336,46.125000000000064
29.340000000001787,0,0,11.258104792790817,11.258104792790817,46.125000000000064
29.35000000000179,0,0,11.259422432857221,11.259422432857221,46.125000000000064
29.36000000000179,0,0,11.26074124002831,11.26074124002831,46.125000000000064
29.37000000000179,0,0,11.26206121754683,11.26206121754683,46.125000000000064
29.380000000001793,0,0,11.263382368677952,11.263382368677952,46.125000000000064
29.390000000001795,0,0,11.264704696709273,11.264704696709273,46.125000000000064
29.400000000001796,0,0,11.266067353132357,11.266067353132357,46.125000000000064
29.410000000001798,0,0,11.267464779592714,11.267464779592714,46.125000000000064
29.4200000000018,0,0,11.268890944484198,11.268890944484198,46.125000000000064
29.4300000000018,0,0,11.270328253897944,11.270328253897944,46.125000000000064
29.440000000001803,0,0,11.271769225053077,11.271769225053077,46.125000000000064
29.450000000001804,0,0,11.27321080047021,11.27321080047021,46.125000000000064
29.460000000001806,0,0,11.274652981818804,11.274652981818804,46.125000000000064
29.470000000001807,0,0,11.276095876510254,11.276095876510254,46.125000000000064
29.48000000000181,0,0,11.277539584190464,11.277539584190464,46.125000000000064
29.49000000000181,0,0,11.278984108533933,11.278984108533933,46.125000000000064
29.500000000001812,0,0,11.280429453235485,11.280429453235485,46.125000000000064
29.510000000001813,0,0,11.28187562201073,11.28187562201073,46.125000000000064
29.520000000001815,0,0,11.283322406321574,11.283322406321574,46.125000000000064
29.530000000001817,0,0,11.284751997211245,11.284751997211245,46.125000000000064
29.540000000001818,0,0,11.286182383613436,11.286182383613436,46.125000000000064
29.55000000000182,0,0,11.287613569088961,11.287613569088961,46.125000000000064
29.56000000000182,0,0,11.289045557218174,11.289045557218174,46.125000000000064
29.570000000001823,0,0,11.290478351601507,11.290478351601507,46.125000000000064
29.580000000001824,0,0,11.291911955859703,11.291911955859703,46.125000000000064
29.590000000001826,0,0,11.293346373634122,11.293346373634122,46.125000000000064
29.600000000001828,0,0,11.294781608586874,11.294781608586874,46.125000000000064
29.61000000000183,0,0,11.296217664401368,11.296217664401368,46.125000000000064
29.62000000000183,0,0,11.297654544782347,11.297654544782347,46.125000000000064
29.630000000001832,0,0,11.299092253456323,11.299092253456323,46.125000000000064
29.640000000001834,0,0,11.300530794171834,11.300530794171834,46.125000000000064
29.650000000001835,0,0,11.301970170699661,11.301970170699661,46.125000000000064
29.660000000001837,0,0,11.303410386833264,11.303410386833264,46.125000000000064
29.67000000000184,0,0,11.304851765527033,11.304851765527033,46.125000000000064
29.68000000000184,0,0,11.306296325656788,11.306296325656788,46.125000000000064
29.69000000000184,0,0,11.307715668226308,11.307715668226308,46.125000000000064
29.700000000001843,0,0,11.309022438167375,11.309022438167375,46.125000000000064
29.710000000001845,0,0,11.310330356846748,11.310330356846748,46.125000000000064
29.720000000001846,0,0,11.311639427472798,11.311639427472798,46.125000000000064
29.730000000001848,0,0,11.312949653274543,11.312949653274543,46.125000000000064
29.74000000000185,0,0,11.314260613544391,11.314260613544391,46.125000000000064
29.75000000000185,0,0,11.315570668201659,11.315570668201659,46.125000000000064
29.760000000001853,0,0,11.31688202973595,11.31688202973595,46.125000000000064
29.770000000001854,0,0,11.318195068494902,11.318195068494902,46.125000000000064
29.780000000001856,0,0,11.319509253162352,11.319509253162352,46.125000000000064
29.790000000001857,0,0,11.320824587420248,11.320824587420248,46.125000000000064
29.80000000000186,0,0,11.322249914685969,11.322249914685969,46.125000000000064
29.81000000000186,0,0,11.323678913431038,11.323678913431038,46.125000000000064
29.820000000001862,0,0,11.32510869721942,11.32510869721942,46.125000000000064
29.830000000001863,0,0,11.326539269675862,11.326539269675862,46.125000000000064
29.840000000001865,0,0,11.327960801081957,11.327960801081957,46.125000000000064
29.850000000001867,0,0,11.329375119561874,11.329375119561874,46.125000000000064
29.860000000001868,0,0,11.330790199399573,11.330790199399573,46.125000000000064
29.87000000000187,0,0,11.332206044073146,11.332206044073146,46.125000000000064
29.88000000000187,0,0,11.333622657077868,11.333622657077868,46.125000000000064
29.890000000001873,0,0,11.335040041926732,11.335040041926732,46.125000000000064
29.900000000001874,0,0,11.33645820215051,11.33645820215051,46.125000000000064
29.910000000001876,0,0,11.337877141298037,11.337877141298037,46.125000000000064
29.920000000001878,0,0,11.339296862936507,11.339296862936507,46.125000000000064
29.93000000000188,0,0,11.340717574005737,11.340717574005737,46.125000000000064
29.94000000000188,0,0,11.342139169934299,11.342139169934299,46.125000000000064
29.950000000001882,0,0,11.34356150914752,11.34356150914752,46.125000000000064
29.960000000001884,0,0,11.344984594752347,11.344984594752347,46.125000000000064
29.970000000001885,0,0,11.346408429876377,11.346408429876377,46.125000000000064
29.980000000001887,0,0,11.347833017668364,11.347833017668364,46.125000000000064
29.99000000000189,0,0,11.349258361298311,11.349258361298311,46.125000000000064
30.00000000000189,0,0,11.350684463957876,11.350684463957876,46.125000000000064
30.01000000000189,0,0,11.352111328860545,11.352111328860545,46.125000000000064
30.020000000001893,0,0,11.353538959241959,11.353538959241959,46.125000000000064
30.030000000001895,0,0,11.3549673583601,11.3549673583601,46.125000000000064
30.040000000001896,0,0,11.356396254878888,11.356396254878888,46.125000000000064
30.050000000001898,0,0,11.357825747604068,11.357825747604068,46.125000000000064
30.0600000000019,0,0,11.359256182439339,11.359256182439339,46.125000000000064
30.0700000000019,0,0,11.360686003182664,11.360686003182664,46.125000000000064
30.080000000001903,0,0,11.362050762766003,11.362050762766003,46.125000000000064
30.090000000001904,0,0,11.363315978006625,11.363315978006625,46.125000000000064
30.100000000001906,0,0,11.364582798635979,11.364582798635979,46.125000000000064
30.110000000001907,0,0,11.365851410737122,11.365851410737122,46.125000000000064
30.12000000000191,0,0,11.367121067523101,11.367121067523101,46.125000000000064
30.13000000000191,0,0,11.368391773864303,11.368391773864303,46.125000000000064
30.140000000001912,0,0,11.369663534674714,11.369663534674714,46.125000000000064
30.150000000001913,0,0,11.370936354912615,11.370936354912615,46.125000000000064
30.160000000001915,0,0,11.372230942843672,11.372230942843672,46.125000000000064
30.170000000001917,0,0,11.373632454739095,11.373632454739095,46.125000000000064
30.180000000001918,0,0,11.375034815159069,11.375034815159069,46.125000000000064
30.19000000000192,0,0,11.376437861590361,11.376437861590361,46.125000000000064
30.20000000000192,0,0,11.377841596951086,11.377841596951086,46.125000000000064
30.210000000001923,0,0,11.379246024177192,11.379246024177192,46.125000000000064
30.220000000001924,0,0,11.380651146222831,11.380651146222831,46.125000000000064
30.230000000001926,0,0,11.382056966060631,11.382056966060631,46.125000000000064
30.240000000001928,0,0,11.38346348668179,11.38346348668179,46.125000000000064
30.25000000000193,0,0,11.384870711096525,11.384870711096525,46.125000000000064
30.26000000000193,0,0,11.386278642334133,11.386278642334133,46.125000000000064
30.270000000001932,0,0,11.387687283443455,11.387687283443455,46.125000000000064
30.280000000001934,0,0,11.389096637492884,11.389096637492884,46.125000000000064
30.290000000001935,0,0,11.390506707570879,11.390506707570879,46.125000000000064
30.300000000001937,0,0,11.391917496786007,11.391917496786007,46.125000000000064
30.31000000000194,0,0,11.39332877437127,11.39332877437127,46.125000000000064
30.32000000000194,0,0,11.394740565552013,11.394740565552013,46.125000000000064
30.33000000000194,0,0,11.396153242706148,11.396153242706148,46.125000000000064
30.340000000001943,0,0,11.397566809346841,11.397566809346841,46.125000000000064
30.350000000001945,0,0,11.398981269005034,11.398981269005034,46.125000000000064
30.360000000001946,0,0,11.400396625229789,11.400396625229789,46.125000000000064
30.370000000001948,0,0,11.401812881588256,11.401812881588256,46.125000000000064
30.38000000000195,0,0,11.403230041666049,11.403230041666049,46.125000000000064
30.39000000000195,0,0,11.404648109067352,11.404648109067352,46.125000000000064
30.400000000001953,0,0,11.40606653462197,11.40606653462197,46.125000000000064
30.410000000001954,0,0,11.407482751068486,11.407482751068486,46.125000000000064
30.420000000001956,0,0,11.408899719057445,11.408899719057445,46.125000000000064
30.430000000001957,0,0,11.410317732964273,11.410317732964273,46.125000000000064
30.44000000000196,0,0,11.4117379749175,11.4117379749175,46.125000000000064
30.45000000000196,0,0,11.413158973520567,11.413158973520567,46.125000000000064
30.460000000001962,0,0,11.41458073060673,11.41458073060673,46.125000000000064
30.470000000001964,0,0,11.416003248017063,11.416003248017063,46.125000000000064
30.480000000001965,0,0,11.417411336063978,11.417411336063978,46.125000000000064
30.490000000001967,0,0,11.418817921555586,11.418817921555586,46.125000000000064
30.500000000001968,0,0,11.420225245382142,11.420225245382142,46.125000000000064
30.51000000000197,0,0,11.421633309250367,11.421633309250367,46.125000000000064
30.52000000000197,0,0,11.423042114873894,11.423042114873894,46.125000000000064
30.530000000001973,0,0,11.424451663973372,11.424451663973372,46.125000000000064
30.540000000001974,0,0,11.4258619582764,11.4258619582764,46.125000000000064
30.550000000001976,0,0,11.427272999517825,11.427272999517825,46.125000000000064
30.560000000001978,0,0,11.4286847894396,11.4286847894396,46.125000000000064
30.57000000000198,0,0,11.43009732979101,11.43009732979101,46.125000000000064
30.58000000000198,0,0,11.431510622328688,11.431510622328688,46.125000000000064
30.590000000001982,0,0,11.432923673395408,11.432923673395408,46.125000000000064
30.600000000001984,0,0,11.43433750431592,11.43433750431592,46.125000000000064
30.610000000001985,0,0,11.435761113198794,11.435761113198794,46.125000000000064
30.620000000001987,0,0,11.437255407340643,11.437255407340643,46.125000000000064
30.63000000000199,0,0,11.438750351682899,11.438750351682899,46.125000000000064
30.64000000000199,0,0,11.44024594822973,11.44024594822973,46.125000000000064
30.65000000000199,0,0,11.441742198994078,11.441742198994078,46.125000000000064
30.660000000001993,0,0,11.443239105997591,11.443239105997591,46.125000000000064
30.670000000001995,0,0,11.444736671270846,11.444736671270846,46.125000000000064
30.680000000001996,0,0,11.446234896853184,11.446234896853184,46.125000000000064
30.690000000001998,0,0,11.447733784793087,11.447733784793087,46.125000000000064
30.700000000002,0,0,11.449233337147959,11.449233337147959,46.125000000000064
30.710000000002,0,0,11.4507335559843,11.4507335559843,46.125000000000064
30.720000000002003,0,0,11.452234443377833,11.452234443377833,46.125000000000064
30.730000000002004,0,0,11.453736001413446,11.453736001413446,46.125000000000064
30.740000000002006,0,0,11.455239742000444,11.455239742000444,46.125000000000064
30.750000000002007,0,0,11.456745254589052,11.456745254589052,46.125000000000064
30.76000000000201,0,0,11.45825140254665,11.45825140254665,46.125000000000064
30.77000000000201,0,0,11.459758187936714,11.459758187936714,46.125000000000064
30.780000000002012,0,0,11.461265612833273,11.461265612833273,46.125000000000064
30.790000000002014,0,0,11.46277367932116,11.46277367932116,46.125000000000064
30.800000000002015,0,0,11.464266528063277,11.464266528063277,46.125000000000064
30.810000000002017,0,0,11.465758538206984,11.465758538206984,46.125000000000064
30.82000000000202,0,0,11.467250526775487,11.467250526775487,46.125000000000064
30.83000000000202,0,0,11.468742512822729,11.468742512822729,46.125000000000064
30.84000000000202,0,0,11.470235193927635,11.470235193927635,46.125000000000064
30.850000000002023,0,0,11.471728571960199,11.471728571960199,46.125000000000064
30.860000000002024,0,0,11.473222648799776,11.473222648799776,46.125000000000064
30.870000000002026,0,0,11.474717426334792,11.474717426334792,46.125000000000064
30.880000000002028,0,0,11.47621290646309,11.47621290646309,46.125000000000064
30.89000000000203,0,0,11.477709091091654,11.477709091091654,46.125000000000064
30.90000000000203,0,0,11.479205982136918,11.479205982136918,46.125000000000064
30.910000000002032,0,0,11.480703581524708,11.480703581524708,46.125000000000064
30.920000000002034,0,0,11.482201891190314,11.482201891190314,46.125000000000064
30.930000000002035,0,0,11.483700913078408,11.483700913078408,46.125000000000064
30.940000000002037,0,0,11.485201861061825,11.485201861061825,46.125000000000064
30.95000000000204,0,0,11.486701997080587,11.486701997080587,46.125000000000064
30.96000000000204,0,0,11.488201316800897,11.488201316800897,46.125000000000064
30.97000000000204,0,0,11.489700907121616,11.489700907121616,46.125000000000064
30.980000000002043,0,0,11.491200767673206,11.491200767673206,46.125000000000064
30.990000000002045,0,0,11.492700898089254,11.492700898089254,46.125000000000064
31.000000000002046,0,0,11.494201298006615,11.494201298006615,46.125000000000064
31.010000000002048,0,0,11.495701967065159,11.495701967065159,46.125000000000064
31.02000000000205,0,0,11.497202904908207,11.497202904908207,46.125000000000064
31.03000000000205,0,0,11.498704111182093,11.498704111182093,46.125000000000064
31.040000000002053,0,0,11.500205585536563,11.500205585536563,46.125000000000064
31.050000000002054,0,0,11.50170868168317,11.50170868168317,46.125000000000064
31.060000000002056,0,0,11.503214262708184,11.503214262708184,46.125000000000064
31.070000000002057,0,0,11.50472008347522,11.50472008347522,46.125000000000064
31.08000000000206,0,0,11.506226143650693,11.506226143650693,46.125000000000064
31.09000000000206,0,0,11.507732442904796,11.507732442904796,46.125000000000064
31.100000000002062,0,0,11.50923898091149,11.50923898091149,46.125000000000064
31.110000000002064,0,0,11.5107457573488,11.5107457573488,46.125000000000064
31.120000000002065,0,0,11.51224372817535,11.51224372817535,46.125000000000064
31.130000000002067,0,0,11.513734319925987,11.513734319925987,46.125000000000064
31.14000000000207,0,0,11.515140777584975,11.515140777584975,46.125000000000064
31.15000000000207,0,0,11.516487901884801,11.516487901884801,46.125000000000064
31.16000000000207,0,0,11.517835734550516,11.517835734550516,46.125000000000064
31.170000000002073,0,0,11.51918427750222,11.51918427750222,46.125000000000064
31.180000000002075,0,0,11.52053353267793,11.52053353267793,46.125000000000064
31.190000000002076,0,0,11.521883502033319,11.521883502033319,46.125000000000064
31.200000000002078,0,0,11.523234187541988,11.523234187541988,46.125000000000064
31.21000000000208,0,0,11.524585591195603,11.524585591195603,46.125000000000064
31.22000000000208,0,0,11.525937715003991,11.525937715003991,46.125000000000064
31.230000000002082,0,0,11.527290560995269,11.527290560995269,46.125000000000064
31.240000000002084,0,0,11.528644131215927,11.528644131215927,46.125000000000064
31.250000000002085,0,0,11.529998427730987,11.529998427730987,46.125000000000064
31.260000000002087,0,0,11.531353452624188,11.531353452624188,46.125000000000064
31.27000000000209,0,0,11.532709207997954,11.532709207997954,46.125000000000064
31.28000000000209,0,0,11.534065695973652,11.534065695973652,46.125000000000064
31.29000000000209,0,0,11.535422918691665,11.535422918691665,46.125000000000064
31.300000000002093,0,0,11.536780878311504,11.536780878311504,46.125000000000064
31.310000000002095,0,0,11.53813957701199,11.53813957701199,46.125000000000064
31.320000000002096,0,0,11.539499761537485,11.539499761537485,46.125000000000064
31.330000000002098,0,0,11.540860984534575,11.540860984534575,46.125000000000064
31.3400000000021,0,0,11.542222888342721,11.542222888342721,46.125000000000064
31.3500000000021,0,0,11.543649139930622,11.543649139930622,46.125000000000064
31.360000000002103,0,0,11.545086821554222,11.545086821554222,46.125000000000064
31.370000000002104,0,0,11.546524971361052,11.546524971361052,46.125000000000064
31.380000000002106,0,0,11.547963591930937,11.547963591930937,46.125000000000064
31.390000000002107,0,0,11.549402685871897,11.549402685871897,46.125000000000064
31.40000000000211,0,0,11.550842255820484,11.550842255820484,46.125000000000064
31.41000000000211,0,0,11.552282304441874,11.552282304441874,46.125000000000064
31.420000000002112,0,0,11.553722834430147,11.553722834430147,46.125000000000064
31.430000000002114,0,0,11.555164017057962,11.555164017057962,46.125000000000064
31.440000000002115,0,0,11.556605951281483,11.556605951281483,46.125000000000064
31.450000000002117,0,0,11.558035570440254,11.558035570440254,46.125000000000064
31.46000000000212,0,0,11.559462003860261,11.559462003860261,46.125000000000064
31.47000000000212,0,0,11.560888970990817,11.560888970990817,46.125000000000064
31.48000000000212,0,0,11.562316474002984,11.562316474002984,46.125000000000064
31.490000000002123,0,0,11.563744515088374,11.563744515088374,46.125000000000064
31.500000000002125,0,0,11.565173096459446,11.565173096459446,46.125000000000064
31.510000000002126,0,0,11.56660222034941,11.56660222034941,46.125000000000064
31.520000000002128,0,0,11.568031889012616,11.568031889012616,46.125000000000064
31.53000000000213,0,0,11.569468138329142,11.569468138329142,46.125000000000064
31.54000000000213,0,0,11.57090538872609,11.57090538872609,46.125000000000064
31.550000000002132,0,0,11.572342860650082,11.572342860650082,46.125000000000064
31.560000000002134,0,0,11.573780553747824,11.573780553747824,46.125000000000064
31.570000000002135,0,0,11.575218467669615,11.575218467669615,46.125000000000064
31.580000000002137,0,0,11.576656602069392,11.576656602069392,46.125000000000064
31.59000000000214,0,0,11.578094956604772,11.578094956604772,46.125000000000064
31.60000000000214,0,0,11.579533530937198,11.579533530937198,46.125000000000064
31.61000000000214,0,0,11.58097232473176,11.58097232473176,46.125000000000064
31.620000000002143,0,0,11.58241133765739,11.58241133765739,46.125000000000064
31.630000000002145,0,0,11.583850569386826,11.583850569386826,46.125000000000064
31.640000000002146,0,0,11.585290019596627,11.585290019596627,46.125000000000064
31.650000000002148,0,0,11.586729687967278,11.586729687967278,46.125000000000064
31.66000000000215,0,0,11.588169574183127,11.588169574183127,46.125000000000064
31.67000000000215,0,0,11.589609677932373,11.589609677932373,46.125000000000064
31.680000000002153,0,0,11.591049998907351,11.591049998907351,46.125000000000064
31.690000000002154,0,0,11.592490536804249,11.592490536804249,46.125000000000064
31.700000000002156,0,0,11.593931291323372,11.593931291323372,46.125000000000064
31.710000000002157,0,0,11.59537226216898,11.59537226216898,46.125000000000064
31.72000000000216,0,0,11.596813449049506,11.596813449049506,46.125000000000064
31.73000000000216,0,0,11.598256290992069,11.598256290992069,46.125000000000064
31.740000000002162,0,0,11.599700623843304,11.599700623843304,46.125000000000064
31.750000000002164,0,0,11.601145207029745,11.601145207029745,46.125000000000064
31.760000000002165,0,0,11.602590040225024,11.602590040225024,46.125000000000064
31.770000000002167,0,0,11.604033837415585,11.604033837415585,46.125000000000064
31.78000000000217,0,0,11.605462902524536,11.605462902524536,46.125000000000064
31.79000000000217,0,0,11.606892202147677,11.606892202147677,46.125000000000064
31.80000000000217,0,0,11.608321735860102,11.608321735860102,46.125000000000064
31.810000000002173,0,0,11.609751503239607,11.609751503239607,46.125000000000064
31.820000000002175,0,0,11.611181503866689,11.611181503866689,46.125000000000064
31.830000000002176,0,0,11.612611737324755,11.612611737324755,46.125000000000064
31.840000000002178,0,0,11.614062086321098,11.614062086321098,46.125000000000064
31.85000000000218,0,0,11.615605105522505,11.615605105522505,46.125000000000064
31.86000000000218,0,0,11.617148105288933,11.617148105288933,46.125000000000064
31.870000000002182,0,0,11.618691085307049,11.618691085307049,46.125000000000064
31.880000000002184,0,0,11.62023404526667,11.62023404526667,46.125000000000064
31.890000000002185,0,0,11.62177698486046,11.62177698486046,46.125000000000064
31.900000000002187,0,0,11.623319903784221,11.623319903784221,46.125000000000064
31.91000000000219,0,0,11.624862801736782,11.624862801736782,46.125000000000064
31.92000000000219,0,0,11.626405678420056,11.626405678420056,46.125000000000064
31.93000000000219,0,0,11.627948533538998,11.627948533538998,46.125000000000064
31.940000000002193,0,0,11.629491366801787,11.629491366801787,46.125000000000064
31.950000000002195,0,0,11.631034177919588,11.631034177919588,46.125000000000064
31.960000000002196,0,0,11.632576966606806,11.632576966606806,46.125000000000064
31.970000000002198,0,0,11.634119732580999,11.634119732580999,46.125000000000064
31.9800000000022,0,0,11.635662475562953,11.635662475562953,46.125000000000064
31.9900000000022,0,0,11.637205195276564,11.637205195276564,46.125000000000064
32.0000000000022,0,0,11.638747891449057,11.638747891449057,46.125000000000064
32.0100000000022,0,0,11.640290563810865,11.640290563810865,46.125000000000064
32.0200000000022,0,0,11.641833212095761,11.641833212095761,46.125000000000064
32.0300000000022,0,0,11.643375836040704,11.643375836040704,46.125000000000064
32.040000000002195,0,0,11.644918435386089,11.644918435386089,46.125000000000064
32.05000000000219,0,0,11.64646100987548,11.64646100987548,46.125000000000064
32.06000000000219,0,0,11.648003559255983,11.648003559255983,46.125000000000064
32.07000000000219,0,0,11.649546083278025,11.649546083278025,46.125000000000064
32.08000000000219,0,0,11.651088581695348,11.651088581695348,46.125000000000064
32.090000000002185,0,0,11.652632170562015,11.652632170562015,46.125000000000064
32.10000000000218,0,0,11.654176776623572,11.654176776623572,46.125000000000064
32.11000000000218,0,0,11.655706855042425,11.655706855042425,46.125000000000064
32.12000000000218,0,0,11.657235491331832,11.657235491331832,46.125000000000064
32.13000000000218,0,0,11.658764088062355,11.658764088062355,46.125000000000064
32.140000000002175,0,0,11.660292644939531,11.660292644939531,46.125000000000064
32.15000000000217,0,0,11.661821161671995,11.661821161671995,46.125000000000064
32.16000000000217,0,0,11.663349637971095,11.663349637971095,46.125000000000064
32.17000000000217,0,0,11.66487807355118,11.66487807355118,46.125000000000064
32.18000000000217,0,0,11.666406468129537,11.666406468129537,46.125000000000064
32.190000000002165,0,0,11.6679348214263,11.6679348214263,46.125000000000064
32.20000000000216,0,0,11.669463133164783,11.669463133164783,46.125000000000064
32.21000000000216,0,0,11.670991403071042,11.670991403071042,46.125000000000064
32.22000000000216,0,0,11.67251963087432,11.67251963087432,46.125000000000064
32.23000000000216,0,0,11.674047816306768,11.674047816306768,46.125000000000064
32.240000000002155,0,0,11.67557595910364,11.67557595910364,46.125000000000064
32.25000000000215,0,0,11.67710405900317,11.67710405900317,46.125000000000064
32.26000000000215,0,0,11.678632115746794,11.678632115746794,46.125000000000064
32.27000000000215,0,0,11.680160129078956,11.680160129078956,46.125000000000064
32.28000000000215,0,0,11.681688098747244,11.681688098747244,46.125000000000064
32.290000000002145,0,0,11.683216024502357,11.683216024502357,46.125000000000064
32.30000000000214,0,0,11.684743906098205,11.684743906098205,46.125000000000064
32.31000000000214,0,0,11.686271743291755,11.686271743291755,46.125000000000064
32.32000000000214,0,0,11.687799535843283,11.687799535843283,46.125000000000064
32.33000000000214,0,0,11.689215931839769,11.689215931839769,46.125000000000064
32.340000000002135,0,0,11.690622938168744,11.690622938168744,46.125000000000064
32.35000000000213,0,0,11.692030164130713,11.692030164130713,46.125000000000064
32.36000000000213,0,0,11.693437609428216,11.693437609428216,46.125000000000064
32.37000000000213,0,0,11.694845273767001,11.694845273767001,46.125000000000064
32.38000000000213,0,0,11.696316814578012,11.696316814578012,46.125000000000064
32.390000000002125,0,0,11.697803380588894,11.697803380588894,46.125000000000064
32.40000000000212,0,0,11.699289928795253,11.699289928795253,46.125000000000064
32.41000000000212,0,0,11.700776459101704,11.700776459101704,46.125000000000064
32.42000000000212,0,0,11.702262971416246,11.702262971416246,46.125000000000064
32.43000000000212,0,0,11.703749465650361,11.703749465650361,46.125000000000064
32.440000000002115,0,0,11.705225363678878,11.705225363678878,46.125000000000064
32.45000000000211,0,0,11.706696141590001,11.706696141590001,46.125000000000064
32.46000000000211,0,0,11.708166889227329,11.708166889227329,46.125000000000064
32.47000000000211,0,0,11.709637606411022,11.709637606411022,46.125000000000064
32.48000000000211,0,0,11.711108292964084,11.711108292964084,46.125000000000064
32.490000000002105,0,0,11.712578948712277,11.712578948712277,46.125000000000064
32.5000000000021,0,0,11.714049573484331,11.714049573484331,46.125000000000064
32.5100000000021,0,0,11.715520167111833,11.715520167111833,46.125000000000064
32.5200000000021,0,0,11.716990729429227,11.716990729429227,46.125000000000064
32.5300000000021,0,0,11.718461260273884,11.718461260273884,46.125000000000064
32.540000000002095,0,0,11.719931759486187,11.719931759486187,46.125000000000064
32.55000000000209,0,0,11.721402226909419,11.721402226909419,46.125000000000064
32.56000000000209,0,0,11.72287266238979,11.72287266238979,46.125000000000064
32.57000000000209,0,0,11.72434306577658,11.72434306577658,46.125000000000064
32.58000000000209,0,0,11.725813436922039,11.725813436922039,46.125000000000064
32.590000000002085,0,0,11.727283775681457,11.727283775681457,46.125000000000064
32.60000000000208,0,0,11.728754081913237,11.728754081913237,46.125000000000064
32.61000000000208,0,0,11.730224355478725,11.730224355478725,46.125000000000064
32.62000000000208,0,0,11.731694596242448,11.731694596242448,46.125000000000064
32.63000000000208,0,0,11.733164804072018,11.733164804072018,46.125000000000064
32.640000000002075,0,0,11.734634978838187,11.734634978838187,46.125000000000064
32.65000000000207,0,0,11.736105120414791,11.736105120414791,46.125000000000064
32.66000000000207,0,0,11.737575228678935,11.737575228678935,46.125000000000064
32.67000000000207,0,0,11.739045303510835,11.739045303510835,46.125000000000064
32.68000000000207,0,0,11.740515344793934,11.740515344793934,46.125000000000064
32.690000000002065,0,0,11.741985352414929,11.741985352414929,46.125000000000064
32.70000000000206,0,0,11.7434553262637,11.7434553262637,46.125000000000064
32.71000000000206,0,0,11.744925266233466,11.744925266233466,46.125000000000064
32.72000000000206,0,0,11.746395172220716,11.746395172220716,46.125000000000064
32.73000000000206,0,0,11.74786504412522,11.74786504412522,46.125000000000064
32.740000000002055,0,0,11.74933488185009,11.74933488185009,46.125000000000064
32.75000000000205,0,0,11.750804685301802,11.750804685301802,46.125000000000064
32.76000000000205,0,0,11.75227445439019,11.75227445439019,46.125000000000064
32.77000000000205,0,0,11.753739409205778,11.753739409205778,46.125000000000064
32.78000000000205,0,0,11.75519364223176,11.75519364223176,46.125000000000064
32.790000000002046,0,0,11.756647829139098,11.756647829139098,46.125000000000064
32.80000000000204,0,0,11.758101969748637,11.758101969748637,46.125000000000064
32.81000000000204,0,0,11.759556063883991,11.759556063883991,46.125000000000064
32.82000000000204,0,0,11.761010111371633,11.761010111371633,46.125000000000064
32.83000000000204,0,0,11.762464112040675,11.762464112040675,46.125000000000064
32.840000000002036,0,0,11.763918065723203,11.763918065723203,46.125000000000064
32.850000000002034,0,0,11.765371972254059,11.765371972254059,46.125000000000064
32.86000000000203,0,0,11.766825831470882,11.766825831470882,46.125000000000064
32.87000000000203,0,0,11.768279643214271,11.768279643214271,46.125000000000064
32.88000000000203,0,0,11.76973340732772,11.76973340732772,46.125000000000064
32.890000000002026,0,0,11.771187123657526,11.771187123657526,46.125000000000064
32.900000000002024,0,0,11.772640792052982,11.772640792052982,46.125000000000064
32.91000000000202,0,0,11.77409441236631,11.77409441236631,46.125000000000064
32.92000000000202,0,0,11.77554798445263,11.77554798445263,46.125000000000064
32.93000000000202,0,0,11.777001508170116,11.777001508170116,46.125000000000064
32.940000000002016,0,0,11.778454983379916,11.778454983379916,46.125000000000064
32.950000000002014,0,0,11.77990840994616,11.77990840994616,46.125000000000064
32.96000000000201,0,0,11.781361787736046,11.781361787736046,46.125000000000064
32.97000000000201,0,0,11.782815116619773,11.782815116619773,46.125000000000064
32.98000000000201,0,0,11.784268396470665,11.784268396470665,46.125000000000064
32.990000000002006,0,0,11.785721627165103,11.785721627165103,46.125000000000064
33.000000000002004,0,0,11.787174808582563,11.787174808582563,46.125000000000064
33.010000000002,0,0,11.788627940605664,11.788627940605664,46.125000000000064
33.020000000002,0,0,11.790081023120138,11.790081023120138,46.125000000000064
33.030000000002,0,0,11.791534056014982,11.791534056014982,46.125000000000064
33.040000000001996,0,0,11.792987039182279,11.792987039182279,46.125000000000064
33.050000000001994,0,0,11.794515033327173,11.794515033327173,46.125000000000064
33.06000000000199,0,0,11.796050612194122,11.796050612194122,46.125000000000064
33.07000000000199,0,0,11.797585882918014,11.797585882918014,46.125000000000064
33.08000000000199,0,0,11.79912084569392,11.79912084569392,46.125000000000064
33.090000000001986,0,0,11.800655500720083,11.800655500720083,46.125000000000064
33.100000000001984,0,0,11.802189848197685,11.802189848197685,46.125000000000064
33.11000000000198,0,0,11.803711549306485,11.803711549306485,46.125000000000064
33.12000000000198,0,0,11.805230179269856,11.805230179269856,46.125000000000064
33.13000000000198,0,0,11.806748493006054,11.806748493006054,46.125000000000064
33.140000000001976,0,0,11.808266490629563,11.808266490629563,46.125000000000064
33.150000000001974,0,0,11.809784172257537,11.809784172257537,46.125000000000064
33.16000000000197,0,0,11.81130153800953,11.81130153800953,46.125000000000064
33.17000000000197,0,0,11.8128185880078,11.8128185880078,46.125000000000064
33.18000000000197,0,0,11.81433532237709,11.81433532237709,46.125000000000064
33.190000000001966,0,0,11.815851741244686,11.815851741244686,46.125000000000064
33.200000000001964,0,0,11.81736784474063,11.81736784474063,46.125000000000064
33.21000000000196,0,0,11.81888363299744,11.81888363299744,46.125000000000064
33.22000000000196,0,0,11.82039910615039,11.82039910615039,46.125000000000064
33.23000000000196,0,0,11.821914264337238,11.821914264337238,46.125000000000064
33.240000000001956,0,0,11.823429107698615,11.823429107698615,46.125000000000064
33.250000000001954,0,0,11.824943636377625,11.824943636377625,46.125000000000064
33.26000000000195,0,0,11.826457850520214,11.826457850520214,46.125000000000064
33.27000000000195,0,0,11.827971750275012,11.827971750275012,46.125000000000064
33.28000000000195,0,0,11.82948533579328,11.82948533579328,46.125000000000064
33.290000000001946,0,0,11.830998607229162,11.830998607229162,46.125000000000064
33.300000000001944,0,0,11.832511564739377,11.832511564739377,46.125000000000064
33.31000000000194,0,0,11.834024208483626,11.834024208483626,46.125000000000064
33.32000000000194,0,0,11.835536538624268,11.835536538624268,46.125000000000064
33.33000000000194,0,0,11.837048555326447,11.837048555326447,46.125000000000064
33.340000000001936,0,0,11.838560258758193,11.838560258758193,46.125000000000064
33.350000000001934,0,0,11.840071649090376,11.840071649090376,46.125000000000064
33.36000000000193,0,0,11.841582726496682,11.841582726496682,46.125000000000064
33.37000000000193,0,0,11.843093491153624,11.843093491153624,46.125000000000064
33.38000000000193,0,0,11.844603943240713,11.844603943240713,46.125000000000064
33.390000000001926,0,0,11.84611408294029,11.84611408294029,46.125000000000064
33.400000000001924,0,0,11.847623910437562,11.847623910437562,46.125000000000064
33.41000000000192,0,0,11.849133425920783,11.849133425920783,46.125000000000064
33.42000000000192,0,0,11.850642629581074,11.850642629581074,46.125000000000064
33.43000000000192,0,0,11.85215152161257,11.85215152161257,46.125000000000064
33.440000000001916,0,0,11.853660102212388,11.853660102212388,46.125000000000064
33.450000000001914,0,0,11.855154628817175,11.855154628817175,46.125000000000064
33.46000000000191,0,0,11.856647740064375,11.856647740064375,46.125000000000064
33.47000000000191,0,0,11.85814053149609,11.85814053149609,46.125000000000064
33.48000000000191,0,0,11.859633003225028,11.859633003225028,46.125000000000064
33.490000000001906,0,0,11.861125155366238,11.861125155366238,46.125000000000064
33.500000000001904,0,0,11.862616988037317,11.862616988037317,46.125000000000064
33.5100000000019,0,0,11.86410850135836,11.86410850135836,46.125000000000064
33.5200000000019,0,0,11.865599695451849,11.865599695451849,46.125000000000064
33.5300000000019,0,0,11.867090570442869,11.867090570442869,46.125000000000064
33.540000000001896,0,0,11.868581126458977,11.868581126458977,46.125000000000064
33.550000000001894,0,0,11.870071363630302,11.870071363630302,46.125000000000064
33.56000000000189,0,0,11.871561282089417,11.871561282089417,46.125000000000064
33.57000000000189,0,0,11.873050881971636,11.873050881971636,46.125000000000064
33.58000000000189,0,0,11.874540163414721,11.874540163414721,46.125000000000064
33.590000000001886,0,0,11.87602912655899,11.87602912655899,46.125000000000064
33.600000000001884,0,0,11.877517771547545,11.877517771547545,46.125000000000064
33.61000000000188,0,0,11.879002629740825,11.879002629740825,46.125000000000064
33.62000000000188,0,0,11.880486983669257,11.880486983669257,46.125000000000064
33.63000000000188,0,0,11.881971027170152,11.881971027170152,46.125000000000064
33.640000000001876,0,0,11.883454760389952,11.883454760389952,46.125000000000064
33.650000000001874,0,0,11.884938183477587,11.884938183477587,46.125000000000064
33.66000000000187,0,0,11.886421296584814,11.886421296584814,46.125000000000064
33.67000000000187,0,0,11.887904099866077,11.887904099866077,46.125000000000064
33.68000000000187,0,0,11.889386593478463,11.889386593478463,46.125000000000064
33.69000000000187,0,0,11.8908687775819,11.8908687775819,46.125000000000064
33.700000000001864,0,0,11.892350652339061,11.892350652339061,46.125000000000064
33.71000000000186,0,0,11.893832217915303,11.893832217915303,46.125000000000064
33.72000000000186,0,0,11.895313474478911,11.895313474478911,46.125000000000064
33.73000000000186,0,0,11.896794422200799,11.896794422200799,46.125000000000064
33.74000000000186,0,0,11.898275061254893,11.898275061254893,46.125000000000064
33.750000000001855,0,0,11.899755391817806,11.899755391817806,46.125000000000064
33.76000000000185,0,0,11.90123541406902,11.90123541406902,46.125000000000064
33.77000000000185,0,0,11.90271512819099,11.90271512819099,46.125000000000064
33.78000000000185,0,0,11.90419453436894,11.90419453436894,46.125000000000064
33.79000000000185,0,0,11.905660990653857,11.905660990653857,46.125000000000064
33.800000000001845,0,0,11.907125194217073,11.907125194217073,46.125000000000064
33.81000000000184,0,0,11.908589081742647,11.908589081742647,46.125000000000064
33.82000000000184,0,0,11.91005265333358,11.91005265333358,46.125000000000064
33.83000000000184,0,0,11.911515909095243,11.911515909095243,46.125000000000064
33.84000000000184,0,0,11.912978849135385,11.912978849135385,46.125000000000064
33.850000000001835,0,0,11.914441473564167,11.914441473564167,46.125000000000064
33.86000000000183,0,0,11.91590378249417,11.91590378249417,46.125000000000064
33.87000000000183,0,0,11.917365776040356,11.917365776040356,46.125000000000064
33.88000000000183,0,0,11.918827454320194,11.918827454320194,46.125000000000064
33.89000000000183,0,0,11.920288817453482,11.920288817453482,46.125000000000064
33.900000000001825,0,0,11.921749865562617,11.921749865562617,46.125000000000064
33.91000000000182,0,0,11.923210598772414,11.923210598772414,46.125000000000064
33.92000000000182,0,0,11.924671017210159,11.924671017210159,46.125000000000064
33.93000000000182,0,0,11.926131121005625,11.926131121005625,46.125000000000064
33.94000000000182,0,0,11.927590910291201,11.927590910291201,46.125000000000064
33.950000000001815,0,0,11.929050385201705,11.929050385201705,46.125000000000064
33.96000000000181,0,0,11.930509545874528,11.930509545874528,46.125000000000064
33.97000000000181,0,0,11.931968392449704,11.931968392449704,46.125000000000064
33.98000000000181,0,0,11.93342692506971,11.93342692506971,46.125000000000064
33.99000000000181,0,0,11.934885143879711,11.934885143879711,46.125000000000064
34.000000000001805,0,0,11.936343049027414,11.936343049027414,46.125000000000064
34.0100000000018,0,0,11.937800640663184,11.937800640663184,46.125000000000064
34.0200000000018,0,0,11.93925791894003,11.93925791894003,46.125000000000064
34.0300000000018,0,0,11.940714884013559,11.940714884013559,46.125000000000064
34.0400000000018,0,0,11.942171536042068,11.942171536042068,46.125000000000064
34.050000000001795,0,0,11.943627875186564,11.943627875186564,46.125000000000064
34.06000000000179,0,0,11.945083901610687,11.945083901610687,46.125000000000064
34.07000000000179,0,0,11.946539615480788,11.946539615480788,46.125000000000064
34.08000000000179,0,0,11.947995016966075,11.947995016966075,46.125000000000064
34.09000000000179,0,0,11.949450106238302,11.949450106238302,46.125000000000064
34.100000000001785,0,0,11.950904883472077,11.950904883472077,46.125000000000064
34.11000000000178,0,0,11.952359348844752,11.952359348844752,46.125000000000064
34.12000000000178,0,0,11.953813502536462,11.953813502536462,46.125000000000064
34.13000000000178,0,0,11.955267344730245,11.955267344730245,46.125000000000064
34.14000000000178,0,0,11.956720875611794,11.956720875611794,46.125000000000064
34.150000000001775,0,0,11.958174095369742,11.958174095369742,46.125000000000064
34.16000000000177,0,0,11.95962700419554,11.95962700419554,46.125000000000064
34.17000000000177,0,0,11.961079602283462,11.961079602283462,46.125000000000064
34.18000000000177,0,0,11.962531889830785,11.962531889830785,46.125000000000064
34.19000000000177,0,0,11.963983867037513,11.963983867037513,46.125000000000064
34.200000000001765,0,0,11.965435534106703,11.965435534106703,46.125000000000064
34.21000000000176,0,0,11.966865667608829,11.966865667608829,46.125000000000064
34.22000000000176,0,0,11.968294283318812,11.968294283318812,46.125000000000064
34.23000000000176,0,0,11.969722770585847,11.969722770585847,46.125000000000064
34.24000000000176,0,0,11.971151129198432,11.971151129198432,46.125000000000064
34.250000000001755,0,0,11.972579358947954,11.972579358947954,46.125000000000064
34.26000000000175,0,0,11.97400745962878,11.97400745962878,46.125000000000064
34.27000000000175,0,0,11.975435431038221,11.975435431038221,46.125000000000064
34.28000000000175,0,0,11.976863272976544,11.976863272976544,46.125000000000064
34.29000000000175,0,0,11.978290985247014,11.978290985247014,46.125000000000064
34.300000000001745,0,0,11.979718567655794,11.979718567655794,46.125000000000064
34.31000000000174,0,0,11.981146020012176,11.981146020012176,46.125000000000064
34.32000000000174,0,0,11.982573342128376,11.982573342128376,46.125000000000064
34.33000000000174,0,0,11.984000533819724,11.984000533819724,46.125000000000064
34.34000000000174,0,0,11.98542759490455,11.98542759490455,46.125000000000064
34.350000000001735,0,0,11.986854525204294,11.986854525204294,46.125000000000064
34.36000000000173,0,0,11.988281324543507,11.988281324543507,46.125000000000064
34.37000000000173,0,0,11.989707992749729,11.989707992749729,46.125000000000064
34.38000000000173,0,0,11.991134529653763,11.991134529653763,46.125000000000064
34.39000000000173,0,0,11.992560935089458,11.992560935089458,46.125000000000064
34.400000000001725,0,0,11.993987208893856,11.993987208893856,46.125000000000064
34.41000000000172,0,0,11.995413350907171,11.995413350907171,46.125000000000064
34.42000000000172,0,0,11.996839360972743,11.996839360972743,46.125000000000064
34.43000000000172,0,0,11.998265238937194,11.998265238937194,46.125000000000064
34.44000000000172,0,0,11.999690984650371,11.999690984650371,46.125000000000064
34.450000000001715,0,0,12.001116597965279,12.001116597965279,46.125000000000064
34.46000000000171,0,0,12.002542078738244,12.002542078738244,46.125000000000064
34.47000000000171,0,0,12.003967426828808,12.003967426828808,46.125000000000064
34.48000000000171,0,0,12.005392642099906,12.005392642099906,46.125000000000064
34.49000000000171,0,0,12.0068177244177,12.0068177244177,46.125000000000064
34.500000000001705,0,0,12.00824267365168,12.00824267365168,46.125000000000064
34.5100000000017,0,0,12.009667489674726,12.009667489674726,46.125000000000064
34.5200000000017,0,0,12.011092172363021,12.011092172363021,46.125000000000064
34.5300000000017,0,0,12.012516721596157,12.012516721596157,46.125000000000064
34.5400000000017,0,0,12.01394113725712,12.01394113725712,46.125000000000064
34.550000000001695,0,0,12.015365419232367,12.015365419232367,46.125000000000064
34.56000000000169,0,0,12.016789567411678,12.016789567411678,46.125000000000064
34.57000000000169,0,0,12.018213581688372,12.018213581688372,46.125000000000064
34.58000000000169,0,0,12.019637461959192,12.019637461959192,46.125000000000064
34.59000000000169,0,0,12.021061208124436,12.021061208124436,46.125000000000064
34.600000000001685,0,0,12.02248482008784,12.02248482008784,46.125000000000064
34.61000000000168,0,0,12.023908297756734,12.023908297756734,46.125000000000064
34.62000000000168,0,0,12.025331641041888,12.025331641041888,46.125000000000064
34.63000000000168,0,0,12.026754849857753,12.026754849857753,46.125000000000064
34.64000000000168,0,0,12.028177924122303,12.028177924122303,46.125000000000064
34.650000000001675,0,0,12.029580243763832,12.029580243763832,46.125000000000064
34.66000000000167,0,0,12.03097966666023,12.03097966666023,46.125000000000064
34.67000000000167,0,0,12.032378624192674,12.032378624192674,46.125000000000064
34.68000000000167,0,0,12.033777116823927,12.033777116823927,46.125000000000064
34.69000000000167,0,0,12.03517514501877,12.03517514501877,46.125000000000064
34.700000000001666,0,0,12.036572709244084,12.036572709244084,46.125000000000064
34.71000000000166,0,0,12.037969809968772,12.037969809968772,46.125000000000064
34.72000000000166,0,0,12.039366447663895,12.039366447663895,46.125000000000064
34.73000000000166,0,0,12.04076262280239,12.04076262280239,46.125000000000064
34.74000000000166,0,0,12.04215833585944,12.04215833585944,46.125000000000064
34.750000000001656,0,0,12.043553587312402,12.043553587312402,46.125000000000064
34.760000000001654,0,0,12.044948377640551,12.044948377640551,46.125000000000064
34.77000000000165,0,0,12.04634270732548,12.04634270732548,46.125000000000064
34.78000000000165,0,0,12.047736576850866,12.047736576850866,46.125000000000064
34.79000000000165,0,0,12.049129986702539,12.049129986702539,46.125000000000064
34.800000000001646,0,0,12.050522937368598,12.050522937368598,46.125000000000064
34.810000000001644,0,0,12.051915429339218,12.051915429339218,46.125000000000064
34.82000000000164,0,0,12.053307463106862,12.053307463106862,46.125000000000064
34.83000000000164,0,0,12.05469903916628,12.05469903916628,46.125000000000064
34.84000000000164,0,0,12.056090158014314,12.056090158014314,46.125000000000064
34.850000000001636,0,0,12.057480820150232,12.057480820150232,46.125000000000064
34.860000000001634,0,0,12.058871026075451,12.058871026075451,46.125000000000064
34.87000000000163,0,0,12.060260776293745,12.060260776293745,46.125000000000064
34.88000000000163,0,0,12.061650071311249,12.061650071311249,46.125000000000064
34.89000000000163,0,0,12.063038911636284,12.063038911636284,46.125000000000064
34.900000000001626,0,0,12.064427297779659,12.064427297779659,46.125000000000064
34.910000000001624,0,0,12.06581523025443,12.06581523025443,46.125000000000064
34.92000000000162,0,0,12.067202709576065,12.067202709576065,46.125000000000064
34.93000000000162,0,0,12.068589736262453,12.068589736262453,46.125000000000064
34.94000000000162,0,0,12.069976310833852,12.069976310833852,46.125000000000064
34.950000000001616,0,0,12.071362269122673,12.071362269122673,46.125000000000064
34.960000000001614,0,0,12.072747528610464,12.072747528610464,46.125000000000064
34.97000000000161,0,0,12.074132659697426,12.074132659697426,46.125000000000064
34.98000000000161,0,0,12.075517662282266,12.075517662282266,46.125000000000064
34.99000000000161,0,0,12.076902536267127,12.076902536267127,46.125000000000064
35.000000000001606,0,0,12.078287281557522,12.078287281557522,46.125000000000064
35.010000000001604,0,0,12.079671898062387,12.079671898062387,46.125000000000064
35.0200000000016,0,0,12.08105638569424,12.08105638569424,46.125000000000064
35.0300000000016,0,0,12.082440744368967,12.082440744368967,46.125000000000064
35.0400000000016,0,0,12.083824974006049,12.083824974006049,46.125000000000064
35.050000000001596,0,0,12.085209074528422,12.085209074528422,46.125000000000064
35.060000000001594,0,0,12.086593045862614,12.086593045862614,46.125000000000064
35.07000000000159,0,0,12.087976887938723,12.087976887938723,46.125000000000064
35.08000000000159,0,0,12.089360600690341,12.089360600690341,46.125000000000064
35.09000000000159,0,0,12.090740553523858,12.090740553523858,46.125000000000064
35.100000000001586,0,0,12.092115891994638,12.092115891994638,46.125000000000064
35.110000000001584,0,0,12.093490769144239,12.093490769144239,46.125000000000064
35.12000000000158,0,0,12.094865185442572,12.094865185442572,46.125000000000064
35.13000000000158,0,0,12.096239141361622,12.096239141361622,46.125000000000064
35.14000000000158,0,0,12.09761263737549,12.09761263737549,46.125000000000064
35.150000000001576,0,0,12.098985673960257,12.098985673960257,46.125000000000064
35.160000000001574,0,0,12.100358251594216,12.100358251594216,46.125000000000064
35.17000000000157,0,0,12.10173037075775,12.10173037075775,46.125000000000064
35.18000000000157,0,0,12.103102031933417,12.103102031933417,46.125000000000064
35.19000000000157,0,0,12.104473235605838,12.104473235605838,46.125000000000064
35.200000000001566,0,0,12.105843982261888,12.105843982261888,46.125000000000064
35.210000000001564,0,0,12.107214272390593,12.107214272390593,46.125000000000064
35.22000000000156,0,0,12.10858410648315,12.10858410648315,46.125000000000064
35.23000000000156,0,0,12.109953485032975,12.109953485032975,46.125000000000064
35.24000000000156,0,0,12.111322408535798,12.111322408535798,46.125000000000064
35.250000000001556,0,0,12.112690877489456,12.112690877489456,46.125000000000064
35.260000000001554,0,0,12.11405889239414,12.11405889239414,46.125000000000064
35.27000000000155,0,0,12.11542645375225,12.11542645375225,46.125000000000064
35.28000000000155,0,0,12.116793562068551,12.116793562068551,46.125000000000064
35.29000000000155,0,0,12.118160217850019,12.118160217850019,46.125000000000064
35.300000000001546,0,0,12.119526421606025,12.119526421606025,46.125000000000064
35.310000000001544,0,0,12.120892173848233,12.120892173848233,46.125000000000064
35.32000000000154,0,0,12.12225747509072,12.12225747509072,46.125000000000064
35.33000000000154,0,0,12.123622325849809,12.123622325849809,46.125000000000064
35.34000000000154,0,0,12.124986726644337,12.124986726644337,46.125000000000064
35.350000000001536,0,0,12.126350677995461,12.126350677995461,46.125000000000064
35.360000000001534,0,0,12.127714180426807,12.127714180426807,46.125000000000064
35.37000000000153,0,0,12.129077234464361,12.129077234464361,46.125000000000064
35.38000000000153,0,0,12.13044042571427,12.13044042571427,46.125000000000064
35.39000000000153,0,0,12.131803372607095,12.131803372607095,46.125000000000064
35.400000000001526,0,0,12.133165874933567,12.133165874933567,46.125000000000064
35.410000000001524,0,0,12.134527933172023,12.134527933172023,46.125000000000064
35.42000000000152,0,0,12.135889547802506,12.135889547802506,46.125000000000064
35.43000000000152,0,0,12.137250719306493,12.137250719306493,46.125000000000064
35.44000000000152,0,0,12.138611448167381,12.138611448167381,46.125000000000064
35.450000000001516,0,0,12.139971734870016,12.139971734870016,46.125000000000064
35.460000000001514,0,0,12.141331579900992,12.141331579900992,46.125000000000064
35.47000000000151,0,0,12.142690983748622,12.142690983748622,46.125000000000064
35.48000000000151,0,0,12.144049946902854,12.144049946902854,46.125000000000064
35.49000000000151,0,0,12.145408469855326,12.145408469855326,46.125000000000064
35.500000000001506,0,0,12.146766553099468,12.146766553099468,46.125000000000064
35.510000000001504,0,0,12.148124197130315,12.148124197130315,46.125000000000064
35.5200000000015,0,0,12.149481402444692,12.149481402444692,46.125000000000064
35.5300000000015,0,0,12.150838169541132,12.150838169541132,46.125000000000064
35.5400000000015,0,0,12.152192133140659,12.152192133140659,46.125000000000064
35.550000000001496,0,0,12.153544286758475,12.153544286758475,46.125000000000064
35.560000000001494,0,0,12.15489598606122,12.15489598606122,46.125000000000064
35.57000000000149,0,0,12.156247231486617,12.156247231486617,46.125000000000064
35.58000000000149,0,0,12.157598023473724,12.157598023473724,46.125000000000064
35.59000000000149,0,0,12.158948362463136,12.158948362463136,46.125000000000064
35.60000000000149,0,0,12.160298248896908,12.160298248896908,46.125000000000064
35.610000000001484,0,0,12.161647683218504,12.161647683218504,46.125000000000064
35.62000000000148,0,0,12.16299666587284,12.16299666587284,46.125000000000064
35.63000000000148,0,0,12.164345197306389,12.164345197306389,46.125000000000064
35.64000000000148,0,0,12.165693277967023,12.165693277967023,46.125000000000064
35.65000000000148,0,0,12.167040908304102,12.167040908304102,46.125000000000064
35.660000000001475,0,0,12.168388088768594,12.168388088768594,46.125000000000064
35.67000000000147,0,0,12.169734819812774,12.169734819812774,46.125000000000064
35.68000000000147,0,0,12.171081101890664,12.171081101890664,46.125000000000064
35.69000000000147,0,0,12.172426935457608,12.172426935457608,46.125000000000064
35.70000000000147,0,0,12.17377232097057,12.17377232097057,46.125000000000064
35.710000000001465,0,0,12.175117258888008,12.175117258888008,46.125000000000064
35.72000000000146,0,0,12.176461749670054,12.176461749670054,46.125000000000064
35.73000000000146,0,0,12.177805793778134,12.177805793778134,46.125000000000064
35.74000000000146,0,0,12.179149391675494,12.179149391675494,46.125000000000064
35.75000000000146,0,0,12.180492543826773,12.180492543826773,46.125000000000064
35.760000000001455,0,0,12.181835250698285,12.181835250698285,46.125000000000064
35.77000000000145,0,0,12.183177512757837,12.183177512757837,46.125000000000064
35.78000000000145,0,0,12.184519330474927,12.184519330474927,46.125000000000064
35.79000000000145,0,0,12.185860704320604,12.185860704320604,46.125000000000064
35.80000000000145,0,0,12.187201634767476,12.187201634767476,46.125000000000064
35.810000000001445,0,0,12.18854212228986,12.18854212228986,46.125000000000064
35.82000000000144,0,0,12.189882167363592,12.189882167363592,46.125000000000064
35.83000000000144,0,0,12.191221770466242,12.191221770466242,46.125000000000064
35.84000000000144,0,0,12.192560932076944,12.192560932076944,46.125000000000064
35.85000000000144,0,0,12.19389965267652,12.19389965267652,46.125000000000064
35.860000000001435,0,0,12.195237932747418,12.195237932747418,46.125000000000064
35.87000000000143,0,0,12.196575772773798,12.196575772773798,46.125000000000064
35.88000000000143,0,0,12.197913173241403,12.197913173241403,46.125000000000064
35.89000000000143,0,0,12.19925013463778,12.19925013463778,46.125000000000064
35.90000000000143,0,0,12.200586657452078,12.200586657452078,46.125000000000064
35.910000000001425,0,0,12.201922742175142,12.201922742175142,46.125000000000064
35.92000000000142,0,0,12.203258389299606,12.203258389299606,46.125000000000064
35.93000000000142,0,0,12.20459359931968,12.20459359931968,46.125000000000064
35.94000000000142,0,0,12.20592837273145,12.20592837273145,46.125000000000064
35.95000000000142,0,0,12.207262710032637,12.207262710032637,46.125000000000064
35.960000000001415,0,0,12.20859661172274,12.20859661172274,46.125000000000064
35.97000000000141,0,0,12.209930078303003,12.209930078303003,46.125000000000064
35.98000000000141,0,0,12.211263110276434,12.211263110276434,46.125000000000064
35.99000000000141,0,0,12.212594102454304,12.212594102454304,46.125000000000064
36.00000000000141,0,0,12.213922341733365,12.213922341733365,46.125000000000064
36.010000000001405,0,0,12.215250129903822,12.215250129903822,46.125000000000064
36.0200000000014,0,0,12.216577467405429,12.216577467405429,46.125000000000064
36.0300000000014,0,0,12.217904354679433,12.217904354679433,46.125000000000064
36.0400000000014,0,0,12.219230792168517,12.219230792168517,46.125000000000064
36.0500000000014,0,0,12.220556780316798,12.220556780316798,46.125000000000064
36.060000000001395,0,0,12.221882319569929,12.221882319569929,46.125000000000064
36.07000000000139,0,0,12.223207410374982,12.223207410374982,46.125000000000064
36.08000000000139,0,0,12.224532053180553,12.224532053180553,46.125000000000064
36.09000000000139,0,0,12.225856248436642,12.225856248436642,46.125000000000064
36.10000000000139,0,0,12.227179996594927,12.227179996594927,46.125000000000064
36.110000000001385,0,0,12.228503298108407,12.228503298108407,46.125000000000064
36.12000000000138,0,0,12.229826153431702,12.229826153431702,46.125000000000064
36.13000000000138,0,0,12.231148563020923,12.231148563020923,46.125000000000064
36.14000000000138,0,0,12.232470527333703,12.232470527333703,46.125000000000064
36.15000000000138,0,0,12.233792046829265,12.233792046829265,46.125000000000064
36.160000000001375,0,0,12.23511312196824,12.23511312196824,46.125000000000064
36.17000000000137,0,0,12.236433753213007,12.236433753213007,46.125000000000064
36.18000000000137,0,0,12.237753941027364,12.237753941027364,46.125000000000064
36.19000000000137,0,0,12.239073685876718,12.239073685876718,46.125000000000064
36.20000000000137,0,0,12.240392988228066,12.240392988228066,46.125000000000064
36.210000000001365,0,0,12.241711848549969,12.241711848549969,46.125000000000064
36.22000000000136,0,0,12.243030267312548,12.243030267312548,46.125000000000064
36.23000000000136,0,0,12.244348244987663,12.244348244987663,46.125000000000064
36.24000000000136,0,0,12.245665782048604,12.245665782048604,46.125000000000064
36.25000000000136,0,0,12.246982878970357,12.246982878970357,46.125000000000064
36.260000000001355,0,0,12.248300265556793,12.248300265556793,46.125000000000064
36.27000000000135,0,0,12.249626942071345,12.249626942071345,46.125000000000064
36.28000000000135,0,0,12.250953176824922,12.250953176824922,46.125000000000064
36.29000000000135,0,0,12.252278970300694,12.252278970300694,46.125000000000064
36.30000000000135,0,0,12.253604322983506,12.253604322983506,46.125000000000064
36.310000000001345,0,0,12.254929235359967,12.254929235359967,46.125000000000064
36.32000000000134,0,0,12.25625370791822,12.25625370791822,46.125000000000064
36.33000000000134,0,0,12.257577741148253,12.257577741148253,46.125000000000064
36.34000000000134,0,0,12.258901335541637,12.258901335541637,46.125000000000064
36.35000000000134,0,0,12.260224491591757,12.260224491591757,46.125000000000064
36.360000000001335,0,0,12.26154720979362,12.26154720979362,46.125000000000064
36.37000000000133,0,0,12.262869490644022,12.262869490644022,46.125000000000064
36.38000000000133,0,0,12.264191334641481,12.264191334641481,46.125000000000064
36.39000000000133,0,0,12.26551274228622,12.26551274228622,46.125000000000064
36.40000000000133,0,0,12.266833714080306,12.266833714080306,46.125000000000064
36.410000000001325,0,0,12.26815425052746,12.26815425052746,46.125000000000064
36.42000000000132,0,0,12.26947435213323,12.26947435213323,46.125000000000064
36.43000000000132,0,0,12.270794019404946,12.270794019404946,46.125000000000064
36.44000000000132,0,0,12.272113252851724,12.272113252851724,46.125000000000064
36.45000000000132,0,0,12.273428820612239,12.273428820612239,46.125000000000064
36.460000000001315,0,0,12.274743030758898,12.274743030758898,46.125000000000064
36.47000000000131,0,0,12.276056789977943,12.276056789977943,46.125000000000064
36.48000000000131,0,0,12.277370098713135,12.277370098713135,46.125000000000064
36.49000000000131,0,0,12.2786829574095,12.2786829574095,46.125000000000064
36.50000000000131,0,0,12.279995366513731,12.279995366513731,46.125000000000064
36.510000000001305,0,0,12.281307326473865,12.281307326473865,46.125000000000064
36.5200000000013,0,0,12.282618837739534,12.282618837739534,46.125000000000064
36.5300000000013,0,0,12.283929900761791,12.283929900761791,46.125000000000064
36.5400000000013,0,0,12.285240515993266,12.285240515993266,46.125000000000064
36.5500000000013,0,0,12.28655068388801,12.28655068388801,46.125000000000064
36.560000000001295,0,0,12.28786040490175,12.28786040490175,46.125000000000064
36.57000000000129,0,0,12.289169679491565,12.289169679491565,46.125000000000064
36.58000000000129,0,0,12.29047850811618,12.29047850811618,46.125000000000064
36.59000000000129,0,0,12.291787009627399,12.291787009627399,46.125000000000064
36.60000000000129,0,0,12.293095136193202,12.293095136193202,46.125000000000064
36.610000000001286,0,0,12.294402819734955,12.294402819734955,46.125000000000064
36.62000000000128,0,0,12.295710060717155,12.295710060717155,46.125000000000064
36.63000000000128,0,0,12.297017388737714,12.297017388737714,46.125000000000064
36.64000000000128,0,0,12.298324696436808,12.298324696436808,46.125000000000064
36.65000000000128,0,0,12.299631566077181,12.299631566077181,46.125000000000064
36.660000000001276,0,0,12.30093799814236,12.30093799814236,46.125000000000064
36.670000000001274,0,0,12.302243993117472,12.302243993117472,46.125000000000064
36.68000000000127,0,0,12.303549551489354,12.303549551489354,46.125000000000064
36.69000000000127,0,0,12.304854673746519,12.304854673746519,46.125000000000064
36.70000000000127,0,0,12.30615936037914,12.30615936037914,46.125000000000064
36.710000000001266,0,0,12.307463611879157,12.307463611879157,46.125000000000064
36.720000000001264,0,0,12.308767428740182,12.308767428740182,46.125000000000064
36.73000000000126,0,0,12.310070811457479,12.310070811457479,46.125000000000064
36.74000000000126,0,0,12.311373760528141,12.311373760528141,46.125000000000064
36.75000000000126,0,0,12.312676276450944,12.312676276450944,46.125000000000064
36.760000000001256,0,0,12.31397835972642,12.31397835972642,46.125000000000064
36.770000000001254,0,0,12.315280010856839,12.315280010856839,46.125000000000064
36.78000000000125,0,0,12.316581230346202,12.316581230346202,46.125000000000064
36.79000000000125,0,0,12.317882018700374,12.317882018700374,46.125000000000064
36.80000000000125,0,0,12.319182376426838,12.319182376426838,46.125000000000064
36.810000000001246,0,0,12.320482304035053,12.320482304035053,46.125000000000064
36.820000000001244,0,0,12.321781802036114,12.321781802036114,46.125000000000064
36.83000000000124,0,0,12.323080870942974,12.323080870942974,46.125000000000064
36.84000000000124,0,0,12.324379511270365,12.324379511270365,46.125000000000064
36.85000000000124,0,0,12.325677723534909,12.325677723534909,46.125000000000064
36.860000000001236,0,0,12.326975508255032,12.326975508255032,46.125000000000064
36.870000000001234,0,0,12.328272865950922,12.328272865950922,46.125000000000064
36.88000000000123,0,0,12.329569797144686,12.329569797144686,46.125000000000064
36.89000000000123,0,0,12.330866302360263,12.330866302360263,46.125000000000064
36.90000000000123,0,0,12.332162382123443,12.332162382123443,46.125000000000064
36.910000000001226,0,0,12.333454745623328,12.333454745623328,46.125000000000064
36.920000000001224,0,0,12.334745465716537,12.334745465716537,46.125000000000064
36.93000000000122,0,0,12.33603574238657,12.33603574238657,46.125000000000064
36.94000000000122,0,0,12.337325576090123,12.337325576090123,46.125000000000064
36.95000000000122,0,0,12.33861496728538,12.33861496728538,46.125000000000064
36.960000000001216,0,0,12.339903916432107,12.339903916432107,46.125000000000064
36.970000000001214,0,0,12.341192423991572,12.341192423991572,46.125000000000064
36.98000000000121,0,0,12.34248049042661,12.34248049042661,46.125000000000064
36.99000000000121,0,0,12.343768116201659,12.343768116201659,46.125000000000064
37.00000000000121,0,0,12.345055301782693,12.345055301782693,46.125000000000064
37.010000000001206,0,0,12.346342047637265,12.346342047637265,46.125000000000064
37.020000000001204,0,0,12.347628354234502,12.347628354234502,46.125000000000064
37.0300000000012,0,0,12.348914222045181,12.348914222045181,46.125000000000064
37.0400000000012,0,0,12.350199651541587,12.350199651541587,46.125000000000064
37.0500000000012,0,0,12.351484643197708,12.351484643197708,46.125000000000064
37.060000000001196,0,0,12.352769197489096,12.352769197489096,46.125000000000064
37.070000000001194,0,0,12.354053314892894,12.354053314892894,46.125000000000064
37.08000000000119,0,0,12.355336995887995,12.355336995887995,46.125000000000064
37.09000000000119,0,0,12.356620240954797,12.356620240954797,46.125000000000064
37.10000000000119,0,0,12.35790305057543,12.35790305057543,46.125000000000064
37.110000000001186,0,0,12.35918542523359,12.35918542523359,46.125000000000064
37.120000000001184,0,0,12.360467365414792,12.360467365414792,46.125000000000064
37.13000000000118,0,0,12.361748871606096,12.361748871606096,46.125000000000064
37.14000000000118,0,0,12.36302994429623,12.36302994429623,46.125000000000064
37.15000000000118,0,0,12.364310583975652,12.364310583975652,46.125000000000064
37.160000000001176,0,0,12.36559079113654,12.36559079113654,46.125000000000064
37.170000000001174,0,0,12.366870566272766,12.366870566272766,46.125000000000064
37.18000000000117,0,0,12.368149909879818,12.368149909879818,46.125000000000064
37.19000000000117,0,0,12.369428822455035,12.369428822455035,46.125000000000064
37.20000000000117,0,0,12.370707304497387,12.370707304497387,46.125000000000064
37.210000000001166,0,0,12.37198535650765,12.37198535650765,46.125000000000064
37.220000000001164,0,0,12.373262978988265,12.373262978988265,46.125000000000064
37.23000000000116,0,0,12.374540172443417,12.374540172443417,46.125000000000064
37.24000000000116,0,0,12.37581688802939,12.37581688802939,46.125000000000064
37.25000000000116,0,0,12.37709316686832,12.37709316686832,46.125000000000064
37.260000000001156,0,0,12.378369018271172,12.378369018271172,46.125000000000064
37.270000000001154,0,0,12.379644442749196,12.379644442749196,46.125000000000064
37.28000000000115,0,0,12.38091944081549,12.38091944081549,46.125000000000064
37.29000000000115,0,0,12.382194012984968,12.382194012984968,46.125000000000064
37.30000000000115,0,0,12.383468159774324,12.383468159774324,46.125000000000064
37.310000000001146,0,0,12.384741881702055,12.384741881702055,46.125000000000064
37.320000000001144,0,0,12.386015179288549,12.386015179288549,46.125000000000064
37.33000000000114,0,0,12.387288053055897,12.387288053055897,46.125000000000064
37.34000000000114,0,0,12.388560503528169,12.388560503528169,46.125000000000064
37.35000000000114,0,0,12.389832531231221,12.389832531231221,46.125000000000064
37.360000000001136,0,0,12.391104136692789,12.391104136692789,46.125000000000064
37.370000000001134,0,0,12.392374023633025,12.392374023633025,46.125000000000064
37.38000000000113,0,0,12.393640147723431,12.393640147723431,46.125000000000064
37.39000000000113,0,0,12.394905831152755,12.394905831152755,46.125000000000064
37.40000000000113,0,0,12.396171074378358,12.396171074378358,46.125000000000064
37.410000000001126,0,0,12.397435877859053,12.397435877859053,46.125000000000064
37.420000000001124,0,0,12.398700242055156,12.398700242055156,46.125000000000064
37.43000000000112,0,0,12.399964167428593,12.399964167428593,46.125000000000064
37.44000000000112,0,0,12.401227654442806,12.401227654442806,46.125000000000064
37.45000000000112,0,0,12.402490703562833,12.402490703562833,46.125000000000064
37.460000000001116,0,0,12.403753315255258,12.403753315255258,46.125000000000064
37.470000000001114,0,0,12.405015489988216,12.405015489988216,46.125000000000064
37.48000000000111,0,0,12.406277228231474,12.406277228231474,46.125000000000064
37.49000000000111,0,0,12.407538530456335,12.407538530456335,46.125000000000064
37.50000000000111,0,0,12.408799397135766,12.408799397135766,46.125000000000064
37.51000000000111,0,0,12.410059828744266,12.410059828744266,46.125000000000064
37.520000000001104,0,0,12.411319825757985,12.411319825757985,46.125000000000064
37.5300000000011,0,0,12.412579388654663,12.412579388654663,46.125000000000064
37.5400000000011,0,0,12.413838517913703,12.413838517913703,46.125000000000064
37.5500000000011,0,0,12.415097214016114,12.415097214016114,46.125000000000064
37.5600000000011,0,0,12.416355449650212,12.416355449650212,46.125000000000064
37.570000000001095,0,0,12.417613223514593,12.417613223514593,46.125000000000064
37.58000000000109,0,0,12.418870565740463,12.418870565740463,46.125000000000064
37.59000000000109,0,0,12.420127476815367,12.420127476815367,46.125000000000064
37.60000000000109,0,0,12.421383957228642,12.421383957228642,46.125000000000064
37.61000000000109,0,0,12.422641031075571,12.422641031075571,46.125000000000064
37.620000000001085,0,0,12.423897787666121,12.423897787666121,46.125000000000064
37.63000000000108,0,0,12.425154118530244,12.425154118530244,46.125000000000064
37.64000000000108,0,0,12.426410024178324,12.426410024178324,46.125000000000064
37.65000000000108,0,0,12.427665505122604,12.427665505122604,46.125000000000064
37.66000000000108,0,0,12.428920561877135,12.428920561877135,46.125000000000064
37.670000000001075,0,0,12.430175194957684,12.430175194957684,46.125000000000064
37.68000000000107,0,0,12.43142940488191,12.43142940488191,46.125000000000064
37.69000000000107,0,0,12.43268319216918,12.43268319216918,46.125000000000064
37.70000000000107,0,0,12.433936557340786,12.433936557340786,46.125000000000064
37.71000000000107,0,0,12.43518950091979,12.43518950091979,46.125000000000064
37.720000000001065,0,0,12.436442023431098,12.436442023431098,46.125000000000064
37.73000000000106,0,0,12.43769412540145,12.43769412540145,46.125000000000064
37.74000000000106,0,0,12.438945807359474,12.438945807359474,46.125000000000064
37.75000000000106,0,0,12.440197069835605,12.440197069835605,46.125000000000064
37.76000000000106,0,0,12.441447913362182,12.441447913362182,46.125000000000064
37.770000000001055,0,0,12.442698338473392,12.442698338473392,46.125000000000064
37.78000000000105,0,0,12.443948345705394,12.443948345705394,46.125000000000064
37.79000000000105,0,0,12.445197935596127,12.445197935596127,46.125000000000064
37.80000000000105,0,0,12.446447108685476,12.446447108685476,46.125000000000064
37.81000000000105,0,0,12.447695865515229,12.447695865515229,46.125000000000064
37.820000000001045,0,0,12.448944206629164,12.448944206629164,46.125000000000064
37.83000000000104,0,0,12.450192132572852,12.450192132572852,46.125000000000064
37.84000000000104,0,0,12.451437689536377,12.451437689536377,46.125000000000064
37.85000000000104,0,0,12.452679835587205,12.452679835587205,46.125000000000064
37.86000000000104,0,0,12.453921547083937,12.453921547083937,46.125000000000064
37.870000000001035,0,0,12.455162824498075,12.455162824498075,46.125000000000064
37.88000000000103,0,0,12.456403657916823,12.456403657916823,46.125000000000064
37.89000000000103,0,0,12.457644011995967,12.457644011995967,46.125000000000064
37.90000000000103,0,0,12.458883933481431,12.458883933481431,46.125000000000064
37.91000000000103,0,0,12.460123422851098,12.460123422851098,46.125000000000064
37.920000000001025,0,0,12.46136248058447,12.46136248058447,46.125000000000064
37.93000000000102,0,0,12.462601107162598,12.462601107162598,46.125000000000064
37.94000000000102,0,0,12.46383930306827,12.46383930306827,46.125000000000064
37.95000000000102,0,0,12.465077068785845,12.465077068785845,46.125000000000064
37.96000000000102,0,0,12.46631440480138,12.46631440480138,46.125000000000064
37.970000000001015,0,0,12.467551311602534,12.467551311602534,46.125000000000064
37.98000000000101,0,0,12.468787789678615,12.468787789678615,46.125000000000064
37.99000000000101,0,0,12.470023839520735,12.470023839520735,46.125000000000064
38.00000000000101,0,0,12.471259461621543,12.471259461621543,46.125000000000064
38.01000000000101,0,0,12.472494656475419,12.472494656475419,46.125000000000064
38.020000000001005,0,0,12.473729424578451,12.473729424578451,46.125000000000064
38.030000000001,0,0,12.474963766428388,12.474963766428388,46.125000000000064
38.040000000001,0,0,12.476197682524727,12.476197682524727,46.125000000000064
38.050000000001,0,0,12.4774311733687,12.4774311733687,46.125000000000064
38.060000000001,0,0,12.478664239463157,12.478664239463157,46.125000000000064
38.070000000000995,0,0,12.479896881312811,12.479896881312811,46.125000000000064
38.08000000000099,0,0,12.481129099424038,12.481129099424038,46.125000000000064
38.09000000000099,0,0,12.482360894304918,12.482360894304918,46.125000000000064
38.10000000000099,0,0,12.483592266465422,12.483592266465422,46.125000000000064
38.11000000000099,0,0,12.484823216417183,12.484823216417183,46.125000000000064
38.120000000000985,0,0,12.486053744673512,12.486053744673512,46.125000000000064
38.13000000000098,0,0,12.487283851749709,12.487283851749709,46.125000000000064
38.14000000000098,0,0,12.488513538162735,12.488513538162735,46.125000000000064
38.15000000000098,0,0,12.489742804431316,12.489742804431316,46.125000000000064
38.16000000000098,0,0,12.490971651076038,12.490971651076038,46.125000000000064
38.170000000000975,0,0,12.492200078619248,12.492200078619248,46.125000000000064
38.18000000000097,0,0,12.493428087585158,12.493428087585158,46.125000000000064
38.19000000000097,0,0,12.494655678499754,12.494655678499754,46.125000000000064
38.20000000000097,0,0,12.495882851890855,12.495882851890855,46.125000000000064
38.21000000000097,0,0,12.497109558634719,12.497109558634719,46.125000000000064
38.220000000000965,0,0,12.49833584265339,12.49833584265339,46.125000000000064
38.23000000000096,0,0,12.499561710807484,12.499561710807484,46.125000000000064
38.24000000000096,0,0,12.500787163632154,12.500787163632154,46.125000000000064
38.25000000000096,0,0,12.502012201664513,12.502012201664513,46.125000000000064
38.26000000000096,0,0,12.503236825443537,12.503236825443537,46.125000000000064
38.270000000000955,0,0,12.504461035510076,12.504461035510076,46.125000000000064
38.28000000000095,0,0,12.505684832406828,12.505684832406828,46.125000000000064
38.29000000000095,0,0,12.506908216678468,12.506908216678468,46.125000000000064
38.30000000000095,0,0,12.508131188871502,12.508131188871502,46.125000000000064
38.31000000000095,0,0,12.509353345633514,12.509353345633514,46.125000000000064
38.320000000000945,0,0,12.510570341642108,12.510570341642108,46.125000000000064
38.33000000000094,0,0,12.511786905757532,12.511786905757532,46.125000000000064
38.34000000000094,0,0,12.513003038451075,12.513003038451075,46.125000000000064
38.35000000000094,0,0,12.51421874019556,12.51421874019556,46.125000000000064
38.36000000000094,0,0,12.515434011465487,12.515434011465487,46.125000000000064
38.370000000000935,0,0,12.516648852736878,12.516648852736878,46.125000000000064
38.38000000000093,0,0,12.517863264487389,12.517863264487389,46.125000000000064
38.39000000000093,0,0,12.519077247196265,12.519077247196265,46.125000000000064
38.40000000000093,0,0,12.520290801344302,12.520290801344302,46.125000000000064
38.41000000000093,0,0,12.521504762829423,12.521504762829423,46.125000000000064
38.420000000000925,0,0,12.522718721786063,12.522718721786063,46.125000000000064
38.43000000000092,0,0,12.523932257204649,12.523932257204649,46.125000000000064
38.44000000000092,0,0,12.525145369587591,12.525145369587591,46.125000000000064
38.45000000000092,0,0,12.526358059438977,12.526358059438977,46.125000000000064
38.46000000000092,0,0,12.52757032726457,12.52757032726457,46.125000000000064
38.470000000000915,0,0,12.528782173571955,12.528782173571955,46.125000000000064
38.48000000000091,0,0,12.529993598870362,12.529993598870362,46.125000000000064
38.49000000000091,0,0,12.53120460367083,12.53120460367083,46.125000000000064
38.50000000000091,0,0,12.532415188486112,12.532415188486112,46.125000000000064
38.51000000000091,0,0,12.533625353830786,12.533625353830786,46.125000000000064
38.520000000000906,0,0,12.534835100221116,12.534835100221116,46.125000000000064
38.5300000000009,0,0,12.536044393366254,12.536044393366254,46.125000000000064
38.5400000000009,0,0,12.537253248271469,12.537253248271469,46.125000000000064
38.5500000000009,0,0,12.53846168584613,12.53846168584613,46.125000000000064
38.5600000000009,0,0,12.539669706613722,12.539669706613722,46.125000000000064
38.570000000000896,0,0,12.540877311099507,12.540877311099507,46.125000000000064
38.580000000000894,0,0,12.542084499830523,12.542084499830523,46.125000000000064
38.59000000000089,0,0,12.543291273335726,12.543291273335726,46.125000000000064
38.60000000000089,0,0,12.544497632145791,12.544497632145791,46.125000000000064
38.61000000000089,0,0,12.54570357679333,12.54570357679333,46.125000000000064
38.620000000000886,0,0,12.546909107812695,12.546909107812695,46.125000000000064
38.630000000000884,0,0,12.548114225740193,12.548114225740193,46.125000000000064
38.64000000000088,0,0,12.549318931113945,12.549318931113945,46.125000000000064
38.65000000000088,0,0,12.55052322447392,12.55052322447392,46.125000000000064
38.66000000000088,0,0,12.551727106361994,12.551727106361994,46.125000000000064
38.670000000000876,0,0,12.552930577321902,12.552930577321902,46.125000000000064
38.680000000000874,0,0,12.554133637899255,12.554133637899255,46.125000000000064
38.69000000000087,0,0,12.555336288641655,12.555336288641655,46.125000000000064
38.70000000000087,0,0,12.556538530098464,12.556538530098464,46.125000000000064
38.71000000000087,0,0,12.557740362821121,12.557740362821121,46.125000000000064
38.720000000000866,0,0,12.558941787362784,12.558941787362784,46.125000000000064
38.730000000000864,0,0,12.56014280427874,12.56014280427874,46.125000000000064
38.74000000000086,0,0,12.5613434141261,12.5613434141261,46.125000000000064
38.75000000000086,0,0,12.562543617463902,12.562543617463902,46.125000000000064
38.76000000000086,0,0,12.56374341485322,12.56374341485322,46.125000000000064
38.770000000000856,0,0,12.564942806857019,12.564942806857019,46.125000000000064
38.780000000000854,0,0,12.566141794040234,12.566141794040234,46.125000000000064
38.79000000000085,0,0,12.567338622883028,12.567338622883028,46.125000000000064
38.80000000000085,0,0,12.568531308765486,12.568531308765486,46.125000000000064
38.81000000000085,0,0,12.569723568969138,12.569723568969138,46.125000000000064
38.820000000000846,0,0,12.57091540397984,12.57091540397984,46.125000000000064
38.830000000000844,0,0,12.572106814285178,12.572106814285178,46.125000000000064
38.84000000000084,0,0,12.573297800374348,12.573297800374348,46.125000000000064
38.85000000000084,0,0,12.574488338439707,12.574488338439707,46.125000000000064
38.86000000000084,0,0,12.575678423286362,12.575678423286362,46.125000000000064
38.870000000000836,0,0,12.5768680854584,12.5768680854584,46.125000000000064
38.880000000000834,0,0,12.578057325451553,12.578057325451553,46.125000000000064
38.89000000000083,0,0,12.579246143763314,12.579246143763314,46.125000000000064
38.90000000000083,0,0,12.580434540892838,12.580434540892838,46.125000000000064
38.91000000000083,0,0,12.581622517340875,12.581622517340875,46.125000000000064
38.920000000000826,0,0,12.582810073610005,12.582810073610005,46.125000000000064
38.930000000000824,0,0,12.583997210204402,12.583997210204402,46.125000000000064
38.94000000000082,0,0,12.585183927629998,12.585183927629998,46.125000000000064
38.95000000000082,0,0,12.58637022639438,12.58637022639438,46.125000000000064
38.96000000000082,0,0,12.587556107006876,12.587556107006876,46.125000000000064
38.970000000000816,0,0,12.588741569978623,12.588741569978623,46.125000000000064
38.980000000000814,0,0,12.589926615822336,12.589926615822336,46.125000000000064
38.99000000000081,0,0,12.591111245052602,12.591111245052602,46.125000000000064
39.00000000000081,0,0,12.592295458185674,12.592295458185674,46.125000000000064
39.01000000000081,0,0,12.593479255739567,12.593479255739567,46.125000000000064
39.020000000000806,0,0,12.594662638234112,12.594662638234112,46.125000000000064
39.030000000000804,0,0,12.595845606190807,12.595845606190807,46.125000000000064
39.0400000000008,0,0,12.597028160133021,12.597028160133021,46.125000000000064
39.0500000000008,0,0,12.598210300585848,12.598210300585848,46.125000000000064
39.0600000000008,0,0,12.599392028076124,12.599392028076124,46.125000000000064
39.070000000000796,0,0,12.600573343132595,12.600573343132595,46.125000000000064
39.080000000000794,0,0,12.601754246285722,12.601754246285722,46.125000000000064
39.09000000000079,0,0,12.60293474399937,12.60293474399937,46.125000000000064
39.10000000000079,0,0,12.604116286771955,12.604116286771955,46.125000000000064
39.11000000000079,0,0,12.605297423369919,12.605297423369919,46.125000000000064
39.120000000000786,0,0,12.606478154348792,12.606478154348792,46.125000000000064
39.130000000000784,0,0,12.607658480266025,12.607658480266025,46.125000000000064
39.14000000000078,0,0,12.608838401680913,12.608838401680913,46.125000000000064
39.15000000000078,0,0,12.610017919154785,12.610017919154785,46.125000000000064
39.16000000000078,0,0,12.61119703325086,12.61119703325086,46.125000000000064
39.170000000000776,0,0,12.612375729370015,12.612375729370015,46.125000000000064
39.180000000000774,0,0,12.613553984656534,12.613553984656534,46.125000000000064
39.19000000000077,0,0,12.614731838330059,12.614731838330059,46.125000000000064
39.20000000000077,0,0,12.61590929096161,12.61590929096161,46.125000000000064
39.21000000000077,0,0,12.617086343124328,12.617086343124328,46.125000000000064
39.220000000000766,0,0,12.618262995393167,12.618262995393167,46.125000000000064
39.230000000000764,0,0,12.619439248345188,12.619439248345188,46.125000000000064
39.24000000000076,0,0,12.620615102559384,12.620615102559384,46.125000000000064
39.25000000000076,0,0,12.621790558616809,12.621790558616809,46.125000000000064
39.26000000000076,0,0,12.622965617100533,12.622965617100533,46.125000000000064
39.270000000000756,0,0,12.624139625342295,12.624139625342295,46.125000000000064
39.280000000000754,0,0,12.625308049608734,12.625308049608734,46.125000000000064
39.29000000000075,0,0,12.626476054378927,12.626476054378927,46.125000000000064
39.30000000000075,0,0,12.627643640153181,12.627643640153181,46.125000000000064
39.31000000000075,0,0,12.628810807433567,12.628810807433567,46.125000000000064
39.320000000000746,0,0,12.629977556723674,12.629977556723674,46.125000000000064
39.330000000000744,0,0,12.631143888528925,12.631143888528925,46.125000000000064
39.34000000000074,0,0,12.632309803356407,12.632309803356407,46.125000000000064
39.35000000000074,0,0,12.633475301714896,12.633475301714896,46.125000000000064
39.36000000000074,0,0,12.634640384114874,12.634640384114874,46.125000000000064
39.370000000000736,0,0,12.635805051068516,12.635805051068516,46.125000000000064
39.380000000000734,0,0,12.636969303089742,12.636969303089742,46.125000000000064
39.39000000000073,0,0,12.638133140694222,12.638133140694222,46.125000000000064
39.40000000000073,0,0,12.63929656439936,12.63929656439936,46.125000000000064
39.41000000000073,0,0,12.640459574724261,12.640459574724261,46.125000000000064
39.42000000000073,0,0,12.641622172189841,12.641622172189841,46.125000000000064
39.430000000000724,0,0,12.64278435731866,12.64278435731866,46.125000000000064
39.44000000000072,0,0,12.643946130635157,12.643946130635157,46.125000000000064
39.45000000000072,0,0,12.645107492665502,12.645107492665502,46.125000000000064
39.46000000000072,0,0,12.6462684439376,12.6462684439376,46.125000000000064
39.47000000000072,0,0,12.647428984981175,12.647428984981175,46.125000000000064
39.480000000000715,0,0,12.648589116327742,12.648589116327742,46.125000000000064
39.49000000000071,0,0,12.649748829136797,12.649748829136797,46.125000000000064
39.50000000000071,0,0,12.650908089801646,12.650908089801646,46.125000000000064
39.51000000000071,0,0,12.652066942438154,12.652066942438154,46.125000000000064
39.52000000000071,0,0,12.653225387584982,12.653225387584982,46.125000000000064
39.530000000000705,0,0,12.654383425782655,12.654383425782655,46.125000000000064
39.5400000000007,0,0,12.655541057573515,12.655541057573515,46.125000000000064
39.5500000000007,0,0,12.656698283501768,12.656698283501768,46.125000000000064
39.5600000000007,0,0,12.657855104113409,12.657855104113409,46.125000000000064
39.5700000000007,0,0,12.659011519956294,12.659011519956294,46.125000000000064
39.580000000000695,0,0,12.660167531580186,12.660167531580186,46.125000000000064
39.59000000000069,0,0,12.66132313953662,12.66132313953662,46.125000000000064
39.60000000000069,0,0,12.66247834437904,12.66247834437904,46.125000000000064
39.61000000000069,0,0,12.663633146662747,12.663633146662747,46.125000000000064
39.62000000000069,0,0,12.664787546944908,12.664787546944908,46.125000000000064
39.630000000000685,0,0,12.665941545784605,12.665941545784605,46.125000000000064
39.64000000000068,0,0,12.667095143742813,12.667095143742813,46.125000000000064
39.65000000000068,0,0,12.668248341382338,12.668248341382338,46.125000000000064
39.66000000000068,0,0,12.669401139267961,12.669401139267961,46.125000000000064
39.67000000000068,0,0,12.670553537966313,12.670553537966313,46.125000000000064
39.680000000000675,0,0,12.671705538045998,12.671705538045998,46.125000000000064
39.69000000000067,0,0,12.672858237820975,12.672858237820975,46.125000000000064
39.70000000000067,0,0,12.674011088505367,12.674011088505367,46.125000000000064
39.71000000000067,0,0,12.675163546911591,12.675163546911591,46.125000000000064
39.72000000000067,0,0,12.676315613636177,12.676315613636177,46.125000000000064
39.730000000000665,0,0,12.677467289277814,12.677467289277814,46.125000000000064
39.74000000000066,0,0,12.678618574437195,12.678618574437195,46.125000000000064
39.75000000000066,0,0,12.679769469717087,12.679769469717087,46.125000000000064
39.76000000000066,0,0,12.680917215221768,12.680917215221768,46.125000000000064
39.77000000000066,0,0,12.682061111347366,12.682061111347366,46.125000000000064
39.780000000000655,0,0,12.683204594498804,12.683204594498804,46.125000000000064
39.79000000000065,0,0,12.684347665192178,12.684347665192178,46.125000000000064
39.80000000000065,0,0,12.685490323945373,12.685490323945373,46.125000000000064
39.81000000000065,0,0,12.68663256317437,12.68663256317437,46.125000000000064
39.82000000000065,0,0,12.68777434751506,12.68777434751506,46.125000000000064
39.830000000000645,0,0,12.688915721542713,12.688915721542713,46.125000000000064
39.84000000000064,0,0,12.690056685782224,12.690056685782224,46.125000000000064
39.85000000000064,0,0,12.691197240760062,12.691197240760062,46.125000000000064
39.86000000000064,0,0,12.6923373870046,12.6923373870046,46.125000000000064
39.87000000000064,0,0,12.693477125045845,12.693477125045845,46.125000000000064
39.880000000000635,0,0,12.694616455415684,12.694616455415684,46.125000000000064
39.89000000000063,0,0,12.695755378647718,12.695755378647718,46.125000000000064
39.90000000000063,0,0,12.696893895277327,12.696893895277327,46.125000000000064
39.91000000000063,0,0,12.698032005841739,12.698032005841739,46.125000000000064
39.92000000000063,0,0,12.699169710879943,12.699169710879943,46.125000000000064
39.930000000000625,0,0,12.700307010932676,12.700307010932676,46.125000000000064
39.94000000000062,0,0,12.701443906542593,12.701443906542593,46.125000000000064
39.95000000000062,0,0,12.702580398254028,12.702580398254028,46.125000000000064
39.96000000000062,0,0,12.703716486613288,12.703716486613288,46.125000000000064
39.97000000000062,0,0,12.704852172168401,12.704852172168401,46.125000000000064
39.980000000000615,0,0,12.705987455469227,12.705987455469227,46.125000000000064
39.99000000000061,0,0,12.707122337067545,12.707122337067545,46.125000000000064
40.00000000000061,0,0,12.708256817516826,12.708256817516826,46.125000000000064
40.01000000000061,0,0,12.70939089737253,12.70939089737253,46.125000000000064
40.02000000000061,0,0,12.71052457719199,12.71052457719199,46.125000000000064
40.030000000000605,0,0,12.71165785753422,12.71165785753422,46.125000000000064
40.0400000000006,0,0,12.712790738960308,12.712790738960308,46.125000000000064
40.0500000000006,0,0,12.71392322203306,12.71392322203306,46.125000000000064
40.0600000000006,0,0,12.715055307317286,12.715055307317286,46.125000000000064
40.0700000000006,0,0,12.71618699537953,12.71618699537953,46.125000000000064
40.080000000000595,0,0,12.717318286788398,12.717318286788398,46.125000000000064
40.09000000000059,0,0,12.718449182114242,12.718449182114242,46.125000000000064
40.10000000000059,0,0,12.719579681929375,12.719579681929375,46.125000000000064
40.11000000000059,0,0,12.720709786808072,12.720709786808072,46.125000000000064
40.12000000000059,0,0,12.721839497326386,12.721839497326386,46.125000000000064
40.130000000000585,0,0,12.72296880532285,12.72296880532285,46.125000000000064
40.14000000000058,0,0,12.724097677354123,12.724097677354123,46.125000000000064
40.15000000000058,0,0,12.725226156827617,12.725226156827617,46.125000000000064
40.16000000000058,0,0,12.726354244327112,12.726354244327112,46.125000000000064
40.17000000000058,0,0,12.727481940438409,12.727481940438409,46.125000000000064
40.180000000000575,0,0,12.728609245749212,12.728609245749212,46.125000000000064
40.19000000000057,0,0,12.729736160849185,12.729736160849185,46.125000000000064
40.20000000000057,0,0,12.730862686329914,12.730862686329914,46.125000000000064
40.21000000000057,0,0,12.731989184276031,12.731989184276031,46.125000000000064
40.22000000000057,0,0,12.733116736127073,12.733116736127073,46.125000000000064
40.230000000000565,0,0,12.734243905158635,12.734243905158635,46.125000000000064
40.24000000000056,0,0,12.735370691992514,12.735370691992514,46.125000000000064
40.25000000000056,0,0,12.736495060004088,12.736495060004088,46.125000000000064
40.26000000000056,0,0,12.737614472917087,12.737614472917087,46.125000000000064
40.27000000000056,0,0,12.738733479342386,12.738733479342386,46.125000000000064
40.280000000000555,0,0,12.739852079811328,12.739852079811328,46.125000000000064
40.29000000000055,0,0,12.74097027485729,12.74097027485729,46.125000000000064
40.30000000000055,0,0,12.742088065015238,12.742088065015238,46.125000000000064
40.31000000000055,0,0,12.743205450821932,12.743205450821932,46.125000000000064
40.32000000000055,0,0,12.744322432815935,12.744322432815935,46.125000000000064
40.330000000000545,0,0,12.745439011537613,12.745439011537613,46.125000000000064
40.34000000000054,0,0,12.746555187529054,12.746555187529054,46.125000000000064
40.35000000000054,0,0,12.74767096133418,12.74767096133418,46.125000000000064
40.36000000000054,0,0,12.7487863334987,12.7487863334987,46.125000000000064
40.37000000000054,0,0,12.74990130457013,12.74990130457013,46.125000000000064
40.380000000000535,0,0,12.751015875097707,12.751015875097707,46.125000000000064
40.39000000000053,0,0,12.752130045632683,12.752130045632683,46.125000000000064
40.40000000000053,0,0,12.753243816727888,12.753243816727888,46.125000000000064
40.41000000000053,0,0,12.754357188938144,12.754357188938144,46.125000000000064
40.42000000000053,0,0,12.755470162820032,12.755470162820032,46.125000000000064
40.430000000000526,0,0,12.756582738932025,12.756582738932025,46.125000000000064
40.44000000000052,0,0,12.7576949178343,12.7576949178343,46.125000000000064
40.45000000000052,0,0,12.758806686525872,12.758806686525872,46.125000000000064
40.46000000000052,0,0,12.75991802199934,12.75991802199934,46.125000000000064
40.47000000000052,0,0,12.761028962017576,12.761028962017576,46.125000000000064
40.480000000000516,0,0,12.76213950714829,12.76213950714829,46.125000000000064
40.490000000000514,0,0,12.763249657961012,12.763249657961012,46.125000000000064
40.50000000000051,0,0,12.764359415027116,12.764359415027116,46.125000000000064
40.51000000000051,0,0,12.765468778919939,12.765468778919939,46.125000000000064
40.52000000000051,0,0,12.766577750214566,12.766577750214566,46.125000000000064
40.530000000000506,0,0,12.767686329488072,12.767686329488072,46.125000000000064
40.540000000000504,0,0,12.768794517319407,12.768794517319407,46.125000000000064
40.5500000000005,0,0,12.769902314289354,12.769902314289354,46.125000000000064
40.5600000000005,0,0,12.7710097209807,12.7710097209807,46.125000000000064
40.5700000000005,0,0,12.772116737978038,12.772116737978038,46.125000000000064
40.580000000000496,0,0,12.773223365867906,12.773223365867906,46.125000000000064
40.590000000000494,0,0,12.774329605238776,12.774329605238776,46.125000000000064
40.60000000000049,0,0,12.77543545668101,12.77543545668101,46.125000000000064
40.61000000000049,0,0,12.7765409207869,12.7765409207869,46.125000000000064
40.62000000000049,0,0,12.777645998150675,12.777645998150675,46.125000000000064
40.630000000000486,0,0,12.778750689368493,12.778750689368493,46.125000000000064
40.640000000000484,0,0,12.779854995038434,12.779854995038434,46.125000000000064
40.65000000000048,0,0,12.78095891576055,12.78095891576055,46.125000000000064
40.66000000000048,0,0,12.782062452136813,12.782062452136813,46.125000000000064
40.67000000000048,0,0,12.783165604771128,12.783165604771128,46.125000000000064
40.680000000000476,0,0,12.784268705515544,12.784268705515544,46.125000000000064
40.690000000000474,0,0,12.78537303541988,12.78537303541988,46.125000000000064
40.70000000000047,0,0,12.786476988731863,12.786476988731863,46.125000000000064
40.71000000000047,0,0,12.787580566087243,12.787580566087243,46.125000000000064
40.72000000000047,0,0,12.788683768123946,12.788683768123946,46.125000000000064
40.730000000000466,0,0,12.789786595481985,12.789786595481985,46.125000000000064
40.740000000000464,0,0,12.790889048803436,12.790889048803436,46.125000000000064
40.75000000000046,0,0,12.79198626541448,12.79198626541448,46.125000000000064
40.76000000000046,0,0,12.79308093322176,12.79308093322176,46.125000000000064
40.77000000000046,0,0,12.79417517745459,12.79417517745459,46.125000000000064
40.780000000000456,0,0,12.795268996641624,12.795268996641624,46.125000000000064
40.790000000000454,0,0,12.7963624173492,12.7963624173492,46.125000000000064
40.80000000000045,0,0,12.797455440128815,12.797455440128815,46.125000000000064
40.81000000000045,0,0,12.798548065533794,12.798548065533794,46.125000000000064
40.82000000000045,0,0,12.799640294119186,12.799640294119186,46.125000000000064
40.830000000000446,0,0,12.800732126441943,12.800732126441943,46.125000000000064
40.840000000000444,0,0,12.801823563060722,12.801823563060722,46.125000000000064
40.85000000000044,0,0,12.802914604536085,12.802914604536085,46.125000000000064
40.86000000000044,0,0,12.804005251430354,12.804005251430354,46.125000000000064
40.87000000000044,0,0,12.805095504307658,12.805095504307658,46.125000000000064
40.880000000000436,0,0,12.806185363733988,12.806185363733988,46.125000000000064
40.890000000000434,0,0,12.807274830277137,12.807274830277137,46.125000000000064
40.90000000000043,0,0,12.808363904506777,12.808363904506777,46.125000000000064
40.91000000000043,0,0,12.809452586994325,12.809452586994325,46.125000000000064
40.92000000000043,0,0,12.810540878313162,12.810540878313162,46.125000000000064
40.930000000000426,0,0,12.8116287790384,12.8116287790384,46.125000000000064
40.940000000000424,0,0,12.812716289747073,12.812716289747073,46.125000000000064
40.95000000000042,0,0,12.813803411018057,12.813803411018057,46.125000000000064
40.96000000000042,0,0,12.814890143432066,12.814890143432066,46.125000000000064
40.97000000000042,0,0,12.815976487571717,12.815976487571717,46.125000000000064
40.980000000000416,0,0,12.817062444021445,12.817062444021445,46.125000000000064
40.990000000000414,0,0,12.818148013367562,12.818148013367562,46.125000000000064
41.00000000000041,0,0,12.819233196198283,12.819233196198283,46.125000000000064
41.01000000000041,0,0,12.820317993103743,12.820317993103743,46.125000000000064
41.02000000000041,0,0,12.821402404675823,12.821402404675823,46.125000000000064
41.030000000000406,0,0,12.822486431508423,12.822486431508423,46.125000000000064
41.040000000000404,0,0,12.823570074197278,12.823570074197278,46.125000000000064
41.0500000000004,0,0,12.824653333340024,12.824653333340024,46.125000000000064
41.0600000000004,0,0,12.825736209536203,12.825736209536203,46.125000000000064
41.0700000000004,0,0,12.826818703387204,12.826818703387204,46.125000000000064
41.080000000000396,0,0,12.82790081549642,12.82790081549642,46.125000000000064
41.090000000000394,0,0,12.828982510763822,12.828982510763822,46.125000000000064
41.10000000000039,0,0,12.830063811900814,12.830063811900814,46.125000000000064
41.11000000000039,0,0,12.831146205000707,12.831146205000707,46.125000000000064
41.12000000000039,0,0,12.83222881225926,12.83222881225926,46.125000000000064
41.130000000000386,0,0,12.833311046450376,12.833311046450376,46.125000000000064
41.140000000000384,0,0,12.83439290821427,12.83439290821427,46.125000000000064
41.15000000000038,0,0,12.8354743981931,12.8354743981931,46.125000000000064
41.16000000000038,0,0,12.836555517031186,12.836555517031186,46.125000000000064
41.17000000000038,0,0,12.837636265374911,12.837636265374911,46.125000000000064
41.180000000000376,0,0,12.838716643872644,12.838716643872644,46.125000000000064
41.190000000000374,0,0,12.839796653174915,12.839796653174915,46.125000000000064
41.20000000000037,0,0,12.840876293934244,12.840876293934244,46.125000000000064
41.21000000000037,0,0,12.841955566805296,12.841955566805296,46.125000000000064
41.22000000000037,0,0,12.84303447244477,12.84303447244477,46.125000000000064
41.230000000000366,0,0,12.844113011511482,12.844113011511482,46.125000000000064
41.240000000000364,0,0,12.845191184666277,12.845191184666277,46.125000000000064
41.25000000000036,0,0,12.846264622060673,12.846264622060673,46.125000000000064
41.26000000000036,0,0,12.847334585595021,12.847334585595021,46.125000000000064
41.27000000000036,0,0,12.848404156277752,12.848404156277752,46.125000000000064
41.280000000000356,0,0,12.849473334672211,12.849473334672211,46.125000000000064
41.290000000000354,0,0,12.850542121343508,12.850542121343508,46.125000000000064
41.30000000000035,0,0,12.851610516858472,12.851610516858472,46.125000000000064
41.31000000000035,0,0,12.852678521785876,12.852678521785876,46.125000000000064
41.32000000000035,0,0,12.853746136696216,12.853746136696216,46.125000000000064
41.33000000000035,0,0,12.854813362161721,12.854813362161721,46.125000000000064
41.340000000000344,0,0,12.855880198756509,12.855880198756509,46.125000000000064
41.35000000000034,0,0,12.856946647056446,12.856946647056446,46.125000000000064
41.36000000000034,0,0,12.85801270763929,12.85801270763929,46.125000000000064
41.37000000000034,0,0,12.859078381084515,12.859078381084515,46.125000000000064
41.38000000000034,0,0,12.86014366797346,12.86014366797346,46.125000000000064
41.390000000000335,0,0,12.86120856888931,12.86120856888931,46.125000000000064
41.40000000000033,0,0,12.862273079103545,12.862273079103545,46.125000000000064
41.41000000000033,0,0,12.863337161282217,12.863337161282217,46.125000000000064
41.42000000000033,0,0,12.864400859310123,12.864400859310123,46.125000000000064
41.43000000000033,0,0,12.86546417377778,12.86546417377778,46.125000000000064
41.440000000000325,0,0,12.86652710527747,12.86652710527747,46.125000000000064
41.45000000000032,0,0,12.867589654403233,12.867589654403233,46.125000000000064
41.46000000000032,0,0,12.8686518217511,12.8686518217511,46.125000000000064
41.47000000000032,0,0,12.869713607918868,12.869713607918868,46.125000000000064
41.48000000000032,0,0,12.870775013506119,12.870775013506119,46.125000000000064
41.490000000000315,0,0,12.87183671112011,12.87183671112011,46.125000000000064
41.50000000000031,0,0,12.872899520670131,12.872899520670131,46.125000000000064
41.51000000000031,0,0,12.873961957148197,12.873961957148197,46.125000000000064
41.52000000000031,0,0,12.875024021187542,12.875024021187542,46.125000000000064
41.53000000000031,0,0,12.876085713423322,12.876085713423322,46.125000000000064
41.540000000000305,0,0,12.877147034492666,12.877147034492666,46.125000000000064
41.5500000000003,0,0,12.878207985034692,12.878207985034692,46.125000000000064
41.5600000000003,0,0,12.87926856569058,12.87926856569058,46.125000000000064
41.5700000000003,0,0,12.880328777103472,12.880328777103472,46.125000000000064
41.5800000000003,0,0,12.88138861991851,12.88138861991851,46.125000000000064
41.590000000000295,0,0,12.882448094782816,12.882448094782816,46.125000000000064
41.60000000000029,0,0,12.883507202345541,12.883507202345541,46.125000000000064
41.61000000000029,0,0,12.884565943257883,12.884565943257883,46.125000000000064
41.62000000000029,0,0,12.885624318172958,12.885624318172958,46.125000000000064
41.63000000000029,0,0,12.886682327745959,12.886682327745959,46.125000000000064
41.640000000000285,0,0,12.887739972634122,12.887739972634122,46.125000000000064
41.65000000000028,0,0,12.888797253496605,12.888797253496605,46.125000000000064
41.66000000000028,0,0,12.889854170994624,12.889854170994624,46.125000000000064
41.67000000000028,0,0,12.890910725791457,12.890910725791457,46.125000000000064
41.68000000000028,0,0,12.8919669185523,12.8919669185523,46.125000000000064
41.690000000000275,0,0,12.893022749944464,12.893022749944464,46.125000000000064
41.70000000000027,0,0,12.894078220637198,12.894078220637198,46.125000000000064
41.71000000000027,0,0,12.895133331301864,12.895133331301864,46.125000000000064
41.72000000000027,0,0,12.8961880521055,12.8961880521055,46.125000000000064
41.73000000000027,0,0,12.897242396656694,12.897242396656694,46.125000000000064
41.740000000000265,0,0,12.89829638326718,12.89829638326718,46.125000000000064
41.75000000000026,0,0,12.899350012616281,12.899350012616281,46.125000000000064
41.76000000000026,0,0,12.90039554832542,12.90039554832542,46.125000000000064
41.77000000000026,0,0,12.901440501783696,12.901440501783696,46.125000000000064
41.78000000000026,0,0,12.902485069583392,12.902485069583392,46.125000000000064
41.790000000000255,0,0,12.903529252303173,12.903529252303173,46.125000000000064
41.80000000000025,0,0,12.90457305052351,12.90457305052351,46.125000000000064
41.81000000000025,0,0,12.905616464826608,12.905616464826608,46.125000000000064
41.82000000000025,0,0,12.906659495796461,12.906659495796461,46.125000000000064
41.83000000000025,0,0,12.90770214401877,12.90770214401877,46.125000000000064
41.840000000000245,0,0,12.908745908614577,12.908745908614577,46.125000000000064
41.85000000000024,0,0,12.909790040680647,12.909790040680647,46.125000000000064
41.86000000000024,0,0,12.910833797531893,12.910833797531893,46.125000000000064
41.87000000000024,0,0,12.91187717978768,12.91187717978768,46.125000000000064
41.88000000000024,0,0,12.912920188069279,12.912920188069279,46.125000000000064
41.890000000000235,0,0,12.913962822999878,12.913962822999878,46.125000000000064
41.90000000000023,0,0,12.91500508520447,12.91500508520447,46.125000000000064
41.91000000000023,0,0,12.916046975310124,12.916046975310124,46.125000000000064
41.92000000000023,0,0,12.917088493945727,12.917088493945727,46.125000000000064
41.93000000000023,0,0,12.918129641742098,12.918129641742098,46.125000000000064
41.940000000000225,0,0,12.91917041933199,12.91917041933199,46.125000000000064
41.95000000000022,0,0,12.920210827350033,12.920210827350033,46.125000000000064
41.96000000000022,0,0,12.921250866432842,12.921250866432842,46.125000000000064
41.97000000000022,0,0,12.92229053721887,12.92229053721887,46.125000000000064
41.98000000000022,0,0,12.923329840348558,12.923329840348558,46.125000000000064
41.990000000000215,0,0,12.924368776464249,12.924368776464249,46.125000000000064
42.00000000000021,0,0,12.925407346210179,12.925407346210179,46.125000000000064
42.01000000000021,0,0,12.9264455502326,12.9264455502326,46.125000000000064
42.02000000000021,0,0,12.927483389179542,12.927483389179542,46.125000000000064
42.03000000000021,0,0,12.928520853067226,12.928520853067226,46.125000000000064
42.040000000000205,0,0,12.929557916506425,12.929557916506425,46.125000000000064
42.0500000000002,0,0,12.930594616887447,12.930594616887447,46.125000000000064
42.0600000000002,0,0,12.931630954866122,12.931630954866122,46.125000000000064
42.0700000000002,0,0,12.932666931100158,12.932666931100158,46.125000000000064
42.0800000000002,0,0,12.933702546249194,12.933702546249194,46.125000000000064
42.090000000000195,0,0,12.934737800974816,12.934737800974816,46.125000000000064
42.10000000000019,0,0,12.935772695940486,12.935772695940486,46.125000000000064
42.11000000000019,0,0,12.9368072318116,12.9368072318116,46.125000000000064
42.12000000000019,0,0,12.937841409255498,12.937841409255498,46.125000000000064
42.13000000000019,0,0,12.938875228941413,12.938875228941413,46.125000000000064
42.140000000000185,0,0,12.939908691540523,12.939908691540523,46.125000000000064
42.15000000000018,0,0,12.940941797725898,12.940941797725898,46.125000000000064
42.16000000000018,0,0,12.94197616259585,12.94197616259585,46.125000000000064
42.17000000000018,0,0,12.9430110884839,12.9430110884839,46.125000000000064
42.18000000000018,0,0,12.94404566688904,12.94404566688904,46.125000000000064
42.190000000000175,0,0,12.945079898524781,12.945079898524781,46.125000000000064
42.20000000000017,0,0,12.946113784106686,12.946113784106686,46.125000000000064
42.21000000000017,0,0,12.947147324352414,12.947147324352414,46.125000000000064
42.22000000000017,0,0,12.948180519981676,12.948180519981676,46.125000000000064
42.23000000000017,0,0,12.949213371716326,12.949213371716326,46.125000000000064
42.240000000000165,0,0,12.950245880280164,12.950245880280164,46.125000000000064
42.25000000000016,0,0,12.951278046399125,12.951278046399125,46.125000000000064
42.26000000000016,0,0,12.952309870801201,12.952309870801201,46.125000000000064
42.27000000000016,0,0,12.95333402095173,12.95333402095173,46.125000000000064
42.28000000000016,0,0,12.954356475824952,12.954356475824952,46.125000000000064
42.290000000000155,0,0,12.955378558010068,12.955378558010068,46.125000000000064
42.30000000000015,0,0,12.956400268126316,12.956400268126316,46.125000000000064
42.31000000000015,0,0,12.957421606794739,12.957421606794739,46.125000000000064
42.32000000000015,0,0,12.95844257463817,12.95844257463817,46.125000000000064
42.33000000000015,0,0,12.959463172281303,12.959463172281303,46.125000000000064
42.340000000000146,0,0,12.960483399311215,12.960483399311215,46.125000000000064
42.35000000000014,0,0,12.961503211904514,12.961503211904514,46.125000000000064
42.36000000000014,0,0,12.962522656243962,12.962522656243962,46.125000000000064
42.37000000000014,0,0,12.963541732961545,12.963541732961545,46.125000000000064
42.38000000000014,0,0,12.964560442690996,12.964560442690996,46.125000000000064
42.390000000000136,0,0,12.965578786067908,12.965578786067908,46.125000000000064
42.400000000000134,0,0,12.966596763729669,12.966596763729669,46.125000000000064
42.41000000000013,0,0,12.967614376315481,12.967614376315481,46.125000000000064
42.42000000000013,0,0,12.968631624466369,12.968631624466369,46.125000000000064
42.43000000000013,0,0,12.969648508825145,12.969648508825145,46.125000000000064
42.440000000000126,0,0,12.970665030036486,12.970665030036486,46.125000000000064
42.450000000000124,0,0,12.971681525452368,12.971681525452368,46.125000000000064
42.46000000000012,0,0,12.972699905156674,12.972699905156674,46.125000000000064
42.47000000000012,0,0,12.973717930474677,12.973717930474677,46.125000000000064
42.48000000000012,0,0,12.97473560209066,12.97473560209066,46.125000000000064
42.490000000000116,0,0,12.975752920690894,12.975752920690894,46.125000000000064
42.500000000000114,0,0,12.976769886963595,12.976769886963595,46.125000000000064
42.51000000000011,0,0,12.977786501598985,12.977786501598985,46.125000000000064
42.52000000000011,0,0,12.978802765289188,12.978802765289188,46.125000000000064
42.53000000000011,0,0,12.979818678728307,12.979818678728307,46.125000000000064
42.540000000000106,0,0,12.980834242612445,12.980834242612445,46.125000000000064
42.550000000000104,0,0,12.981849457639612,12.981849457639612,46.125000000000064
42.5600000000001,0,0,12.98286432450979,12.98286432450979,46.125000000000064
42.5700000000001,0,0,12.983878843924927,12.983878843924927,46.125000000000064
42.5800000000001,0,0,12.984893016588813,12.984893016588813,46.125000000000064
42.590000000000096,0,0,12.985906843207331,12.985906843207331,46.125000000000064
42.600000000000094,0,0,12.986920324488153,12.986920324488153,46.125000000000064
42.61000000000009,0,0,12.987933461141026,12.987933461141026,46.125000000000064
42.62000000000009,0,0,12.988946253877486,12.988946253877486,46.125000000000064
42.63000000000009,0,0,12.989958703411077,12.989958703411077,46.125000000000064
42.640000000000086,0,0,12.990970810457227,12.990970810457227,46.125000000000064
42.650000000000084,0,0,12.991982575733289,12.991982575733289,46.125000000000064
42.66000000000008,0,0,12.992993956287805,12.992993956287805,46.125000000000064
42.67000000000008,0,0,12.994004994095661,12.994004994095661,46.125000000000064
42.68000000000008,0,0,12.995015692357825,12.995015692357825,46.125000000000064
42.690000000000076,0,0,12.996026051799149,12.996026051799149,46.125000000000064
42.700000000000074,0,0,12.997036073146461,12.997036073146461,46.125000000000064
42.71000000000007,0,0,12.99804575712848,12.99804575712848,46.125000000000064
42.72000000000007,0,0,12.999056082778736,12.999056082778736,46.125000000000064
42.73000000000007,0,0,13.000067964005524,13.000067964005524,46.125000000000064
42.740000000000066,0,0,13.00107951808721,13.00107951808721,46.125000000000064
42.750000000000064,0,0,13.00209074579925,13.00209074579925,46.125000000000064
42.76000000000006,0,0,13.003101647919138,13.003101647919138,46.125000000000064
42.77000000000006,0,0,13.004112225226379,13.004112225226379,46.125000000000064
42.78000000000006,0,0,13.005120714036096,13.005120714036096,46.125000000000064
42.790000000000056,0,0,13.006121168980243,13.006121168980243,46.125000000000064
42.800000000000054,0,0,13.007121265294487,13.007121265294487,46.125000000000064
42.81000000000005,0,0,13.008121003641094,13.008121003641094,46.125000000000064
42.82000000000005,0,0,13.00912038468411,13.00912038468411,46.125000000000064
42.83000000000005,0,0,13.010119409089441,13.010119409089441,46.125000000000064
42.840000000000046,0,0,13.011118077524785,13.011118077524785,46.125000000000064
42.850000000000044,0,0,13.012116390659727,13.012116390659727,46.125000000000064
42.86000000000004,0,0,13.013114349165619,13.013114349165619,46.125000000000064
42.87000000000004,0,0,13.014111953715641,13.014111953715641,46.125000000000064
42.88000000000004,0,0,13.01510920498481,13.01510920498481,46.125000000000064
42.890000000000036,0,0,13.01610610364996,13.01610610364996,46.125000000000064
42.900000000000034,0,0,13.017102650389631,13.017102650389631,46.125000000000064
42.91000000000003,0,0,13.018098845884296,13.018098845884296,46.125000000000064
42.92000000000003,0,0,13.019094690816146,13.019094690816146,46.125000000000064
42.93000000000003,0,0,13.020090185869137,13.020090185869137,46.125000000000064
42.940000000000026,0,0,13.021085331729083,13.021085331729083,46.125000000000064
42.950000000000024,0,0,13.022080129083506,13.022080129083506,46.125000000000064
42.96000000000002,0,0,13.023074575928746,13.023074575928746,46.125000000000064
42.97000000000002,0,0,13.024068683186798,13.024068683186798,46.125000000000064
42.98000000000002,0,0,13.025065290922441,13.025065290922441,46.125000000000064
42.990000000000016,0,0,13.026061560790396,13.026061560790396,46.125000000000064
43.000000000000014,0,0,13.027057493525206,13.027057493525206,46.125000000000064
43.01000000000001,0,0,13.028053089863391,13.028053089863391,46.125000000000064
43.02000000000001,0,0,13.02904835054342,13.02904835054342,46.125000000000064
43.03000000000001,0,0,13.030043276305605,13.030043276305605,46.125000000000064
43.040000000000006,0,0,13.031037867892309,13.031037867892309,46.125000000000064
43.050000000000004,0,0,13.032032126047653,13.032032126047653,46.125000000000064
43.06,0,0,13.033026051517751,13.033026051517751,46.125000000000064
43.07,0,0,13.034019645050606,13.034019645050606,46.125000000000064
43.08,0,0,13.035012907396109,13.035012907396109,46.125000000000064
43.089999999999996,0,0,13.036005839305943,13.036005839305943,46.125000000000064
43.099999999999994,0,0,13.036998441533783,13.036998441533783,46.125000000000064
43.10999999999999,0,0,13.037990714835018,13.037990714835018,46.125000000000064
43.11999999999999,0,0,13.038982659967033,13.038982659967033,46.125000000000064
43.12999999999999,0,0,13.039974277688884,13.039974277688884,46.125000000000064
43.139999999999986,0,0,13.040965568761592,13.040965568761592,46.125000000000064
43.149999999999984,0,0,13.041956533947882,13.041956533947882,46.125000000000064
43.15999999999998,0,0,13.04294717401234,13.04294717401234,46.125000000000064
43.16999999999998,0,0,13.043937489721316,13.043937489721316,46.125000000000064
43.17999999999998,0,0,13.044927481842919,13.044927481842919,46.125000000000064
43.189999999999976,0,0,13.045917151147066,13.045917151147066,46.125000000000064
43.199999999999974,0,0,13.046906498405292,13.046906498405292,46.125000000000064
43.20999999999997,0,0,13.047898674344225,13.047898674344225,46.125000000000064
43.21999999999997,0,0,13.048890573015868,13.048890573015868,46.125000000000064
43.22999999999997,0,0,13.049882161079424,13.049882161079424,46.125000000000064
43.23999999999997,0,0,13.050873439359322,13.050873439359322,46.125000000000064
43.249999999999964,0,0,13.051864408681865,13.051864408681865,46.125000000000064
43.25999999999996,0,0,13.052855069875363,13.052855069875363,46.125000000000064
43.26999999999996,0,0,13.05384540325025,13.05384540325025,46.125000000000064
43.27999999999996,0,0,13.05483540552919,13.05483540552919,46.125000000000064
43.28999999999996,0,0,13.05582510223553,13.05582510223553,46.125000000000064
43.299999999999955,0,0,13.056814494205014,13.056814494205014,46.125000000000064
43.30999999999995,0,0,13.057793437171838,13.057793437171838,46.125000000000064
43.31999999999995,0,0,13.05877180965085,13.05877180965085,46.125000000000064
43.32999999999995,0,0,13.05974984015343,13.05974984015343,46.125000000000064
43.33999999999995,0,0,13.060727529389084,13.060727529389084,46.125000000000064
43.349999999999945,0,0,13.061704878069065,13.061704878069065,46.125000000000064
43.35999999999994,0,0,13.062681886906304,13.062681886906304,46.125000000000064
43.36999999999994,0,0,13.06365855661555,13.06365855661555,46.125000000000064
43.37999999999994,0,0,13.064634887913101,13.064634887913101,46.125000000000064
43.38999999999994,0,0,13.065610881517003,13.065610881517003,46.125000000000064
43.399999999999935,0,0,13.066586538146993,13.066586538146993,46.125000000000064
43.40999999999993,0,0,13.067561858524485,13.067561858524485,46.125000000000064
43.41999999999993,0,0,13.06853813673068,13.06853813673068,46.125000000000064
43.42999999999993,0,0,13.069515978996336,13.069515978996336,46.125000000000064
43.43999999999993,0,0,13.070493495922335,13.070493495922335,46.125000000000064
43.449999999999925,0,0,13.071470688280513,13.071470688280513,46.125000000000064
43.45999999999992,0,0,13.072447556844551,13.072447556844551,46.125000000000064
43.46999999999992,0,0,13.073424102389865,13.073424102389865,46.125000000000064
43.47999999999992,0,0,13.074400325693759,13.074400325693759,46.125000000000064
43.48999999999992,0,0,13.075376227535315,13.075376227535315,46.125000000000064
43.499999999999915,0,0,13.076351808695392,13.076351808695392,46.125000000000064
43.50999999999991,0,0,13.077327069956596,13.077327069956596,46.125000000000064
43.51999999999991,0,0,13.07830201210335,13.07830201210335,46.125000000000064
43.52999999999991,0,0,13.079276635921701,13.079276635921701,46.125000000000064
43.53999999999991,0,0,13.080250942199541,13.080250942199541,46.125000000000064
43.549999999999905,0,0,13.08122493172634,13.08122493172634,46.125000000000064
43.5599999999999,0,0,13.082198605293385,13.082198605293385,46.125000000000064
43.5699999999999,0,0,13.083171963693474,13.083171963693474,46.125000000000064
43.5799999999999,0,0,13.084144963532538,13.084144963532538,46.125000000000064
43.5899999999999,0,0,13.085117649650897,13.085117649650897,46.125000000000064
43.599999999999895,0,0,13.086090023051511,13.086090023051511,46.125000000000064
43.60999999999989,0,0,13.087062084533756,13.087062084533756,46.125000000000064
43.61999999999989,0,0,13.088034479863808,13.088034479863808,46.125000000000064
43.62999999999989,0,0,13.089009399147201,13.089009399147201,46.125000000000064
43.63999999999989,0,0,13.089984018966646,13.089984018966646,46.125000000000064
43.649999999999885,0,0,13.090958340179569,13.090958340179569,46.125000000000064
43.65999999999988,0,0,13.09193236364517,13.09193236364517,46.125000000000064
43.66999999999988,0,0,13.092906090224346,13.092906090224346,46.125000000000064
43.67999999999988,0,0,13.093879520779737,13.093879520779737,46.125000000000064
43.68999999999988,0,0,13.09485265617569,13.09485265617569,46.125000000000064
43.699999999999875,0,0,13.095825497278184,13.095825497278184,46.125000000000064
43.70999999999987,0,0,13.096798044954852,13.096798044954852,46.125000000000064
43.71999999999987,0,0,13.097770300074956,13.097770300074956,46.125000000000064
43.72999999999987,0,0,13.09874226350928,13.09874226350928,46.125000000000064
43.73999999999987,0,0,13.099713936130286,13.099713936130286,46.125000000000064
43.749999999999865,0,0,13.100685318811841,13.100685318811841,46.125000000000064
43.75999999999986,0,0,13.101656412429364,13.101656412429364,46.125000000000064
43.76999999999986,0,0,13.102627217859762,13.102627217859762,46.125000000000064
43.77999999999986,0,0,13.103597735981324,13.103597735981324,46.125000000000064
43.78999999999986,0,0,13.104567967673773,13.104567967673773,46.125000000000064
43.799999999999855,0,0,13.105537913818196,13.105537913818196,46.125000000000064
43.80999999999985,0,0,13.106511118344685,13.106511118344685,46.125000000000064
43.81999999999985,0,0,13.107484285345464,13.107484285345464,46.125000000000064
43.82999999999985,0,1,13.107835025811141,13.107835025811141,46.125000000000064
43.83999999999985,0,1,13.10574759811017,13.10574759811017,46.125000000000064
43.849999999999845,0,1,13.10365760547569,13.10365760547569,46.125000000000064
43.85999999999984,0,1,13.101565039977515,13.101565039977515,46.125000000000064
43.86999999999984,0,1,13.099469893672463,13.099469893672463,46.125000000000064
43.87999999999984,0,1,13.097372158604372,13.097372158604372,46.125000000000064
43.88999999999984,0,1,13.095271826804662,13.095271826804662,46.125000000000064
43.899999999999835,0,1,13.093168890291835,13.093168890291835,46.125000000000064
43.90999999999983,0,1,13.091063322216144,13.091063322216144,46.125000000000064
43.91999999999983,0,1,13.088955127210028,13.088955127210028,46.125000000000064
43.92999999999983,0,1,13.086844303490196,13.086844303490196,46.125000000000064
43.93999999999983,0,1,13.084730843027131,13.084730843027131,46.125000000000064
43.949999999999825,0,1,13.082614737779835,13.082614737779835,46.125000000000064
43.95999999999982,0,1,13.080495979696067,13.080495979696067,46.125000000000064
43.96999999999982,0,1,13.07837456071239,13.07837456071239,46.125000000000064
43.97999999999982,0,1,13.076250472754495,13.076250472754495,46.125000000000064
43.98999999999982,0,1,13.074123707737087,13.074123707737087,46.125000000000064
43.999999999999815,0,1,13.07199425756464,13.07199425756464,46.125000000000064
44.00999999999981,0,1,13.069862114131382,13.069862114131382,46.125000000000064
44.01999999999981,0,1,13.06772726932114,13.06772726932114,46.125000000000064
44.02999999999981,0,1,13.065589715008343,13.065589715008343,46.125000000000064
44.03999999999981,0,1,13.063449443057578,13.063449443057578,46.125000000000064
44.049999999999805,0,1,13.06130644532405,13.06130644532405,46.125000000000064
44.0599999999998,0,1,13.059160713654009,13.059160713654009,46.125000000000064
44.0699999999998,0,1,13.05701408335645,13.05701408335645,46.125000000000064
44.0799999999998,0,1,13.05486531800507,13.05486531800507,46.125000000000064
44.0899999999998,0,1,13.052713802668151,13.052713802668151,46.125000000000064
44.099999999999795,0,1,13.05055952920577,13.05055952920577,46.125000000000064
44.10999999999979,0,1,13.048402489470334,13.048402489470334,46.125000000000064
44.11999999999979,0,1,13.046242675307184,13.046242675307184,46.125000000000064
44.12999999999979,0,1,13.044080078554401,13.044080078554401,46.125000000000064
44.13999999999979,0,1,13.041914691043772,13.041914691043772,46.125000000000064
44.149999999999785,0,1,13.039746504600274,13.039746504600274,46.125000000000064
44.15999999999978,0,1,13.037575511043002,13.037575511043002,46.125000000000064
44.16999999999978,0,1,13.035401702185169,13.035401702185169,46.125000000000064
44.17999999999978,0,1,13.033225069834288,13.033225069834288,46.125000000000064
44.18999999999978,0,1,13.031045605792826,13.031045605792826,46.125000000000064
44.199999999999775,0,1,13.028907971125818,13.028907971125818,46.125000000000064
44.20999999999977,0,1,13.026793829465646,13.026793829465646,46.125000000000064
44.21999999999977,0,1,13.02467885461536,13.02467885461536,46.125000000000064
44.22999999999977,0,1,13.022563045889314,13.022563045889314,46.125000000000064
44.23999999999977,0,1,13.020446402600612,13.020446402600612,46.125000000000064
44.249999999999766,0,1,13.018328924060981,13.018328924060981,46.125000000000064
44.25000000000005,0,1,13.018328924060953,13.018328924060953,46.125000000000064
