alpha,reached,redSubsteps,margin123
2,2.0000000000000027,123,4.001729870849317
2.01,2.0100000000000278,123,3.998699081277138
2.0199999999999996,2.020000000000002,123,3.995670893282579
2.0299999999999994,2.0299999999999754,123,3.9926265345640672
2.039999999999999,2.040000000000026,123,3.9895720198843208
2.049999999999999,2.05,123,3.9865201092545277
2.0599999999999987,2.059999999999974,123,3.983470820401081
2.0699999999999985,2.070000000000024,123,3.9804241350881853
2.0799999999999983,2.079999999999998,123,3.977380047949339
2.089999999999998,2.089999999999972,123,3.9743385570127288
2.099999999999998,2.100000000000022,123,3.9712996603089294
2.1099999999999977,2.109999999999996,123,3.9682633558714
2.1199999999999974,2.11999999999997,123,3.9656817220556064
2.1299999999999972,2.1300000000000203,123,3.9632909538423604
2.139999999999997,2.139999999999994,123,3.9609022716037714
2.149999999999997,2.149999999999968,123,3.958508446246114
2.1599999999999966,2.1600000000000183,123,3.956098152419713
2.1699999999999964,2.1699999999999924,123,3.953689948354068
2.179999999999996,2.1799999999999664,123,3.951283832449505
2.189999999999996,2.1900000000000164,123,3.948879803108241
2.1999999999999957,2.1999999999999904,123,3.9464778587344824
2.2099999999999955,2.2099999999999644,123,3.94407799773451
2.2199999999999953,2.2200000000000144,123,3.941680218515941
2.229999999999995,2.2299999999999884,123,3.939284519488851
2.239999999999995,2.2399999999999625,123,3.936890899064835
2.2499999999999947,2.250000000000013,123,3.934499355657124
2.2599999999999945,2.2599999999999865,123,3.9321098876814347
2.2699999999999942,2.2699999999999605,123,3.9297224935548485
2.279999999999994,2.280000000000011,123,3.9273138154562446
2.289999999999994,2.289999999999985,123,3.9249048284911083
2.2999999999999936,2.2999999999999585,123,3.9225547636165032
2.3099999999999934,2.310000000000009,123,3.9210977643485307
2.319999999999993,2.319999999999983,123,3.919730326293646
2.329999999999993,2.329999999999957,123,3.9183928906826253
2.3399999999999928,2.340000000000007,123,3.91705618925927
2.3499999999999925,2.349999999999981,123,3.9157202220006155
2.3599999999999923,2.359999999999955,123,3.9143849888835405
2.369999999999992,2.3700000000000054,123,3.913050489884455
2.379999999999992,2.379999999999979,123,3.9117167249796836
2.3899999999999917,2.3900000000000294,123,3.9103836941452386
2.3999999999999915,2.4000000000000035,123,3.9090440412418843
2.4099999999999913,2.410000000000003,123,3.907697005437754
2.419999999999991,2.419999999999964,123,3.906350700594899
2.429999999999991,2.4300000000000144,123,3.9050051266982706
2.4399999999999906,2.4399999999999755,123,3.9036602837325063
2.4499999999999904,2.450000000000026,123,3.9023161716820596
2.45999999999999,2.459999999999987,123,3.901007099413917
2.46999999999999,2.4699999999999482,123,3.8997535750305587
2.4799999999999898,2.479999999999998,123,3.89850080893531
2.4899999999999896,2.48999999999996,123,3.89724880087617
2.4999999999999893,2.5000000000000098,123,3.895997550601649
2.509999999999989,2.509999999999971,123,3.8947470578603713
2.519999999999989,2.5200000000000213,123,3.8934973224011458
2.5299999999999887,2.5299999999999825,123,3.8922374732735534
2.5399999999999885,2.5399999999999436,123,3.890978202111171
2.5499999999999883,2.549999999999994,123,3.8897196814057082
2.559999999999988,2.559999999999955,123,3.888461910916945
2.569999999999988,2.570000000000005,123,3.8872048904048597
2.5799999999999876,2.5799999999999668,123,3.8859486196299855
2.5899999999999874,2.590000000000017,123,3.8846930983528978
2.599999999999987,2.5999999999999783,123,3.8834383263346695
2.609999999999987,2.6100000000000287,123,3.8821843033364445
2.619999999999987,2.61999999999999,123,3.880931029119836
2.6299999999999866,2.6299999999999506,123,3.8796785034467405
2.6399999999999864,2.640000000000001,123,3.8784267260791836
2.649999999999986,2.6499999999999626,123,3.8771708999721852
2.659999999999986,2.6600000000000126,123,3.875909541104619
2.6699999999999857,2.669999999999974,123,3.8746489237279604
2.6799999999999855,2.6800000000000246,123,3.873389047614637
2.6899999999999853,2.6899999999999853,123,3.8726064231824466
2.699999999999985,2.6999999999999464,123,3.872116725776806
2.709999999999985,2.7099999999999964,123,3.871627082841684
2.7199999999999847,2.719999999999958,123,3.8711374949489965
2.7299999999999844,2.7300000000000084,123,3.870647962669466
2.7399999999999842,2.73999999999997,123,3.8701584865725778
2.749999999999984,2.75000000000002,123,3.869669067226326
2.759999999999984,2.759999999999981,123,3.8691797051976096
2.7699999999999836,2.769999999999942,123,3.8691182226972245
2.7799999999999834,2.7799999999999923,123,3.869470747043877
2.789999999999983,2.789999999999954,123,3.8698242796950097
2.799999999999983,2.800000000000004,123,3.8701773136590276
2.8099999999999827,2.809999999999978,123,3.8705298498084204
2.8199999999999825,2.8200000000000283,123,3.8708818890139725
2.8299999999999823,2.8299999999999765,123,3.871233432144493
2.839999999999982,2.840000000000027,123,3.871584480067341
2.849999999999982,2.849999999999975,123,3.8719350336480147
2.8599999999999817,2.8600000000000256,123,3.8722850937504063
2.8699999999999815,2.8699999999999743,123,3.8726346612369014
2.8799999999999812,2.8800000000000243,123,3.8729837369676687
2.889999999999981,2.889999999999973,123,3.873332321801797
2.899999999999981,2.900000000000023,123,3.873681659260015
2.9099999999999806,2.9099999999999717,123,3.874037648268242
2.9199999999999804,2.920000000000022,123,3.8743931374885108
2.92999999999998,2.9299999999999704,123,3.8747481277911078
2.93999999999998,2.940000000000021,123,3.8751026200444585
2.9499999999999797,2.949999999999969,123,3.8754566151155814
2.9599999999999795,2.9600000000000195,123,3.8758101138695764
2.9699999999999793,2.9699999999999678,123,3.876163117169881
2.979999999999979,2.980000000000018,123,3.876515625878312
2.989999999999979,2.989999999999967,123,3.8768676408550533
2.9999999999999787,3.000000000000017,123,3.877219162958781
3.0099999999999785,3.009999999999991,123,3.8775701930458126
3.0199999999999783,3.0199999999999902,123,3.877920731971656
3.029999999999978,3.0299999999999896,123,3.8782742238210233
3.039999999999978,3.039999999999989,123,3.8786321157525236
3.0499999999999776,3.0499999999999883,123,3.8789895078265175
3.0599999999999774,3.0599999999999876,123,3.8793464009091707
3.069999999999977,3.069999999999987,123,3.879702795864958
3.079999999999977,3.0799999999999996,123,3.880058693556734
3.0899999999999768,3.089999999999999,123,3.8804140948457473
3.0999999999999766,3.0999999999999983,123,3.8807690005913997
3.1099999999999763,3.1099999999999977,123,3.881123411651444
3.119999999999976,3.119999999999997,123,3.881477328882241
3.129999999999976,3.1299999999999963,123,3.881830753138175
3.1399999999999757,3.1399999999999957,123,3.8821836852721106
3.1499999999999755,3.149999999999995,123,3.882536126135193
3.1599999999999753,3.1599999999999944,123,3.8828931744511266
3.169999999999975,3.169999999999994,123,3.8832529186299922
3.179999999999975,3.1799999999999935,123,3.883612163035039
3.1899999999999746,3.189999999999993,123,3.883970908528269
3.1999999999999744,3.199999999999992,123,3.88432915596988
3.209999999999974,3.2099999999999915,123,3.8846869062186045
3.219999999999974,3.219999999999991,123,3.884445206929769
3.229999999999974,3.22999999999999,123,3.883520818829325
3.2399999999999736,3.2399999999999896,123,3.88259667401519
3.2499999999999734,3.249999999999989,123,3.8816727730884395
3.259999999999973,3.2599999999999882,123,3.8807491166487864
3.269999999999973,3.2699999999999876,123,3.879825705294664
3.2799999999999727,3.279999999999987,123,3.878902539623425
3.2899999999999725,3.2899999999999863,123,3.8779715907552372
3.2999999999999723,3.299999999999986,123,3.877038252141162
3.309999999999972,3.3099999999999854,123,3.876105153361962
3.319999999999972,3.3199999999999847,123,3.875172295026104
3.3299999999999716,3.329999999999984,123,3.87423967774059
3.3399999999999714,3.3399999999999834,123,3.8733073021113285
3.3499999999999712,3.3499999999999828,123,3.87237516874292
3.359999999999971,3.359999999999982,123,3.8714432782387433
3.369999999999971,3.369999999999994,123,3.8705116312009835
3.3799999999999706,3.3799999999999932,123,3.8695802282306317
3.3899999999999704,3.3899999999999926,123,3.8686490699273435
3.39999999999997,3.399999999999992,123,3.867718156889566
3.40999999999997,3.4099999999999913,123,3.866787489714625
3.4199999999999697,3.419999999999991,123,3.865848202854181
3.4299999999999695,3.4299999999999904,123,3.864907309298218
3.4399999999999693,3.4399999999999897,123,3.863966655726273
3.449999999999969,3.449999999999989,123,3.863026242746571
3.459999999999969,3.4599999999999884,123,3.8620860709660576
3.4699999999999687,3.4699999999999878,123,3.861146140990627
3.4799999999999685,3.479999999999987,123,3.8602064534247376
3.4899999999999682,3.4899999999999864,123,3.8592670088717966
3.499999999999968,3.499999999999986,123,3.858327807933904
3.509999999999968,3.509999999999985,123,3.8573888512118515
3.5199999999999676,3.5199999999999845,123,3.856450139305423
3.5299999999999674,3.529999999999984,123,3.8555116728130656
3.539999999999967,3.539999999999983,123,3.854573452331934
3.549999999999967,3.549999999999983,123,3.853626466711205
3.5599999999999667,3.5599999999999823,123,3.8526779672125144
3.5699999999999665,3.5699999999999816,123,3.8517297078142434
3.5799999999999663,3.579999999999981,123,3.8507816891243607
3.589999999999966,3.5899999999999803,123,3.849833911749883
3.599999999999966,3.5999999999999797,123,3.848886376296491
3.6099999999999657,3.609999999999979,123,3.8479390833686864
3.6199999999999655,3.6199999999999783,123,3.84640147574828
3.6299999999999653,3.6299999999999777,123,3.8444249440186553
3.639999999999965,3.639999999999977,123,3.842449601708836
3.649999999999965,3.6499999999999764,123,3.8404754484892294
3.6599999999999646,3.6599999999999757,123,3.838502484030556
3.6699999999999644,3.6699999999999755,123,3.8365307080033944
3.679999999999964,3.679999999999975,123,3.834542342379649
3.689999999999964,3.689999999999974,123,3.8325501773741593
3.6999999999999638,3.6999999999999735,123,3.8305591995806196
3.7099999999999635,3.709999999999973,123,3.8285694086771827
3.7199999999999633,3.719999999999972,123,3.8265808043422
3.729999999999963,3.7299999999999716,123,3.82459338625425
3.739999999999963,3.739999999999971,123,3.8226071540920117
3.7499999999999627,3.7499999999999702,123,3.8206221075341347
3.7599999999999625,3.7599999999999696,123,3.8186382462597805
3.7699999999999623,3.769999999999969,123,3.816655569947713
3.779999999999962,3.7799999999999683,123,3.8146740782773065
3.789999999999962,3.7899999999999676,123,3.812693770927737
3.7999999999999616,3.7999999999999674,123,3.810714647578493
3.8099999999999614,3.8099999999999667,123,3.808721714710643
3.819999999999961,3.8199999999999785,123,3.80672218799171
3.829999999999961,3.8299999999999907,123,3.8047238439374524
3.839999999999961,3.8399999999999648,123,3.80272668223472
3.8499999999999606,3.8499999999999766,123,3.8007307025705614
3.8599999999999604,3.8599999999999888,123,3.798735904632238
3.86999999999996,3.869999999999963,123,3.796742288107154
3.87999999999996,3.8799999999999746,123,3.7947498526826564
3.8899999999999597,3.8899999999999872,123,3.7927585980464045
3.8999999999999595,3.899999999999961,123,3.790768523886072
3.9099999999999593,3.9099999999999726,123,3.78877962988949
3.919999999999959,3.9199999999999853,123,3.7867919157446437
3.929999999999959,3.9299999999999593,123,3.784805381139577
3.9399999999999586,3.939999999999971,123,3.7828093464587056
3.9499999999999584,3.9499999999999833,123,3.7808024739935604
3.959999999999958,3.9599999999999573,123,3.778796781905257
3.969999999999958,3.969999999999969,123,3.776792267514722
3.979999999999958,3.9799999999999813,123,3.774788930514802
3.9899999999999576,3.9899999999999554,123,3.7727867705986284
3.9999999999999574,3.999999999999967,123,3.7707857874592605
4.009999999999957,4.009999999999979,123,3.7687859807899287
4.019999999999957,4.019999999999992,123,3.766787350284119
4.029999999999957,4.029999999999966,123,3.7647898956353174
4.0399999999999565,4.039999999999978,123,3.76279361653728
4.049999999999956,4.04999999999999,123,3.7607985126837207
4.059999999999956,4.059999999999963,123,3.7588045837685513
4.069999999999956,4.069999999999975,123,3.7569345008993764
4.079999999999956,4.0799999999999885,123,3.7556413525611703
4.0899999999999554,4.089999999999962,123,3.754348848541696
4.099999999999955,4.099999999999974,123,3.7530569887739063
4.109999999999955,4.109999999999986,123,3.7517657731910106
4.119999999999955,4.11999999999996,123,3.7504752017262177
4.129999999999955,4.129999999999972,123,3.7491852743129783
4.139999999999954,4.139999999999985,123,3.7478959908846576
4.149999999999954,4.149999999999958,123,3.7466073513749194
4.159999999999954,4.15999999999997,123,3.745319355717342
4.169999999999954,4.169999999999983,123,3.7440320038457884
4.1799999999999535,4.179999999999956,123,3.7427452956941067
4.189999999999953,4.189999999999968,123,3.741459231196231
4.199999999999953,4.199999999999981,123,3.7401738102862225
4.209999999999953,4.209999999999993,123,3.73887619260708
4.219999999999953,4.219999999999992,123,3.737577556600172
4.2299999999999525,4.2299999999999915,123,3.736279560694257
4.239999999999952,4.23999999999999,123,3.7349822048286825
4.249999999999952,4.24999999999999,123,3.733685488943138
4.259999999999952,4.259999999999989,123,3.73238941297717
4.269999999999952,4.269999999999989,123,3.7310939768706106
4.279999999999951,4.279999999999988,123,3.729799180563205
4.289999999999951,4.289999999999988,123,3.7285050239949555
4.299999999999951,4.299999999999987,123,3.7272115071059204
4.309999999999951,4.309999999999986,123,3.725918629836258
4.3199999999999505,4.319999999999986,123,3.7246263921261544
4.32999999999995,4.329999999999985,123,3.7233347939159103
4.33999999999995,4.339999999999985,123,3.722036717024295
4.34999999999995,4.349999999999984,123,3.7207318776621463
4.35999999999995,4.3599999999999834,123,3.7194276742141312
4.3699999999999495,4.369999999999982,123,3.718124106625865
4.379999999999949,4.379999999999982,123,3.7168211748430906
4.389999999999949,4.389999999999981,123,3.7155188788117357
4.399999999999949,4.399999999999981,123,3.714217218477799
4.409999999999949,4.40999999999998,123,3.7129161937872652
4.419999999999948,4.4199999999999795,123,3.7116158046863603
4.429999999999948,4.429999999999979,123,3.7103162644102383
4.439999999999948,4.439999999999978,123,3.709017572731767
4.449999999999948,4.449999999999978,123,3.707719515674981
4.459999999999948,4.459999999999977,123,3.706422093185253
4.469999999999947,4.469999999999977,123,3.705124944187105
4.479999999999947,4.479999999999976,123,3.7038143005185873
4.489999999999947,4.489999999999975,123,3.7025042877574634
4.499999999999947,4.499999999999974,123,3.7012922242683146
4.5099999999999465,4.509999999999974,123,3.700411502535246
4.519999999999946,4.519999999999973,123,3.699531087061274
4.529999999999946,4.529999999999973,123,3.698650978058822
4.539999999999946,4.5399999999999725,123,3.6977711757400016
4.549999999999946,4.549999999999971,123,3.6968916803165968
4.559999999999945,4.559999999999971,123,3.696012492000065
4.569999999999945,4.56999999999997,123,3.6951336110016797
4.579999999999945,4.57999999999997,123,3.6942550375322725
4.589999999999945,4.589999999999969,123,3.693376771802491
4.599999999999945,4.599999999999969,123,3.6924988140226134
4.609999999999944,4.609999999999955,123,3.6916163965343287
4.619999999999944,4.619999999999992,123,3.690729293795556
4.629999999999944,4.629999999999966,123,3.689842494532641
4.639999999999944,4.63999999999994,123,3.688955998961262
4.6499999999999435,4.649999999999977,123,3.688069807297097
4.659999999999943,4.659999999999952,123,3.687183919755469
4.669999999999943,4.669999999999989,123,3.68759523514926
4.679999999999943,4.679999999999963,123,3.686709728940528
4.689999999999943,4.689999999999937,123,3.68582452766546
4.6999999999999424,4.699999999999974,123,3.6849396315396348
4.709999999999942,4.709999999999949,123,3.684055040778162
4.719999999999942,4.719999999999986,123,3.683170755596052
4.729999999999942,4.7299999999999605,123,3.6822867762078317
4.739999999999942,4.7399999999999345,123,3.6814031028278436
4.749999999999941,4.749999999999972,123,3.68051109014813
4.759999999999941,4.759999999999946,123,3.679618207355915
4.769999999999941,4.769999999999984,123,3.6787256260088697
4.779999999999941,4.779999999999957,123,3.6778333463269206
4.7899999999999405,4.789999999999931,123,3.6769413685297394
4.79999999999994,4.799999999999969,123,3.676049692836557
4.80999999999994,4.809999999999943,123,3.6751583194664335
4.81999999999994,4.81999999999998,123,3.6742672486381878
4.82999999999994,4.829999999999954,123,3.673376480570127
4.8399999999999395,4.839999999999928,123,3.6724860154804446
4.849999999999939,4.849999999999965,123,3.671595853586922
4.859999999999939,4.85999999999994,123,3.6707059951070846
4.869999999999939,4.869999999999977,123,3.6698164402582307
4.879999999999939,4.879999999999951,123,3.6689252181713385
4.889999999999938,4.889999999999925,123,3.668026422413888
4.899999999999938,4.899999999999962,123,3.667128300344473
4.909999999999938,4.909999999999936,123,3.6662304848744043
4.919999999999938,4.919999999999974,123,3.6653329684915974
4.9299999999999375,4.929999999999948,123,3.6644357514169315
4.939999999999937,4.939999999999985,123,3.6635388338709873
4.949999999999937,4.949999999999959,123,3.6625741975049664
4.959999999999937,4.959999999999933,123,3.6611251650913204
4.969999999999937,4.96999999999997,123,3.6596766829068628
4.9799999999999365,4.9799999999999445,123,3.6582287512193403
4.989999999999936,4.9899999999999824,123,3.6567813702958603
4.999999999999936,4.999999999999956,123,3.655334540403345
5.009999999999936,5.009999999999969,123,3.653888261808163
5.019999999999936,5.019999999999942,123,3.652435369364113
5.029999999999935,5.029999999999916,123,3.650974133177442
5.039999999999935,5.039999999999966,123,3.649513433202287
5.049999999999935,5.04999999999994,123,3.6480532697062387
5.059999999999935,5.059999999999914,123,3.646593642956418
5.069999999999935,5.069999999999965,123,3.6451345532194495
5.079999999999934,5.079999999999939,123,3.643676000761701
5.089999999999934,5.089999999999988,123,3.6422179858489017
5.099999999999934,5.099999999999963,123,3.6407605087465384
5.109999999999934,5.109999999999936,123,3.6393035697196012
5.1199999999999335,5.119999999999987,123,3.637847169032625
5.129999999999933,5.12999999999996,123,3.6363913069497897
5.139999999999933,5.139999999999935,123,3.6349359837348203
5.149999999999933,5.149999999999985,123,3.633481199650987
5.159999999999933,5.159999999999959,123,3.6319177269591023
5.169999999999932,5.169999999999933,123,3.6302874617540226
5.179999999999932,5.179999999999983,123,3.6286577476207356
5.189999999999932,5.189999999999957,123,3.6270285849783193
5.199999999999932,5.199999999999931,123,3.625399974245596
5.209999999999932,5.209999999999981,123,3.623771915840905
5.219999999999931,5.219999999999955,123,3.622144410182571
5.229999999999931,5.229999999999929,123,3.6205174576883934
5.239999999999931,5.23999999999998,123,3.6188910587759295
5.249999999999931,5.249999999999953,123,3.6172652138625807
5.2599999999999305,5.259999999999927,123,3.6156399233652365
5.26999999999993,5.269999999999977,123,3.6140151877006446
5.27999999999993,5.279999999999952,123,3.6123910072852965
5.28999999999993,5.289999999999925,123,3.6137023215089954
5.29999999999993,5.299999999999976,123,3.612079493923517
5.309999999999929,5.309999999999949,123,3.6104572242835076
5.319999999999929,5.319999999999924,123,3.608830748851858
5.329999999999929,5.329999999999973,123,3.6071933400115057
5.339999999999929,5.339999999999948,123,3.6055564774525806
5.349999999999929,5.3499999999999215,123,3.603920161592683
5.359999999999928,5.359999999999972,123,3.6022843928490857
5.369999999999928,5.369999999999945,123,3.6006491716387217
5.379999999999928,5.37999999999992,123,3.5990144983782244
5.389999999999928,5.38999999999997,123,3.5973803734840715
5.3999999999999275,5.399999999999944,123,3.5957467973722714
5.409999999999927,5.40999999999993,123,3.594111912889133
5.419999999999927,5.41999999999998,123,3.592476954019844
5.429999999999927,5.429999999999942,123,3.5908425289815256
5.439999999999927,5.439999999999904,123,3.589208638198656
5.4499999999999265,5.449999999999954,123,3.5875752820952584
5.459999999999926,5.459999999999915,123,3.5859424610952146
5.469999999999926,5.469999999999965,123,3.5843101756221927
5.479999999999926,5.479999999999926,123,3.582678426099477
5.489999999999926,5.489999999999976,123,3.5810399845232865
5.499999999999925,5.499999999999939,123,3.5793929891892446
5.509999999999925,5.509999999999899,123,3.5777465169414313
5.519999999999925,5.51999999999995,123,3.5761005682028184
5.529999999999925,5.5299999999999105,123,3.5744551433961647
5.5399999999999245,5.539999999999961,123,3.5728102429438877
5.549999999999924,5.549999999999922,123,3.571165867268192
5.559999999999924,5.559999999999972,123,3.569522377101663
5.569999999999924,5.569999999999933,123,3.5678806996384225
5.579999999999924,5.579999999999983,123,3.5662419773995566
5.5899999999999235,5.589999999999945,123,3.5646045591554554
5.599999999999923,5.599999999999906,123,3.562967874858458
5.609999999999923,5.609999999999957,123,3.5613317384709404
5.619999999999923,5.6199999999999175,123,3.559696150396661
5.629999999999923,5.629999999999968,123,3.558061111038967
5.639999999999922,5.6399999999999295,123,3.556426620801119
5.649999999999922,5.64999999999998,123,3.5547926800861376
5.659999999999922,5.659999999999941,123,3.5531516731350763
5.669999999999922,5.669999999999901,123,3.5515026585273404
5.679999999999922,5.679999999999952,123,3.5498541815022264
5.689999999999921,5.689999999999913,123,3.54820624246355
5.699999999999921,5.699999999999963,123,3.5465588418148855
5.709999999999921,5.7099999999999245,123,3.5449119799595934
5.719999999999921,5.719999999999975,123,3.5432656573008074
5.7299999999999205,5.7299999999999365,123,3.5416198742413627
5.73999999999992,5.739999999999897,123,3.5399746311839095
5.74999999999992,5.749999999999948,123,3.5384594634499678
5.75999999999992,5.759999999999908,123,3.5372302485078677
5.76999999999992,5.769999999999959,123,3.536001406928875
5.779999999999919,5.779999999999921,123,3.5347729390378078
5.789999999999919,5.789999999999972,123,3.5335448451592555
5.799999999999919,5.799999999999932,123,3.532317125617638
5.809999999999919,5.809999999999893,123,3.5310897807372044
5.819999999999919,5.819999999999943,123,3.529862810842033
5.829999999999918,5.829999999999892,123,3.530798863591471
5.839999999999918,5.839999999999942,123,3.5295608346633998
5.849999999999918,5.84999999999989,123,3.5283231723598476
5.859999999999918,5.859999999999941,123,3.5270858770050353
5.8699999999999175,5.869999999999889,123,3.525848948923368
5.879999999999917,5.8799999999999395,123,3.5246123884388396
5.889999999999917,5.889999999999888,123,3.523376195875443
5.899999999999917,5.899999999999938,123,3.5221403715568442
5.909999999999917,5.9099999999998865,123,3.520904915806682
5.919999999999916,5.919999999999937,123,3.5196697237510364
5.929999999999916,5.929999999999886,123,3.5184330778010633
5.939999999999916,5.9399999999999356,123,3.5171967880788344
5.949999999999916,5.949999999999885,123,3.515960854911654
5.959999999999916,5.959999999999934,123,3.514725278626571
5.969999999999915,5.969999999999883,123,3.5134900595505485
5.979999999999915,5.979999999999934,123,3.512255198010294
5.989999999999915,5.989999999999882,123,3.5110206943324584
5.999999999999915,5.9999999999999325,123,3.50978466692969
6.0099999999999145,6.009999999999944,123,3.508538766222216
6.019999999999914,6.019999999999944,123,3.5072932128386327
6.029999999999914,6.029999999999957,123,3.506048007103459
6.039999999999914,6.039999999999955,123,3.5048032381136522
6.049999999999914,6.049999999999955,123,3.503561033289941
6.0599999999999135,6.059999999999953,123,3.5023191795878716
6.069999999999913,6.069999999999954,123,3.501077677335232
6.079999999999913,6.079999999999952,123,3.4998365268596814
6.089999999999913,6.089999999999953,123,3.498595728488695
6.099999999999913,6.099999999999951,123,3.497355282549563
6.109999999999912,6.1099999999999515,123,3.496115464477441
6.119999999999912,6.1199999999999495,123,3.494876107868464
6.129999999999912,6.12999999999995,123,3.4936381558276963
6.139999999999912,6.139999999999948,123,3.4924019733395824
6.1499999999999115,6.149999999999949,123,3.491166156414266
6.159999999999911,6.159999999999947,123,3.489930705375926
6.169999999999911,6.1699999999999475,123,3.4886956205488246
6.179999999999911,6.1799999999999455,123,3.4874512149687007
6.189999999999911,6.189999999999946,123,3.486204879816441
6.1999999999999105,6.199999999999944,123,3.4849589010560322
6.20999999999991,6.209999999999945,123,3.4837132790109138
6.21999999999991,6.219999999999943,123,3.4824680140043682
6.22999999999991,6.229999999999944,123,3.4812231063595362
6.23999999999991,6.2399999999999425,123,3.479978556399388
6.249999999999909,6.249999999999942,123,3.478734364446737
6.259999999999909,6.259999999999941,123,3.4774905308242268
6.269999999999909,6.269999999999941,123,3.4762470558542873
6.279999999999909,6.27999999999994,123,3.47500393985932
6.2899999999999086,6.2899999999999405,123,3.473761183161443
6.299999999999908,6.2999999999999385,123,3.4725187860826736
6.309999999999908,6.309999999999939,123,3.4712767489448453
6.319999999999908,6.319999999999937,123,3.4700350720696207
6.329999999999908,6.329999999999938,123,3.4687956303318828
6.3399999999999075,6.339999999999936,123,3.469679702675265
6.349999999999907,6.349999999999937,123,3.4684353796995566
6.359999999999907,6.359999999999948,123,3.467183462858557
6.369999999999907,6.369999999999948,123,3.4659318983072325
6.379999999999907,6.379999999999947,123,3.4646806863667763
6.389999999999906,6.389999999999946,123,3.4634298273581976
6.399999999999906,6.399999999999945,123,3.462179321602349
6.409999999999906,6.409999999999933,123,3.460929169419998
6.419999999999906,6.419999999999931,123,3.459678319818508
6.429999999999906,6.429999999999931,123,3.458426869580137
6.439999999999905,6.439999999999929,123,3.457175759462487
6.449999999999905,6.44999999999993,123,3.455924989787775
6.459999999999905,6.459999999999928,123,3.4546745608782174
6.469999999999905,6.469999999999929,123,3.4534244730557617
6.4799999999999045,6.479999999999928,123,3.452174726642255
6.489999999999904,6.489999999999927,123,3.450925321959346
6.499999999999904,6.499999999999952,123,3.44967833386832
6.509999999999904,6.509999999999951,123,3.4484319503788186
6.519999999999904,6.519999999999951,123,3.447185912171065
6.529999999999903,6.5299999999999505,123,3.4459314720696597
6.539999999999903,6.539999999999949,123,3.444674168303763
6.549999999999903,6.549999999999949,123,3.4434171991064204
6.559999999999903,6.559999999999948,123,3.4421605648007443
6.569999999999903,6.569999999999948,123,3.4409042657096336
6.579999999999902,6.579999999999947,123,3.439648302155888
6.589999999999902,6.589999999999947,123,3.438392674462108
6.599999999999902,6.5999999999999455,123,3.437137382950752
6.609999999999902,6.609999999999945,123,3.4358827185002667
6.6199999999999015,6.619999999999944,123,3.434628486983442
6.629999999999901,6.629999999999944,123,3.4333746061009265
6.639999999999901,6.639999999999943,123,3.432121076171427
6.649999999999901,6.649999999999943,123,3.4308678975135365
6.659999999999901,6.659999999999942,123,3.429615070445692
6.6699999999999005,6.669999999999941,123,3.428362981723268
6.6799999999999,6.679999999999941,123,3.4271131287341774
6.6899999999999,6.68999999999994,123,3.4258636283184956
6.6999999999999,6.69999999999994,123,3.4246144807934513
6.7099999999999,6.709999999999939,123,3.423353823674958
6.719999999999899,6.7199999999999385,123,3.4220934966759984
6.729999999999899,6.729999999999937,123,3.42083351239539
6.739999999999899,6.739999999999937,123,3.4195738711488843
6.749999999999899,6.749999999999936,123,3.4183145732519904
6.7599999999998985,6.759999999999936,123,3.4170556190201324
6.769999999999898,6.769999999999935,123,3.415798283796647
6.779999999999898,6.7799999999999345,123,3.4145423791237732
6.789999999999898,6.789999999999934,123,3.4132868214713454
6.799999999999898,6.799999999999933,123,3.412031611157744
6.8099999999998975,6.809999999999945,123,3.4107767485013056
6.819999999999897,6.8199999999999195,123,3.409522233820155
6.829999999999897,6.829999999999932,123,3.408268067432317
6.839999999999897,6.839999999999943,123,3.4090897281602253
6.849999999999897,6.849999999999918,123,3.4078330823898
6.859999999999896,6.859999999999929,123,3.4065778799399027
6.869999999999896,6.8699999999999415,123,3.4053230260468865
6.879999999999896,6.8799999999999155,123,3.404066933036873
6.889999999999896,6.889999999999928,123,3.402800918173156
6.8999999999998956,6.899999999999939,123,3.4015335014719454
6.909999999999895,6.909999999999914,123,3.400266076307858
6.919999999999895,6.919999999999926,123,3.3989989744262914
6.929999999999895,6.9299999999999375,123,3.397732676941388
6.939999999999895,6.9399999999999125,123,3.3964686536819357
6.9499999999998945,6.949999999999924,123,3.395204957522594
6.959999999999894,6.959999999999936,123,3.3939415887808195
6.969999999999894,6.969999999999947,123,3.3926785477740538
6.979999999999894,6.979999999999922,123,3.3914158348194974
6.989999999999894,6.989999999999934,123,3.390153450234223
6.999999999999893,6.999999999999947,123,3.388891394335161
7.009999999999893,7.00999999999992,123,3.387629667439171
7.019999999999893,7.019999999999932,123,3.386368269862814
7.029999999999893,7.029999999999944,123,3.3851072019226223
7.039999999999893,7.039999999999918,123,3.383846463934958
7.049999999999892,7.0499999999999305,123,3.3825860562160273
7.059999999999892,7.059999999999943,123,3.3813243708951717
7.069999999999892,7.069999999999917,123,3.380052775796244
7.079999999999892,7.079999999999928,123,3.378781499855208
7.0899999999998915,7.08999999999994,123,3.3775107066755368
7.099999999999891,7.099999999999914,123,3.3762404568429645
7.109999999999891,7.109999999999927,123,3.3749705416461353
7.119999999999891,7.11999999999994,123,3.373700961396338
7.129999999999891,7.129999999999913,123,3.3724317164046482
7.13999999999989,7.139999999999924,123,3.371162806982042
7.14999999999989,7.149999999999936,123,3.3698942334393536
7.15999999999989,7.159999999999911,123,3.368625996087303
7.16999999999989,7.169999999999923,123,3.3673580952364546
7.17999999999989,7.179999999999936,123,3.36609053119723
7.189999999999889,7.189999999999909,123,3.3648236003523806
7.199999999999889,7.199999999999921,123,3.3635605015438017
7.209999999999889,7.209999999999908,123,3.362298803279188
7.219999999999889,7.219999999999907,123,3.361037445372517
7.2299999999998885,7.229999999999906,123,3.3597764281385167
7.239999999999888,7.239999999999906,123,3.358515716703124
7.249999999999888,7.249999999999905,123,3.3572436708570166
7.259999999999888,7.259999999999905,123,3.3559719553424543
7.269999999999888,7.269999999999904,123,3.354700570472417
7.2799999999998875,7.279999999999903,123,3.353429516559757
7.289999999999887,7.289999999999903,123,3.3521587939172264
7.299999999999887,7.299999999999902,123,3.35088840285745
7.309999999999887,7.309999999999902,123,3.3496183436928533
7.319999999999887,7.319999999999901,123,3.350383284604561
7.329999999999886,7.329999999999901,123,3.3491092270389373
7.339999999999886,7.3399999999998995,123,3.347835501267184
7.349999999999886,7.349999999999899,123,3.3465621075968386
7.359999999999886,7.359999999999898,123,3.3452898463270344
7.3699999999998855,7.369999999999898,123,3.344019969096692
7.379999999999885,7.379999999999897,123,3.342750411677187
7.389999999999885,7.389999999999897,123,3.341481174381258
7.399999999999885,7.3999999999998956,123,3.3402122575215287
7.409999999999885,7.409999999999895,123,3.3389436614105534
7.4199999999998845,7.419999999999946,123,3.337675386360658
7.429999999999884,7.429999999999894,123,3.3363988120066637
7.439999999999884,7.439999999999944,123,3.3351194268423114
7.449999999999884,7.449999999999893,123,3.333840351446952
7.459999999999884,7.459999999999943,123,3.3325615861291595
7.469999999999883,7.469999999999943,123,3.3312831311973525
7.479999999999883,7.479999999999942,123,3.3300049869599206
7.489999999999883,7.489999999999942,123,3.328727153724998
7.499999999999883,7.4999999999999405,123,3.3274496318006186
7.5099999999998825,7.50999999999994,123,3.3261724214947037
7.519999999999882,7.519999999999939,123,3.324895523114961
7.529999999999882,7.529999999999939,123,3.3236189369690265
7.539999999999882,7.539999999999938,123,3.3223426633643527
7.549999999999882,7.549999999999938,123,3.3210667026082916
7.5599999999998815,7.5599999999999365,123,3.319791272025313
7.569999999999881,7.569999999999936,123,3.318516323147918
7.579999999999881,7.579999999999935,123,3.3172417029489623
7.589999999999881,7.589999999999935,123,3.315967411734931
7.599999999999881,7.599999999999935,123,3.3146934498120117
7.60999999999988,7.609999999999908,123,3.313415974361149
7.61999999999988,7.619999999999946,123,3.3121328333356956
7.62999999999988,7.62999999999992,123,3.3108506681070367
7.63999999999988,7.639999999999893,123,3.309568824552798
7.64999999999988,7.649999999999931,123,3.3082873029812987
7.659999999999879,7.659999999999906,123,3.3070061037008145
7.669999999999879,7.669999999999942,123,3.3057252270194226
7.679999999999879,7.679999999999917,123,3.304444673245186
7.689999999999879,7.68999999999989,123,3.303164442685997
7.6999999999998785,7.699999999999928,123,3.3018864147907294
7.709999999999878,7.709999999999901,123,3.3006093201025664
7.719999999999878,7.719999999999939,123,3.2993325494745704
7.729999999999878,7.729999999999914,123,3.2980561032148756
7.739999999999878,7.739999999999887,123,3.296779981631474
7.749999999999877,7.749999999999925,123,3.2955041850323
7.759999999999877,7.759999999999899,123,3.29422871372509
7.769999999999877,7.7699999999999365,123,3.2929535680175235
7.779999999999877,7.7799999999999105,123,3.29167874821718
7.789999999999877,7.789999999999885,123,3.292402725912609
7.799999999999876,7.799999999999922,123,3.291116660510056
7.809999999999876,7.809999999999896,123,3.289826782176405
7.819999999999876,7.819999999999933,123,3.2885372036108436
7.829999999999876,7.829999999999908,123,3.287247925115949
7.8399999999998755,7.839999999999881,123,3.285958946994114
7.849999999999875,7.849999999999919,123,3.2846702695476466
7.859999999999875,7.859999999999894,123,3.2833836158242207
7.869999999999875,7.86999999999993,123,3.282098109483499
7.879999999999875,7.879999999999905,123,3.280812905015182
7.8899999999998744,7.889999999999942,123,3.279528002722074
7.899999999999874,7.899999999999916,123,3.278243402906938
7.909999999999874,7.909999999999889,123,3.2769591058723506
7.919999999999874,7.919999999999927,123,3.2756751119207337
7.929999999999874,7.929999999999901,123,3.2743914213544514
7.939999999999873,7.939999999999938,123,3.2731080344756407
7.949999999999873,7.949999999999912,123,3.271824951586325
7.959999999999873,7.959999999999887,123,3.2705421729884847
7.969999999999873,7.969999999999924,123,3.2692596989838307
7.9799999999998725,7.979999999999898,123,3.2679764075383417
7.989999999999872,7.989999999999936,123,3.26668290586764
7.999999999999872,7.999999999999909,123,3.2653896970578558
8.009999999999872,8.00999999999991,123,3.2640967814056268
8.019999999999872,8.019999999999884,123,3.2628047046473654
8.029999999999871,8.029999999999934,123,3.2615153649617525
8.039999999999871,8.039999999999907,123,3.260226338360596
8.049999999999871,8.04999999999988,123,3.258937625147894
8.05999999999987,8.059999999999931,123,3.257649225627489
8.06999999999987,8.069999999999904,123,3.256361140103195
8.07999999999987,8.07999999999988,123,3.255073368878584
8.08999999999987,8.08999999999993,123,3.2537859122572286
8.09999999999987,8.099999999999904,123,3.252498770542573
8.10999999999987,8.109999999999877,123,3.251211944037891
8.11999999999987,8.119999999999926,123,3.2499254330463714
8.12999999999987,8.129999999999901,123,3.248639237871103
8.13999999999987,8.139999999999876,123,3.2473533588150474
8.149999999999869,8.149999999999926,123,3.2460677961810376
8.159999999999869,8.159999999999899,123,3.24478255027185
8.169999999999868,8.169999999999874,123,3.243494516976341
8.179999999999868,8.179999999999923,123,3.242198343667013
8.189999999999868,8.189999999999898,123,3.240905001772603
8.199999999999868,8.199999999999871,123,3.239612048111397
8.209999999999868,8.209999999999923,123,3.238319400801089
8.219999999999867,8.219999999999896,123,3.2370270601421254
8.229999999999867,8.229999999999869,123,3.235735026434682
8.239999999999867,8.23999999999992,123,3.2364126252661833
8.249999999999867,8.249999999999893,123,3.235116692437373
8.259999999999867,8.259999999999868,123,3.233821051256726
8.269999999999866,8.269999999999918,123,3.2325257020205527
8.279999999999866,8.279999999999893,123,3.2312306450250787
8.289999999999866,8.289999999999866,123,3.2299358805663303
8.299999999999866,8.299999999999915,123,3.228641408940163
8.309999999999865,8.30999999999989,123,3.2273472304423336
8.319999999999865,8.319999999999865,123,3.226053345368527
8.329999999999865,8.329999999999915,123,3.2247597540141726
8.339999999999865,8.339999999999888,123,3.2234680447119217
8.349999999999865,8.34999999999994,123,3.2221776728979847
8.359999999999864,8.359999999999912,123,3.220884167798019
8.369999999999864,8.369999999999887,123,3.2195828512203093
8.379999999999864,8.379999999999937,123,3.218281817347588
8.389999999999864,8.389999999999912,123,3.2169810664710923
8.399999999999864,8.399999999999885,123,3.21568059888169
8.409999999999863,8.409999999999858,123,3.21438041487022
8.419999999999863,8.419999999999908,123,3.2130813800965115
8.429999999999863,8.42999999999987,123,3.211784403632606
8.439999999999863,8.439999999999921,123,3.2104877150369475
8.449999999999863,8.449999999999882,123,3.2091913146074518
8.459999999999862,8.459999999999932,123,3.207895406655439
8.469999999999862,8.469999999999892,123,3.206599964333307
8.479999999999862,8.479999999999855,123,3.2053048272317
8.489999999999862,8.489999999999904,123,3.204009995649585
8.499999999999861,8.499999999999867,123,3.2027154698860727
8.509999999999861,8.509999999999916,123,3.201421250239946
8.519999999999861,8.519999999999877,123,3.200127337010059
8.52999999999986,8.529999999999928,123,3.198833730495025
8.53999999999986,8.539999999999889,123,3.1975404309934703
8.54999999999986,8.549999999999939,123,3.196245363989391
8.55999999999986,8.5599999999999,123,3.1949412218511384
8.56999999999986,8.569999999999862,123,3.19363737553617
8.57999999999986,8.579999999999911,123,3.1923338253392757
8.58999999999986,8.589999999999872,123,3.1910305715551885
8.59999999999986,8.599999999999923,123,3.1897276144784996
8.609999999999859,8.609999999999884,123,3.188424954403743
8.619999999999859,8.619999999999933,123,3.187122591625254
8.629999999999859,8.629999999999896,123,3.1858205264373822
8.639999999999858,8.639999999999857,123,3.1845187591342636
8.649999999999858,8.649999999999908,123,3.1832172900100204
8.659999999999858,8.659999999999869,123,3.1819180079879033
8.669999999999858,8.669999999999918,123,3.1806206621991606
8.679999999999858,8.679999999999879,123,3.179325354164277
8.689999999999857,8.68999999999993,123,3.179957631606271
8.699999999999857,8.699999999999891,123,3.178655691866936
8.709999999999857,8.709999999999853,123,3.177354035392895
8.719999999999857,8.719999999999903,123,3.176052662473836
8.729999999999857,8.729999999999864,123,3.174751573399348
8.739999999999856,8.739999999999915,123,3.1734507684588777
8.749999999999856,8.749999999999876,123,3.172139697691833
8.759999999999856,8.759999999999925,123,3.170827963119237
8.769999999999856,8.769999999999888,123,3.1695165004388315
8.779999999999855,8.779999999999848,123,3.168205309933711
8.789999999999855,8.7899999999999,123,3.166894391886899
8.799999999999855,8.79999999999986,123,3.1655837465812624
8.809999999999855,8.80999999999991,123,3.1642772811425175
8.819999999999855,8.819999999999858,123,3.1629726160218894
8.829999999999854,8.82999999999991,123,3.161668228530047
8.839999999999854,8.839999999999858,123,3.1603641189593077
8.849999999999854,8.849999999999907,123,3.1590602876016476
8.859999999999854,8.859999999999856,123,3.157756734749114
8.869999999999854,8.869999999999907,123,3.1564534606935553
8.879999999999853,8.879999999999855,123,3.1551504657266918
8.889999999999853,8.889999999999905,123,3.153847794222486
8.899999999999853,8.899999999999853,123,3.1525457326264785
8.909999999999853,8.909999999999904,123,3.151243967600422
8.919999999999852,8.919999999999852,123,3.149942499438424
8.929999999999852,8.929999999999902,123,3.148641328434408
8.939999999999852,8.93999999999985,123,3.147334691906565
8.949999999999852,8.949999999999902,123,3.146022758912096
8.959999999999852,8.95999999999985,123,3.144711111671697
8.969999999999851,8.9699999999999,123,3.1433997504751687
8.979999999999851,8.97999999999985,123,3.1420886756122
8.989999999999851,8.989999999999899,123,3.140777887372309
8.99999999999985,8.999999999999847,123,3.139467386045027
9.00999999999985,9.009999999999897,123,3.1381571719196586
9.01999999999985,9.019999999999897,123,3.136847245285523
9.02999999999985,9.029999999999896,123,3.1355376064317824
9.03999999999985,9.039999999999896,123,3.134228255647514
9.04999999999985,9.049999999999896,123,3.132919193221724
9.05999999999985,9.059999999999894,123,3.1316129289530608
9.06999999999985,9.069999999999894,123,3.1303071454191524
9.079999999999849,9.079999999999893,123,3.129001654303707
9.089999999999849,9.089999999999893,123,3.127696455901898
9.099999999999849,9.099999999999904,123,3.1263915505086715
9.109999999999848,9.109999999999904,123,3.1250869384190025
9.119999999999848,9.119999999999903,123,3.1256672805719603
9.129999999999848,9.129999999999903,123,3.1243585241356584
9.139999999999848,9.139999999999901,123,3.1230392572201566
9.149999999999848,9.1499999999999,123,3.1217196557129228
9.159999999999847,9.1599999999999,123,3.1204003152134874
9.169999999999847,9.1699999999999,123,3.1190812359982374
9.179999999999847,9.1799999999999,123,3.1177624183434034
9.189999999999847,9.189999999999898,123,3.116445027262941
9.199999999999847,9.199999999999898,123,3.115129514642092
9.209999999999846,9.209999999999898,123,3.1138142681911916
9.219999999999846,9.219999999999898,123,3.1124992881949396
9.229999999999846,9.229999999999896,123,3.1111845749378944
9.239999999999846,9.239999999999895,123,3.109870128704543
9.249999999999845,9.249999999999895,123,3.108555949779202
9.259999999999845,9.259999999999895,123,3.1072430617648195
9.269999999999845,9.269999999999893,123,3.105932177112493
9.279999999999845,9.279999999999893,123,3.1046215610836185
9.289999999999845,9.289999999999893,123,3.1033112139636643
9.299999999999844,9.299999999999892,123,3.102001136037998
9.309999999999844,9.309999999999892,123,3.100691327591875
9.319999999999844,9.31999999999989,123,3.099382015323485
9.329999999999844,9.32999999999989,123,3.0980704738488356
9.339999999999844,9.33999999999989,123,3.0967506288601356
9.349999999999843,9.34999999999989,123,3.095431059080582
9.359999999999843,9.359999999999888,123,3.094111764794519
9.369999999999843,9.369999999999887,123,3.0927927462863067
9.379999999999843,9.379999999999901,123,3.091474003840119
9.389999999999842,9.3899999999999,123,3.090155537740074
9.399999999999842,9.399999999999899,123,3.0888373482702036
9.409999999999842,9.409999999999897,123,3.0875194357143982
9.419999999999842,9.419999999999899,123,3.0862018003565908
9.429999999999842,9.429999999999897,123,3.084885279501762
9.439999999999841,9.439999999999896,123,3.083570939109862
9.449999999999841,9.449999999999894,123,3.0822568800855947
9.459999999999841,9.459999999999896,123,3.080943102719445
9.46999999999984,9.469999999999894,123,3.0796296073019676
9.47999999999984,9.479999999999894,123,3.0783163941234193
9.48999999999984,9.489999999999892,123,3.0770034634741563
9.49999999999984,9.499999999999893,123,3.075690815644265
9.50999999999984,9.509999999999891,123,3.074378450923959
9.51999999999984,9.519999999999891,123,3.0730663696031826
9.52999999999984,9.529999999999891,123,3.071750410617369
9.53999999999984,9.53999999999989,123,3.070427719165636
9.549999999999839,9.549999999999889,123,3.0709327715630366
9.559999999999839,9.559999999999889,123,3.0696059873075114
9.569999999999839,9.569999999999888,123,3.06828195216994
9.579999999999838,9.579999999999888,123,3.066958171368171
9.589999999999838,9.589999999999886,123,3.065634645180623
9.599999999999838,9.599999999999888,123,3.064311373885417
9.609999999999838,9.609999999999886,123,3.0629883577607444
9.619999999999838,9.619999999999886,123,3.0616655970845557
9.629999999999837,9.629999999999884,123,3.0603430921347154
9.639999999999837,9.639999999999885,123,3.0590208431889323
9.649999999999837,9.649999999999883,123,3.057698850524858
9.659999999999837,9.659999999999883,123,3.0563771144199166
9.669999999999837,9.669999999999881,123,3.05505563515149
9.679999999999836,9.679999999999882,123,3.0537344129968176
9.689999999999836,9.68999999999988,123,3.052413448232997
9.699999999999836,9.69999999999988,123,3.0510927411369977
9.709999999999836,9.709999999999878,123,3.049774691489347
9.719999999999835,9.71999999999988,123,3.0484573307069667
9.729999999999835,9.729999999999878,123,3.0471362779530153
9.739999999999835,9.739999999999878,123,3.045808656135975
9.749999999999835,9.749999999999876,123,3.0444813114692266
9.759999999999835,9.759999999999877,123,3.043154231535965
9.769999999999834,9.769999999999875,123,3.0418274166146375
9.779999999999834,9.779999999999875,123,3.0405008669835922
9.789999999999834,9.789999999999875,123,3.0391745829211487
9.799999999999834,9.799999999999875,123,3.037849655297009
9.809999999999834,9.809999999999887,123,3.036526683569676
9.819999999999833,9.819999999999897,123,3.0352039816989134
9.829999999999833,9.829999999999872,123,3.033881549970218
9.839999999999833,9.839999999999884,123,3.0325593886692133
9.849999999999833,9.849999999999897,123,3.0312374980812393
9.859999999999832,9.859999999999872,123,3.029915878491636
9.869999999999832,9.869999999999882,123,3.028594530185657
9.879999999999832,9.879999999999894,123,3.027273453448487
9.889999999999832,9.889999999999867,123,3.02595264856528
9.899999999999832,9.899999999999881,123,3.0246321158210066
9.909999999999831,9.909999999999892,123,3.0233118555006513
9.919999999999831,9.919999999999867,123,3.021991867889014
9.929999999999831,9.929999999999879,123,3.020670152559717
9.93999999999983,9.939999999999891,123,3.0193396424748187
9.94999999999983,9.949999999999864,123,3.0180093932358574
9.95999999999983,9.959999999999877,123,3.018465200164556
9.96999999999983,9.969999999999889,123,3.017133286931582
9.97999999999983,9.979999999999864,123,3.0158016165292594
9.98999999999983,9.989999999999876,123,3.0144701892286605
9.99999999999983,9.999999999999886,123,3.013139005300843
10.00999999999983,10.00999999999986,123,3.0118080650166092
10.019999999999829,10.019999999999873,123,3.0104773686466757
10.029999999999829,10.029999999999886,123,3.009146916461688
10.039999999999829,10.039999999999896,123,3.0078167087321503
10.049999999999828,10.049999999999871,123,3.0064867457284095
10.059999999999828,10.059999999999883,123,3.005157027720685
10.069999999999828,10.069999999999895,123,3.0038275549790825
10.079999999999828,10.079999999999869,123,3.0024983277736084
10.089999999999828,10.08999999999988,123,3.0011693463741125
10.099999999999827,10.099999999999893,123,2.999840611050317
10.109999999999827,10.109999999999868,123,2.9985121220718014
10.119999999999827,10.11999999999988,123,2.9971838797080466
10.129999999999827,10.12999999999989,123,2.995855884228476
10.139999999999826,10.139999999999866,123,2.9945197842643125
10.149999999999826,10.149999999999878,123,2.9931845720122823
10.159999999999826,10.15999999999989,123,2.9918499706978707
10.169999999999826,10.169999999999863,123,2.990518080174084
10.179999999999826,10.179999999999875,123,2.9891864451606693
10.189999999999825,10.189999999999888,123,2.9878550659330045
10.199999999999825,10.19999999999986,123,2.986523942766368
10.209999999999825,10.209999999999873,123,2.985193075935868
10.219999999999825,10.219999999999873,123,2.9838624657166406
10.229999999999825,10.229999999999874,123,2.9825321123836375
10.239999999999824,10.239999999999872,123,2.981202016211796
10.249999999999824,10.24999999999987,123,2.980625861742567
10.259999999999824,10.25999999999987,123,2.9792095931110225
10.269999999999824,10.269999999999872,123,2.977793440553981
10.279999999999824,10.27999999999987,123,2.9763774040132063
10.289999999999823,10.289999999999868,123,2.9749614834294817
10.299999999999823,10.299999999999867,123,2.973545678742539
10.309999999999823,10.309999999999869,123,2.9721299898911155
10.319999999999823,10.319999999999867,123,2.9707144168129673
10.329999999999822,10.329999999999865,123,2.9692989594447994
10.339999999999822,10.339999999999867,123,2.9678836177222365
10.349999999999822,10.349999999999866,123,2.9664683915799515
10.359999999999822,10.359999999999864,123,2.9650575193921185
10.369999999999822,10.369999999999862,123,2.9636481540316595
10.379999999999821,10.379999999999864,123,2.9622412599378833
10.389999999999821,10.389999999999864,123,2.9608355588169673
10.399999999999821,10.399999999999862,123,2.959429720750194
10.40999999999982,10.40999999999986,123,2.9580278837439806
10.41999999999982,10.419999999999861,123,2.956625721056696
10.42999999999982,10.429999999999861,123,2.9552232347834035
10.43999999999982,10.43999999999986,123,2.953820426993218
10.44999999999982,10.449999999999857,123,2.952417299729447
10.45999999999982,10.459999999999859,123,2.9510138550098475
10.46999999999982,10.469999999999859,123,2.949610094826795
10.47999999999982,10.479999999999857,123,2.9482060211474277
10.489999999999819,10.489999999999855,123,2.9468016359139426
10.499999999999819,10.499999999999856,123,2.9453969410437395
10.509999999999819,10.509999999999856,123,2.9439919384294626
10.519999999999818,10.519999999999854,123,2.9425866299393846
10.529999999999818,10.529999999999854,123,2.941182650095328
10.539999999999818,10.539999999999853,123,2.9397811193642127
10.549999999999818,10.549999999999853,123,2.9383793054457783
10.559999999999818,10.559999999999851,123,2.936976444088657
10.569999999999817,10.569999999999851,123,2.9355734173626757
10.579999999999817,10.57999999999985,123,2.9341705193268552
10.589999999999817,10.58999999999985,123,2.932767819232268
10.599999999999817,10.59999999999985,123,2.9313697894510398
10.609999999999816,10.60999999999986,123,2.9299718902089182
10.619999999999816,10.619999999999898,123,2.9285834314842845
10.629999999999816,10.629999999999873,123,2.927195589981906
10.639999999999816,10.639999999999848,123,2.925807419961586
10.649999999999816,10.649999999999883,123,2.924418923790256
10.659999999999815,10.65999999999986,123,2.923030103807818
10.669999999999815,10.669999999999897,123,2.9216409623271744
10.679999999999815,10.67999999999987,123,2.920251501634553
10.689999999999815,10.689999999999843,123,2.918864648959996
10.699999999999815,10.699999999999882,123,2.917478671390043
10.709999999999814,10.709999999999855,123,2.91609239791255
10.719999999999814,10.719999999999894,123,2.914705830734775
10.729999999999814,10.729999999999867,123,2.91331897203915
10.739999999999814,10.73999999999984,123,2.9119318239831244
10.749999999999813,10.749999999999877,123,2.910544388699705
10.759999999999813,10.759999999999852,123,2.90915666829747
10.769999999999813,10.76999999999989,123,2.9077686648608108
10.779999999999813,10.779999999999863,123,2.9063803804501163
10.789999999999813,10.78999999999984,123,2.904991817101916
10.799999999999812,10.799999999999876,123,2.9036072188048507
10.809999999999812,10.80999999999985,123,2.9022225290752743
10.819999999999812,10.819999999999885,123,2.9008375758583753
10.829999999999812,10.829999999999862,123,2.8994523610531644
10.839999999999812,10.839999999999835,123,2.898066886536242
10.849999999999811,10.849999999999872,123,2.8966836516134293
10.859999999999811,10.859999999999847,123,2.8953017797438463
10.869999999999811,10.869999999999884,123,2.8939196690609634
10.87999999999981,10.879999999999857,123,2.89254826603009
10.88999999999981,10.88999999999983,123,2.8911770184227095
10.89999999999981,10.899999999999869,123,2.8898054658233434
10.90999999999981,10.909999999999842,123,2.888433610778449
10.91999999999981,10.919999999999881,123,2.8870614558075687
10.92999999999981,10.929999999999856,123,2.8856890034036127
10.93999999999981,10.939999999999891,123,2.884316256033088
10.94999999999981,10.949999999999864,123,2.8829432161362973
10.959999999999809,10.959999999999841,123,2.881569886127579
10.969999999999809,10.969999999999878,123,2.8801962683954656
10.979999999999809,10.979999999999851,123,2.8788223653029945
10.989999999999808,10.98999999999989,123,2.877448179187823
10.999999999999808,10.999999999999863,123,2.876074031090724
11.009999999999808,11.00999999999985,123,2.874703492357696
11.019999999999808,11.019999999999824,123,2.8733351982702544
11.029999999999808,11.029999999999873,123,2.871967984506398
11.039999999999807,11.039999999999846,123,2.870600523614627
11.049999999999807,11.049999999999821,123,2.869232817741974
11.059999999999807,11.05999999999987,123,2.8678648690128057
11.069999999999807,11.069999999999846,123,2.8664966795290923
11.079999999999806,11.079999999999819,123,2.8651282513704786
11.089999999999806,11.08999999999987,123,2.8637595865946253
11.099999999999806,11.099999999999843,123,2.862390687237209
11.109999999999806,11.109999999999818,123,2.861021555312334
11.119999999999806,11.11999999999987,123,2.859652192812419
11.129999999999805,11.129999999999843,123,2.8582833376318604
11.139999999999805,11.139999999999892,123,2.856924960571149
11.149999999999805,11.149999999999867,123,2.855566284281153
11.159999999999805,11.15999999999984,123,2.854207311492857
11.169999999999805,11.16999999999989,123,2.8528480449096065
11.179999999999804,11.179999999999863,123,2.8514884872075896
11.189999999999804,11.18999999999984,123,2.850129563898861
11.199999999999804,11.19999999999989,123,2.8487730963460223
11.209999999999804,11.209999999999862,123,2.8474163603075766
11.219999999999803,11.219999999999835,123,2.846059908986888
11.229999999999803,11.229999999999887,123,2.8447065514916687
11.239999999999803,11.239999999999862,123,2.8433529430019178
11.249999999999803,11.249999999999835,123,2.8419990859391504
11.259999999999803,11.259999999999886,123,2.8406449827005957
11.269999999999802,11.26999999999986,123,2.8392906356596654
11.279999999999802,11.279999999999832,123,2.8379360471659822
11.289999999999802,11.289999999999882,123,2.8365812195456783
11.299999999999802,11.299999999999855,123,2.835226155101523
11.309999999999802,11.309999999999832,123,2.8338708561131796
11.319999999999801,11.319999999999881,123,2.8325153248374164
11.329999999999801,11.329999999999854,123,2.831159563508237
11.339999999999801,11.33999999999983,123,2.829803574337163
11.3499999999998,11.349999999999879,123,2.828447359513305
11.3599999999998,11.359999999999854,123,2.827090921203691
11.3699999999998,11.369999999999827,123,2.82573491170956
11.3799999999998,11.379999999999878,123,2.8243817250541383
11.3899999999998,11.389999999999851,123,2.823031181747396
11.3999999999998,11.399999999999824,123,2.8216886997793864
11.4099999999998,11.409999999999876,123,2.8203459427784168
11.4199999999998,11.419999999999837,123,2.8190029136068944
11.429999999999799,11.429999999999888,123,2.817659615099913
11.439999999999799,11.439999999999849,123,2.81631605006541
11.449999999999799,11.44999999999981,123,2.8149722212845347
11.459999999999798,11.459999999999859,123,2.813631761101391
11.469999999999798,11.469999999999821,123,2.812291119236477
11.479999999999798,11.479999999999873,123,2.810950231995605
11.489999999999798,11.489999999999831,123,2.8096091019773723
11.499999999999797,11.499999999999881,123,2.808267731755336
11.509999999999797,11.509999999999843,123,2.80692612387854
11.519999999999797,11.519999999999806,123,2.8055842808714573
11.529999999999797,11.529999999999855,123,2.804242205234331
11.539999999999797,11.539999999999816,123,2.8028998994433465
11.549999999999796,11.549999999999866,123,2.801557365950927
11.559999999999796,11.559999999999828,123,2.8002146071857936
11.569999999999796,11.569999999999878,123,2.7988749805901705
11.579999999999796,11.579999999999838,123,2.7975352262775033
11.589999999999796,11.589999999999888,123,2.7961952667393746
11.599999999999795,11.59999999999985,123,2.794855104298307
11.609999999999795,11.609999999999813,123,2.7935147412547536
11.619999999999795,11.619999999999862,123,2.792174179887141
11.629999999999795,11.629999999999823,123,2.790833422452323
11.639999999999795,11.639999999999873,123,2.7894924711855538
11.649999999999794,11.649999999999835,123,2.7881574818721475
11.659999999999794,11.659999999999885,123,2.7868271545617205
11.669999999999794,11.669999999999847,123,2.7854965629651502
11.679999999999794,11.679999999999808,123,2.784165710073168
11.689999999999793,11.689999999999857,123,2.7828345988488934
11.699999999999793,11.69999999999982,123,2.781504513713628
11.709999999999793,11.70999999999987,123,2.7801763873208643
11.719999999999793,11.719999999999832,123,2.778848021870928
11.729999999999793,11.729999999999881,123,2.77751942012992
11.739999999999792,11.739999999999842,123,2.776190584838332
11.749999999999792,11.749999999999805,123,2.7748615187112193
11.759999999999792,11.759999999999854,123,2.7735322244385117
11.769999999999792,11.769999999999827,123,2.772205732431104
11.779999999999792,11.779999999999864,123,2.770879180713834
11.789999999999791,11.789999999999827,123,2.7695524213105642
11.799999999999791,11.79999999999987,123,2.768225456784819
11.80999999999979,11.809999999999832,123,2.766898289676405
11.81999999999979,11.819999999999876,123,2.765570922501894
11.82999999999979,11.829999999999831,123,2.7642433577546797
11.83999999999979,11.839999999999874,123,2.7629155979051347
11.84999999999979,11.849999999999822,123,2.761587645401036
11.85999999999979,11.859999999999873,123,2.760259502667452
11.86999999999979,11.869999999999822,123,2.7589311721072107
11.87999999999979,11.879999999999866,123,2.7576026561009286
11.88999999999979,11.88999999999982,123,2.7562739570073376
11.899999999999789,11.899999999999864,123,2.7549450771632706
11.909999999999789,11.909999999999819,123,2.7536268437849003
11.919999999999789,11.919999999999863,123,2.7523084339203905
11.929999999999788,11.929999999999819,123,2.7509897719010894
11.939999999999788,11.939999999999861,123,2.7496708608277487
11.949999999999788,11.949999999999816,123,2.748351703773139
11.959999999999788,11.95999999999986,123,2.747032303782234
11.969999999999787,11.969999999999816,123,2.745715806761794
11.979999999999787,11.979999999999858,123,2.7444018030159896
11.989999999999787,11.989999999999814,123,2.7430879219307798
11.999999999999787,11.999999999999865,123,2.7417738330942854
12.009999999999787,12.00999999999985,123,2.740459539311175
12.019999999999786,12.01999999999985,123,2.7391450433613613
12.029999999999786,12.02999999999985,123,2.7378303480004718
12.039999999999786,12.039999999999848,123,2.7365154559599745
12.049999999999786,12.049999999999848,123,2.7352003699472505
12.059999999999786,12.059999999999848,123,2.733885092645963
12.069999999999785,12.069999999999848,123,2.7325696267161135
12.079999999999785,12.079999999999846,123,2.7312539747943276
12.089999999999785,12.089999999999847,123,2.7299381394939815
12.099999999999785,12.099999999999845,123,2.7286221234054295
12.109999999999784,12.109999999999845,123,2.7273059290961754
12.119999999999784,12.119999999999843,123,2.725989559111099
12.129999999999784,12.12999999999985,123,2.724673015972556
12.139999999999784,12.139999999999842,123,2.7233563021806617
12.149999999999784,12.14999999999985,123,2.7220394202133775
12.159999999999783,12.159999999999847,123,2.7207290410942733
12.169999999999783,12.169999999999849,123,2.719422984058326
12.179999999999783,12.179999999999847,123,2.7181166756220705
12.189999999999783,12.189999999999847,123,2.716810118247537
12.199999999999783,12.199999999999845,123,2.715503314372498
12.209999999999782,12.209999999999846,123,2.7141962664110224
12.219999999999782,12.219999999999844,123,2.7128889767535753
12.229999999999782,12.229999999999844,123,2.711581447767145
12.239999999999782,12.239999999999842,123,2.7102736817957975
12.249999999999782,12.249999999999849,123,2.7089665330386765
12.259999999999781,12.259999999999842,123,2.7076613994005356
12.269999999999781,12.269999999999847,123,2.706356046747075
12.27999999999978,12.279999999999847,123,2.705050477244427
12.28999999999978,12.289999999999848,123,2.7037446930377342
12.29999999999978,12.299999999999846,123,2.702438696251363
12.30999999999978,12.309999999999844,123,2.7011324889890176
12.31999999999978,12.319999999999844,123,2.6998260733341084
12.32999999999978,12.329999999999846,123,2.698519451349796
12.33999999999978,12.339999999999844,123,2.6972126250793735
12.34999999999978,12.349999999999842,123,2.695905596546268
12.35999999999978,12.359999999999841,123,2.6945983677544376
12.369999999999779,12.369999999999843,123,2.6932909406884846
12.379999999999779,12.379999999999841,123,2.691983317313799
12.389999999999779,12.389999999999839,123,2.690675499576855
12.399999999999778,12.399999999999839,123,2.6893674894053277
12.409999999999778,12.40999999999984,123,2.688058166975125
12.419999999999778,12.419999999999838,123,2.686747220537484
12.429999999999778,12.429999999999836,123,2.6854365247352234
12.439999999999777,12.439999999999836,123,2.684126079931673
12.449999999999777,12.449999999999838,123,2.682815886490431
12.459999999999777,12.459999999999836,123,2.6815059447751395
12.469999999999777,12.469999999999834,123,2.6801962551496814
12.479999999999777,12.479999999999835,123,2.678886817978011
12.489999999999776,12.489999999999835,123,2.677577633624324
12.499999999999776,12.499999999999833,123,2.676268702452873
12.509999999999776,12.509999999999831,123,2.67496002482811
12.519999999999776,12.519999999999833,123,2.673651601114628
12.529999999999776,12.529999999999843,123,2.6723434316772057
12.539999999999775,12.539999999999845,123,2.6710355168806785
12.549999999999775,12.549999999999843,123,2.6697303397489662
12.559999999999775,12.559999999999842,123,2.668426092445074
12.569999999999775,12.56999999999984,123,2.6671221005130406
12.579999999999774,12.579999999999842,123,2.665818364319506
12.589999999999774,12.58999999999984,123,2.66451488423111
12.599999999999774,12.59999999999984,123,2.6632116606147633
12.609999999999774,12.60999999999984,123,2.661908693837404
12.619999999999774,12.61999999999984,123,2.6606059842662546
12.629999999999773,12.629999999999837,123,2.6593039726064944
12.639999999999773,12.639999999999839,123,2.658001996563385
12.649999999999773,12.649999999999837,123,2.6566998067316376
12.659999999999773,12.659999999999837,123,2.6553940232363686
12.669999999999773,12.669999999999835,123,2.654083728420119
12.679999999999772,12.679999999999836,123,2.65277367731062
12.689999999999772,12.689999999999834,123,2.651463870269424
12.699999999999772,12.699999999999834,123,2.650154307658269
12.709999999999772,12.709999999999832,123,2.6488449898389916
12.719999999999771,12.719999999999834,123,2.6475359171736557
12.729999999999771,12.729999999999832,123,2.646227090024439
12.739999999999771,12.739999999999831,123,2.6449185087536478
12.74999999999977,12.74999999999983,123,2.6436101737237863
12.75999999999977,12.759999999999831,123,2.6423020852975014
12.76999999999977,12.769999999999829,123,2.6409942438375538
12.77999999999977,12.779999999999841,123,2.639686649706917
12.78999999999977,12.789999999999841,123,2.638379303268678
12.79999999999977,12.799999999999839,123,2.6370722048860813
12.80999999999977,12.809999999999826,123,2.635765354922526
12.81999999999977,12.819999999999839,123,2.6344587537415407
12.82999999999977,12.829999999999831,123,2.63315240170688
12.839999999999769,12.839999999999826,123,2.6318466717423803
12.849999999999769,12.849999999999838,123,2.6305440143037373
12.859999999999769,12.859999999999829,123,2.629241606770364
12.869999999999768,12.869999999999823,123,2.6279394495076787
12.879999999999768,12.879999999999834,123,2.6266375428811557
12.889999999999768,12.889999999999828,123,2.6253358872565684
12.899999999999768,12.899999999999823,123,2.6240344829997184
12.909999999999767,12.909999999999833,123,2.622728582112728
12.919999999999767,12.919999999999826,123,2.621418909420086
12.929999999999767,12.92999999999984,123,2.6201094733829535
12.939999999999767,12.93999999999983,123,2.618800274361007
12.949999999999767,12.949999999999825,123,2.6174913127140655
12.959999999999766,12.959999999999836,123,2.616182588802161
12.969999999999766,12.96999999999983,123,2.6148741029853824
12.979999999999766,12.979999999999821,123,2.6135658556240458
12.989999999999766,12.989999999999835,123,2.6122578470786806
12.999999999999766,12.999999999999828,123,2.6109500777098305
13.009999999999765,13.009999999999838,123,2.609642547878309
13.019999999999765,13.019999999999833,123,2.6083352579450434
13.029999999999765,13.029999999999827,123,2.607028208271103
13.039999999999765,13.039999999999837,123,2.605721399217728
13.049999999999764,13.049999999999832,123,2.604414831146329
13.059999999999764,13.059999999999823,123,2.6031085044184863
13.069999999999764,13.069999999999835,123,2.6018024193958524
13.079999999999764,13.07999999999983,123,2.6004965764403067
13.089999999999764,13.089999999999822,123,2.5991909759138423
13.099999999999763,13.099999999999834,123,2.5978856181786796
13.109999999999763,13.109999999999829,123,2.5965805035970675
13.119999999999763,13.11999999999982,123,2.595275632531525
13.129999999999763,13.129999999999832,123,2.593971005344642
13.139999999999763,13.139999999999825,123,2.5926684500098105
13.149999999999762,13.14999999999982,123,2.591367546308078
13.159999999999762,13.159999999999831,123,2.590062930910591
13.169999999999762,13.169999999999824,123,2.5887538519057784
13.179999999999762,13.179999999999815,123,2.5874450023827933
13.189999999999761,13.189999999999827,123,2.5861363826993795
13.199999999999761,13.199999999999822,123,2.5848279932134233
13.209999999999761,13.209999999999814,123,2.583519834282953
13.21999999999976,13.219999999999814,123,2.582211906266224
13.22999999999976,13.229999999999814,123,2.580904209521563
13.23999999999976,13.239999999999812,123,2.579596744407496
13.24999999999976,13.249999999999837,123,2.578289511282719
13.25999999999976,13.259999999999838,123,2.576982510506099
13.26999999999976,13.269999999999836,123,2.57567574243663
13.27999999999976,13.279999999999834,123,2.574369207433435
13.28999999999976,13.289999999999836,123,2.573062905855906
13.29999999999976,13.299999999999836,123,2.5717568380634646
13.309999999999759,13.309999999999834,123,2.570451004415787
13.319999999999759,13.319999999999832,123,2.56914540527265
13.329999999999758,13.329999999999833,123,2.567840040994014
13.339999999999758,13.339999999999833,123,2.566534911939982
13.349999999999758,13.349999999999831,123,2.5652300184707997
13.359999999999758,13.359999999999829,123,2.5639253609468824
13.369999999999758,13.36999999999983,123,2.562620939728859
13.379999999999757,13.37999999999983,123,2.5613167551774154
13.389999999999757,13.389999999999828,123,2.5600128076534077
13.399999999999757,13.399999999999826,123,2.558709097517962
13.409999999999757,13.409999999999828,123,2.5574042374293953
13.419999999999757,13.419999999999828,123,2.5560923945807303
13.429999999999756,13.429999999999826,123,2.554781320748816
13.439999999999756,13.439999999999824,123,2.5534732527692796
13.449999999999756,13.449999999999825,123,2.552165407687241
13.459999999999756,13.459999999999825,123,2.5508577858588524
13.469999999999756,13.469999999999823,123,2.549550387640238
13.479999999999755,13.479999999999823,123,2.548243213387778
13.489999999999755,13.489999999999823,123,2.5469362634579937
13.499999999999755,13.499999999999822,123,2.545629538207592
13.509999999999755,13.509999999999822,123,2.5443230379933794
13.519999999999754,13.51999999999982,123,2.543016763172389
13.529999999999754,13.52999999999982,123,2.5417107141017965
13.539999999999754,13.53999999999982,123,2.5404048911389054
13.549999999999754,13.54999999999982,123,2.539099294641261
13.559999999999754,13.559999999999818,123,2.5377939249664507
13.569999999999753,13.569999999999817,123,2.5364887824723183
13.579999999999753,13.579999999999819,123,2.535183867516835
13.589999999999753,13.589999999999817,123,2.5338791804581433
13.599999999999753,13.599999999999815,123,2.5325747216544983
13.609999999999753,13.609999999999815,123,2.5312704914643973
13.619999999999752,13.619999999999827,123,2.5299664902463945
13.629999999999752,13.629999999999827,123,2.5286627183592856
13.639999999999752,13.639999999999802,123,2.52735917616198
13.649999999999752,13.649999999999805,123,2.526055864013557
13.659999999999751,13.659999999999814,123,2.524752782273268
13.669999999999751,13.669999999999819,123,2.52344438246854
13.679999999999751,13.679999999999824,123,2.522133250379156
13.68999999999975,13.689999999999829,123,2.520822333602581
13.69999999999975,13.699999999999804,123,2.519511632491259
13.70999999999975,13.709999999999809,123,2.5182011473977752
13.71999999999975,13.719999999999814,123,2.5168908786749
13.72999999999975,13.729999999999821,123,2.5155838952684633
13.73999999999975,13.739999999999833,123,2.5142774333079387
13.74999999999975,13.7499999999998,123,2.512971188594335
13.75999999999975,13.759999999999804,123,2.5116651614824406
13.769999999999749,13.769999999999811,123,2.510359352327143
13.779999999999749,13.779999999999816,123,2.5090537614835995
13.789999999999749,13.789999999999822,123,2.507748389307068
13.799999999999748,13.799999999999798,123,2.506443236152947
13.809999999999748,13.809999999999803,123,2.5051383023768636
13.819999999999748,13.819999999999808,123,2.5038335883345013
13.829999999999748,13.829999999999815,123,2.502529094381842
13.839999999999748,13.83999999999982,123,2.5012248208749384
13.849999999999747,13.849999999999826,123,2.49992076817
13.859999999999747,13.8599999999998,123,2.4986169366234776
13.869999999999747,13.869999999999806,123,2.4973133265919074
13.879999999999747,13.87999999999981,123,2.4960099384319676
13.889999999999747,13.889999999999816,123,2.4947067725005923
13.899999999999746,13.899999999999823,123,2.493403829154815
13.909999999999746,13.909999999999796,123,2.4921011087518252
13.919999999999746,13.919999999999801,123,2.490798611648941
13.929999999999746,13.929999999999808,123,2.489488527775393
13.939999999999745,13.93999999999982,123,2.488178065087297
13.949999999999745,13.949999999999818,123,2.486867810484398
13.959999999999745,13.959999999999793,123,2.485557764317079
13.969999999999745,13.9699999999998,123,2.4842479269358506
13.979999999999745,13.979999999999805,123,2.482938298691451
13.989999999999744,13.98999999999981,123,2.4816288799347603
13.999999999999744,13.999999999999817,123,2.480319671016886
14.009999999999744,14.00999999999979,123,2.479010672288993
14.019999999999744,14.01999999999981,123,2.4777045077234874
14.029999999999744,14.029999999999815,123,2.476399348420472
14.039999999999743,14.039999999999788,123,2.4750944002210815
14.049999999999743,14.049999999999802,123,2.47378966347857
14.059999999999743,14.059999999999812,123,2.472485138546361
14.069999999999743,14.069999999999824,123,2.471180825778106
14.079999999999742,14.079999999999798,123,2.4698767255275555
14.089999999999742,14.08999999999981,123,2.468572838148617
14.099999999999742,14.099999999999822,123,2.467269163995425
14.109999999999742,14.109999999999797,123,2.4659657034222278
14.119999999999742,14.11999999999981,123,2.4646624567834863
14.129999999999741,14.129999999999821,123,2.4633594244337473
14.139999999999741,14.139999999999795,123,2.462056606727785
14.149999999999741,14.149999999999807,123,2.460754004020501
14.15999999999974,14.159999999999824,123,2.459451616666996
14.16999999999974,14.169999999999794,123,2.458149445022471
14.17999999999974,14.179999999999806,123,2.4568474894423673
14.18999999999974,14.189999999999817,123,2.455537527143875
14.19999999999974,14.199999999999791,123,2.45422769318796
14.20999999999974,14.209999999999802,123,2.4529180599614335
14.21999999999974,14.219999999999814,123,2.451608627812547
14.22999999999974,14.22999999999979,123,2.450299397089722
14.239999999999739,14.239999999999801,123,2.4489903681415086
14.249999999999739,14.249999999999813,123,2.447681541316669
14.259999999999739,14.259999999999787,123,2.446372916964137
14.269999999999738,14.269999999999799,123,2.4450644954329874
14.279999999999738,14.279999999999811,123,2.443756277072467
14.289999999999738,14.289999999999786,123,2.4424482622320483
14.299999999999738,14.299999999999798,123,2.4411404512613046
14.309999999999738,14.30999999999981,123,2.439835400191967
14.319999999999737,14.319999999999784,123,2.438531462527237
14.329999999999737,14.329999999999796,123,2.43722772968529
14.339999999999737,14.339999999999806,123,2.4359242020178584
14.349999999999737,14.34999999999982,123,2.434620879876846
14.359999999999737,14.359999999999795,123,2.4333177636142977
14.369999999999736,14.369999999999806,123,2.4320148535823733
14.379999999999736,14.379999999999818,123,2.430712150133459
14.389999999999736,14.389999999999791,123,2.4294096536201124
14.399999999999736,14.399999999999803,123,2.4281073643950037
14.409999999999735,14.409999999999803,123,2.426805282811003
14.419999999999735,14.419999999999808,123,2.425503409221136
14.429999999999735,14.429999999999817,123,2.4242017439785997
14.439999999999735,14.439999999999776,123,2.4229002874367467
14.449999999999735,14.449999999999788,123,2.4215922003285613
14.459999999999734,14.459999999999788,123,2.4202829551113894
14.469999999999734,14.4699999999998,123,2.418973903139559
14.479999999999734,14.479999999999798,123,2.4176650447589907
14.489999999999734,14.489999999999805,123,2.416356380315932
14.499999999999734,14.49999999999981,123,2.415047910156673
14.509999999999733,14.509999999999822,123,2.4137396346277455
14.519999999999733,14.519999999999778,123,2.4124315540758374
14.529999999999733,14.529999999999783,123,2.411123668847779
14.539999999999733,14.53999999999979,123,2.40981597929067
14.549999999999732,14.549999999999795,123,2.4085084857516676
14.559999999999732,14.5599999999998,123,2.4072011885780995
14.569999999999732,14.569999999999805,123,2.405894088117577
14.579999999999732,14.579999999999812,123,2.404587184717812
14.589999999999732,14.589999999999817,123,2.4032804787266855
14.599999999999731,14.59999999999978,123,2.401976850451433
14.609999999999731,14.609999999999784,123,2.400674052833125
14.619999999999731,14.61999999999979,123,2.3993714536184996
14.62999999999973,14.629999999999797,123,2.398069053157556
14.63999999999973,14.639999999999802,123,2.396766851800578
14.64999999999973,14.649999999999807,123,2.395464849897877
14.65999999999973,14.659999999999814,123,2.394163047800035
14.66999999999973,14.669999999999774,123,2.3928614458577755
14.67999999999973,14.679999999999781,123,2.3915600444219933
14.68999999999973,14.689999999999786,123,2.3902588438436965
14.69999999999973,14.699999999999799,123,2.388957844474106
14.709999999999729,14.709999999999798,123,2.387653332111995
14.719999999999729,14.719999999999803,123,2.386344636304017
14.729999999999729,14.729999999999809,123,2.385036126128739
14.739999999999728,14.739999999999771,123,2.3837278019298083
14.749999999999728,14.749999999999783,123,2.382419664051028
14.759999999999728,14.759999999999781,123,2.3811117128364288
14.769999999999728,14.769999999999794,123,2.379803948630183
14.779999999999728,14.779999999999793,123,2.378496371776663
14.789999999999727,14.789999999999806,123,2.377188982620339
14.799999999999727,14.799999999999805,123,2.3758817815059246
14.809999999999727,14.80999999999979,123,2.3745747687783165
14.819999999999727,14.81999999999979,123,2.3732679447825262
14.829999999999727,14.82999999999979,123,2.371961309863778
14.839999999999726,14.83999999999979,123,2.3706548643674665
14.849999999999726,14.849999999999788,123,2.369348608639129
14.859999999999726,14.859999999999788,123,2.368042543024515
14.869999999999726,14.869999999999788,123,2.3667366678695316
14.879999999999725,14.879999999999788,123,2.3654310340169076
14.889999999999725,14.889999999999786,123,2.3641291027666966
14.899999999999725,14.899999999999785,123,2.3628273630133663
14.909999999999725,14.909999999999787,123,2.361525815105054
14.919999999999725,14.919999999999792,123,2.3602244593900963
14.929999999999724,14.929999999999783,123,2.3589232962169007
14.939999999999724,14.93999999999979,123,2.357622325934173
14.949999999999724,14.949999999999788,123,2.3563215488906337
14.959999999999724,14.95999999999979,123,2.3550209654353296
14.969999999999724,14.969999999999787,123,2.353720575917336
14.979999999999723,14.979999999999787,123,2.352413486207567
14.989999999999723,14.989999999999785,123,2.351105479023275
14.999999999999723,14.999999999999787,123,2.3497976500714515
15.009999999999723,15.009999999999804,123,2.348489999693527
15.019999999999722,15.019999999999802,123,2.347182528231045
15.029999999999722,15.029999999999804,123,2.3458752360256767
15.039999999999722,15.039999999999802,123,2.3445681234193785
15.049999999999722,15.049999999999802,123,2.343261190754191
15.059999999999722,15.0599999999998,123,2.3419544383723974
15.069999999999721,15.069999999999801,123,2.3406478666164077
15.079999999999721,15.0799999999998,123,2.3393414758288174
15.089999999999721,15.0899999999998,123,2.3380352663524206
15.09999999999972,15.099999999999799,123,2.336729238530097
15.10999999999972,15.109999999999799,123,2.335423392705067
15.11999999999972,15.119999999999797,123,2.3341177292205373
15.12999999999972,15.129999999999798,123,2.3328122484200122
15.13999999999972,15.139999999999796,123,2.3315069506471104
15.14999999999972,15.149999999999796,123,2.3302018362456636
15.15999999999972,15.159999999999794,123,2.328896905559631
15.16999999999972,15.169999999999801,123,2.327593318041309
15.179999999999719,15.179999999999794,123,2.3262923689371036
15.189999999999719,15.1899999999998,123,2.3249916046383134
15.199999999999719,15.199999999999799,123,2.323691025488259
15.209999999999718,15.209999999999798,123,2.322390631830501
15.219999999999718,15.219999999999798,123,2.3210904240086876
15.229999999999718,15.229999999999798,123,2.319790402366607
15.239999999999718,15.239999999999796,123,2.318490183863233
15.249999999999718,15.249999999999797,123,2.317181712111946
15.259999999999717,15.259999999999803,123,2.315873286605381
15.269999999999717,15.269999999999795,123,2.3145649073300376
15.279999999999717,15.2799999999998,123,2.3132565742713354
15.289999999999717,15.289999999999798,123,2.3119482874138413
15.299999999999716,15.2999999999998,123,2.3106400467411277
15.309999999999716,15.309999999999798,123,2.3093318522358572
15.319999999999716,15.319999999999798,123,2.308023703879769
15.329999999999716,15.329999999999796,123,2.306715601653636
15.339999999999716,15.339999999999797,123,2.305407545537321
15.349999999999715,15.349999999999795,123,2.3040995355096783
15.359999999999715,15.359999999999795,123,2.3027915715487666
15.369999999999715,15.369999999999793,123,2.303747190043069
15.379999999999715,15.379999999999795,123,2.305040830506968
15.389999999999715,15.389999999999793,123,2.30633407663872
15.399999999999714,15.399999999999793,123,2.307626928643046
15.409999999999714,15.40999999999979,123,2.308919386725364
15.419999999999714,15.419999999999792,123,2.3102114510918312
15.429999999999714,15.42999999999979,123,2.3115031219494853
15.439999999999714,15.43999999999979,123,2.312794399505961
15.449999999999713,15.44999999999979,123,2.314085283969689
15.459999999999713,15.45999999999979,123,2.3153757755497963
15.469999999999713,15.469999999999787,123,2.3166658744562056
15.479999999999713,15.479999999999801,123,2.3179555808995076
15.489999999999712,15.489999999999787,123,2.3192448950910602
15.499999999999712,15.499999999999797,123,2.3205338172429464
15.509999999999712,15.509999999999799,123,2.3218223501516775
15.519999999999712,15.519999999999799,123,2.3231101529118803
15.529999999999712,15.529999999999797,123,2.3243939834667344
15.539999999999711,15.539999999999795,123,2.325677053280458
15.549999999999711,15.549999999999796,123,2.3269593628610608
15.559999999999711,15.559999999999796,123,2.328240912716282
15.56999999999971,15.569999999999794,123,2.3295217033534783
15.57999999999971,15.579999999999794,123,2.330801735279721
15.58999999999971,15.589999999999794,123,2.332081009001783
15.59999999999971,15.599999999999794,123,2.333359525026097
15.60999999999971,15.609999999999792,123,2.334637283858811
15.61999999999971,15.619999999999791,123,2.3359142860057602
15.62999999999971,15.629999999999791,123,2.3371905319724817
15.63999999999971,15.639999999999791,123,2.3384660222641713
15.649999999999709,15.64999999999979,123,2.3397407573857976
15.659999999999709,15.659999999999789,123,2.341014737841917
15.669999999999709,15.669999999999789,123,2.3422879641368866
15.679999999999708,15.679999999999788,123,2.3435604367746663
15.689999999999708,15.689999999999788,123,2.344832156259045
15.699999999999708,15.699999999999786,123,2.3461031230933855
15.709999999999708,15.709999999999786,123,2.347373337780752
15.719999999999708,15.719999999999787,123,2.3486428008240665
15.729999999999707,15.729999999999785,123,2.349911512725768
15.739999999999707,15.739999999999783,123,2.351179473988111
15.749999999999707,15.749999999999783,123,2.352446685113037
15.759999999999707,15.759999999999785,123,2.3537131466021464
15.769999999999706,15.769999999999783,123,2.3549820352839674
15.779999999999706,15.77999999999978,123,2.356250235134297
15.789999999999706,15.78999999999978,123,2.357517695576135
15.799999999999706,15.799999999999782,123,2.3587844170994146
15.809999999999706,15.809999999999787,123,2.360050400193728
15.819999999999705,15.819999999999778,123,2.3613156453482276
15.829999999999705,15.829999999999792,123,2.3625801530517663
15.839999999999705,15.839999999999783,123,2.363843923792686
15.849999999999705,15.849999999999778,123,2.3651069580591013
15.859999999999705,15.85999999999979,123,2.366369256338629
15.869999999999704,15.869999999999783,123,2.3676308191186024
15.879999999999704,15.879999999999777,123,2.368891646885956
15.889999999999704,15.88999999999979,123,2.37015174012717
15.899999999999704,15.899999999999787,123,2.3714110993284407
15.909999999999703,15.909999999999775,123,2.3726656245160314
15.919999999999703,15.919999999999785,123,2.3739174017362785
15.929999999999703,15.929999999999787,123,2.375168454923511
15.939999999999703,15.93999999999977,123,2.376418784569765
15.949999999999703,15.949999999999784,123,2.377668391166665
15.959999999999702,15.959999999999782,123,2.378917275205623
15.969999999999702,15.969999999999795,123,2.3801654371777374
15.979999999999702,15.979999999999782,123,2.3814128775738226
15.989999999999702,15.989999999999776,123,2.382659596884494
15.999999999999702,15.999999999999794,123,2.383905595599984
16.009999999999703,16.00999999999978,123,2.3851523075860257
16.019999999999705,16.019999999999794,123,2.3864000081533447
16.029999999999706,16.029999999999784,123,2.387646998652386
16.039999999999708,16.03999999999978,123,2.3888932795642717
16.04999999999971,16.04999999999979,123,2.3901388513697412
16.05999999999971,16.059999999999782,123,2.3913837145491073
16.069999999999713,16.069999999999794,123,2.392627869582526
16.079999999999714,16.07999999999979,123,2.393871316949628
16.089999999999716,16.0899999999998,123,2.3951140571298595
16.099999999999717,16.0999999999998,123,2.396356090602268
16.10999999999972,16.109999999999786,123,2.397597417845546
16.11999999999972,16.1199999999998,123,2.3988380393381163
16.129999999999722,16.12999999999981,123,2.4000779555579896
16.139999999999723,16.139999999999805,123,2.4013171669829063
16.149999999999725,16.149999999999796,123,2.4025556740902516
16.159999999999727,16.15999999999981,123,2.4037934773571408
16.169999999999728,16.169999999999803,123,2.405030577260206
16.17999999999973,16.179999999999822,123,2.4062669742759084
16.18999999999973,16.189999999999806,123,2.4075026688802836
16.199999999999733,16.19999999999982,123,2.4087376615491394
16.209999999999734,16.209999999999805,123,2.409971952757857
16.219999999999736,16.219999999999807,123,2.4112055429815484
16.229999999999738,16.229999999999805,123,2.412438432694941
16.23999999999974,16.239999999999803,123,2.4136706223725355
16.24999999999974,16.24999999999983,123,2.414903372754466
16.259999999999742,16.259999999999827,123,2.4161372172438718
16.269999999999744,16.26999999999983,123,2.4173703725891613
16.279999999999745,16.279999999999827,123,2.4186028392567067
16.289999999999747,16.28999999999983,123,2.4198346177124677
16.29999999999975,16.299999999999827,123,2.421065708421949
16.30999999999975,16.309999999999825,123,2.422296111850258
16.31999999999975,16.319999999999823,123,2.4235258284621892
16.329999999999753,16.329999999999824,123,2.4247548587220393
16.339999999999755,16.339999999999822,123,2.42598299254135
16.349999999999756,16.34999999999985,123,2.4272050866709236
16.359999999999758,16.359999999999847,123,2.428426505184987
16.36999999999976,16.36999999999985,123,2.429647248559988
16.37999999999976,16.379999999999846,123,2.4308673172722166
16.389999999999763,16.389999999999844,123,2.432086711797652
16.399999999999764,16.399999999999842,123,2.43330543261213
16.409999999999766,16.409999999999844,123,2.434523480191217
16.419999999999767,16.419999999999845,123,2.435740855010252
16.42999999999977,16.429999999999843,123,2.436957557544389
16.43999999999977,16.43999999999984,123,2.4381735882685405
16.449999999999772,16.449999999999843,123,2.439388947657463
16.459999999999773,16.45999999999984,123,2.440603636185571
16.469999999999775,16.46999999999984,123,2.4418176543271812
16.479999999999777,16.479999999999865,123,2.4430310025563813
16.489999999999778,16.489999999999863,123,2.4442462164369942
16.49999999999978,16.499999999999865,123,2.445461189577884
16.5,16.500000000000092,123,2.4454611895779266
16.5,16.500000000000092,123,2.4454611895779266
16.501,16.50100000000008,123,2.445582650656661
16.502000000000002,16.502000000000088,123,2.4457041051490194
16.503000000000004,16.50300000000007,123,2.445825553055471
16.504000000000005,16.504000000000083,123,2.4459469943764702
16.505000000000006,16.505000000000095,123,2.4460684291125006
16.506000000000007,16.50600000000008,123,2.446189857264031
16.50700000000001,16.507000000000087,123,2.4463112788314874
16.50800000000001,16.5080000000001,123,2.44643269381541
16.50900000000001,16.509000000000082,123,2.4465541022162114
16.510000000000012,16.510000000000094,123,2.44667550403436
16.511000000000013,16.511000000000102,123,2.4467968992703533
16.512000000000015,16.51200000000009,123,2.446918287924646
16.513000000000016,16.513000000000098,123,2.4470396699977073
16.514000000000017,16.51400000000008,123,2.4471610454899775
16.51500000000002,16.515000000000093,123,2.4472824144019256
16.51600000000002,16.5160000000001,123,2.4474037767340775
16.51700000000002,16.51700000000009,123,2.4475251324868594
16.518000000000022,16.518000000000097,123,2.4476464816607404
16.519000000000023,16.51900000000011,123,2.447767824256161
16.520000000000024,16.520000000000092,123,2.4478891602736184
16.521000000000026,16.5210000000001,123,2.448010489713596
16.522000000000027,16.522000000000112,123,2.44813181257652
16.523000000000028,16.523000000000096,123,2.4482531288628735
16.52400000000003,16.524000000000107,123,2.4483744385731256
16.52500000000003,16.525000000000116,123,2.4484957417077737
16.52600000000003,16.526000000000103,123,2.4486170382672157
16.527000000000033,16.52700000000011,123,2.448738328251963
16.528000000000034,16.52800000000012,123,2.448859611662513
16.529000000000035,16.529000000000106,123,2.448980888499264
16.530000000000037,16.53000000000012,123,2.449102158762699
16.531000000000038,16.531000000000127,123,2.449223422453329
16.53200000000004,16.53200000000011,123,2.4493446795715954
16.53300000000004,16.533000000000122,123,2.4494659301179382
16.53400000000004,16.534000000000134,123,2.449587174092855
16.535000000000043,16.535000000000114,123,2.4497084114968004
16.536000000000044,16.536000000000126,123,2.449829642330272
16.537000000000045,16.537000000000138,123,2.4499508665936673
16.538000000000046,16.53800000000012,123,2.450072084287541
16.539000000000048,16.53900000000013,123,2.4501932954122765
16.54000000000005,16.540000000000116,123,2.4503144999683997
16.54100000000005,16.54100000000013,123,2.4504356979563653
16.54200000000005,16.542000000000137,123,2.4505568893765854
16.543000000000053,16.54300000000012,123,2.4506780742295575
16.544000000000054,16.544000000000132,123,2.4507992525158073
16.545000000000055,16.54500000000014,123,2.450920424235761
16.546000000000056,16.546000000000124,123,2.4510415893898454
16.547000000000057,16.547000000000136,123,2.4511627479785716
16.54800000000006,16.548000000000147,123,2.4512839000023803
16.54900000000006,16.54900000000013,123,2.4514050454617546
16.55000000000006,16.550000000000143,123,2.4515261843571494
16.551000000000062,16.55100000000015,123,2.451647316689048
16.552000000000064,16.552000000000135,123,2.4517684424579045
16.553000000000065,16.553000000000146,123,2.4518895616641885
16.554000000000066,16.55400000000016,123,2.4520106743083687
16.555000000000067,16.555000000000142,123,2.4521317803909
16.55600000000007,16.55600000000015,123,2.452252879912237
16.55700000000007,16.557000000000137,123,2.4523739728728913
16.55800000000007,16.558000000000145,123,2.452495059273275
16.559000000000072,16.559000000000154,123,2.452616139113914
16.560000000000073,16.56000000000014,123,2.4527372123952063
16.561000000000075,16.561000000000153,123,2.452858279117649
16.562000000000076,16.56200000000016,123,2.4529793392817254
16.563000000000077,16.563000000000144,123,2.4531003928879045
16.564000000000078,16.564000000000156,123,2.4532214399366126
16.56500000000008,16.56500000000017,123,2.453342480428347
16.56600000000008,16.566000000000148,123,2.4534635143635484
16.567000000000082,16.56700000000016,123,2.4535845417427
16.568000000000083,16.568000000000172,123,2.4537055625662845
16.569000000000084,16.569000000000155,123,2.4538265768347145
16.570000000000086,16.570000000000164,123,2.4539475845484873
16.571000000000087,16.571000000000176,123,2.4540685857081144
16.572000000000088,16.572000000000163,123,2.4541895803139795
16.57300000000009,16.57300000000017,123,2.4543105683665942
16.57400000000009,16.57400000000018,123,2.4544315498664275
16.57500000000009,16.575000000000166,123,2.45455252481392
16.576000000000093,16.576000000000175,123,2.454673493209569
16.577000000000094,16.577000000000186,123,2.454794455053772
16.578000000000095,16.57800000000017,123,2.45491541034707
16.579000000000097,16.579000000000182,123,2.4550363590899167
16.580000000000098,16.58000000000019,123,2.4551573012827674
16.5810000000001,16.581000000000174,123,2.4552782369260626
16.5820000000001,16.582000000000185,123,2.4553991660202996
16.5830000000001,16.58300000000017,123,2.4555200885659048
16.584000000000103,16.58400000000018,123,2.4556410045633896
16.585000000000104,16.58500000000019,123,2.4557619140131806
16.586000000000105,16.586000000000176,123,2.455882816915789
16.587000000000106,16.587000000000184,123,2.4560037132716417
16.588000000000108,16.588000000000193,123,2.4561246030812214
16.58900000000011,16.58900000000018,123,2.4562454863449545
16.59000000000011,16.590000000000188,123,2.4563663630633954
16.59100000000011,16.5910000000002,123,2.456487233236899
16.592000000000112,16.592000000000183,123,2.456608096866006
16.593000000000114,16.593000000000195,123,2.4567289539511563
16.594000000000115,16.594000000000204,123,2.4568498044928333
16.595000000000116,16.595000000000187,123,2.456970648491449
16.596000000000117,16.5960000000002,123,2.4570914859475295
16.59700000000012,16.59700000000021,123,2.457212316861515
16.59800000000012,16.598000000000194,123,2.4573331412338604
16.59900000000012,16.599000000000203,123,2.4574539590650772
16.600000000000122,16.600000000000207,123,2.4575747703555493
16.601000000000123,16.601000000000187,123,2.4576955751058023
16.602000000000125,16.602000000000203,123,2.457816373316305
16.603000000000126,16.603000000000208,123,2.4579371649874417
16.604000000000127,16.604000000000223,123,2.4580579501197803
16.60500000000013,16.605000000000196,123,2.4581787287137757
16.60600000000013,16.60600000000021,123,2.4582995007697974
16.60700000000013,16.607000000000216,123,2.458420266288414
16.608000000000132,16.60800000000023,123,2.458541025270037
16.609000000000133,16.6090000000002,123,2.4586617777151503
16.610000000000134,16.610000000000213,123,2.458782523624194
16.611000000000136,16.61100000000023,123,2.4589032629976373
16.612000000000137,16.6120000000002,123,2.4590239958359916
16.613000000000138,16.613000000000216,123,2.459144722139655
16.61400000000014,16.614000000000225,123,2.4592654419091673
16.61500000000014,16.61500000000024,123,2.4593861551449265
16.61600000000014,16.61600000000021,123,2.4595068618474016
16.617000000000143,16.61700000000022,123,2.4596275620170758
16.618000000000144,16.618000000000233,123,2.459748255654432
16.619000000000145,16.61900000000024,123,2.459868942759911
16.620000000000147,16.620000000000225,123,2.4599896233339678
16.621000000000148,16.62100000000023,123,2.460110297377099
16.62200000000015,16.622000000000245,123,2.460230964889746
16.62300000000015,16.623000000000218,123,2.460351625872363
16.62400000000015,16.62400000000023,123,2.4604722803254333
16.625000000000153,16.625000000000238,123,2.460592928249426
16.626000000000154,16.626000000000246,123,2.4607135696447955
16.627000000000155,16.627000000000233,123,2.4608342045119826
16.628000000000156,16.628000000000238,123,2.460954832851513
16.629000000000158,16.629000000000254,123,2.461075454663799
16.63000000000016,16.630000000000223,123,2.4611960699492954
16.63100000000016,16.631000000000235,123,2.4613166787084992
16.63200000000016,16.632000000000247,123,2.4614372809418654
16.633000000000163,16.633000000000255,123,2.461557876649863
16.634000000000164,16.634000000000235,123,2.4616784658329607
16.635000000000165,16.635000000000243,123,2.4617990484915993
16.636000000000166,16.636000000000262,123,2.4619196246262476
16.637000000000167,16.63700000000023,123,2.462040194237389
16.63800000000017,16.63800000000025,123,2.4621607573254636
16.63900000000017,16.639000000000255,123,2.462281313890969
16.64000000000017,16.640000000000263,123,2.462401863934346
16.641000000000172,16.64100000000024,123,2.462522407456035
16.642000000000174,16.64200000000026,123,2.462642944456519
16.643000000000175,16.64300000000026,123,2.4627634749362812
16.644000000000176,16.64400000000024,123,2.4628839988957765
16.645000000000177,16.645000000000255,123,2.4630045163354737
16.64600000000018,16.64600000000026,123,2.463125027255799
16.64700000000018,16.64700000000027,123,2.4632455316572788
16.64800000000018,16.64800000000025,123,2.463366029540296
16.649000000000182,16.649000000000264,123,2.4634865209053913
16.650000000000183,16.65000000000027,123,2.4636070057529764
16.651000000000185,16.651000000000284,123,2.463727484083549
16.652000000000186,16.652000000000257,123,2.4638479558975632
16.653000000000187,16.65300000000027,123,2.4639684211954744
16.654000000000188,16.654000000000284,123,2.464088879977723
16.65500000000019,16.655000000000253,123,2.4642093322448204
16.65600000000019,16.656000000000272,123,2.4643297779972073
16.657000000000192,16.657000000000277,123,2.4644502172353526
16.658000000000193,16.658000000000293,123,2.464570649959711
16.659000000000194,16.659000000000265,123,2.4646910761707375
16.660000000000196,16.660000000000274,123,2.4648114958689433
16.661000000000197,16.661000000000286,123,2.4649319090547266
16.662000000000198,16.662000000000294,123,2.465052315728599
16.6630000000002,16.66300000000028,123,2.4651727158909864
16.6640000000002,16.664000000000282,123,2.4652931095423725
16.6650000000002,16.665000000000298,123,2.465413496683226
16.666000000000203,16.66600000000027,123,2.4655338773139874
16.667000000000204,16.667000000000282,123,2.4656542514351685
16.668000000000205,16.66800000000029,123,2.465774619047181
16.669000000000207,16.6690000000003,123,2.465894980150509
16.670000000000208,16.670000000000286,123,2.4660153347455918
16.67100000000021,16.67100000000029,123,2.4661356828329417
16.67200000000021,16.672000000000306,123,2.466256024412985
16.67300000000021,16.67300000000028,123,2.4663763594861763
16.674000000000213,16.67400000000029,123,2.466496688053013
16.675000000000214,16.6750000000003,123,2.4666170101139784
16.676000000000215,16.676000000000307,123,2.466737325669442
16.677000000000216,16.677000000000287,123,2.466857634719929
16.678000000000218,16.6780000000003,123,2.4669779372659235
16.67900000000022,16.679000000000315,123,2.4670982333078513
16.68000000000022,16.680000000000284,123,2.4672185228461814
16.68100000000022,16.681000000000296,123,2.467338805881397
16.682000000000222,16.682000000000308,123,2.46745908241391
16.683000000000224,16.683000000000316,123,2.4675793524442184
16.684000000000225,16.684000000000296,123,2.467699615972819
16.685000000000226,16.68500000000031,123,2.4678198730000958
16.686000000000227,16.686000000000313,123,2.4679401235266027
16.68700000000023,16.687000000000292,123,2.4680603675527237
16.68800000000023,16.68800000000031,123,2.468180605078956
16.68900000000023,16.689000000000313,123,2.468300836105769
16.690000000000232,16.69000000000032,123,2.4684210606336023
16.691000000000233,16.6910000000003,123,2.46854127866294
16.692000000000235,16.69200000000032,123,2.4686614901942363
16.693000000000236,16.69300000000032,123,2.4687816952279604
16.694000000000237,16.6940000000003,123,2.4689018937645812
16.69500000000024,16.69500000000031,123,2.4690220858044967
16.69600000000024,16.69600000000032,123,2.469142271348261
16.69700000000024,16.697000000000337,123,2.469262450396286
16.698000000000242,16.69800000000031,123,2.469382622949027
16.699000000000243,16.699000000000325,123,2.4695027890070094
16.700000000000244,16.70000000000033,123,2.4696229485706027
16.701000000000246,16.701000000000345,123,2.469743101640347
16.702000000000247,16.702000000000318,123,2.4698632482166687
16.703000000000248,16.703000000000326,123,2.469983388300008
16.70400000000025,16.704000000000338,123,2.4701035218909055
16.70500000000025,16.705000000000346,123,2.470223648989702
16.70600000000025,16.706000000000333,123,2.470343769597008
16.707000000000253,16.707000000000335,123,2.4704638837131654
16.708000000000254,16.70800000000035,123,2.4705839913386853
16.709000000000255,16.709000000000326,123,2.4707040924740227
16.710000000000257,16.710000000000335,123,2.470824187119632
16.711000000000258,16.711000000000343,123,2.470944275276011
16.71200000000026,16.712000000000355,123,2.471064368007717
16.71300000000026,16.713000000000342,123,2.4711847290156896
16.71400000000026,16.714000000000343,123,2.4713050836384696
16.715000000000263,16.71500000000036,123,2.4714254318765967
16.716000000000264,16.71600000000033,123,2.4715457737304547
16.717000000000265,16.717000000000343,123,2.471666109200555
16.718000000000266,16.71800000000035,123,2.4717864382873245
16.719000000000268,16.719000000000364,123,2.4719067609912315
16.72000000000027,16.72000000000034,123,2.4720270773127453
16.72100000000027,16.721000000000352,123,2.472147387252292
16.72200000000027,16.722000000000367,123,2.472267690810355
16.723000000000273,16.72300000000034,123,2.4723879879873607
16.724000000000274,16.72400000000035,123,2.472508278783806
16.725000000000275,16.72500000000036,123,2.472628563200132
16.726000000000276,16.72600000000037,123,2.4727488412368075
16.727000000000277,16.72700000000035,123,2.472869112894287
16.72800000000028,16.728000000000357,123,2.472989378172983
16.72900000000028,16.729000000000365,123,2.4731096370733923
16.73000000000028,16.73000000000035,123,2.4732298895960128
16.731000000000282,16.731000000000364,123,2.4733501357412138
16.732000000000284,16.732000000000365,123,2.4734703755095353
16.733000000000285,16.733000000000377,123,2.473590608901361
16.734000000000286,16.734000000000357,123,2.4737108359171884
16.735000000000287,16.735000000000365,123,2.4738310565574864
16.73600000000029,16.736000000000374,123,2.4739512708226954
16.73700000000029,16.737000000000354,123,2.474071478713242
16.73800000000029,16.73800000000037,123,2.4741916802296373
16.739000000000292,16.739000000000374,123,2.474311875372308
16.740000000000293,16.74000000000039,123,2.4744320641417232
16.741000000000295,16.741000000000362,123,2.474552246538323
16.742000000000296,16.742000000000377,123,2.474672422562591
16.743000000000297,16.743000000000382,123,2.4747925922149534
16.744000000000298,16.744000000000362,123,2.4749127554959074
16.7450000000003,16.74500000000037,123,2.475032912405851
16.7460000000003,16.74600000000038,123,2.475153062945296
16.747000000000302,16.747000000000398,123,2.475273207114668
16.748000000000303,16.748000000000403,123,2.4753933449144796
16.749000000000304,16.749000000000386,123,2.4755134763450855
16.750000000000306,16.750000000000387,123,2.4756336014069973
16.751000000000307,16.751000000000406,123,2.4757537201007267
16.752000000000308,16.75200000000038,123,2.4758738324266147
16.75300000000031,16.753000000000387,123,2.47599393838523
16.75400000000031,16.754000000000403,123,2.47611403797697
16.75500000000031,16.755000000000408,123,2.4762341312022755
16.756000000000313,16.756000000000395,123,2.47635421806163
16.757000000000314,16.757000000000396,123,2.4764742985555017
16.758000000000315,16.758000000000415,123,2.476594372684332
16.759000000000317,16.759000000000384,123,2.476714440448575
16.760000000000318,16.760000000000396,123,2.476834501848714
16.76100000000032,16.761000000000404,123,2.476954556885147
16.76200000000032,16.762000000000416,123,2.4770746055584
16.76300000000032,16.7630000000004,123,2.4771946478688704
16.764000000000323,16.764000000000404,123,2.4773146838170277
16.765000000000324,16.76500000000042,123,2.4774347134033974
16.766000000000325,16.766000000000393,123,2.477554736628335
16.767000000000326,16.7670000000004,123,2.477674753492323
16.768000000000328,16.768000000000413,123,2.4777947639958455
16.76900000000033,16.769000000000425,123,2.477914768139371
16.77000000000033,16.7700000000004,123,2.4780347659233257
16.77100000000033,16.77100000000041,123,2.478154757348136
16.772000000000332,16.77200000000043,123,2.478274742414328
16.773000000000334,16.7730000000004,123,2.4783947211222994
16.774000000000335,16.774000000000417,123,2.478514693472576
16.775000000000336,16.775000000000418,123,2.478634659465527
16.776000000000337,16.77600000000043,123,2.478754619101693
16.77700000000034,16.77700000000041,123,2.478874572381443
16.77800000000034,16.778000000000418,123,2.4789945193052887
16.77900000000034,16.779000000000433,123,2.4791144598736707
16.780000000000342,16.780000000000406,123,2.479234394087044
16.781000000000343,16.78100000000042,123,2.479354321945877
16.782000000000345,16.782000000000426,123,2.479474243450639
16.783000000000346,16.783000000000445,123,2.479594158601742
16.784000000000347,16.784000000000415,123,2.479714067399655
16.78500000000035,16.78500000000043,123,2.4798339698448473
16.78600000000035,16.786000000000435,123,2.479953865937773
16.78700000000035,16.787000000000415,123,2.4800737556788732
16.788000000000352,16.78800000000043,123,2.480193639068645
16.789000000000353,16.789000000000435,123,2.480313516107458
16.790000000000354,16.79000000000045,123,2.4804333867958803
16.791000000000356,16.791000000000423,123,2.4805532511342676
16.792000000000357,16.79200000000044,123,2.4806731091231597
16.793000000000358,16.793000000000443,123,2.4807929607629404
16.79400000000036,16.794000000000423,123,2.480912806054093
16.79500000000036,16.79500000000043,123,2.4810326449971
16.79600000000036,16.79600000000044,123,2.4811524775923743
16.797000000000363,16.79700000000046,123,2.4812723038403846
16.798000000000364,16.798000000000428,123,2.4813921237415855
16.799000000000365,16.799000000000447,123,2.4815119372964602
16.800000000000367,16.80000000000045,123,2.481631744505435
16.801000000000368,16.801000000000467,123,2.481751545368951
16.80200000000037,16.802000000000437,123,2.4818713398874763
16.80300000000037,16.80300000000045,123,2.481991128061509
16.80400000000037,16.804000000000464,123,2.4821109098914462
16.805000000000373,16.80500000000047,123,2.482230685377772
16.806000000000374,16.806000000000452,123,2.482350454520926
16.807000000000375,16.807000000000457,123,2.482470217321378
16.808000000000376,16.808000000000476,123,2.482589973779568
16.809000000000378,16.809000000000445,123,2.4827097238959794
16.81000000000038,16.810000000000453,123,2.4828294676710385
16.81100000000038,16.811000000000465,123,2.4829492051052
16.81200000000038,16.812000000000477,123,2.4830689361989613
16.813000000000383,16.81300000000046,123,2.483188660952692
16.814000000000384,16.814000000000465,123,2.4833083793669317
16.815000000000385,16.81500000000048,123,2.483428091442107
16.816000000000386,16.816000000000454,123,2.4835477971786446
16.817000000000387,16.81700000000047,123,2.4836674965770555
16.81800000000039,16.818000000000474,123,2.4837871896377237
16.81900000000039,16.819000000000482,123,2.4839068763611607
16.82000000000039,16.820000000000462,123,2.484026556747807
16.821000000000392,16.82100000000047,123,2.484146230798089
16.822000000000394,16.82200000000049,123,2.4842658985125183
16.823000000000395,16.82300000000046,123,2.484385559891493
16.824000000000396,16.824000000000474,123,2.484505214935524
16.825000000000397,16.825000000000482,123,2.48462486364501
16.8260000000004,16.82600000000049,123,2.484744506020405
16.8270000000004,16.46160000000039,123,2.440797924125931
16.8280000000004,16.4624000000004,123,2.4408950616609815
16.829000000000402,16.46320000000041,123,2.4409921949063005
16.83,16.464000000000084,123,2.441089323862087
